table,row_id,column,error_type,clean_value,dirty_value
products,106,unit,illegal_value,kg,lbs
products,110,unit,illegal_value,kg,KG
products,120,unit_price,illegal_value,3.99,-3.99
products,126,unit_price,missing_value,1.29,N/A
products,139,unit_price,invalid_format,2.99,"2,99"
products,124,gtin,invalid_format,0702030001247,0702030001240
products,131,supplier_id,dangling_reference,205,502
products,136,supplier_id,dangling_reference,207,283
products,114,case_length_cm,wrong_unit,58.5,23.0
products,114,case_width_cm,wrong_unit,39.0,15.4
products,114,case_height_cm,wrong_unit,31.5,12.4
products,132,case_length_cm,wrong_unit,32.0,12.6
products,132,case_width_cm,wrong_unit,21.0,8.3
products,132,case_height_cm,wrong_unit,17.0,6.7
products,135,case_length_cm,wrong_unit,35.5,14.0
products,135,case_width_cm,wrong_unit,23.5,9.3
products,135,case_height_cm,wrong_unit,19.0,7.5
products,150,case_length_cm,wrong_unit,37.5,14.8
products,150,case_width_cm,wrong_unit,25.0,9.8
products,150,case_height_cm,wrong_unit,20.0,7.9
products,151,case_length_cm,wrong_unit,40.0,15.7
products,151,case_width_cm,wrong_unit,27.0,10.6
products,151,case_height_cm,wrong_unit,21.5,8.5
products,147,case_height_cm,wrong_field_order,17.0,10.0
products,147,case_pack,wrong_field_order,10,17
products,153,case_height_cm,wrong_field_order,27.5,4.0
products,153,case_pack,wrong_field_order,4,28
products,158,category,missing_value,produce,
products,103,name,misspelling,Cauliflower,Cauliflour
products,115,name,misspelling,Blueberries 6 oz,Bluberries 6 oz
products,108,unit,violated_dependency,count,liter
products,142,category,misfielded_value,pantry,Heartland Pantry
products,152,shelf_life_days,placeholder,1095,9999
products,141,unit_price,wrong_value,5.99,2.59
products,161,*,duplicate_key,,copy of 101
products,162,*,near_duplicate,,copy of 104
products,163,*,near_duplicate,,copy of 117
products,150,*,duplicate_key,,copy of 150
suppliers,205,contact_phone,placeholder,216-555-0105,999-9999999
suppliers,209,contact_name,missing_value,Eve Walsh,
suppliers,207,contact_phone,invalid_format,614-555-0107,(614) 555 0107
suppliers,213,*,near_duplicate,,copy of 201
stores,2,city,misspelling,Pittsburgh,Pittsburg
stores,6,city,misfielded_value,Erie,USA
stores,5,zip,violated_dependency,15146,15213
stores,4,state,invalid_format,PA,Pennsylvania
deliveries,663909,quantity,wrong_unit,10.0,10000.0
deliveries,640368,quantity,wrong_unit,54.0,54000.0
deliveries,631728,quantity,wrong_unit,10.0,10000.0
deliveries,511052,quantity,wrong_unit,18.0,18000.0
deliveries,643078,quantity,wrong_unit,20.0,20000.0
deliveries,633522,quantity,wrong_unit,18.0,18000.0
deliveries,637199,quantity,wrong_unit,5.0,5000.0
deliveries,619106,quantity,wrong_unit,60.0,60000.0
deliveries,650792,quantity,wrong_unit,40.0,40000.0
deliveries,648621,quantity,wrong_unit,54.0,54000.0
deliveries,660532,quantity,wrong_unit,20.0,20000.0
deliveries,648979,quantity,wrong_unit,18.0,18000.0
deliveries,662111,quantity,wrong_unit,60.0,60000.0
deliveries,663556,quantity,wrong_unit,20.0,20000.0
deliveries,523315,quantity,wrong_unit,20.0,20000.0
deliveries,567389,quantity,wrong_unit,40.0,40000.0
deliveries,693553,quantity,wrong_unit,36.0,36000.0
deliveries,601032,quantity,wrong_unit,40.0,40000.0
deliveries,658926,quantity,wrong_unit,10.0,10000.0
deliveries,652752,quantity,wrong_unit,40.0,40000.0
deliveries,615851,quantity,wrong_unit,60.0,60000.0
deliveries,587917,quantity,wrong_unit,40.0,40000.0
deliveries,636169,quantity,wrong_unit,10.0,10000.0
deliveries,638714,quantity,wrong_unit,10.0,10000.0
deliveries,624100,quantity,wrong_unit,10.0,10000.0
deliveries,625048,quantity,wrong_unit,20.0,20000.0
deliveries,688155,quantity,wrong_unit,40.0,40000.0
deliveries,575550,quantity,wrong_unit,10.0,10000.0
deliveries,564017,quantity,wrong_unit,36.0,36000.0
deliveries,548829,quantity,wrong_unit,18.0,18000.0
deliveries,537308,quantity,wrong_unit,5.0,5000.0
deliveries,695231,quantity,wrong_unit,30.0,30000.0
deliveries,695464,quantity,wrong_unit,40.0,40000.0
deliveries,548538,quantity,wrong_unit,5.0,5000.0
deliveries,694854,quantity,wrong_unit,36.0,36000.0
deliveries,552774,quantity,wrong_unit,18.0,18000.0
deliveries,507103,quantity,wrong_unit,36.0,36000.0
deliveries,621740,quantity,wrong_unit,54.0,54000.0
deliveries,508478,quantity,wrong_unit,18.0,18000.0
deliveries,544893,quantity,wrong_unit,5.0,5000.0
deliveries,691516,quantity,wrong_unit,10.0,10000.0
deliveries,600250,quantity,wrong_unit,60.0,60000.0
deliveries,538516,quantity,wrong_unit,40.0,40000.0
deliveries,509831,quantity,wrong_unit,5.0,5000.0
deliveries,692030,quantity,wrong_unit,10.0,10000.0
deliveries,696252,quantity,wrong_unit,20.0,20000.0
deliveries,621069,quantity,wrong_unit,36.0,36000.0
deliveries,511951,quantity,wrong_unit,10.0,10000.0
deliveries,559237,quantity,wrong_unit,20.0,20000.0
deliveries,614899,quantity,wrong_unit,5.0,5000.0
deliveries,606112,quantity,wrong_unit,20.0,20000.0
deliveries,504928,quantity,wrong_unit,36.0,36000.0
deliveries,672679,quantity,wrong_unit,72.0,72000.0
deliveries,631681,quantity,wrong_unit,5.0,5000.0
deliveries,673718,quantity,wrong_unit,10.0,10000.0
deliveries,529662,quantity,wrong_unit,10.0,10000.0
deliveries,685510,quantity,wrong_unit,20.0,20000.0
deliveries,691381,quantity,wrong_unit,40.0,40000.0
deliveries,524239,quantity,wrong_unit,20.0,20000.0
deliveries,530465,quantity,wrong_unit,18.0,18000.0
deliveries,642795,quantity,wrong_unit,5.0,5000.0
deliveries,526767,quantity,wrong_unit,20.0,20000.0
deliveries,623612,quantity,wrong_unit,18.0,18000.0
deliveries,666902,quantity,wrong_unit,10.0,10000.0
deliveries,609907,quantity,wrong_unit,20.0,20000.0
deliveries,674732,quantity,wrong_unit,20.0,20000.0
deliveries,576727,quantity,wrong_unit,36.0,36000.0
deliveries,609211,quantity,wrong_unit,40.0,40000.0
deliveries,627865,quantity,wrong_unit,10.0,10000.0
deliveries,542861,quantity,wrong_unit,10.0,10000.0
deliveries,602270,quantity,wrong_unit,10.0,10000.0
deliveries,666888,quantity,wrong_unit,18.0,18000.0
deliveries,555741,quantity,wrong_unit,20.0,20000.0
deliveries,581612,quantity,wrong_unit,30.0,30000.0
deliveries,563983,quantity,wrong_unit,36.0,36000.0
deliveries,611934,quantity,wrong_unit,5.0,5000.0
deliveries,676562,quantity,wrong_unit,10.0,10000.0
deliveries,500921,quantity,wrong_unit,20.0,20000.0
deliveries,671958,quantity,wrong_unit,36.0,36000.0
deliveries,587194,quantity,wrong_unit,36.0,36000.0
deliveries,599022,quantity,wrong_unit,30.0,30000.0
deliveries,507606,quantity,wrong_unit,10.0,10000.0
deliveries,575101,quantity,wrong_unit,5.0,5000.0
deliveries,571520,quantity,wrong_unit,40.0,40000.0
deliveries,690603,quantity,wrong_unit,5.0,5000.0
deliveries,531277,quantity,wrong_unit,18.0,18000.0
deliveries,613661,quantity,wrong_unit,10.0,10000.0
deliveries,662952,quantity,wrong_unit,20.0,20000.0
deliveries,542641,quantity,wrong_unit,18.0,18000.0
deliveries,634467,quantity,wrong_unit,30.0,30000.0
deliveries,598739,quantity,wrong_unit,36.0,36000.0
deliveries,577750,quantity,wrong_unit,40.0,40000.0
deliveries,597186,quantity,wrong_unit,30.0,30000.0
deliveries,506007,quantity,wrong_unit,20.0,20000.0
deliveries,555019,quantity,wrong_unit,30.0,30000.0
deliveries,540113,quantity,wrong_unit,20.0,20000.0
deliveries,593955,quantity,wrong_unit,10.0,10000.0
deliveries,592232,quantity,wrong_unit,10.0,10000.0
deliveries,501359,quantity,wrong_unit,54.0,54000.0
deliveries,526664,quantity,wrong_unit,36.0,36000.0
deliveries,532265,quantity,wrong_unit,30.0,30000.0
deliveries,641665,quantity,wrong_unit,10.0,10000.0
deliveries,544682,quantity,wrong_unit,5.0,5000.0
deliveries,673297,quantity,wrong_unit,10.0,10000.0
deliveries,596033,quantity,wrong_unit,20.0,20000.0
deliveries,500659,quantity,wrong_unit,40.0,40000.0
deliveries,547659,quantity,wrong_unit,10.0,10000.0
deliveries,592198,quantity,wrong_unit,30.0,30000.0
deliveries,610061,quantity,wrong_unit,36.0,36000.0
deliveries,686989,quantity,wrong_unit,40.0,40000.0
deliveries,580477,quantity,wrong_unit,10.0,10000.0
deliveries,574613,quantity,wrong_unit,10.0,10000.0
deliveries,660905,quantity,wrong_unit,30.0,30000.0
deliveries,502301,quantity,wrong_unit,18.0,18000.0
deliveries,601376,quantity,wrong_unit,20.0,20000.0
deliveries,627146,quantity,wrong_unit,20.0,20000.0
deliveries,538638,quantity,wrong_unit,20.0,20000.0
deliveries,518968,quantity,wrong_unit,5.0,5000.0
deliveries,588227,quantity,wrong_unit,18.0,18000.0
deliveries,579494,quantity,wrong_unit,5.0,5000.0
deliveries,574981,quantity,wrong_unit,5.0,5000.0
deliveries,592570,quantity,wrong_unit,40.0,40000.0
deliveries,592959,quantity,wrong_unit,20.0,20000.0
deliveries,691992,quantity,wrong_unit,30.0,30000.0
deliveries,680835,quantity,wrong_unit,10.0,10000.0
deliveries,559501,quantity,wrong_unit,20.0,20000.0
deliveries,586922,quantity,wrong_unit,90.0,90000.0
deliveries,671992,quantity,wrong_unit,10.0,10000.0
deliveries,656121,quantity,wrong_unit,60.0,60000.0
deliveries,656934,quantity,wrong_unit,10.0,10000.0
deliveries,668811,quantity,wrong_unit,20.0,20000.0
deliveries,570921,quantity,wrong_unit,18.0,18000.0
deliveries,606157,quantity,wrong_unit,36.0,36000.0
deliveries,614660,quantity,wrong_unit,60.0,60000.0
deliveries,690096,quantity,wrong_unit,30.0,30000.0
deliveries,666361,quantity,wrong_unit,72.0,72000.0
deliveries,508753,quantity,wrong_unit,30.0,30000.0
deliveries,659182,quantity,wrong_unit,40.0,40000.0
deliveries,658833,quantity,wrong_unit,30.0,30000.0
deliveries,599195,quantity,wrong_unit,36.0,36000.0
deliveries,536279,quantity,wrong_unit,54.0,54000.0
deliveries,587133,quantity,wrong_unit,10.0,10000.0
deliveries,594786,quantity,wrong_unit,40.0,40000.0
deliveries,587929,quantity,wrong_unit,20.0,20000.0
deliveries,601193,quantity,wrong_unit,18.0,18000.0
deliveries,696540,quantity,wrong_unit,10.0,10000.0
deliveries,631185,quantity,wrong_unit,5.0,5000.0
deliveries,679792,quantity,wrong_unit,5.0,5000.0
deliveries,622877,quantity,wrong_unit,18.0,18000.0
deliveries,502806,quantity,wrong_unit,18.0,18000.0
deliveries,617601,quantity,wrong_unit,36.0,36000.0
deliveries,573184,quantity,wrong_unit,15.0,15000.0
deliveries,643917,quantity,wrong_unit,18.0,18000.0
deliveries,574764,quantity,wrong_unit,30.0,30000.0
deliveries,635467,quantity,wrong_unit,50.0,50000.0
deliveries,666794,quantity,wrong_unit,18.0,18000.0
deliveries,530597,quantity,wrong_unit,5.0,5000.0
deliveries,512273,quantity,wrong_unit,36.0,36000.0
deliveries,519813,quantity,wrong_unit,60.0,60000.0
deliveries,519766,quantity,wrong_unit,54.0,54000.0
deliveries,567482,quantity,wrong_unit,10.0,10000.0
deliveries,522144,quantity,wrong_unit,10.0,10000.0
deliveries,510441,quantity,wrong_unit,40.0,40000.0
deliveries,620578,quantity,wrong_unit,15.0,15000.0
deliveries,608964,quantity,wrong_unit,30.0,30000.0
deliveries,607609,quantity,wrong_unit,36.0,36000.0
deliveries,686108,quantity,wrong_unit,10.0,10000.0
deliveries,602419,quantity,wrong_unit,72.0,72000.0
deliveries,616420,quantity,wrong_unit,30.0,30000.0
deliveries,673908,quantity,wrong_unit,20.0,20000.0
deliveries,550528,quantity,wrong_unit,54.0,54000.0
deliveries,627765,quantity,wrong_unit,10.0,10000.0
deliveries,613595,quantity,wrong_unit,5.0,5000.0
deliveries,691478,quantity,wrong_unit,30.0,30000.0
deliveries,579812,quantity,wrong_unit,18.0,18000.0
deliveries,518747,quantity,wrong_unit,60.0,60000.0
deliveries,646792,quantity,wrong_unit,72.0,72000.0
deliveries,612295,quantity,wrong_unit,10.0,10000.0
deliveries,613231,quantity,wrong_unit,18.0,18000.0
deliveries,678678,quantity,wrong_unit,10.0,10000.0
deliveries,626956,quantity,wrong_unit,10.0,10000.0
deliveries,528710,quantity,wrong_unit,40.0,40000.0
deliveries,619194,quantity,wrong_unit,54.0,54000.0
deliveries,556388,quantity,wrong_unit,40.0,40000.0
deliveries,549061,quantity,wrong_unit,18.0,18000.0
deliveries,511012,quantity,wrong_unit,40.0,40000.0
deliveries,683569,quantity,wrong_unit,10.0,10000.0
deliveries,588593,quantity,wrong_unit,5.0,5000.0
deliveries,621982,quantity,wrong_unit,60.0,60000.0
deliveries,661533,quantity,wrong_unit,18.0,18000.0
deliveries,573939,quantity,wrong_unit,10.0,10000.0
deliveries,542925,quantity,wrong_unit,54.0,54000.0
deliveries,689198,quantity,wrong_unit,54.0,54000.0
deliveries,559870,quantity,wrong_unit,36.0,36000.0
deliveries,595025,quantity,wrong_unit,20.0,20000.0
deliveries,553023,quantity,wrong_unit,10.0,10000.0
deliveries,642314,quantity,wrong_unit,40.0,40000.0
deliveries,547688,quantity,wrong_unit,40.0,40000.0
deliveries,510906,quantity,outlier,5.0,50.0
deliveries,561563,quantity,outlier,30.0,300.0
deliveries,586358,quantity,outlier,36.0,360.0
deliveries,664721,quantity,outlier,81.0,810.0
deliveries,669622,quantity,outlier,6.0,60.0
deliveries,687363,quantity,outlier,48.0,480.0
deliveries,675350,quantity,outlier,12.0,120.0
deliveries,622975,quantity,outlier,4.0,40.0
deliveries,677643,quantity,outlier,72.0,720.0
deliveries,606369,quantity,outlier,21.0,210.0
deliveries,661806,quantity,outlier,4.0,40.0
deliveries,564875,quantity,outlier,20.0,200.0
deliveries,643177,quantity,outlier,4.0,40.0
deliveries,631206,quantity,outlier,12.0,120.0
deliveries,526520,quantity,outlier,20.0,200.0
deliveries,613739,quantity,outlier,4.0,40.0
deliveries,618022,quantity,outlier,24.0,240.0
deliveries,560684,quantity,outlier,20.0,200.0
deliveries,635916,quantity,outlier,12.0,120.0
deliveries,589931,quantity,outlier,24.0,240.0
deliveries,503891,quantity,outlier,20.0,200.0
deliveries,519084,quantity,outlier,10.0,100.0
deliveries,546979,quantity,outlier,18.0,180.0
deliveries,559743,quantity,outlier,12.0,120.0
deliveries,522347,quantity,outlier,60.0,600.0
deliveries,677890,quantity,outlier,72.0,720.0
deliveries,651379,quantity,outlier,6.0,60.0
deliveries,630442,quantity,outlier,18.0,180.0
deliveries,539577,quantity,outlier,36.0,360.0
deliveries,613003,quantity,outlier,12.0,120.0
deliveries,575478,quantity,outlier,48.0,480.0
deliveries,679310,quantity,outlier,24.0,240.0
deliveries,597533,quantity,outlier,40.0,400.0
deliveries,592398,quantity,outlier,18.0,180.0
deliveries,667548,quantity,outlier,8.0,80.0
deliveries,566151,quantity,outlier,45.0,450.0
deliveries,519205,quantity,outlier,8.0,80.0
deliveries,535973,quantity,outlier,12.0,120.0
deliveries,602924,quantity,outlier,36.0,360.0
deliveries,633755,quantity,outlier,4.0,40.0
deliveries,666912,quantity,outlier,12.0,120.0
deliveries,576543,quantity,outlier,24.0,240.0
deliveries,620818,quantity,outlier,24.0,240.0
deliveries,560469,quantity,outlier,10.0,100.0
deliveries,664268,quantity,outlier,60.0,600.0
deliveries,550129,quantity,outlier,96.0,960.0
deliveries,614722,quantity,outlier,12.0,120.0
deliveries,516120,quantity,outlier,48.0,480.0
deliveries,507868,quantity,outlier,5.0,50.0
deliveries,660881,quantity,outlier,20.0,200.0
deliveries,677068,quantity,outlier,6.0,60.0
deliveries,542899,quantity,outlier,5.0,50.0
deliveries,674824,quantity,outlier,12.0,120.0
deliveries,604053,quantity,outlier,10.0,100.0
deliveries,532570,quantity,outlier,12.0,120.0
deliveries,649523,quantity,outlier,24.0,240.0
deliveries,659327,quantity,outlier,96.0,960.0
deliveries,669304,quantity,outlier,40.0,400.0
deliveries,631103,quantity,outlier,36.0,360.0
deliveries,624230,quantity,outlier,18.0,180.0
deliveries,565423,quantity,outlier,16.0,160.0
deliveries,671063,quantity,outlier,12.0,120.0
deliveries,629057,quantity,outlier,4.0,40.0
deliveries,631474,quantity,outlier,27.0,270.0
deliveries,541432,quantity,outlier,45.0,450.0
deliveries,611788,quantity,outlier,12.0,120.0
deliveries,626649,quantity,outlier,60.0,600.0
deliveries,559997,quantity,outlier,18.0,180.0
deliveries,549071,quantity,outlier,16.0,160.0
deliveries,658924,quantity,outlier,20.0,200.0
deliveries,679794,quantity,outlier,40.0,400.0
deliveries,539116,quantity,outlier,40.0,400.0
deliveries,542654,quantity,outlier,45.0,450.0
deliveries,648711,quantity,outlier,12.0,120.0
deliveries,626189,quantity,outlier,8.0,80.0
deliveries,575223,quantity,outlier,18.0,180.0
deliveries,674998,quantity,outlier,32.0,320.0
deliveries,515382,quantity,outlier,12.0,120.0
deliveries,652044,quantity,outlier,10.0,100.0
deliveries,627061,quantity,outlier,5.0,50.0
deliveries,650944,quantity,outlier,54.0,540.0
deliveries,617153,quantity,outlier,40.0,400.0
deliveries,562344,quantity,outlier,54.0,540.0
deliveries,607005,quantity,outlier,19.0,190.0
deliveries,650279,quantity,outlier,20.0,200.0
deliveries,686004,quantity,outlier,36.0,360.0
deliveries,696900,quantity,outlier,5.0,50.0
deliveries,621072,quantity,outlier,72.0,720.0
deliveries,648844,quantity,outlier,14.0,140.0
deliveries,690329,quantity,outlier,36.0,360.0
deliveries,555619,quantity,outlier,12.0,120.0
deliveries,553409,quantity,outlier,12.0,120.0
deliveries,634933,quantity,outlier,12.0,120.0
deliveries,673809,quantity,outlier,30.0,300.0
deliveries,663365,quantity,outlier,10.0,100.0
deliveries,667323,quantity,outlier,24.0,240.0
deliveries,510054,quantity,outlier,48.0,480.0
deliveries,532068,quantity,outlier,12.0,120.0
deliveries,563045,quantity,outlier,17.0,170.0
deliveries,538076,quantity,outlier,24.0,240.0
deliveries,654042,quantity,outlier,4.0,40.0
deliveries,644290,quantity,outlier,20.0,200.0
deliveries,589419,quantity,outlier,24.0,240.0
deliveries,559444,quantity,outlier,14.0,140.0
deliveries,568330,quantity,outlier,6.0,60.0
deliveries,505296,quantity,outlier,14.0,140.0
deliveries,598777,quantity,outlier,12.0,120.0
deliveries,525027,quantity,outlier,8.0,80.0
deliveries,525604,quantity,outlier,16.0,160.0
deliveries,676301,quantity,outlier,20.0,200.0
deliveries,646428,quantity,outlier,24.0,240.0
deliveries,663823,quantity,outlier,54.0,540.0
deliveries,627884,quantity,outlier,12.0,120.0
deliveries,560782,quantity,outlier,48.0,480.0
deliveries,530379,quantity,outlier,96.0,960.0
deliveries,586705,quantity,outlier,8.0,80.0
deliveries,525729,quantity,outlier,6.0,60.0
deliveries,649300,quantity,outlier,8.0,80.0
deliveries,631379,quantity,outlier,36.0,360.0
deliveries,552822,quantity,outlier,12.0,120.0
deliveries,580422,quantity,outlier,2.0,20.0
deliveries,640966,quantity,outlier,20.0,200.0
deliveries,657396,quantity,outlier,48.0,480.0
deliveries,541890,quantity,outlier,20.0,200.0
deliveries,573725,quantity,outlier,20.0,200.0
deliveries,520050,quantity,outlier,20.0,200.0
deliveries,617949,quantity,outlier,24.0,240.0
deliveries,697780,quantity,outlier,10.0,100.0
deliveries,574466,quantity,outlier,12.0,120.0
deliveries,512740,quantity,outlier,12.0,120.0
deliveries,671976,quantity,outlier,10.0,100.0
deliveries,665200,quantity,outlier,10.0,100.0
deliveries,503167,quantity,outlier,12.0,120.0
deliveries,574692,quantity,outlier,12.0,120.0
deliveries,613867,quantity,outlier,6.0,60.0
deliveries,525923,quantity,outlier,30.0,300.0
deliveries,643669,quantity,outlier,12.0,120.0
deliveries,537914,quantity,outlier,100.0,1000.0
deliveries,561259,quantity,outlier,6.0,60.0
deliveries,573551,quantity,outlier,30.0,300.0
deliveries,562199,quantity,outlier,75.0,750.0
deliveries,526001,quantity,outlier,20.0,200.0
deliveries,552179,quantity,outlier,6.0,60.0
deliveries,524949,quantity,outlier,10.0,100.0
deliveries,631439,quantity,outlier,12.0,120.0
deliveries,574741,quantity,outlier,5.0,50.0
deliveries,615995,quantity,outlier,22.0,220.0
deliveries,671943,quantity,outlier,24.0,240.0
deliveries,592809,quantity,outlier,4.0,40.0
deliveries,537125,quantity,outlier,24.0,240.0
deliveries,626630,quantity,outlier,10.0,100.0
deliveries,669305,quantity,outlier,24.0,240.0
deliveries,606726,quantity,outlier,30.0,300.0
deliveries,678531,quantity,outlier,10.0,100.0
deliveries,614854,quantity,outlier,10.0,100.0
deliveries,537863,quantity,outlier,10.0,100.0
deliveries,589954,quantity,outlier,16.0,160.0
deliveries,545831,quantity,outlier,20.0,200.0
deliveries,658042,quantity,outlier,12.0,120.0
deliveries,526423,quantity,outlier,20.0,200.0
deliveries,687045,quantity,outlier,40.0,400.0
deliveries,680959,quantity,outlier,12.0,120.0
deliveries,532620,quantity,outlier,24.0,240.0
deliveries,516172,quantity,outlier,48.0,480.0
deliveries,669992,quantity,outlier,20.0,200.0
deliveries,590533,quantity,outlier,36.0,360.0
deliveries,513908,quantity,outlier,5.0,50.0
deliveries,571718,quantity,outlier,12.0,120.0
deliveries,643054,quantity,outlier,10.0,100.0
deliveries,630342,quantity,outlier,12.0,120.0
deliveries,532028,quantity,outlier,4.0,40.0
deliveries,596281,quantity,outlier,10.0,100.0
deliveries,648474,quantity,outlier,6.0,60.0
deliveries,627437,quantity,outlier,16.0,160.0
deliveries,625537,quantity,outlier,12.0,120.0
deliveries,527409,quantity,outlier,20.0,200.0
deliveries,625307,quantity,outlier,10.0,100.0
deliveries,516572,quantity,outlier,20.0,200.0
deliveries,567140,quantity,outlier,8.0,80.0
deliveries,542572,quantity,outlier,24.0,240.0
deliveries,536562,quantity,outlier,72.0,720.0
deliveries,599542,quantity,outlier,12.0,120.0
deliveries,658640,quantity,outlier,24.0,240.0
deliveries,645130,quantity,outlier,20.0,200.0
deliveries,558704,quantity,outlier,20.0,200.0
deliveries,667000,quantity,outlier,20.0,200.0
deliveries,605906,quantity,outlier,10.0,100.0
deliveries,658103,quantity,outlier,16.0,160.0
deliveries,631397,quantity,outlier,12.0,120.0
deliveries,653290,quantity,outlier,20.0,200.0
deliveries,510156,quantity,outlier,20.0,200.0
deliveries,568797,quantity,outlier,20.0,200.0
deliveries,590726,quantity,outlier,20.0,200.0
deliveries,586256,quantity,outlier,12.0,120.0
deliveries,546962,quantity,outlier,10.0,100.0
deliveries,668639,quantity,outlier,8.0,80.0
deliveries,641025,quantity,outlier,8.0,80.0
deliveries,610845,quantity,outlier,36.0,360.0
deliveries,616133,quantity,outlier,54.0,80000
deliveries,651777,unit,invalid_format,count,each
deliveries,658201,unit,invalid_format,count,Count
deliveries,578210,unit,invalid_format,kg,Kg
deliveries,696714,unit,invalid_format,count,ct
deliveries,682572,unit,invalid_format,count,Count
deliveries,646551,unit,invalid_format,count,each
deliveries,541867,unit,invalid_format,count,each
deliveries,567862,unit,invalid_format,kg,kilogram
deliveries,674044,unit,invalid_format,count,Count
deliveries,525637,unit,invalid_format,count,ct
deliveries,601464,unit,invalid_format,count,ct
deliveries,669317,unit,invalid_format,kg,kgs
deliveries,594587,unit,invalid_format,count,each
deliveries,632773,unit,invalid_format,count,each
deliveries,543889,unit,invalid_format,kg,KG
deliveries,630469,unit,invalid_format,count,ct
deliveries,540169,unit,invalid_format,kg,kgs
deliveries,667549,unit,invalid_format,count,each
deliveries,689424,unit,invalid_format,count,ct
deliveries,531078,unit,invalid_format,count,ct
deliveries,610221,unit,invalid_format,count,each
deliveries,539243,unit,invalid_format,kg,KG
deliveries,544639,unit,invalid_format,count,Count
deliveries,604492,unit,invalid_format,count,Count
deliveries,557474,unit,invalid_format,count,ct
deliveries,559608,unit,invalid_format,kg,KG
deliveries,606738,unit,invalid_format,count,ct
deliveries,576071,unit,invalid_format,count,ct
deliveries,575849,unit,invalid_format,kg,kgs
deliveries,593429,unit,invalid_format,count,Count
deliveries,672406,unit,invalid_format,count,ct
deliveries,513694,unit,invalid_format,count,ct
deliveries,585118,unit,invalid_format,count,Count
deliveries,559496,unit,invalid_format,count,each
deliveries,651794,unit,invalid_format,count,Count
deliveries,639654,unit,invalid_format,kg,Kg
deliveries,552252,unit,invalid_format,count,Count
deliveries,617771,unit,invalid_format,kg,kilogram
deliveries,661809,unit,invalid_format,liter,ltr
deliveries,675812,unit,invalid_format,count,ct
deliveries,631745,unit,invalid_format,kg,KG
deliveries,676013,unit,invalid_format,count,each
deliveries,513599,unit,invalid_format,count,ct
deliveries,638251,unit,invalid_format,count,Count
deliveries,692788,unit,invalid_format,kg,kilogram
deliveries,575471,unit,invalid_format,count,Count
deliveries,670216,unit,invalid_format,count,Count
deliveries,542667,unit,invalid_format,count,ct
deliveries,639720,unit,invalid_format,count,Count
deliveries,574452,unit,invalid_format,count,each
deliveries,510382,unit,invalid_format,count,Count
deliveries,534405,unit,invalid_format,count,each
deliveries,682387,unit,invalid_format,count,Count
deliveries,648394,unit,invalid_format,count,each
deliveries,555345,unit,invalid_format,count,ct
deliveries,565720,unit,invalid_format,count,each
deliveries,564092,unit,invalid_format,kg,KG
deliveries,684745,unit,invalid_format,count,ct
deliveries,596669,unit,invalid_format,count,each
deliveries,612789,unit,invalid_format,count,each
deliveries,539730,unit,invalid_format,count,each
deliveries,640552,unit,invalid_format,count,ct
deliveries,597544,unit,invalid_format,count,ct
deliveries,558045,unit,invalid_format,count,Count
deliveries,654821,unit,invalid_format,kg,Kg
deliveries,585754,unit,invalid_format,kg,kgs
deliveries,680460,unit,invalid_format,count,each
deliveries,553670,unit,invalid_format,count,Count
deliveries,548611,unit,invalid_format,count,each
deliveries,664343,unit,invalid_format,liter,ltr
deliveries,557575,unit,invalid_format,kg,kgs
deliveries,543490,unit,invalid_format,count,each
deliveries,682444,unit,invalid_format,count,Count
deliveries,657731,unit,invalid_format,count,each
deliveries,614566,unit,invalid_format,count,Count
deliveries,649890,unit,invalid_format,count,each
deliveries,678103,unit,invalid_format,count,Count
deliveries,622053,unit,invalid_format,count,each
deliveries,532865,unit,invalid_format,count,Count
deliveries,695800,unit,invalid_format,count,each
deliveries,556551,unit,invalid_format,kg,Kg
deliveries,585919,unit,invalid_format,count,ct
deliveries,590911,unit,invalid_format,count,each
deliveries,546317,unit,invalid_format,count,each
deliveries,656815,unit,invalid_format,count,ct
deliveries,633229,unit,invalid_format,count,ct
deliveries,566634,unit,invalid_format,kg,kgs
deliveries,540648,unit,invalid_format,count,ct
deliveries,687321,unit,invalid_format,kg,kilogram
deliveries,539797,unit,invalid_format,kg,kilogram
deliveries,570058,unit,invalid_format,count,ct
deliveries,540165,unit,invalid_format,kg,kilogram
deliveries,555088,unit,invalid_format,count,Count
deliveries,592104,unit,invalid_format,count,Count
deliveries,685499,unit,invalid_format,count,Count
deliveries,667828,unit,invalid_format,count,Count
deliveries,509595,unit,invalid_format,kg,KG
deliveries,513981,unit,invalid_format,count,Count
deliveries,568101,unit,invalid_format,count,Count
deliveries,541912,unit,invalid_format,count,each
deliveries,597176,unit,invalid_format,count,each
deliveries,527297,unit,invalid_format,kg,KG
deliveries,644344,unit,invalid_format,kg,kgs
deliveries,639854,unit,invalid_format,kg,kgs
deliveries,582744,unit,invalid_format,count,each
deliveries,576584,unit,invalid_format,count,Count
deliveries,565852,unit,invalid_format,kg,Kg
deliveries,649199,unit,invalid_format,count,each
deliveries,687703,unit,invalid_format,count,ct
deliveries,502497,unit,invalid_format,count,ct
deliveries,514871,unit,invalid_format,kg,kgs
deliveries,518096,unit,invalid_format,kg,kgs
deliveries,507243,unit,invalid_format,count,Count
deliveries,582592,unit,invalid_format,count,each
deliveries,591135,unit,invalid_format,count,each
deliveries,513183,unit,invalid_format,count,each
deliveries,529102,unit,invalid_format,count,ct
deliveries,594963,unit,invalid_format,count,Count
deliveries,550260,unit,invalid_format,count,Count
deliveries,513902,unit,invalid_format,count,each
deliveries,652598,unit,invalid_format,count,ct
deliveries,684101,unit,invalid_format,kg,Kg
deliveries,631347,unit,invalid_format,count,Count
deliveries,674954,unit,invalid_format,count,Count
deliveries,589799,unit,invalid_format,count,Count
deliveries,690612,unit,invalid_format,count,each
deliveries,536299,unit,invalid_format,count,each
deliveries,601580,unit,invalid_format,count,Count
deliveries,597233,unit,invalid_format,count,each
deliveries,649455,unit,invalid_format,count,Count
deliveries,676618,unit,invalid_format,count,ct
deliveries,638063,unit,invalid_format,count,each
deliveries,545317,unit,invalid_format,count,ct
deliveries,564090,unit,invalid_format,liter,ltr
deliveries,613106,unit,invalid_format,kg,Kg
deliveries,555661,unit,invalid_format,count,each
deliveries,631893,unit,invalid_format,count,each
deliveries,549438,unit,invalid_format,count,Count
deliveries,619596,unit,invalid_format,count,each
deliveries,642286,unit,invalid_format,count,ct
deliveries,544293,unit,invalid_format,count,Count
deliveries,587271,unit,invalid_format,kg,KG
deliveries,500649,unit,invalid_format,count,each
deliveries,613610,unit,invalid_format,count,each
deliveries,589438,unit,invalid_format,count,Count
deliveries,600323,unit,invalid_format,count,ct
deliveries,511945,unit,invalid_format,count,Count
deliveries,500445,unit,invalid_format,kg,kgs
deliveries,535946,unit,invalid_format,count,ct
deliveries,671261,unit,invalid_format,kg,kilogram
deliveries,539080,unit,invalid_format,count,each
deliveries,543030,unit,invalid_format,count,Count
deliveries,625641,unit,invalid_format,count,ct
deliveries,649973,unit,invalid_format,count,Count
deliveries,690193,unit,invalid_format,count,ct
deliveries,634557,unit,invalid_format,count,Count
deliveries,647041,unit,invalid_format,count,Count
deliveries,635128,unit,invalid_format,count,Count
deliveries,548574,unit,invalid_format,count,each
deliveries,649037,unit,invalid_format,count,Count
deliveries,608915,unit,invalid_format,count,ct
deliveries,576559,unit,invalid_format,kg,kilogram
deliveries,658127,unit,invalid_format,kg,Kg
deliveries,620062,unit,invalid_format,count,Count
deliveries,603732,unit,invalid_format,count,each
deliveries,596994,unit,invalid_format,count,ct
deliveries,682638,unit,invalid_format,count,each
deliveries,575486,unit,invalid_format,kg,kgs
deliveries,579791,unit,invalid_format,count,ct
deliveries,528372,unit,invalid_format,count,ct
deliveries,531827,unit,invalid_format,liter,ltr
deliveries,675698,unit,invalid_format,kg,KG
deliveries,594239,unit,invalid_format,count,ct
deliveries,667050,unit,invalid_format,liter,Liter
deliveries,639393,unit,invalid_format,count,Count
deliveries,542201,unit,invalid_format,count,Count
deliveries,614624,unit,invalid_format,count,each
deliveries,596743,unit,invalid_format,count,Count
deliveries,625816,unit,invalid_format,count,each
deliveries,532504,unit,invalid_format,count,ct
deliveries,550166,unit,invalid_format,count,each
deliveries,690145,unit,invalid_format,kg,Kg
deliveries,612294,unit,invalid_format,count,Count
deliveries,562350,unit,invalid_format,count,ct
deliveries,608341,unit,invalid_format,kg,kilogram
deliveries,653037,unit,invalid_format,count,each
deliveries,569668,unit,invalid_format,kg,kilogram
deliveries,561524,unit,invalid_format,count,each
deliveries,573371,unit,invalid_format,count,ct
deliveries,599505,unit,invalid_format,count,each
deliveries,506721,unit,invalid_format,count,each
deliveries,567988,unit,invalid_format,count,each
deliveries,650966,unit,invalid_format,count,ct
deliveries,543117,unit,invalid_format,count,ct
deliveries,603819,unit,invalid_format,kg,Kg
deliveries,544867,unit,invalid_format,count,each
deliveries,658708,unit,invalid_format,count,ct
deliveries,545995,unit,invalid_format,count,each
deliveries,677796,unit,invalid_format,kg,Kg
deliveries,653509,unit,invalid_format,liter,Liter
deliveries,516217,unit,invalid_format,count,Count
deliveries,569062,unit,invalid_format,count,each
deliveries,575985,unit,invalid_format,count,Count
deliveries,650355,unit,invalid_format,kg,KG
deliveries,557827,unit,invalid_format,count,Count
deliveries,651316,unit,invalid_format,kg,Kg
deliveries,688414,unit,invalid_format,count,Count
deliveries,626170,unit,invalid_format,kg,Kg
deliveries,599752,unit,invalid_format,count,ct
deliveries,586534,unit,invalid_format,count,Count
deliveries,527074,unit,invalid_format,count,each
deliveries,587114,unit,invalid_format,kg,KG
deliveries,518094,unit,invalid_format,kg,kgs
deliveries,663065,unit,invalid_format,count,ct
deliveries,631123,unit,invalid_format,count,ct
deliveries,562707,unit,invalid_format,count,ct
deliveries,503693,unit,invalid_format,count,each
deliveries,662010,unit,invalid_format,count,ct
deliveries,624402,unit,invalid_format,count,Count
deliveries,542910,unit,invalid_format,count,each
deliveries,617176,unit,invalid_format,count,ct
deliveries,568964,unit,invalid_format,count,Count
deliveries,576698,unit,invalid_format,kg,kgs
deliveries,570689,unit,invalid_format,count,each
deliveries,664390,unit,invalid_format,count,each
deliveries,566115,unit,invalid_format,count,each
deliveries,509781,unit,invalid_format,count,Count
deliveries,540527,unit,invalid_format,count,each
deliveries,619408,unit,invalid_format,count,each
deliveries,598959,unit,invalid_format,count,ct
deliveries,556707,unit,invalid_format,count,Count
deliveries,598213,unit,invalid_format,count,Count
deliveries,528025,unit,invalid_format,kg,Kg
deliveries,669811,unit,invalid_format,count,ct
deliveries,636012,unit,invalid_format,count,ct
deliveries,691794,unit,invalid_format,count,ct
deliveries,598254,unit,invalid_format,kg,kgs
deliveries,601463,unit,invalid_format,count,Count
deliveries,648838,unit,invalid_format,count,ct
deliveries,555668,unit,invalid_format,count,Count
deliveries,609021,unit,invalid_format,kg,kilogram
deliveries,536336,unit,invalid_format,count,Count
deliveries,654686,unit,invalid_format,count,Count
deliveries,650846,unit,invalid_format,count,ct
deliveries,617654,unit,invalid_format,count,Count
deliveries,565616,unit,invalid_format,count,Count
deliveries,548962,unit,invalid_format,count,ct
deliveries,687965,unit,invalid_format,count,ct
deliveries,583565,unit,invalid_format,count,ct
deliveries,650231,unit,invalid_format,count,ct
deliveries,651455,unit,invalid_format,count,Count
deliveries,670312,unit,invalid_format,count,ct
deliveries,652851,unit,invalid_format,count,Count
deliveries,616609,unit,invalid_format,count,each
deliveries,661581,unit,invalid_format,count,each
deliveries,689266,unit,invalid_format,count,each
deliveries,621238,unit,invalid_format,count,each
deliveries,585816,unit,invalid_format,count,Count
deliveries,549428,unit,invalid_format,count,each
deliveries,575832,unit,invalid_format,kg,kilogram
deliveries,609329,unit,invalid_format,liter,Liter
deliveries,566785,unit,invalid_format,count,each
deliveries,570784,unit,invalid_format,count,Count
deliveries,649476,unit,invalid_format,kg,kgs
deliveries,571728,unit,invalid_format,count,each
deliveries,592895,unit,invalid_format,count,Count
deliveries,683889,unit,invalid_format,count,ct
deliveries,696498,unit,invalid_format,count,Count
deliveries,508973,unit,invalid_format,count,ct
deliveries,536812,unit,invalid_format,kg,Kg
deliveries,526201,unit,invalid_format,count,ct
deliveries,532640,unit,invalid_format,count,each
deliveries,602123,unit,invalid_format,count,Count
deliveries,694396,unit,invalid_format,count,Count
deliveries,677149,unit,invalid_format,count,each
deliveries,555662,unit,invalid_format,count,each
deliveries,584954,unit,invalid_format,count,Count
deliveries,625760,unit,invalid_format,kg,kilogram
deliveries,658565,unit,invalid_format,count,ct
deliveries,576764,unit,invalid_format,count,each
deliveries,557238,unit,invalid_format,count,each
deliveries,505236,unit,invalid_format,count,ct
deliveries,559836,unit,invalid_format,count,Count
deliveries,593877,unit,invalid_format,count,each
deliveries,598720,unit,invalid_format,count,each
deliveries,635811,unit,invalid_format,count,each
deliveries,659424,unit,invalid_format,count,ct
deliveries,633416,unit,invalid_format,count,Count
deliveries,674353,unit,invalid_format,count,each
deliveries,519964,unit,invalid_format,count,ct
deliveries,691887,unit,invalid_format,kg,KG
deliveries,592212,unit,invalid_format,kg,kgs
deliveries,684934,unit,invalid_format,count,Count
deliveries,531464,unit,invalid_format,count,each
deliveries,597737,unit,invalid_format,kg,kgs
deliveries,539389,unit,invalid_format,count,ct
deliveries,631589,unit,invalid_format,count,ct
deliveries,692413,unit,invalid_format,kg,kilogram
deliveries,532743,unit,invalid_format,kg,kilogram
deliveries,639331,unit,invalid_format,count,each
deliveries,562572,unit,invalid_format,count,each
deliveries,516031,unit,invalid_format,count,ct
deliveries,593016,unit,invalid_format,count,Count
deliveries,575599,unit,invalid_format,count,each
deliveries,619696,unit,invalid_format,count,each
deliveries,548409,unit,invalid_format,count,ct
deliveries,518078,unit,invalid_format,count,ct
deliveries,650494,unit,invalid_format,count,Count
deliveries,652303,unit,invalid_format,count,ct
deliveries,619795,unit,invalid_format,kg,KG
deliveries,657497,unit,invalid_format,count,ct
deliveries,505543,unit,invalid_format,kg,KG
deliveries,546357,unit,invalid_format,count,ct
deliveries,651898,unit,invalid_format,kg,KG
deliveries,612051,unit,invalid_format,count,ct
deliveries,634639,unit,invalid_format,count,each
deliveries,626793,unit,invalid_format,count,each
deliveries,581498,unit,invalid_format,count,each
deliveries,628153,unit,invalid_format,count,ct
deliveries,686802,unit,invalid_format,count,each
deliveries,619428,unit,invalid_format,count,each
deliveries,522083,unit,invalid_format,count,each
deliveries,671563,unit,invalid_format,count,Count
deliveries,529886,unit,invalid_format,count,each
deliveries,630618,unit,invalid_format,count,ct
deliveries,505101,unit,invalid_format,count,ct
deliveries,644660,unit,invalid_format,count,ct
deliveries,511580,unit,invalid_format,count,each
deliveries,505047,unit,invalid_format,count,Count
deliveries,561907,unit,invalid_format,count,ct
deliveries,609975,unit,invalid_format,count,each
deliveries,643485,unit,invalid_format,count,each
deliveries,519878,unit,invalid_format,kg,kgs
deliveries,576294,unit,invalid_format,kg,kilogram
deliveries,649655,unit,invalid_format,count,ct
deliveries,662562,unit,invalid_format,count,each
deliveries,607935,unit,invalid_format,count,each
deliveries,639442,unit,invalid_format,count,Count
deliveries,508262,unit,invalid_format,count,ct
deliveries,605815,unit,invalid_format,count,Count
deliveries,544796,unit,invalid_format,count,Count
deliveries,580360,unit,invalid_format,count,each
deliveries,669990,unit,invalid_format,count,Count
deliveries,592940,unit,invalid_format,count,each
deliveries,693280,unit,invalid_format,count,ct
deliveries,524069,unit,invalid_format,count,Count
deliveries,662771,unit,invalid_format,count,ct
deliveries,582897,unit,invalid_format,liter,l
deliveries,663354,unit,invalid_format,kg,kilogram
deliveries,551790,unit,invalid_format,count,Count
deliveries,574531,unit,invalid_format,kg,kgs
deliveries,570647,unit,invalid_format,kg,kilogram
deliveries,634203,unit,invalid_format,count,each
deliveries,656722,unit,invalid_format,count,ct
deliveries,577666,unit,invalid_format,count,Count
deliveries,645320,unit,invalid_format,count,Count
deliveries,502253,unit,invalid_format,count,Count
deliveries,564737,unit,invalid_format,count,each
deliveries,626140,unit,invalid_format,kg,kilogram
deliveries,597475,unit,invalid_format,count,Count
deliveries,514649,unit,invalid_format,count,each
deliveries,553327,unit,invalid_format,count,Count
deliveries,696667,unit,invalid_format,count,Count
deliveries,580172,unit,invalid_format,kg,Kg
deliveries,529897,unit,invalid_format,liter,Liter
deliveries,508401,unit,invalid_format,count,Count
deliveries,678332,unit,invalid_format,count,ct
deliveries,583903,unit,invalid_format,count,each
deliveries,599605,unit,invalid_format,kg,kgs
deliveries,515091,unit,invalid_format,count,each
deliveries,653813,unit,invalid_format,count,each
deliveries,580586,unit,invalid_format,kg,KG
deliveries,525542,unit,invalid_format,count,Count
deliveries,515873,unit,invalid_format,count,Count
deliveries,501134,unit,invalid_format,count,Count
deliveries,592980,unit,invalid_format,count,ct
deliveries,533098,unit,invalid_format,count,ct
deliveries,661557,unit,invalid_format,count,each
deliveries,542033,unit,invalid_format,kg,Kg
deliveries,580232,unit,invalid_format,kg,KG
deliveries,646142,unit,invalid_format,kg,kgs
deliveries,554928,unit,invalid_format,count,Count
deliveries,624470,unit,invalid_format,count,each
deliveries,542541,unit,invalid_format,count,each
deliveries,556030,unit,invalid_format,count,Count
deliveries,515247,unit,invalid_format,kg,KG
deliveries,673906,unit,invalid_format,count,Count
deliveries,693307,unit,invalid_format,kg,Kg
deliveries,655144,unit,invalid_format,count,Count
deliveries,620350,unit,invalid_format,count,ct
deliveries,668935,unit,invalid_format,count,Count
deliveries,661803,unit,invalid_format,count,ct
deliveries,560673,unit,invalid_format,count,Count
deliveries,563346,unit,invalid_format,kg,kilogram
deliveries,620252,unit,invalid_format,count,ct
deliveries,566612,unit,invalid_format,count,ct
deliveries,582675,unit,invalid_format,count,each
deliveries,669050,unit,invalid_format,kg,Kg
deliveries,594206,unit,invalid_format,count,ct
deliveries,593857,unit,invalid_format,count,each
deliveries,596813,unit,invalid_format,liter,ltr
deliveries,641251,unit,invalid_format,count,each
deliveries,680026,unit,invalid_format,kg,kgs
deliveries,618739,unit,invalid_format,count,ct
deliveries,536640,unit,invalid_format,count,ct
deliveries,640397,unit,invalid_format,count,each
deliveries,518492,unit,invalid_format,count,ct
deliveries,574924,unit,invalid_format,kg,kgs
deliveries,620594,unit,invalid_format,kg,kgs
deliveries,679275,unit,invalid_format,count,each
deliveries,526837,unit,invalid_format,kg,KG
deliveries,661290,unit,invalid_format,count,ct
deliveries,686915,unit,invalid_format,count,ct
deliveries,664994,unit,invalid_format,liter,l
deliveries,687504,unit,invalid_format,count,ct
deliveries,525824,unit,invalid_format,count,ct
deliveries,583733,unit,invalid_format,liter,ltr
deliveries,688575,unit,invalid_format,count,ct
deliveries,572463,unit,invalid_format,liter,ltr
deliveries,685924,unit,invalid_format,kg,Kg
deliveries,580790,unit,invalid_format,count,each
deliveries,512485,unit,invalid_format,count,each
deliveries,582405,unit,invalid_format,count,each
deliveries,570548,unit,invalid_format,count,each
deliveries,527653,unit,invalid_format,count,ct
deliveries,543454,unit,invalid_format,count,ct
deliveries,561605,unit,invalid_format,count,Count
deliveries,528194,unit,invalid_format,count,Count
deliveries,575158,unit,invalid_format,count,Count
deliveries,504767,unit,invalid_format,kg,KG
deliveries,600741,unit,invalid_format,count,each
deliveries,574202,unit,invalid_format,count,Count
deliveries,505280,unit,invalid_format,count,ct
deliveries,588535,unit,invalid_format,kg,KG
deliveries,624746,unit,invalid_format,count,ct
deliveries,696663,unit,invalid_format,count,each
deliveries,577260,unit,invalid_format,count,each
deliveries,646058,unit,invalid_format,count,each
deliveries,671330,unit,invalid_format,count,ct
deliveries,592187,unit,invalid_format,count,each
deliveries,574859,unit,invalid_format,count,ct
deliveries,603762,unit,invalid_format,count,Count
deliveries,578249,unit,invalid_format,count,each
deliveries,645397,unit,invalid_format,count,Count
deliveries,615414,unit,invalid_format,count,each
deliveries,533059,unit,invalid_format,count,ct
deliveries,514499,unit,invalid_format,count,ct
deliveries,532161,unit,invalid_format,count,each
deliveries,680193,unit,invalid_format,count,each
deliveries,648166,unit,invalid_format,count,ct
deliveries,632242,unit,invalid_format,count,ct
deliveries,687009,unit,invalid_format,kg,KG
deliveries,556381,unit,invalid_format,count,each
deliveries,508771,unit,invalid_format,count,ct
deliveries,536404,unit,invalid_format,count,each
deliveries,671467,unit,invalid_format,count,Count
deliveries,579455,unit,invalid_format,count,each
deliveries,539828,unit,invalid_format,count,Count
deliveries,618503,unit,invalid_format,kg,Kg
deliveries,673254,unit,invalid_format,count,ct
deliveries,514245,unit,invalid_format,count,Count
deliveries,555556,unit,invalid_format,count,Count
deliveries,577280,unit,invalid_format,count,each
deliveries,668819,unit,invalid_format,count,each
deliveries,588002,unit,invalid_format,liter,Liter
deliveries,660130,unit,invalid_format,count,ct
deliveries,508531,unit,invalid_format,count,Count
deliveries,583614,unit,invalid_format,kg,kgs
deliveries,552745,unit,invalid_format,count,Count
deliveries,626732,unit,invalid_format,count,each
deliveries,535673,unit,invalid_format,count,Count
deliveries,588408,unit,invalid_format,count,Count
deliveries,649619,unit,invalid_format,count,Count
deliveries,556847,unit,invalid_format,count,ct
deliveries,656234,unit,invalid_format,count,Count
deliveries,670677,unit,invalid_format,count,Count
deliveries,603723,unit,invalid_format,count,Count
deliveries,557013,unit,invalid_format,kg,kilogram
deliveries,648737,unit,invalid_format,count,ct
deliveries,560132,unit,invalid_format,count,each
deliveries,590948,unit,invalid_format,count,Count
deliveries,573796,unit,invalid_format,count,each
deliveries,566170,unit,invalid_format,count,ct
deliveries,546529,unit,invalid_format,count,each
deliveries,555109,unit,invalid_format,count,ct
deliveries,575268,unit,invalid_format,count,each
deliveries,554710,unit,invalid_format,count,ct
deliveries,698270,unit,invalid_format,liter,Liter
deliveries,658688,unit,invalid_format,count,each
deliveries,675293,unit,invalid_format,count,Count
deliveries,532774,unit,invalid_format,kg,Kg
deliveries,609118,unit,invalid_format,count,each
deliveries,552746,unit,invalid_format,count,each
deliveries,578357,unit,invalid_format,count,each
deliveries,574371,unit,invalid_format,count,Count
deliveries,551566,unit,invalid_format,count,Count
deliveries,683206,unit,invalid_format,kg,kilogram
deliveries,506759,unit,invalid_format,count,each
deliveries,630444,unit,invalid_format,count,ct
deliveries,549584,unit,invalid_format,count,ct
deliveries,548393,unit,invalid_format,kg,KG
deliveries,577810,unit,invalid_format,kg,Kg
deliveries,508668,unit,invalid_format,kg,kilogram
deliveries,694576,unit,invalid_format,count,each
deliveries,684349,unit,invalid_format,kg,Kg
deliveries,571077,unit,invalid_format,count,Count
deliveries,514904,unit,invalid_format,count,ct
deliveries,622983,unit,invalid_format,count,Count
deliveries,540697,unit,invalid_format,count,ct
deliveries,615317,unit,invalid_format,count,each
deliveries,663557,unit,invalid_format,count,each
deliveries,512219,unit,invalid_format,count,each
deliveries,645354,unit,invalid_format,count,ct
deliveries,589737,unit,invalid_format,kg,Kg
deliveries,641793,unit,invalid_format,count,each
deliveries,542296,unit,invalid_format,count,Count
deliveries,694334,unit,invalid_format,count,each
deliveries,502521,unit,invalid_format,kg,kgs
deliveries,511210,unit,invalid_format,count,each
deliveries,545318,unit,invalid_format,count,Count
deliveries,661145,unit,invalid_format,count,each
deliveries,668458,unit,invalid_format,count,Count
deliveries,656523,unit,invalid_format,count,Count
deliveries,680948,unit,invalid_format,count,Count
deliveries,656953,unit,invalid_format,kg,Kg
deliveries,514432,unit,invalid_format,count,each
deliveries,669928,unit,invalid_format,count,Count
deliveries,562252,unit,invalid_format,count,each
deliveries,669777,unit,invalid_format,count,Count
deliveries,608951,unit,invalid_format,count,each
deliveries,688266,unit,invalid_format,kg,KG
deliveries,643544,unit,invalid_format,count,each
deliveries,690625,unit,invalid_format,kg,Kg
deliveries,634995,unit,invalid_format,count,ct
deliveries,621522,unit,invalid_format,count,Count
deliveries,662436,unit,invalid_format,count,each
deliveries,682323,unit,invalid_format,count,each
deliveries,534354,unit,invalid_format,count,Count
deliveries,531059,unit,invalid_format,count,ct
deliveries,638784,unit,invalid_format,kg,kgs
deliveries,690181,unit,invalid_format,count,each
deliveries,580949,unit,invalid_format,count,each
deliveries,629441,unit,invalid_format,count,each
deliveries,616119,unit,invalid_format,count,ct
deliveries,540138,unit,invalid_format,kg,KG
deliveries,510832,unit,invalid_format,count,each
deliveries,502470,unit,invalid_format,count,ct
deliveries,666986,unit,invalid_format,count,ct
deliveries,565044,unit,invalid_format,count,ct
deliveries,521105,unit,invalid_format,kg,KG
deliveries,526161,unit,invalid_format,count,each
deliveries,507823,unit,invalid_format,count,each
deliveries,661773,unit,invalid_format,kg,kilogram
deliveries,627179,unit,invalid_format,count,Count
deliveries,614714,unit,invalid_format,kg,kgs
deliveries,515333,unit,invalid_format,count,each
deliveries,635483,unit,invalid_format,count,ct
deliveries,655256,unit,invalid_format,count,each
deliveries,666896,unit,invalid_format,count,each
deliveries,589632,unit,invalid_format,count,ct
deliveries,561755,unit,invalid_format,count,ct
deliveries,638242,unit,invalid_format,count,Count
deliveries,671679,unit,invalid_format,count,ct
deliveries,633904,unit,invalid_format,kg,kilogram
deliveries,516852,unit,invalid_format,count,Count
deliveries,655719,unit,invalid_format,kg,KG
deliveries,640853,unit,invalid_format,count,ct
deliveries,529072,unit,invalid_format,count,ct
deliveries,536257,unit,invalid_format,count,each
deliveries,586714,unit,invalid_format,count,Count
deliveries,529491,unit,invalid_format,count,each
deliveries,607297,unit,invalid_format,count,each
deliveries,515055,unit,invalid_format,count,ct
deliveries,606278,unit,invalid_format,count,Count
deliveries,602185,unit,invalid_format,count,Count
deliveries,658988,unit,invalid_format,count,ct
deliveries,581968,unit,invalid_format,count,Count
deliveries,545629,unit,invalid_format,count,Count
deliveries,608862,unit,invalid_format,kg,Kg
deliveries,649363,unit,invalid_format,count,ct
deliveries,676797,unit,invalid_format,count,each
deliveries,667701,unit,invalid_format,kg,KG
deliveries,578248,unit,invalid_format,count,each
deliveries,566234,unit,invalid_format,count,Count
deliveries,521200,unit,invalid_format,count,ct
deliveries,613294,unit,invalid_format,count,Count
deliveries,525782,unit,invalid_format,count,each
deliveries,615375,unit,invalid_format,count,ct
deliveries,648207,unit,invalid_format,count,Count
deliveries,682716,unit,invalid_format,count,each
deliveries,588698,unit,invalid_format,count,Count
deliveries,563577,unit,invalid_format,kg,KG
deliveries,650962,unit,invalid_format,count,Count
deliveries,660125,unit,invalid_format,kg,Kg
deliveries,575628,unit,invalid_format,count,ct
deliveries,531393,unit,invalid_format,count,Count
deliveries,638999,unit,invalid_format,count,ct
deliveries,634636,unit,invalid_format,count,ct
deliveries,603352,unit,invalid_format,count,each
deliveries,658322,unit,invalid_format,count,Count
deliveries,573439,unit,invalid_format,kg,KG
deliveries,565047,unit,invalid_format,count,ct
deliveries,526756,unit,invalid_format,count,each
deliveries,641982,unit,invalid_format,count,Count
deliveries,514124,unit,invalid_format,count,each
deliveries,652741,unit,invalid_format,count,each
deliveries,537806,unit,invalid_format,liter,ltr
deliveries,614743,unit,invalid_format,count,ct
deliveries,643740,unit,invalid_format,count,ct
deliveries,555152,unit,invalid_format,kg,kilogram
deliveries,650805,unit,invalid_format,count,ct
deliveries,552459,unit,invalid_format,count,Count
deliveries,658774,unit,invalid_format,count,ct
deliveries,513982,unit,invalid_format,count,Count
deliveries,664371,unit,invalid_format,count,Count
deliveries,553422,unit,invalid_format,count,Count
deliveries,577897,unit,invalid_format,count,ct
deliveries,584011,unit,invalid_format,count,each
deliveries,642024,unit,invalid_format,count,ct
deliveries,647882,unit,invalid_format,count,ct
deliveries,666008,unit,invalid_format,count,each
deliveries,596784,unit,invalid_format,count,ct
deliveries,535207,unit,invalid_format,count,each
deliveries,697422,unit,invalid_format,kg,Kg
deliveries,682261,unit,invalid_format,count,ct
deliveries,523051,unit,invalid_format,count,each
deliveries,507510,unit,invalid_format,count,Count
deliveries,617402,unit,invalid_format,kg,kilogram
deliveries,509168,unit,invalid_format,count,ct
deliveries,655837,unit,invalid_format,count,Count
deliveries,512346,unit,invalid_format,kg,KG
deliveries,502664,unit,invalid_format,count,Count
deliveries,527962,unit,invalid_format,kg,Kg
deliveries,697692,unit,invalid_format,count,each
deliveries,638510,unit,invalid_format,count,Count
deliveries,542854,unit,invalid_format,count,each
deliveries,560475,unit,invalid_format,kg,Kg
deliveries,663098,unit,invalid_format,count,ct
deliveries,520435,unit,invalid_format,count,Count
deliveries,616449,unit,invalid_format,count,ct
deliveries,688270,unit,invalid_format,count,Count
deliveries,568421,unit,invalid_format,kg,KG
deliveries,550701,unit,invalid_format,count,ct
deliveries,513341,unit,invalid_format,count,ct
deliveries,533771,unit,invalid_format,count,ct
deliveries,523271,unit,invalid_format,count,each
deliveries,526106,unit,invalid_format,count,each
deliveries,573739,unit,invalid_format,kg,kgs
deliveries,618947,unit,invalid_format,count,each
deliveries,600571,unit,invalid_format,kg,KG
deliveries,589900,unit,invalid_format,count,each
deliveries,554278,unit,invalid_format,count,ct
deliveries,593075,unit,invalid_format,count,Count
deliveries,636477,unit,invalid_format,count,Count
deliveries,538944,unit,invalid_format,count,each
deliveries,520537,unit,invalid_format,count,ct
deliveries,569065,unit,invalid_format,count,each
deliveries,611155,unit,invalid_format,count,each
deliveries,572757,unit,invalid_format,kg,kgs
deliveries,532221,unit,invalid_format,count,ct
deliveries,657683,unit,invalid_format,count,each
deliveries,537652,unit,invalid_format,count,ct
deliveries,587270,unit,invalid_format,count,each
deliveries,546298,unit,invalid_format,count,Count
deliveries,530373,unit,invalid_format,count,ct
deliveries,563552,unit,invalid_format,count,ct
deliveries,592066,unit,invalid_format,count,ct
deliveries,536459,unit,invalid_format,count,Count
deliveries,605119,unit,invalid_format,liter,l
deliveries,631198,unit,invalid_format,kg,kilogram
deliveries,629056,unit,invalid_format,count,ct
deliveries,564030,unit,invalid_format,count,ct
deliveries,626521,unit,invalid_format,count,Count
deliveries,506418,unit,invalid_format,count,ct
deliveries,620907,unit,invalid_format,count,ct
deliveries,676316,unit,invalid_format,count,each
deliveries,550677,unit,invalid_format,count,ct
deliveries,533932,unit,invalid_format,kg,KG
deliveries,609309,unit,invalid_format,count,each
deliveries,516740,unit,invalid_format,count,Count
deliveries,574287,unit,invalid_format,kg,kgs
deliveries,550291,unit,invalid_format,count,ct
deliveries,684160,unit,invalid_format,count,ct
deliveries,574180,unit,invalid_format,count,Count
deliveries,565416,unit,invalid_format,count,each
deliveries,543323,unit,invalid_format,count,Count
deliveries,508931,unit,invalid_format,count,each
deliveries,503048,unit,invalid_format,count,Count
deliveries,637908,unit,invalid_format,count,Count
deliveries,527724,unit,invalid_format,count,Count
deliveries,598858,unit,invalid_format,count,Count
deliveries,592018,unit,invalid_format,count,each
deliveries,613167,unit,invalid_format,count,Count
deliveries,691767,unit,invalid_format,count,Count
deliveries,692508,unit,invalid_format,count,each
deliveries,605698,unit,invalid_format,count,Count
deliveries,682533,unit,invalid_format,count,each
deliveries,696522,unit,invalid_format,count,each
deliveries,557979,unit,invalid_format,count,each
deliveries,533655,unit,invalid_format,count,each
deliveries,674780,unit,invalid_format,count,ct
deliveries,696708,unit,invalid_format,count,each
deliveries,665293,unit,invalid_format,count,Count
deliveries,556192,unit,invalid_format,count,each
deliveries,513905,unit,invalid_format,count,ct
deliveries,510861,unit,invalid_format,count,Count
deliveries,573065,unit,invalid_format,count,ct
deliveries,538632,unit,invalid_format,kg,KG
deliveries,574305,unit,invalid_format,count,each
deliveries,615411,unit,invalid_format,count,Count
deliveries,633781,unit,invalid_format,count,each
deliveries,620893,unit,invalid_format,count,ct
deliveries,646257,unit,invalid_format,count,ct
deliveries,538667,unit,invalid_format,count,ct
deliveries,502981,unit,invalid_format,count,Count
deliveries,553489,unit,invalid_format,count,Count
deliveries,515300,unit,invalid_format,kg,kgs
deliveries,662856,unit,invalid_format,count,Count
deliveries,622769,unit,invalid_format,count,each
deliveries,670645,unit,invalid_format,count,ct
deliveries,551371,unit,invalid_format,count,ct
deliveries,616997,unit,invalid_format,count,Count
deliveries,637983,unit,invalid_format,count,Count
deliveries,683003,unit,invalid_format,count,Count
deliveries,564484,unit,invalid_format,kg,Kg
deliveries,532173,unit,invalid_format,count,each
deliveries,647695,unit,invalid_format,count,each
deliveries,651700,unit,invalid_format,count,Count
deliveries,629621,unit,invalid_format,count,Count
deliveries,573928,unit,invalid_format,kg,KG
deliveries,560500,unit,invalid_format,count,Count
deliveries,589995,unit,invalid_format,count,ct
deliveries,595668,unit,invalid_format,kg,kilogram
deliveries,506795,unit,invalid_format,count,Count
deliveries,690599,unit,invalid_format,count,Count
deliveries,662572,unit,invalid_format,kg,kilogram
deliveries,523469,unit,invalid_format,count,ct
deliveries,545873,unit,invalid_format,count,ct
deliveries,642971,unit,invalid_format,count,ct
deliveries,579826,unit,invalid_format,count,Count
deliveries,658084,unit,invalid_format,count,each
deliveries,538766,unit,invalid_format,count,ct
deliveries,646774,unit,invalid_format,count,ct
deliveries,524724,unit,invalid_format,count,ct
deliveries,561422,unit,invalid_format,count,Count
deliveries,514485,unit,invalid_format,count,ct
deliveries,617801,unit,invalid_format,count,ct
deliveries,606325,unit,invalid_format,count,ct
deliveries,626184,unit,invalid_format,kg,kgs
deliveries,579325,unit,invalid_format,count,ct
deliveries,651058,unit,invalid_format,count,ct
deliveries,596486,unit,invalid_format,count,each
deliveries,599663,unit,invalid_format,count,ct
deliveries,521715,unit,invalid_format,kg,kilogram
deliveries,683797,unit,invalid_format,liter,Liter
deliveries,674985,unit,invalid_format,liter,Liter
deliveries,538626,unit,invalid_format,count,ct
deliveries,588544,unit,invalid_format,count,ct
deliveries,590538,unit,invalid_format,kg,kilogram
deliveries,692337,unit,invalid_format,count,each
deliveries,685388,unit,invalid_format,kg,KG
deliveries,585601,unit,invalid_format,kg,Kg
deliveries,577018,unit,invalid_format,count,each
deliveries,602124,unit,invalid_format,count,ct
deliveries,566417,unit,invalid_format,count,Count
deliveries,574729,unit,invalid_format,count,each
deliveries,648399,unit,invalid_format,count,Count
deliveries,541281,unit,invalid_format,count,Count
deliveries,686679,unit,invalid_format,count,ct
deliveries,500850,unit,invalid_format,count,ct
deliveries,538134,unit,invalid_format,count,Count
deliveries,622688,unit,invalid_format,count,Count
deliveries,614510,unit,invalid_format,count,Count
deliveries,506547,unit,invalid_format,count,ct
deliveries,513292,unit,invalid_format,count,each
deliveries,583723,unit,invalid_format,count,ct
deliveries,531136,unit,invalid_format,count,each
deliveries,674808,unit,invalid_format,count,each
deliveries,622632,unit,invalid_format,count,Count
deliveries,528558,unit,invalid_format,count,Count
deliveries,661577,unit,invalid_format,count,Count
deliveries,530582,unit,invalid_format,kg,kilogram
deliveries,528918,unit,invalid_format,count,each
deliveries,588968,unit,invalid_format,count,Count
deliveries,645859,unit,invalid_format,liter,l
deliveries,524450,unit,invalid_format,count,ct
deliveries,600788,unit,invalid_format,kg,kilogram
deliveries,551999,unit,invalid_format,count,ct
deliveries,610231,unit,invalid_format,count,each
deliveries,651899,unit,invalid_format,count,Count
deliveries,685518,unit,invalid_format,count,ct
deliveries,536546,unit,invalid_format,count,Count
deliveries,561853,unit,invalid_format,count,each
deliveries,519930,unit,invalid_format,count,Count
deliveries,512899,unit,invalid_format,count,ct
deliveries,666326,unit,invalid_format,count,ct
deliveries,640288,unit,invalid_format,kg,kilogram
deliveries,598653,unit,invalid_format,count,ct
deliveries,550820,unit,invalid_format,count,each
deliveries,677099,unit,invalid_format,kg,Kg
deliveries,668877,unit,invalid_format,liter,l
deliveries,675175,unit,invalid_format,count,each
deliveries,610761,unit,invalid_format,kg,Kg
deliveries,593620,unit,invalid_format,count,ct
deliveries,664901,unit,invalid_format,count,each
deliveries,651340,unit,invalid_format,count,ct
deliveries,580596,unit,invalid_format,count,Count
deliveries,557883,unit,invalid_format,count,ct
deliveries,639649,unit,invalid_format,count,ct
deliveries,649474,unit,invalid_format,count,Count
deliveries,550674,unit,invalid_format,count,each
deliveries,596751,unit,invalid_format,count,each
deliveries,693813,unit,invalid_format,count,Count
deliveries,648977,unit,invalid_format,count,ct
deliveries,600861,unit,invalid_format,count,ct
deliveries,655290,unit,invalid_format,count,Count
deliveries,563104,unit,invalid_format,count,ct
deliveries,516703,unit,invalid_format,count,ct
deliveries,644856,unit,invalid_format,kg,kilogram
deliveries,654899,unit,invalid_format,count,each
deliveries,672631,unit,invalid_format,count,ct
deliveries,542445,unit,invalid_format,count,Count
deliveries,681018,unit,invalid_format,count,Count
deliveries,612454,unit,invalid_format,count,ct
deliveries,637284,unit,invalid_format,count,Count
deliveries,597463,unit,invalid_format,count,ct
deliveries,682012,unit,invalid_format,count,ct
deliveries,544175,unit,invalid_format,count,Count
deliveries,681946,unit,invalid_format,count,each
deliveries,683611,unit,invalid_format,count,each
deliveries,517553,unit,invalid_format,count,each
deliveries,641191,unit,invalid_format,count,ct
deliveries,515268,unit,invalid_format,count,Count
deliveries,600632,unit,invalid_format,count,each
deliveries,548661,unit,invalid_format,count,ct
deliveries,686411,unit,invalid_format,kg,KG
deliveries,553629,unit,invalid_format,count,each
deliveries,659949,unit,invalid_format,kg,Kg
deliveries,558775,unit,invalid_format,kg,Kg
deliveries,596887,unit,invalid_format,count,Count
deliveries,685858,unit,invalid_format,count,ct
deliveries,506991,unit,invalid_format,count,each
deliveries,530630,unit,invalid_format,count,ct
deliveries,616705,unit,invalid_format,count,ct
deliveries,663659,unit,invalid_format,count,Count
deliveries,552950,unit,invalid_format,count,each
deliveries,693916,unit,invalid_format,count,Count
deliveries,659484,unit,invalid_format,count,Count
deliveries,659306,unit,invalid_format,kg,kgs
deliveries,588374,unit,invalid_format,count,each
deliveries,618746,unit,invalid_format,count,Count
deliveries,688453,unit,invalid_format,count,Count
deliveries,685656,unit,invalid_format,count,each
deliveries,501874,unit,invalid_format,count,ct
deliveries,619277,unit,invalid_format,count,ct
deliveries,600651,unit,invalid_format,count,ct
deliveries,580475,unit,invalid_format,count,each
deliveries,609611,unit,invalid_format,count,each
deliveries,643258,unit,invalid_format,count,Count
deliveries,557162,unit,invalid_format,count,ct
deliveries,642726,unit,invalid_format,kg,kgs
deliveries,649506,unit,invalid_format,kg,kgs
deliveries,536999,unit,invalid_format,kg,KG
deliveries,528486,unit,invalid_format,count,Count
deliveries,666652,unit,invalid_format,count,Count
deliveries,560269,unit,invalid_format,count,each
deliveries,530907,unit,invalid_format,count,ct
deliveries,632187,unit,invalid_format,count,ct
deliveries,683141,unit,invalid_format,count,Count
deliveries,580186,unit,invalid_format,count,ct
deliveries,533230,unit,invalid_format,kg,Kg
deliveries,586785,unit,invalid_format,count,ct
deliveries,562692,unit,invalid_format,count,Count
deliveries,581622,unit,invalid_format,count,Count
deliveries,554045,unit,invalid_format,count,Count
deliveries,679533,unit,invalid_format,count,ct
deliveries,616289,unit,invalid_format,kg,kilogram
deliveries,613224,unit,invalid_format,count,ct
deliveries,615996,unit,invalid_format,count,Count
deliveries,531580,unit,invalid_format,count,each
deliveries,506123,unit,invalid_format,count,Count
deliveries,603303,unit,invalid_format,count,ct
deliveries,530422,unit,invalid_format,kg,kilogram
deliveries,663567,unit,invalid_format,count,each
deliveries,650016,unit,invalid_format,count,ct
deliveries,686560,unit,invalid_format,count,Count
deliveries,603383,unit,invalid_format,count,each
deliveries,643860,unit,invalid_format,count,ct
deliveries,621050,unit,invalid_format,count,ct
deliveries,579934,unit,invalid_format,kg,kgs
deliveries,657035,unit,invalid_format,count,ct
deliveries,664976,unit,invalid_format,count,each
deliveries,545295,unit,invalid_format,count,each
deliveries,589732,unit,invalid_format,count,each
deliveries,582339,unit,invalid_format,count,Count
deliveries,633626,unit,invalid_format,count,ct
deliveries,510447,unit,invalid_format,count,Count
deliveries,666992,unit,invalid_format,count,Count
deliveries,647009,unit,invalid_format,kg,Kg
deliveries,565503,unit,invalid_format,count,Count
deliveries,636674,unit,invalid_format,count,Count
deliveries,525033,unit,invalid_format,count,each
deliveries,608782,unit,invalid_format,count,ct
deliveries,521462,unit,invalid_format,count,each
deliveries,553141,unit,invalid_format,count,ct
deliveries,651800,unit,invalid_format,kg,Kg
deliveries,512103,unit,invalid_format,count,Count
deliveries,618001,unit,invalid_format,count,each
deliveries,551030,unit,invalid_format,count,Count
deliveries,687806,unit,invalid_format,kg,KG
deliveries,658796,unit,invalid_format,count,Count
deliveries,640142,unit,invalid_format,count,Count
deliveries,639461,unit,invalid_format,count,ct
deliveries,611802,unit,invalid_format,kg,Kg
deliveries,569479,unit,invalid_format,count,each
deliveries,604122,unit,invalid_format,kg,kilogram
deliveries,525638,unit,invalid_format,count,Count
deliveries,652431,unit,invalid_format,count,Count
deliveries,620141,unit,invalid_format,kg,kgs
deliveries,539137,unit,invalid_format,count,ct
deliveries,548718,unit,invalid_format,count,Count
deliveries,561543,unit,invalid_format,count,each
deliveries,583301,unit,invalid_format,count,Count
deliveries,680322,unit,invalid_format,count,ct
deliveries,681535,unit,invalid_format,count,each
deliveries,590611,unit,invalid_format,count,Count
deliveries,506970,unit,invalid_format,count,Count
deliveries,689247,unit,invalid_format,count,ct
deliveries,596503,unit,invalid_format,kg,kgs
deliveries,588867,unit,invalid_format,count,ct
deliveries,522621,unit,invalid_format,kg,KG
deliveries,616765,unit,invalid_format,kg,kilogram
deliveries,634529,unit,invalid_format,count,each
deliveries,659096,unit,invalid_format,count,Count
deliveries,605111,unit,invalid_format,count,ct
deliveries,518367,unit,invalid_format,count,ct
deliveries,537486,unit,invalid_format,count,each
deliveries,648348,unit,invalid_format,count,ct
deliveries,612713,unit,invalid_format,kg,KG
deliveries,583058,unit,invalid_format,count,each
deliveries,627104,unit,invalid_format,kg,KG
deliveries,534578,unit,invalid_format,count,Count
deliveries,583116,unit,invalid_format,count,ct
deliveries,635805,unit,invalid_format,count,each
deliveries,502745,unit,invalid_format,count,Count
deliveries,575592,unit,invalid_format,count,ct
deliveries,584718,unit,invalid_format,liter,ltr
deliveries,610843,unit,invalid_format,liter,l
deliveries,663242,unit,invalid_format,count,ct
deliveries,685432,unit,invalid_format,kg,Kg
deliveries,642921,unit,invalid_format,count,Count
deliveries,676721,unit,invalid_format,kg,KG
deliveries,610299,unit,invalid_format,count,each
deliveries,649251,unit,invalid_format,kg,Kg
deliveries,592560,unit,invalid_format,count,ct
deliveries,629783,unit,invalid_format,count,Count
deliveries,665011,unit,invalid_format,count,Count
deliveries,633955,unit,invalid_format,count,ct
deliveries,617012,unit,invalid_format,count,each
deliveries,597595,unit,invalid_format,count,each
deliveries,574869,unit,invalid_format,count,Count
deliveries,660914,unit,invalid_format,count,ct
deliveries,691792,unit,invalid_format,count,Count
deliveries,650015,unit,invalid_format,count,each
deliveries,509328,unit,invalid_format,count,each
deliveries,527567,unit,invalid_format,liter,Liter
deliveries,589442,unit,invalid_format,count,ct
deliveries,590303,unit,invalid_format,count,Count
deliveries,588816,unit,invalid_format,count,Count
deliveries,607898,unit,invalid_format,count,Count
deliveries,625957,unit,invalid_format,count,Count
deliveries,586341,unit,invalid_format,count,each
deliveries,673566,unit,invalid_format,count,Count
deliveries,586647,unit,invalid_format,count,ct
deliveries,688840,unit,invalid_format,count,ct
deliveries,520065,unit,invalid_format,kg,kgs
deliveries,534242,unit,invalid_format,liter,ltr
deliveries,622553,unit,invalid_format,kg,kgs
deliveries,668212,unit,invalid_format,count,Count
deliveries,611060,unit,invalid_format,kg,kgs
deliveries,531611,unit,invalid_format,kg,kgs
deliveries,581636,unit,invalid_format,kg,kgs
deliveries,624647,unit,invalid_format,kg,kgs
deliveries,600817,unit,invalid_format,count,Count
deliveries,579210,unit,invalid_format,count,each
deliveries,555165,unit,invalid_format,count,each
deliveries,593808,unit,invalid_format,count,ct
deliveries,692558,unit,invalid_format,count,each
deliveries,681604,unit,invalid_format,count,ct
deliveries,595574,unit,invalid_format,count,each
deliveries,510561,product_name,misspelling,Pork Chops,Por Chops
deliveries,608425,product_name,misspelling,Ground Coffee 12 oz,Ground Cofefe 12 oz
deliveries,579748,product_name,misspelling,Sliced Deli Turkey,Silced Deli Turkey
deliveries,677664,product_name,misspelling,Refill Laundry Detergent,Refill Laundry etergent
deliveries,698404,product_name,misspelling,Large Eggs 12 ct,Large gEgs 12 ct
deliveries,690594,product_name,misspelling,Strawberries 1 lb,tSrawberries 1 lb
deliveries,579713,product_name,misspelling,Cauliflower,aCuliflower
deliveries,556351,product_name,misspelling,Frozen Pizza,FrozenP izza
deliveries,566609,product_name,misspelling,Frozen Pizza,Froen Pizza
deliveries,647251,product_name,misspelling,Whole Milk 1/2 gal,Whole Milk1/2 gal
deliveries,646532,product_name,misspelling,Peanut Butter 16 oz,Peant Butter 16 oz
deliveries,524029,product_name,misspelling,Croissant,Croisant
deliveries,508814,product_name,misspelling,Ground Coffee 12 oz,Ground Coffee 1 oz
deliveries,604299,product_name,misspelling,Cauliflower,Caulilower
deliveries,568554,product_name,misspelling,Potato,oPtato
deliveries,576525,product_name,misspelling,Whole Milk 1 gal,Whoel Milk 1 gal
deliveries,625693,product_name,misspelling,Toilet Paper 12 rolls,Toilet Paper 21 rolls
deliveries,647799,product_name,misspelling,Peanut Butter 16 oz,Peanut Butetr 16 oz
deliveries,544749,product_name,misspelling,Toilet Paper 12 rolls,Toilt Paper 12 rolls
deliveries,538554,product_name,misspelling,Organic Banana,Orgnaic Banana
deliveries,667399,product_name,misspelling,Bottled Water 24 pk,Bottld Water 24 pk
deliveries,634165,product_name,misspelling,Cola 12 pk,Cola 12 k
deliveries,674630,product_name,misspelling,Whole Wheat Bread,Whloe Wheat Bread
deliveries,624225,product_name,misspelling,Frozen Shrimp 1 lb,Frozen Shrimp 1l b
deliveries,583867,product_name,misspelling,Carrots 2 lb Bag,Carrots 2 lbB ag
deliveries,521223,product_name,misspelling,Large Eggs 12 ct,Large Eggs 21 ct
deliveries,500646,product_name,misspelling,Atlantic Salmon,Atlanic Salmon
deliveries,651330,product_name,misspelling,White Bread,Whtie Bread
deliveries,665539,product_name,misspelling,Laundry Detergent 100 oz,Laundry Detergent 100o z
deliveries,673595,product_name,misspelling,Organic Banana,Orgnic Banana
deliveries,504973,product_name,misspelling,Cola 6 pk,Cola  6pk
deliveries,592951,product_name,misspelling,Whole Milk 1/2 gal,Whole Milk 12 gal
deliveries,650236,product_name,misspelling,Organic Banana,Orgnaic Banana
deliveries,571291,product_name,misspelling,Refill Oat Milk,Refill Oat Mlik
deliveries,644365,product_name,misspelling,Cucumber,Cucuber
deliveries,633639,product_name,misspelling,Cola 6 pk,oCla 6 pk
deliveries,635740,product_name,misspelling,Iceberg Lettuce,Icebreg Lettuce
deliveries,527876,product_name,misspelling,Cola 6 pk,Cola 6p k
deliveries,590686,product_name,misspelling,Peanut Butter 16 oz,Peanut Btuter 16 oz
deliveries,682817,product_name,misspelling,Ground Coffee 12 oz,Gorund Coffee 12 oz
deliveries,503315,product_name,misspelling,Yellow Onion,Yllow Onion
deliveries,675456,product_name,misspelling,Greek Yogurt 32 oz,Greek Yogutr 32 oz
deliveries,648519,product_name,misspelling,Banana,Baanna
deliveries,647071,product_name,misspelling,Marinara Sauce 24 oz,Marianra Sauce 24 oz
deliveries,631181,product_name,misspelling,Toilet Paper 12 rolls,Toilet Paper 12 rols
deliveries,647586,product_name,misspelling,Refill Laundry Detergent,Refill Laundy Detergent
deliveries,625679,product_name,misspelling,Ground Beef,Gorund Beef
deliveries,512879,product_name,misspelling,Corn Flakes 18 oz,Cor Flakes 18 oz
deliveries,648705,product_name,misspelling,Cola 12 pk,Cola 12 k
deliveries,560775,product_name,misspelling,Refill Laundry Detergent,Rfeill Laundry Detergent
deliveries,645946,product_name,misspelling,Frozen Pizza,Forzen Pizza
deliveries,663680,product_name,misspelling,Ice Cubes 7 lb,Ice Cubse 7 lb
deliveries,668699,product_name,misspelling,Potato,Pottao
deliveries,541458,product_name,misspelling,Fresh Basil,Fresh Basl
deliveries,588008,product_name,misspelling,Cucumber,Ccuumber
deliveries,624782,product_name,misspelling,Laundry Detergent 100 oz,Launry Detergent 100 oz
deliveries,592785,product_name,misspelling,Cucumber,Cucmber
deliveries,520808,product_name,misspelling,Iceberg Lettuce,Iceberg eLttuce
deliveries,675719,product_name,misspelling,Toilet Paper 12 rolls,Toilet Pper 12 rolls
deliveries,579813,product_name,misspelling,Cauliflower,Califlower
deliveries,565050,product_name,misspelling,Cucumber,Ccuumber
deliveries,535547,product_name,misspelling,Toilet Paper 12 rolls,Toilet Paper 12 orlls
deliveries,579439,product_name,misspelling,Paper Towels 6 rolls,PaperTowels 6 rolls
deliveries,694155,product_name,misspelling,Tomato,Tmoato
deliveries,594133,product_name,misspelling,Bagels 6 ct,Bagles 6 ct
deliveries,656656,product_name,misspelling,Iced Tea 1 gal,Iced Tea  1gal
deliveries,600796,product_name,misspelling,Whole Wheat Bread,Whol Wheat Bread
deliveries,694349,product_name,misspelling,Tomato Soup,Tomat oSoup
deliveries,631460,product_name,misspelling,Sliced Deli Turkey,Silced Deli Turkey
deliveries,557275,product_name,misspelling,Sliced Deli Turkey,Slice Deli Turkey
deliveries,603890,product_name,misspelling,Ground Coffee 12 oz,Ground Coffee1 2 oz
deliveries,567315,product_name,misspelling,Orange Juice 52 oz,Orange Jucie 52 oz
deliveries,553692,product_name,misspelling,Cola 12 pk,Col a12 pk
deliveries,525305,product_name,misspelling,Frozen Shrimp 1 lb,FrozenS hrimp 1 lb
deliveries,595158,product_name,misspelling,Blueberries 6 oz,Bleuberries 6 oz
deliveries,573479,product_name,misspelling,Large Eggs 12 ct,Large Eggs1 2 ct
deliveries,553286,product_name,misspelling,Fresh Basil,Fresh Bail
deliveries,511760,product_name,misspelling,Banana,Baana
deliveries,550966,product_name,misspelling,Yellow Onion,Yellow Onin
deliveries,540403,product_name,misspelling,Bottled Water 24 pk,Bottled Wate 24 pk
deliveries,524754,product_name,misspelling,Ground Coffee 12 oz,Ground Coffe 12 oz
deliveries,674583,product_name,misspelling,Greek Yogurt 32 oz,Greek Ygurt 32 oz
deliveries,570650,product_name,misspelling,Frozen Shrimp 1 lb,Frozen Shrmip 1 lb
deliveries,671100,product_name,misspelling,Orange Juice 52 oz,Oange Juice 52 oz
deliveries,605213,product_name,misspelling,White Bread,Whit eBread
deliveries,548544,product_name,misspelling,Tomato,Tmoato
deliveries,571338,product_name,misspelling,Tomato,Toamto
deliveries,554501,product_name,misspelling,Laundry Detergent 100 oz,Laundry Detergent1 00 oz
deliveries,546865,product_name,misspelling,Refill Dish Soap,RefillDish Soap
deliveries,674080,product_name,misspelling,Whole Wheat Bread,Wohle Wheat Bread
deliveries,630757,product_name,misspelling,Laundry Detergent 100 oz,Laundry Detergent 100o z
deliveries,609273,product_name,misspelling,Banana,Baana
deliveries,513783,product_name,misspelling,Banana,aBnana
deliveries,607617,product_name,misspelling,Large Eggs 12 ct,Lrge Eggs 12 ct
deliveries,695812,product_name,misspelling,Sparkling Water 12 pk,Sparkling Water 12p k
deliveries,575225,product_name,misspelling,Avocado,Avoado
deliveries,679099,product_name,misspelling,Sparkling Water 12 pk,Sparkling Wate 12 pk
deliveries,561249,product_name,misspelling,Ground Coffee 12 oz,Ground Coffee 12 z
deliveries,651630,product_name,misspelling,Fresh Basil,Fresh Baisl
deliveries,551289,product_name,misspelling,Fresh Basil,Freh Basil
deliveries,563999,product_name,misspelling,Pork Chops,Pork Cops
deliveries,610209,product_name,misspelling,Hummus 10 oz,Hummus 10oz
deliveries,609790,product_name,misspelling,Spaghetti 1 lb,Spaghetti 1 lb
deliveries,676954,product_name,misspelling,Long Grain Rice 2 lb,Logn Grain Rice 2 lb
deliveries,638050,product_name,misspelling,Whole Milk 1/2 gal,Whoel Milk 1/2 gal
deliveries,677741,product_name,misspelling,Large Eggs 12 ct,Large gEgs 12 ct
deliveries,612413,product_name,misspelling,Croissant,Croisant
deliveries,559166,product_name,misspelling,Laundry Detergent 100 oz,aLundry Detergent 100 oz
deliveries,550662,product_name,misspelling,Blueberries 6 oz,Blueberries 6 oz
deliveries,610799,product_name,misspelling,Atlantic Salmon,Atlanic Salmon
deliveries,645889,product_name,misspelling,Cola 12 pk,Coa 12 pk
deliveries,574375,product_name,misspelling,White Bread,Whie Bread
deliveries,535671,product_name,misspelling,Watermelon,Waterelon
deliveries,635973,product_name,misspelling,Cauliflower,Cauiflower
deliveries,560488,product_name,misspelling,Chicken Breast,Chicken Beast
deliveries,588155,product_name,misspelling,Chicken Breast,ChickenBreast
deliveries,546356,product_name,misspelling,Ground Coffee 12 oz,Gruond Coffee 12 oz
deliveries,615046,product_name,misspelling,Tomato,Toato
deliveries,698037,product_name,misspelling,Chicken Breast,Chicken reast
deliveries,574293,product_name,misspelling,Whole Milk 1 gal,Whole Milk1  gal
deliveries,670008,product_name,misspelling,Atlantic Salmon,Alantic Salmon
deliveries,542303,product_name,misspelling,Organic Banana,Orgnaic Banana
deliveries,518648,product_name,misspelling,Avocado,Avocdo
deliveries,622253,product_name,misspelling,Greek Yogurt 32 oz,Greek Yogurt 32oz
deliveries,583011,product_name,misspelling,Gala Apple,Gala Apple
deliveries,611708,product_name,misspelling,Peanut Butter 16 oz,Panut Butter 16 oz
deliveries,528012,product_name,misspelling,Cola 6 pk,Cola 6p k
deliveries,683473,product_name,misspelling,Orange Juice 52 oz,Oarnge Juice 52 oz
deliveries,539800,product_name,misspelling,Frozen Shrimp 1 lb,Frozen hrimp 1 lb
deliveries,694037,product_name,misspelling,Greek Yogurt 32 oz,Greek Yogut 32 oz
deliveries,681421,product_name,misspelling,Spaghetti 1 lb,Spaghtti 1 lb
deliveries,690918,product_name,misspelling,Atlantic Salmon,Atlnatic Salmon
deliveries,528747,product_name,misspelling,Ice Cubes 7 lb,Ice Cues 7 lb
deliveries,604544,product_name,misspelling,Orange Juice 52 oz,Orange uJice 52 oz
deliveries,576436,product_name,misspelling,Hummus 10 oz,Hummus 1 0oz
deliveries,613116,product_name,misspelling,White Bread,White Bred
deliveries,566617,product_name,misspelling,Banana,Bannaa
deliveries,620219,product_name,misspelling,Chicken Breast,Chciken Breast
deliveries,656596,product_name,misspelling,Sliced Deli Turkey,Silced Deli Turkey
deliveries,664816,product_name,misspelling,Salted Butter 1 lb,Salted Butter  1lb
deliveries,680603,product_name,misspelling,Chicken Breast,Chikcen Breast
deliveries,671158,product_name,misspelling,Peanut Butter 16 oz,PeanutButter 16 oz
deliveries,696067,product_name,misspelling,Carrots 2 lb Bag,Carrots 2lb Bag
deliveries,653616,product_name,misspelling,Fresh Basil,FreshBasil
deliveries,529319,product_name,misspelling,Cola 6 pk,Cola 6pk
deliveries,547704,product_name,misspelling,Cola 12 pk,Cla 12 pk
deliveries,655754,product_name,misspelling,Cola 6 pk,Col 6 pk
deliveries,517563,product_name,misspelling,Ground Coffee 12 oz,Ground Coffe 12 oz
deliveries,622573,product_name,misspelling,Cola 12 pk,Cola 12p k
deliveries,644600,product_name,misspelling,Vanilla Ice Cream 1.5 qt,Vanilla Ice Craem 1.5 qt
deliveries,696125,product_name,misspelling,Tomato Soup,Tomato oSup
deliveries,563044,product_name,misspelling,Cola 12 pk,Cola 21 pk
deliveries,538952,product_name,misspelling,Sliced Deli Turkey,Slied Deli Turkey
deliveries,633406,product_name,misspelling,Atlantic Salmon,Atlantic Slmon
deliveries,674197,product_name,misspelling,Tomato Soup,Tomato oup
deliveries,642502,product_name,misspelling,Paper Towels 6 rolls,Paper Towels  6rolls
deliveries,574217,product_name,misspelling,Carrots 2 lb Bag,Carrots 2 b Bag
deliveries,573011,product_name,misspelling,Tomato Soup,Toamto Soup
deliveries,530863,product_name,misspelling,Greek Yogurt 32 oz,Greek ogurt 32 oz
deliveries,543825,product_name,misspelling,Long Grain Rice 2 lb,Long Grain Rce 2 lb
deliveries,567442,product_name,misspelling,Atlantic Salmon,Altantic Salmon
deliveries,529533,product_name,misspelling,Watermelon,Watermeon
deliveries,549877,product_name,misspelling,Frozen Peas 16 oz,Frzoen Peas 16 oz
deliveries,535695,product_name,misspelling,Cauliflower,Cauliflwoer
deliveries,629083,product_name,misspelling,Peanut Butter 16 oz,Peanut Butter1 6 oz
deliveries,586936,product_name,misspelling,Ground Beef,Groun dBeef
deliveries,545117,product_name,misspelling,Potato,Ptoato
deliveries,603401,product_name,misspelling,Whole Milk 1/2 gal,Whole Milk 12 gal
deliveries,630004,product_name,misspelling,Whole Milk 1/2 gal,Whole Milk 12/ gal
deliveries,668565,product_name,misspelling,Cauliflower,Caulilower
deliveries,520991,product_name,misspelling,Marinara Sauce 24 oz,Marinara Suace 24 oz
deliveries,535572,product_name,misspelling,Frozen Pizza,Frozen iPzza
deliveries,519145,product_name,misspelling,Long Grain Rice 2 lb,Long GrainRice 2 lb
deliveries,545991,product_name,misspelling,Strawberries 1 lb,Strawebrries 1 lb
deliveries,560358,product_name,misspelling,Chicken Breast,Chicken Berast
deliveries,546525,product_name,misspelling,Cucumber,Cucmber
deliveries,625177,product_name,misspelling,Iced Tea 1 gal,Ied Tea 1 gal
deliveries,601008,product_name,misspelling,Long Grain Rice 2 lb,Long Grin Rice 2 lb
deliveries,595629,product_name,misspelling,Greek Yogurt 32 oz,Grek Yogurt 32 oz
deliveries,694297,product_name,misspelling,Cola 12 pk,Col a12 pk
deliveries,580695,product_name,misspelling,Hummus 10 oz,Humus 10 oz
deliveries,517248,product_name,misspelling,Cola 6 pk,Cola 6 k
deliveries,638446,product_name,misspelling,Toilet Paper 12 rolls,Toielt Paper 12 rolls
deliveries,588826,product_name,misspelling,Toilet Paper 12 rolls,Tilet Paper 12 rolls
deliveries,586409,product_name,misspelling,Whole Milk 1 gal,WholeMilk 1 gal
deliveries,522793,product_name,misspelling,Corn Flakes 18 oz,Corn Flakes18 oz
deliveries,535324,product_name,misspelling,Vanilla Ice Cream 1.5 qt,Vanilla IceC ream 1.5 qt
deliveries,594915,product_name,misspelling,Laundry Detergent 100 oz,Laundr Detergent 100 oz
deliveries,649315,product_name,misspelling,Ice Cubes 7 lb,Ice Cbues 7 lb
deliveries,547184,product_name,misspelling,Cola 12 pk,Cola 12pk
deliveries,695737,product_name,misspelling,Whole Wheat Bread,Whloe Wheat Bread
deliveries,606652,product_name,misspelling,Organic Banana,Oragnic Banana
deliveries,678448,product_name,misspelling,Cola 6 pk,Col 6 pk
deliveries,525286,product_name,misspelling,Sliced Deli Turkey,SlicedDeli Turkey
deliveries,645469,product_name,misspelling,Ice Cubes 7 lb,Ice Cubes  7lb
deliveries,611323,product_name,misspelling,Cauliflower,Caulifloewr
deliveries,627132,product_name,misspelling,Toilet Paper 12 rolls,ToiletP aper 12 rolls
deliveries,697663,product_name,misspelling,Long Grain Rice 2 lb,Long Grain Rce 2 lb
deliveries,593590,product_name,misspelling,Bottled Water 24 pk,Bottled Water 24 k
deliveries,531412,product_name,misspelling,Vanilla Ice Cream 1.5 qt,Vanilla Ice Craem 1.5 qt
deliveries,647869,product_name,misspelling,Tomato,Tomto
deliveries,649445,product_name,misspelling,Frozen Shrimp 1 lb,Frzoen Shrimp 1 lb
deliveries,568637,product_name,misspelling,Sparkling Water 12 pk,Sparkling Watre 12 pk
deliveries,596676,product_name,misspelling,Whole Milk 1/2 gal,Whole iMlk 1/2 gal
deliveries,666937,product_name,misspelling,Atlantic Salmon,Atantic Salmon
deliveries,529350,product_name,misspelling,Iced Tea 1 gal,Iced Tae 1 gal
deliveries,591753,product_name,misspelling,Pork Chops,Pork hops
deliveries,566962,product_name,misspelling,Refill Oat Milk,Refill Ota Milk
deliveries,534104,product_name,misspelling,Cola 6 pk,Cla 6 pk
deliveries,542877,product_name,misspelling,Paper Towels 6 rolls,Paper Towls 6 rolls
deliveries,649051,product_name,misspelling,Bottled Water 24 pk,Btotled Water 24 pk
deliveries,651886,product_name,misspelling,Iceberg Lettuce,Icbeerg Lettuce
deliveries,597223,product_name,misspelling,Frozen Shrimp 1 lb,Frzen Shrimp 1 lb
deliveries,637351,product_name,misspelling,Orange Juice 52 oz,Oarnge Juice 52 oz
deliveries,675819,product_name,misspelling,Cauliflower,Cauliflwer
deliveries,684968,product_name,misspelling,Dish Soap 20 oz,Dish oSap 20 oz
deliveries,605273,product_name,misspelling,Marinara Sauce 24 oz,Mairnara Sauce 24 oz
deliveries,653251,product_name,misspelling,Watermelon,Watermeoln
deliveries,514175,product_name,misspelling,Hummus 10 oz,Hummu 10 oz
deliveries,681346,product_name,misspelling,Tomato Soup,oTmato Soup
deliveries,507373,product_name,misspelling,Carrots 2 lb Bag,Carots 2 lb Bag
deliveries,653483,product_name,misspelling,Whole Milk 1 gal,Whole Milk 1 agl
deliveries,565482,product_name,misspelling,Fresh Basil,Frsh Basil
deliveries,522980,product_name,misspelling,Bottled Water 24 pk,BottledWater 24 pk
deliveries,551277,product_name,misspelling,Long Grain Rice 5 lb,Long Gran Rice 5 lb
deliveries,598403,product_name,misspelling,Cauliflower,Cauiflower
deliveries,619189,product_name,misspelling,Tomato Soup,Tomto Soup
deliveries,555713,product_name,misspelling,Long Grain Rice 2 lb,Long Grai nRice 2 lb
deliveries,511864,product_name,misspelling,Refill Oat Milk,RefillO at Milk
deliveries,524027,product_name,misspelling,Whole Wheat Bread,Whole Whea Bread
deliveries,503839,product_name,misspelling,Cheddar Cheese 8 oz,Ceddar Cheese 8 oz
deliveries,552009,product_name,misspelling,Cola 12 pk,Cola 12p k
deliveries,679134,product_name,misspelling,Frozen Shrimp 1 lb,Fozen Shrimp 1 lb
deliveries,558926,product_name,misspelling,Marinara Sauce 24 oz,Marinara Sauce 4 oz
deliveries,620592,product_name,misspelling,Chicken Breast,ChickenBreast
deliveries,689927,product_name,misspelling,Gala Apple,Gala pAple
deliveries,653527,product_name,misspelling,Chicken Breast,Chiken Breast
deliveries,553480,product_name,misspelling,Laundry Detergent 100 oz,Lanudry Detergent 100 oz
deliveries,661379,product_name,misspelling,Long Grain Rice 5 lb,Logn Grain Rice 5 lb
deliveries,571491,product_name,misspelling,Watermelon,Watermeln
deliveries,529769,product_name,misspelling,Refill Oat Milk,Refill Oa tMilk
deliveries,628982,product_name,misspelling,Sparkling Water 12 pk,Spakling Water 12 pk
deliveries,629292,product_name,misspelling,Dish Soap 20 oz,Dis hSoap 20 oz
deliveries,693109,product_name,misspelling,Ground Coffee 12 oz,GroundC offee 12 oz
deliveries,564257,product_name,misspelling,Croissant,Criossant
deliveries,534758,product_name,misspelling,Refill Olive Oil,Refill lOive Oil
deliveries,556306,product_name,misspelling,Whole Wheat Bread,Whole Whaet Bread
deliveries,635314,product_name,misspelling,Croissant,Croissant
deliveries,639248,product_name,misspelling,Gala Apple,Glaa Apple
deliveries,566519,product_name,misspelling,Avocado,Avocao
deliveries,588110,product_name,misspelling,Large Eggs 12 ct,Lrage Eggs 12 ct
deliveries,575912,product_name,misspelling,Watermelon,Watemelon
deliveries,611163,product_name,misspelling,Laundry Detergent 100 oz,LaundryDetergent 100 oz
deliveries,637113,product_name,misspelling,Sparkling Water 12 pk,Sparkling Waer 12 pk
deliveries,539539,product_name,misspelling,Yellow Onion,Yello Onion
deliveries,624287,product_name,misspelling,Laundry Detergent 100 oz,Laundry Dtergent 100 oz
deliveries,662066,product_name,misspelling,Fresh Basil,Fresh Baisl
deliveries,614245,product_name,misspelling,Sliced Deli Turkey,Slicd Deli Turkey
deliveries,614962,product_name,misspelling,Sparkling Water 12 pk,Sparkling Waetr 12 pk
deliveries,560700,product_name,misspelling,Sliced Deli Turkey,SlicedD eli Turkey
deliveries,509127,product_name,misspelling,Frozen Peas 16 oz,Frozen Peas 16oz
deliveries,657323,product_name,misspelling,Organic Banana,rOganic Banana
deliveries,649320,product_name,misspelling,Banana,Banna
deliveries,626044,product_name,misspelling,Refill Laundry Detergent,Refill Laundry Detergent
deliveries,551446,product_name,misspelling,Avocado,Avoado
deliveries,648788,product_name,misspelling,Iced Tea 1 gal,Iced eTa 1 gal
deliveries,665594,product_name,misspelling,Whole Wheat Bread,Whole What Bread
deliveries,512660,product_name,misspelling,Cucumber,Cucuber
deliveries,659140,product_name,misspelling,Carrots 2 lb Bag,Crarots 2 lb Bag
deliveries,600983,product_name,misspelling,Potato,Poato
deliveries,596333,product_name,misspelling,Ground Coffee 12 oz,Grund Coffee 12 oz
deliveries,545715,product_name,misspelling,Whole Milk 1/2 gal,WholeM ilk 1/2 gal
deliveries,654787,product_name,misspelling,Atlantic Salmon,AtlanticSalmon
deliveries,528861,product_name,misspelling,Ground Beef,Ground eBef
deliveries,584067,product_name,misspelling,Fresh Basil,Fresh asil
deliveries,543607,product_name,misspelling,Vanilla Ice Cream 1.5 qt,Vanilla Ice Crema 1.5 qt
deliveries,526388,product_name,misspelling,Hummus 10 oz,Hummus 10o z
deliveries,528260,product_name,misspelling,Avocado,Avcado
deliveries,592492,product_name,misspelling,Olive Oil 1 L,Olive iOl 1 L
deliveries,560028,product_name,misspelling,Cola 6 pk,Col a6 pk
deliveries,522652,product_name,misspelling,Atlantic Salmon,Atlanitc Salmon
deliveries,664947,product_name,misspelling,Sliced Deli Turkey,Sliced Deli Tukey
deliveries,659939,product_name,misspelling,Iceberg Lettuce,Ieberg Lettuce
deliveries,617775,product_name,misspelling,Cheddar Cheese 8 oz,CheddarC heese 8 oz
deliveries,617699,product_name,misspelling,Cheddar Cheese 8 oz,Chddar Cheese 8 oz
deliveries,573702,product_name,misspelling,Fresh Basil,Fresh Bsil
deliveries,668766,product_name,misspelling,Ground Beef,Groud Beef
deliveries,546684,product_name,misspelling,Spaghetti 1 lb,Spaghetti1  lb
deliveries,531223,product_name,misspelling,Sparkling Water 12 pk,Spakling Water 12 pk
deliveries,599912,product_name,misspelling,Spaghetti 1 lb,Spaghett i1 lb
deliveries,604400,product_name,misspelling,Marinara Sauce 24 oz,Marinara Sace 24 oz
deliveries,507729,product_name,misspelling,Atlantic Salmon,Atlantc Salmon
deliveries,564072,product_name,misspelling,Cheddar Cheese 8 oz,Cheddar heese 8 oz
deliveries,641177,product_name,misspelling,Frozen Pizza,Fozen Pizza
deliveries,599145,product_name,misspelling,Frozen Pizza,Frozen Pzza
deliveries,643885,product_name,misspelling,Watermelon,Watermleon
deliveries,650465,product_name,misspelling,Ground Coffee 12 oz,Gruond Coffee 12 oz
deliveries,629430,product_name,misspelling,Blueberries 6 oz,Blueberries 6o z
deliveries,647094,product_name,misspelling,Whole Milk 1/2 gal,Whole Milk 1/2g al
deliveries,595059,product_name,misspelling,Atlantic Salmon,AtlanticS almon
deliveries,696221,product_name,misspelling,Cola 12 pk,Coa 12 pk
deliveries,657914,product_name,misspelling,Cucumber,Cucuber
deliveries,532082,product_name,misspelling,Cola 6 pk,Cola6 pk
deliveries,573765,product_name,misspelling,Carrots 2 lb Bag,Carrts 2 lb Bag
deliveries,548134,product_name,misspelling,Gala Apple,Gala pAple
deliveries,697533,product_name,misspelling,Potato,Potao
deliveries,521009,product_name,misspelling,White Bread,Wite Bread
deliveries,613758,product_name,misspelling,Corn Flakes 18 oz,Corn Flakes 81 oz
deliveries,538439,product_name,misspelling,Watermelon,Watremelon
deliveries,624090,product_name,misspelling,Frozen Pizza,Frozen izza
deliveries,539197,product_name,misspelling,Whole Milk 1/2 gal,Whole Milk 1/ gal
deliveries,623491,product_name,misspelling,Croissant,Croissnt
deliveries,635753,product_name,misspelling,White Bread,WhiteBread
deliveries,521446,product_name,misspelling,Pork Chops,Pork hops
deliveries,562133,product_name,misspelling,Iced Tea 1 gal,Iced Tea 1 gl
deliveries,614632,product_name,misspelling,White Bread,Whit eBread
deliveries,577645,product_name,misspelling,White Bread,Wite Bread
deliveries,505692,product_name,misspelling,Chicken Breast,Chicken rBeast
deliveries,521633,product_name,misspelling,Tomato,Tomtao
deliveries,622798,product_name,misspelling,Cheddar Cheese 8 oz,Cheddar Cehese 8 oz
deliveries,503769,product_name,misspelling,Sparkling Water 12 pk,Sarkling Water 12 pk
deliveries,563059,product_name,misspelling,Hummus 10 oz,Hummus 10o z
deliveries,553446,product_name,misspelling,Fresh Basil,Fresh Basl
deliveries,652310,product_name,misspelling,Whole Wheat Bread,Whole What Bread
deliveries,503019,product_name,misspelling,Cucumber,Cucmuber
deliveries,617734,product_name,misspelling,Refill Laundry Detergent,Refill Luandry Detergent
deliveries,618567,product_name,misspelling,Avocado,Avocdao
deliveries,598202,product_name,misspelling,Spaghetti 1 lb,Saghetti 1 lb
deliveries,525032,product_name,misspelling,Greek Yogurt 32 oz,Grek Yogurt 32 oz
deliveries,672741,product_name,misspelling,Carrots 2 lb Bag,Carrots 2 l bBag
deliveries,623703,product_name,misspelling,Atlantic Salmon,Atlanti Salmon
deliveries,598537,product_name,misspelling,Ground Coffee 12 oz,Ground Coffee 12oz
deliveries,544558,product_name,misspelling,Long Grain Rice 5 lb,Logn Grain Rice 5 lb
deliveries,541650,product_name,misspelling,Bagels 6 ct,Baels 6 ct
deliveries,585803,product_name,misspelling,Paper Towels 6 rolls,Paper Towel 6 rolls
deliveries,696384,product_name,misspelling,Ground Beef,Ground eBef
deliveries,533257,product_name,misspelling,Watermelon,Watermeon
deliveries,614204,product_name,misspelling,Bagels 6 ct,Bagels6 ct
deliveries,599537,product_name,misspelling,Cola 12 pk,Cola 1 pk
deliveries,630842,product_name,misspelling,Large Eggs 12 ct,Large Eggs 12ct
deliveries,504490,product_name,misspelling,Sliced Deli Turkey,Sliced Deli Tukrey
deliveries,636106,product_name,misspelling,Whole Milk 1/2 gal,Whole ilk 1/2 gal
deliveries,565587,product_name,misspelling,Avocado,vAocado
deliveries,548402,product_name,misspelling,Cheddar Cheese 8 oz,Cehddar Cheese 8 oz
deliveries,640750,product_name,misspelling,Hummus 10 oz,Humus 10 oz
deliveries,533680,product_name,misspelling,Paper Towels 6 rolls,Paper Towels  rolls
deliveries,627524,product_name,misspelling,Sparkling Water 12 pk,Spakrling Water 12 pk
deliveries,697784,product_name,misspelling,Cola 12 pk,oCla 12 pk
deliveries,541858,product_name,misspelling,Sparkling Water 12 pk,Sparlking Water 12 pk
deliveries,584607,product_name,misspelling,Strawberries 1 lb,Strawberies 1 lb
deliveries,609618,product_name,misspelling,Ground Beef,Gruond Beef
deliveries,528814,product_name,misspelling,Salted Butter 1 lb,Salted Butter1  lb
deliveries,663520,product_name,misspelling,Toilet Paper 12 rolls,Toilet Pper 12 rolls
deliveries,592278,product_name,misspelling,Bagels 6 ct,Bagels 6c t
deliveries,645670,product_name,misspelling,Organic Banana,Organic Baanna
deliveries,571965,product_name,misspelling,Sliced Deli Turkey,SlicedD eli Turkey
deliveries,584206,product_name,misspelling,Bottled Water 24 pk,Bottled Water2 4 pk
deliveries,670129,product_name,misspelling,Ice Cubes 7 lb,Ice Cube 7 lb
deliveries,602616,product_name,misspelling,Corn Flakes 18 oz,Corn Fakes 18 oz
deliveries,522527,product_name,misspelling,Frozen Pizza,FrozenPizza
deliveries,658498,product_name,misspelling,Cheddar Cheese 8 oz,Cheddar Cheees 8 oz
deliveries,549958,product_name,misspelling,Iced Tea 1 gal,IcedT ea 1 gal
deliveries,548487,product_name,misspelling,Bagels 6 ct,Bages 6 ct
deliveries,670690,product_name,misspelling,Iced Tea 1 gal,Iced Tea  gal
deliveries,597566,product_name,misspelling,Whole Milk 1/2 gal,Whle Milk 1/2 gal
deliveries,663198,product_name,misspelling,Sparkling Water 12 pk,Sparkling Water 21 pk
deliveries,562300,product_name,misspelling,Ice Cubes 7 lb,Ice Cube 7 lb
deliveries,656951,product_name,misspelling,Bagels 6 ct,Bagles 6 ct
deliveries,693507,product_name,misspelling,Frozen Pizza,Frozen izza
deliveries,514976,product_name,misspelling,Marinara Sauce 24 oz,MarinaraSauce 24 oz
deliveries,532066,product_name,misspelling,Toilet Paper 12 rolls,Toilet Paper 12 rlls
deliveries,634554,product_name,misspelling,Orange Juice 52 oz,Orange Juice52 oz
deliveries,615535,product_name,misspelling,Cheddar Cheese 8 oz,Cheddar Cheese 8oz
deliveries,535986,product_name,misspelling,Greek Yogurt 32 oz,Greek Ygurt 32 oz
deliveries,672736,product_name,misspelling,Organic Banana,Organic Baanna
deliveries,598686,product_name,misspelling,Blueberries 6 oz,Blueberies 6 oz
deliveries,541619,product_name,misspelling,Chicken Breast,Cihcken Breast
deliveries,667307,product_name,misspelling,Frozen Peas 16 oz,FrozenPeas 16 oz
deliveries,686613,product_name,misspelling,Peanut Butter 16 oz,Peanut Butter 1 6oz
deliveries,532899,product_name,misspelling,Large Eggs 12 ct,Large Eggs 1 ct
deliveries,678459,product_name,misspelling,Laundry Detergent 100 oz,Laundry eDtergent 100 oz
deliveries,550089,product_name,misspelling,Vanilla Ice Cream 1.5 qt,Vanilla cIe Cream 1.5 qt
deliveries,665910,product_name,misspelling,Ground Beef,Gorund Beef
deliveries,651662,product_name,misspelling,Long Grain Rice 2 lb,Long Grain Rcie 2 lb
deliveries,591345,product_name,misspelling,Atlantic Salmon,Atlantci Salmon
deliveries,664575,product_name,misspelling,Chicken Breast,ChickenBreast
deliveries,647003,product_name,misspelling,Organic Banana,Organc Banana
deliveries,500430,product_name,misspelling,Corn Flakes 18 oz,oCrn Flakes 18 oz
deliveries,668531,product_name,misspelling,Cheddar Cheese 8 oz,Cheddar Cheese 8o z
deliveries,644950,product_name,misspelling,Orange Juice 52 oz,Orange Juice 52 z
deliveries,503873,product_name,misspelling,Croissant,Croisant
deliveries,581914,product_name,misspelling,Carrots 2 lb Bag,Carrots 2 lb Bg
deliveries,550723,product_name,misspelling,Bottled Water 24 pk,Botled Water 24 pk
deliveries,501914,product_name,misspelling,Spaghetti 1 lb,Spagheti 1 lb
deliveries,535102,product_name,misspelling,White Bread,WhiteB read
deliveries,553203,product_name,misspelling,Sliced Deli Turkey,Sliced DeliT urkey
deliveries,618019,product_name,misspelling,Greek Yogurt 32 oz,Greek Yogurt 3 2oz
deliveries,534754,product_name,misspelling,Ice Cubes 7 lb,Iec Cubes 7 lb
deliveries,523922,product_name,misspelling,Ground Beef,Groun Beef
deliveries,660980,product_name,misspelling,Banana,Bnaana
deliveries,534923,product_name,misspelling,Potato,Potto
deliveries,506474,product_name,misspelling,Banana,Bnaana
deliveries,556157,product_name,misspelling,Whole Milk 1/2 gal,Whole Milk 1/ gal
deliveries,658755,product_name,misspelling,Atlantic Salmon,Atlntic Salmon
deliveries,564357,product_name,misspelling,Whole Wheat Bread,Whol eWheat Bread
deliveries,505559,product_name,misspelling,Ground Coffee 12 oz,Ground Coffee 12oz
deliveries,575133,product_name,misspelling,Banana,Bnana
deliveries,621422,product_name,misspelling,Frozen Pizza,Frozen Pizza
deliveries,529749,product_name,misspelling,Spaghetti 1 lb,pSaghetti 1 lb
deliveries,680142,product_name,misspelling,Spaghetti 1 lb,Spgahetti 1 lb
deliveries,522684,product_name,misspelling,Atlantic Salmon,Atlanic Salmon
deliveries,513087,product_name,misspelling,Croissant,Croissnt
deliveries,600120,product_name,misspelling,Whole Milk 1/2 gal,Whol eMilk 1/2 gal
deliveries,678812,product_name,misspelling,Greek Yogurt 32 oz,Greek Yogur 32 oz
deliveries,527716,product_name,misspelling,Whole Milk 1 gal,Whol Milk 1 gal
deliveries,598500,product_name,misspelling,Toilet Paper 12 rolls,oTilet Paper 12 rolls
deliveries,655045,product_name,misspelling,Frozen Pizza,Froen Pizza
deliveries,524616,product_name,misspelling,Cheddar Cheese 8 oz,Ceddar Cheese 8 oz
deliveries,655910,product_name,misspelling,Strawberries 1 lb,Straberries 1 lb
deliveries,690344,product_name,misspelling,Long Grain Rice 5 lb,Long Grain Rice  5lb
deliveries,687021,product_name,misspelling,Croissant,Crossant
deliveries,627969,product_name,misspelling,Strawberries 1 lb,Strawberrise 1 lb
deliveries,686443,product_name,misspelling,Olive Oil 1 L,Olive Oil1  L
deliveries,646759,product_name,misspelling,Yellow Onion,Yello Onion
deliveries,688034,product_name,misspelling,Fresh Basil,Frseh Basil
deliveries,599347,product_name,misspelling,Laundry Detergent 100 oz,Lundry Detergent 100 oz
deliveries,619751,product_name,misspelling,Iceberg Lettuce,Iceebrg Lettuce
deliveries,602700,product_name,misspelling,Frozen Peas 16 oz,Froze Peas 16 oz
deliveries,646064,product_name,misspelling,Chicken Breast,Chickne Breast
deliveries,536254,product_name,misspelling,Orange Juice 52 oz,Oarnge Juice 52 oz
deliveries,572357,product_name,misspelling,Watermelon,Waterelon
deliveries,645434,product_name,misspelling,Sliced Deli Turkey,lSiced Deli Turkey
deliveries,633702,product_name,misspelling,Avocado,Avocdao
deliveries,517594,product_name,misspelling,Peanut Butter 16 oz,Peantu Butter 16 oz
deliveries,561857,product_name,misspelling,Orange Juice 52 oz,Orang eJuice 52 oz
deliveries,668817,product_name,misspelling,Cola 12 pk,Cola 2 pk
deliveries,638509,product_name,misspelling,Strawberries 1 lb,tSrawberries 1 lb
deliveries,681284,product_name,misspelling,Ground Coffee 12 oz,Gronud Coffee 12 oz
deliveries,556333,product_name,misspelling,Strawberries 1 lb,Strabwerries 1 lb
deliveries,596192,product_name,misspelling,Frozen Shrimp 1 lb,Frzoen Shrimp 1 lb
deliveries,614221,product_name,misspelling,Cauliflower,Cauiflower
deliveries,525264,product_name,misspelling,Cola 12 pk,Cola 2 pk
deliveries,675396,product_name,misspelling,Fresh Basil,Frsh Basil
deliveries,696056,product_name,misspelling,Frozen Pizza,Froze Pizza
deliveries,624630,product_name,misspelling,Dish Soap 20 oz,Dish Soap 20oz
deliveries,651151,product_name,misspelling,Ground Beef,GroundBeef
deliveries,622844,product_name,misspelling,Ice Cubes 7 lb,Ice ubes 7 lb
deliveries,673849,product_name,misspelling,Hummus 10 oz,Hummus 1 0oz
deliveries,551429,product_name,misspelling,Long Grain Rice 2 lb,Long Grain Rice 2l b
deliveries,594858,product_name,misspelling,Laundry Detergent 100 oz,Laundry Detergnt 100 oz
deliveries,618578,product_name,misspelling,White Bread,Whit Bread
deliveries,649991,product_name,misspelling,Gala Apple,Gala Aple
deliveries,574431,product_name,misspelling,Frozen Pizza,Froze Pizza
deliveries,591427,product_name,misspelling,Orange Juice 52 oz,Orange Juice 5 oz
deliveries,636987,product_name,misspelling,Pork Chops,PorkChops
deliveries,577279,product_name,misspelling,Iceberg Lettuce,Iceberg Letuce
deliveries,642164,product_name,misspelling,Vanilla Ice Cream 1.5 qt,Vanilla Ice Cream 1. qt
deliveries,636682,product_name,misspelling,Vanilla Ice Cream 1.5 qt,Vanilla Ice Cream 1.5qt
deliveries,659172,product_name,misspelling,Laundry Detergent 100 oz,Launry Detergent 100 oz
deliveries,547568,product_name,misspelling,Lemon,Lemn
deliveries,593062,product_name,misspelling,Greek Yogurt 32 oz,Grek Yogurt 32 oz
deliveries,697410,product_name,misspelling,Sliced Deli Turkey,Sliced Deli Tukrey
deliveries,533650,product_name,misspelling,Corn Flakes 18 oz,Corn Flkaes 18 oz
deliveries,524300,product_name,misspelling,Cola 6 pk,Cola 6pk
deliveries,553472,product_name,misspelling,Long Grain Rice 2 lb,oLng Grain Rice 2 lb
deliveries,541372,product_name,misspelling,Spaghetti 1 lb,Spgahetti 1 lb
deliveries,614073,product_name,misspelling,Frozen Pizza,Frozen izza
deliveries,634010,product_name,misspelling,Toilet Paper 12 rolls,Toile Paper 12 rolls
deliveries,553658,product_name,misspelling,Cola 12 pk,Cola 12pk
deliveries,623903,product_name,misspelling,Bagels 6 ct,Bgaels 6 ct
deliveries,662908,product_name,misspelling,Chicken Breast,Chicken Brast
deliveries,532718,product_name,misspelling,Refill Laundry Detergent,Refill LaundryDetergent
deliveries,638994,product_name,misspelling,Bottled Water 24 pk,Botted Water 24 pk
deliveries,569162,product_name,misspelling,Toilet Paper 12 rolls,Toiet Paper 12 rolls
deliveries,575363,product_name,misspelling,Cola 6 pk,Cla 6 pk
deliveries,525593,product_name,misspelling,Spaghetti 1 lb,Spaghetti 1 b
deliveries,612411,product_name,misspelling,Greek Yogurt 32 oz,rGeek Yogurt 32 oz
deliveries,591016,product_name,misspelling,Whole Milk 1/2 gal,Whole Milk1 /2 gal
deliveries,672262,product_name,misspelling,Croissant,Crossant
deliveries,575722,product_name,misspelling,Tomato,Tomto
deliveries,535211,product_name,misspelling,Orange Juice 52 oz,Orang eJuice 52 oz
deliveries,539456,product_name,misspelling,Sparkling Water 12 pk,Sparkilng Water 12 pk
deliveries,584524,product_name,misspelling,Refill Laundry Detergent,Refill Laundr yDetergent
deliveries,677544,product_name,misspelling,Toilet Paper 12 rolls,Toilet Paepr 12 rolls
deliveries,629702,product_name,misspelling,Whole Milk 1 gal,Whol Milk 1 gal
deliveries,607929,product_name,misspelling,Ground Beef,Ground eef
deliveries,600359,product_name,misspelling,Ice Cubes 7 lb,Ice Cube s7 lb
deliveries,550138,product_name,misspelling,Whole Milk 1/2 gal,Whoel Milk 1/2 gal
deliveries,671909,product_name,misspelling,Fresh Basil,Fres hBasil
deliveries,656078,product_name,misspelling,Tomato,Tomtao
deliveries,585069,product_name,misspelling,Carrots 2 lb Bag,Carrost 2 lb Bag
deliveries,545868,product_name,misspelling,Sliced Deli Turkey,Sliced eli Turkey
deliveries,642078,product_name,misspelling,Whole Milk 1/2 gal,Whoe Milk 1/2 gal
deliveries,663002,product_name,misspelling,Long Grain Rice 5 lb,Long Grain iRce 5 lb
deliveries,673316,product_name,misspelling,Iceberg Lettuce,Icebeg Lettuce
deliveries,575723,product_name,misspelling,Carrots 2 lb Bag,Carrots 2 lbB ag
deliveries,529902,product_name,misspelling,Iceberg Lettuce,IcebergLettuce
deliveries,549517,product_name,misspelling,Bottled Water 24 pk,Bottled Water 42 pk
deliveries,540882,product_name,misspelling,Paper Towels 6 rolls,Paepr Towels 6 rolls
deliveries,518369,product_name,misspelling,Orange Juice 52 oz,OrangeJ uice 52 oz
deliveries,617955,product_name,misspelling,Croissant,Coissant
deliveries,650170,product_name,misspelling,Spaghetti 1 lb,Spaghett i1 lb
deliveries,604126,product_name,misspelling,Tomato,Tmato
deliveries,510043,product_name,misspelling,Tomato Soup,TomatoSoup
deliveries,659286,product_name,misspelling,Chicken Breast,Chicken Brast
deliveries,517173,product_name,misspelling,Cola 12 pk,Col 12 pk
deliveries,584255,product_name,misspelling,Sliced Deli Turkey,Sliecd Deli Turkey
deliveries,651555,product_name,misspelling,Marinara Sauce 24 oz,Marinara Sauc 24 oz
deliveries,531265,product_name,misspelling,Frozen Pizza,FrozenP izza
deliveries,520045,product_name,misspelling,Sparkling Water 12 pk,Sparkling Waetr 12 pk
deliveries,585591,product_name,misspelling,Tomato,Tomao
deliveries,645768,product_name,misspelling,Iceberg Lettuce,Iceberg eLttuce
deliveries,651451,product_name,misspelling,Lemon,Leon
deliveries,603241,product_name,misspelling,Toilet Paper 12 rolls,Toielt Paper 12 rolls
deliveries,654345,product_name,misspelling,Dish Soap 20 oz,Dis hSoap 20 oz
deliveries,511171,product_name,misspelling,Ground Beef,GroundBeef
deliveries,669967,product_name,misspelling,Large Eggs 12 ct,Large Eggs 12c t
deliveries,524182,product_name,misspelling,Long Grain Rice 2 lb,Long Grain Rice 2l b
deliveries,504733,product_name,misspelling,Paper Towels 6 rolls,Paper Towels  rolls
deliveries,541152,product_name,misspelling,Cola 6 pk,Cola6 pk
deliveries,610640,product_name,misspelling,Fresh Basil,Fresh Basl
deliveries,506963,product_name,misspelling,Chicken Breast,Chicken reast
deliveries,520383,product_name,misspelling,Large Eggs 12 ct,Large Eggs 12ct
deliveries,544060,product_name,misspelling,Bottled Water 24 pk,Bottle Water 24 pk
deliveries,586401,product_name,misspelling,Organic Banana,Orgnaic Banana
deliveries,561631,product_name,misspelling,Laundry Detergent 100 oz,Laundr Detergent 100 oz
deliveries,584466,product_name,misspelling,Sparkling Water 12 pk,Sparkling Wtaer 12 pk
deliveries,593159,product_name,misspelling,Spaghetti 1 lb,Spaghetti 1 b
deliveries,674175,product_name,misspelling,Large Eggs 12 ct,Lareg Eggs 12 ct
deliveries,599361,product_name,misspelling,Strawberries 1 lb,Strawberries1 lb
deliveries,624896,product_name,misspelling,Toilet Paper 12 rolls,Toilet Paper 1 2rolls
deliveries,552907,product_name,misspelling,Toilet Paper 12 rolls,Toilet Paper 12 olls
deliveries,669800,product_name,misspelling,Peanut Butter 16 oz,Peanut Butter16 oz
deliveries,676589,product_name,misspelling,Strawberries 1 lb,Strawberries 1lb
deliveries,562128,product_name,misspelling,Atlantic Salmon,Atantic Salmon
deliveries,570923,product_name,misspelling,Tomato,Toato
deliveries,685192,product_name,misspelling,Salted Butter 1 lb,Sated Butter 1 lb
deliveries,635645,product_name,misspelling,Organic Banana,Organci Banana
deliveries,582999,product_name,misspelling,Tomato Soup,Tomato oup
deliveries,589081,product_name,misspelling,Cola 12 pk,Cola 12 k
deliveries,626932,product_name,misspelling,Blueberries 6 oz,Blueberris 6 oz
deliveries,637838,product_name,misspelling,Long Grain Rice 5 lb,Long Grain Rce 5 lb
deliveries,558617,product_name,misspelling,Olive Oil 1 L,OliveOil 1 L
deliveries,615519,product_name,misspelling,Olive Oil 1 L,Olive Oli 1 L
deliveries,644538,product_name,misspelling,Toilet Paper 12 rolls,Toilet Paper 12 rols
deliveries,651281,product_name,misspelling,Vanilla Ice Cream 1.5 qt,Vanilla Ice Cream1.5 qt
deliveries,601882,product_name,misspelling,Corn Flakes 18 oz,Crn Flakes 18 oz
deliveries,595375,product_name,misspelling,Organic Banana,Organi cBanana
deliveries,583277,product_name,misspelling,Avocado,Avocdo
deliveries,656494,product_name,misspelling,Ground Coffee 12 oz,Ground Cofefe 12 oz
deliveries,588102,product_name,misspelling,Gala Apple,Gala pple
deliveries,561578,product_name,misspelling,Chicken Breast,Chicken reast
deliveries,568647,product_name,misspelling,Corn Flakes 18 oz,CornF lakes 18 oz
deliveries,560003,product_name,misspelling,Tomato Soup,Tomat Soup
deliveries,646783,product_name,misspelling,Paper Towels 6 rolls,Paper Towels  6rolls
deliveries,667162,product_name,misspelling,Peanut Butter 16 oz,Peanut Btter 16 oz
deliveries,666699,product_name,misspelling,Sliced Deli Turkey,Sliced Dli Turkey
deliveries,667521,product_name,misspelling,Cola 12 pk,Cola 12pk
deliveries,690799,product_name,misspelling,Peanut Butter 16 oz,Paenut Butter 16 oz
deliveries,683905,product_name,misspelling,Frozen Pizza,Forzen Pizza
deliveries,592992,product_name,misspelling,Marinara Sauce 24 oz,Marinaa Sauce 24 oz
deliveries,625316,product_name,misspelling,Toilet Paper 12 rolls,Toile Paper 12 rolls
deliveries,502738,product_name,misspelling,Dish Soap 20 oz,Dish Soa 20 oz
deliveries,570442,product_name,misspelling,Whole Wheat Bread,Wohle Wheat Bread
deliveries,572739,product_name,misspelling,Corn Flakes 18 oz,Corn Flkes 18 oz
deliveries,503673,product_name,misspelling,Cauliflower,Cauiflower
deliveries,551522,product_name,misspelling,Watermelon,Watremelon
deliveries,570628,product_name,misspelling,Gala Apple,Gaa Apple
deliveries,513094,product_name,misspelling,Cola 12 pk,Coa 12 pk
deliveries,562011,product_name,misspelling,Ground Beef,GroundB eef
deliveries,531367,product_name,misspelling,Iced Tea 1 gal,Iced Ta 1 gal
deliveries,631209,product_name,misspelling,Paper Towels 6 rolls,Paper Towels  6rolls
deliveries,632714,product_name,misspelling,Ice Cubes 7 lb,IceC ubes 7 lb
deliveries,685070,product_name,misspelling,Tomato Soup,Tomato Suop
deliveries,517441,product_name,misspelling,Corn Flakes 18 oz,Cor Flakes 18 oz
deliveries,508045,product_name,misspelling,Laundry Detergent 100 oz,LaundryD etergent 100 oz
deliveries,576826,product_name,misspelling,Blueberries 6 oz,Blueberries6 oz
deliveries,667224,product_name,misspelling,Cola 12 pk,Cola 12pk
deliveries,632263,product_name,misspelling,Corn Flakes 18 oz,Cron Flakes 18 oz
deliveries,557619,product_name,misspelling,Vanilla Ice Cream 1.5 qt,Vanilla ce Cream 1.5 qt
deliveries,625490,product_name,misspelling,Pork Chops,oPrk Chops
deliveries,683998,product_name,misspelling,Paper Towels 6 rolls,Paper Towels 6 rolls
deliveries,524251,product_name,misspelling,Large Eggs 12 ct,Large Egsg 12 ct
deliveries,677726,product_name,misspelling,Tomato Soup,Tomat oSoup
deliveries,615881,product_name,misspelling,Bottled Water 24 pk,Botlted Water 24 pk
deliveries,593131,product_name,misspelling,Cola 6 pk,Cla 6 pk
deliveries,530202,product_name,misspelling,Frozen Shrimp 1 lb,Frzen Shrimp 1 lb
deliveries,603615,product_name,misspelling,Hummus 10 oz,Hummus 01 oz
deliveries,583627,product_name,misspelling,Sparkling Water 12 pk,Sparkling Wtaer 12 pk
deliveries,687256,product_name,misspelling,Long Grain Rice 2 lb,Long rGain Rice 2 lb
deliveries,658191,product_name,misspelling,Cheddar Cheese 8 oz,Cheddar Cheese 8 oz
deliveries,599871,product_name,misspelling,Ground Coffee 12 oz,Ground Coffee 12oz
deliveries,504195,product_name,misspelling,White Bread,Wite Bread
deliveries,516462,product_id,wrong_reference,109,110
deliveries,664458,product_id,wrong_reference,112,113
deliveries,665626,product_id,wrong_reference,114,115
deliveries,673468,product_id,wrong_reference,134,135
deliveries,680924,product_id,wrong_reference,119,120
deliveries,564111,product_id,wrong_reference,134,135
deliveries,528723,product_id,wrong_reference,124,125
deliveries,575666,product_id,wrong_reference,123,124
deliveries,527678,product_id,wrong_reference,148,149
deliveries,609099,product_id,wrong_reference,101,102
deliveries,625415,product_id,wrong_reference,134,135
deliveries,527299,product_id,wrong_reference,112,113
deliveries,624682,product_id,wrong_reference,122,123
deliveries,692262,product_id,wrong_reference,116,117
deliveries,639423,product_id,wrong_reference,122,123
deliveries,539483,product_id,wrong_reference,131,132
deliveries,614609,product_id,wrong_reference,139,140
deliveries,653105,product_id,wrong_reference,153,154
deliveries,671079,product_id,wrong_reference,148,149
deliveries,665440,product_id,wrong_reference,149,150
deliveries,602338,product_id,wrong_reference,129,130
deliveries,644914,product_id,wrong_reference,108,109
deliveries,696102,product_id,wrong_reference,115,116
deliveries,606192,product_id,wrong_reference,147,148
deliveries,675348,product_id,wrong_reference,150,151
deliveries,673455,product_id,wrong_reference,105,106
deliveries,642287,product_id,wrong_reference,128,129
deliveries,622669,product_id,wrong_reference,118,119
deliveries,585762,product_id,wrong_reference,119,120
deliveries,551557,product_id,wrong_reference,111,112
deliveries,650637,product_id,wrong_reference,152,153
deliveries,547405,product_id,wrong_reference,153,154
deliveries,609644,product_id,wrong_reference,102,103
deliveries,560771,product_id,wrong_reference,149,150
deliveries,694910,product_id,wrong_reference,133,134
deliveries,500537,product_id,wrong_reference,150,151
deliveries,628306,product_id,wrong_reference,151,152
deliveries,565012,product_id,wrong_reference,120,121
deliveries,588393,product_id,wrong_reference,127,128
deliveries,673480,product_id,wrong_reference,147,148
deliveries,671366,product_id,wrong_reference,133,134
deliveries,569931,product_id,wrong_reference,151,152
deliveries,652817,product_id,wrong_reference,150,151
deliveries,574670,product_id,wrong_reference,101,102
deliveries,695447,product_id,wrong_reference,136,137
deliveries,639532,product_id,wrong_reference,143,144
deliveries,687496,product_id,wrong_reference,111,112
deliveries,618053,product_id,wrong_reference,119,120
deliveries,612083,product_id,wrong_reference,137,138
deliveries,551213,product_id,wrong_reference,112,113
deliveries,684858,product_id,wrong_reference,134,135
deliveries,557302,product_id,wrong_reference,144,145
deliveries,645046,product_id,wrong_reference,155,156
deliveries,527628,product_id,wrong_reference,102,103
deliveries,503223,product_id,wrong_reference,138,139
deliveries,526194,product_id,wrong_reference,133,134
deliveries,587869,product_id,wrong_reference,126,127
deliveries,567064,product_id,wrong_reference,116,117
deliveries,581715,product_id,wrong_reference,127,128
deliveries,606174,product_id,wrong_reference,123,124
deliveries,541943,product_id,wrong_reference,122,123
deliveries,640065,product_id,wrong_reference,158,159
deliveries,601625,product_id,wrong_reference,148,149
deliveries,636404,product_id,wrong_reference,141,142
deliveries,516664,product_id,wrong_reference,147,148
deliveries,546475,product_id,wrong_reference,153,154
deliveries,668889,product_id,wrong_reference,115,116
deliveries,632954,product_id,wrong_reference,108,109
deliveries,627774,product_id,wrong_reference,119,120
deliveries,536768,product_id,wrong_reference,106,107
deliveries,518213,product_id,wrong_reference,135,136
deliveries,509049,product_id,wrong_reference,131,132
deliveries,576043,product_id,wrong_reference,150,151
deliveries,639742,product_id,wrong_reference,138,139
deliveries,573133,product_id,wrong_reference,152,153
deliveries,678975,product_id,wrong_reference,128,129
deliveries,570172,product_id,wrong_reference,138,139
deliveries,595506,product_id,wrong_reference,121,122
deliveries,541148,product_id,wrong_reference,129,130
deliveries,686879,product_id,wrong_reference,119,120
deliveries,583502,product_id,wrong_reference,151,152
deliveries,594668,product_id,wrong_reference,119,120
deliveries,531858,product_id,wrong_reference,105,106
deliveries,694585,product_id,wrong_reference,146,147
deliveries,519422,product_id,wrong_reference,123,124
deliveries,527212,product_id,wrong_reference,131,132
deliveries,688146,product_id,wrong_reference,153,154
deliveries,508074,product_id,wrong_reference,142,143
deliveries,638004,product_id,wrong_reference,149,150
deliveries,578437,product_id,wrong_reference,115,116
deliveries,543393,product_id,wrong_reference,106,107
deliveries,501027,product_id,wrong_reference,153,154
deliveries,689764,product_id,wrong_reference,123,124
deliveries,593855,product_id,wrong_reference,132,133
deliveries,652468,product_id,wrong_reference,133,134
deliveries,639169,product_id,wrong_reference,106,107
deliveries,502638,product_id,wrong_reference,116,117
deliveries,559895,product_id,wrong_reference,108,109
deliveries,638407,product_id,wrong_reference,139,140
deliveries,670805,product_id,wrong_reference,110,111
deliveries,521586,product_id,wrong_reference,151,152
deliveries,652314,product_id,wrong_reference,129,130
deliveries,660956,product_id,wrong_reference,133,134
deliveries,524574,product_id,wrong_reference,154,155
deliveries,562037,product_id,wrong_reference,112,113
deliveries,607012,product_id,wrong_reference,143,144
deliveries,553907,product_id,wrong_reference,146,147
deliveries,697911,product_id,wrong_reference,118,119
deliveries,620960,product_id,wrong_reference,115,116
deliveries,664717,product_id,wrong_reference,112,113
deliveries,636444,product_id,wrong_reference,152,153
deliveries,602443,product_id,wrong_reference,142,143
deliveries,590847,product_id,wrong_reference,141,142
deliveries,674330,product_id,wrong_reference,120,121
deliveries,659873,product_id,wrong_reference,159,160
deliveries,531958,product_id,wrong_reference,133,134
deliveries,621281,product_id,wrong_reference,127,128
deliveries,527196,product_id,wrong_reference,153,154
deliveries,641110,product_id,wrong_reference,160,101
deliveries,562945,product_id,wrong_reference,136,137
deliveries,658324,product_id,wrong_reference,122,123
deliveries,631905,product_id,wrong_reference,147,148
deliveries,634020,product_id,wrong_reference,119,120
deliveries,644585,product_id,wrong_reference,120,121
deliveries,599310,product_id,wrong_reference,104,105
deliveries,533347,product_id,wrong_reference,144,145
deliveries,692257,product_id,wrong_reference,105,106
deliveries,641813,product_id,wrong_reference,144,145
deliveries,698118,product_id,wrong_reference,140,141
deliveries,569227,product_id,wrong_reference,132,133
deliveries,577227,product_id,wrong_reference,152,153
deliveries,597805,product_id,wrong_reference,132,133
deliveries,574283,product_id,wrong_reference,151,152
deliveries,635202,product_id,wrong_reference,159,160
deliveries,596685,product_id,wrong_reference,134,135
deliveries,545928,product_id,wrong_reference,102,103
deliveries,630436,product_id,wrong_reference,150,151
deliveries,553839,product_id,wrong_reference,134,135
deliveries,511189,product_id,wrong_reference,111,112
deliveries,508746,product_id,wrong_reference,105,106
deliveries,579685,product_id,wrong_reference,116,117
deliveries,636418,product_id,wrong_reference,117,118
deliveries,668253,product_id,wrong_reference,127,128
deliveries,633775,product_id,wrong_reference,117,118
deliveries,652005,product_id,wrong_reference,149,150
deliveries,688882,product_id,wrong_reference,120,121
deliveries,518430,product_id,wrong_reference,116,117
deliveries,549547,product_id,wrong_reference,134,135
deliveries,636326,product_id,wrong_reference,122,123
deliveries,503435,product_id,wrong_reference,151,152
deliveries,648189,product_id,wrong_reference,112,113
deliveries,684887,product_id,wrong_reference,129,130
deliveries,549465,product_id,wrong_reference,114,115
deliveries,542640,product_id,wrong_reference,103,104
deliveries,521591,product_id,wrong_reference,101,102
deliveries,680162,product_id,wrong_reference,115,116
deliveries,616501,product_id,wrong_reference,133,134
deliveries,580273,product_id,wrong_reference,139,140
deliveries,666636,product_id,wrong_reference,141,142
deliveries,547436,product_id,wrong_reference,140,141
deliveries,686844,product_id,wrong_reference,158,159
deliveries,597427,product_id,wrong_reference,143,144
deliveries,526839,product_id,wrong_reference,133,134
deliveries,588918,product_id,wrong_reference,106,107
deliveries,626710,product_id,wrong_reference,122,123
deliveries,552787,product_id,wrong_reference,123,124
deliveries,503642,product_id,wrong_reference,153,154
deliveries,528604,product_id,wrong_reference,128,129
deliveries,599829,product_id,wrong_reference,103,104
deliveries,623895,product_id,wrong_reference,117,118
deliveries,583461,product_id,wrong_reference,150,151
deliveries,686434,product_id,wrong_reference,136,137
deliveries,522776,product_id,wrong_reference,117,118
deliveries,641406,product_id,wrong_reference,153,154
deliveries,509868,product_id,wrong_reference,104,105
deliveries,522872,product_id,wrong_reference,150,151
deliveries,656855,product_id,wrong_reference,152,153
deliveries,696053,product_id,wrong_reference,140,141
deliveries,670020,product_id,wrong_reference,149,150
deliveries,580768,product_id,wrong_reference,146,147
deliveries,529828,product_id,wrong_reference,147,148
deliveries,659976,product_id,wrong_reference,115,116
deliveries,673398,product_id,wrong_reference,133,134
deliveries,695297,product_id,wrong_reference,149,150
deliveries,500177,product_id,wrong_reference,156,157
deliveries,524907,product_id,wrong_reference,134,135
deliveries,611912,product_id,wrong_reference,134,135
deliveries,688175,product_id,wrong_reference,141,142
deliveries,505218,product_id,wrong_reference,143,144
deliveries,540407,product_id,wrong_reference,140,141
deliveries,513747,product_id,wrong_reference,127,128
deliveries,626873,product_id,wrong_reference,114,115
deliveries,572880,product_id,wrong_reference,157,158
deliveries,688978,product_id,wrong_reference,115,116
deliveries,534566,product_id,wrong_reference,124,125
deliveries,532984,product_id,wrong_reference,114,115
deliveries,543163,product_id,wrong_reference,129,130
deliveries,647862,product_id,wrong_reference,158,159
deliveries,659925,product_id,wrong_reference,139,140
deliveries,598383,product_id,wrong_reference,135,136
deliveries,655888,product_id,wrong_reference,135,136
deliveries,561923,product_id,wrong_reference,115,116
deliveries,682738,product_id,wrong_reference,138,139
deliveries,543417,product_id,wrong_reference,145,146
deliveries,518736,product_id,wrong_reference,135,136
deliveries,597474,product_id,wrong_reference,159,160
deliveries,570256,product_id,wrong_reference,151,152
deliveries,558245,product_id,wrong_reference,110,111
deliveries,640210,product_id,wrong_reference,151,152
deliveries,535221,product_id,wrong_reference,137,138
deliveries,642108,product_id,wrong_reference,106,107
deliveries,665012,product_id,wrong_reference,122,123
deliveries,553990,product_id,wrong_reference,128,129
deliveries,681310,product_id,wrong_reference,123,124
deliveries,670693,product_id,wrong_reference,146,147
deliveries,605143,product_id,wrong_reference,153,154
deliveries,606108,product_id,wrong_reference,107,108
deliveries,565300,product_id,wrong_reference,115,116
deliveries,591027,product_id,wrong_reference,153,154
deliveries,616586,product_id,wrong_reference,149,150
deliveries,644149,product_id,wrong_reference,151,152
deliveries,651464,product_id,wrong_reference,132,133
deliveries,618432,product_id,wrong_reference,158,159
deliveries,528781,product_id,wrong_reference,131,132
deliveries,696650,product_id,wrong_reference,118,119
deliveries,642043,product_id,wrong_reference,127,128
deliveries,691715,product_id,wrong_reference,109,110
deliveries,604437,product_id,wrong_reference,136,137
deliveries,666324,product_id,wrong_reference,113,114
deliveries,574612,product_id,wrong_reference,129,130
deliveries,524777,product_id,wrong_reference,120,121
deliveries,520112,product_id,wrong_reference,145,146
deliveries,527173,product_id,wrong_reference,122,123
deliveries,686271,product_id,wrong_reference,132,133
deliveries,509809,product_id,wrong_reference,122,123
deliveries,682294,product_id,wrong_reference,149,150
deliveries,599896,product_id,wrong_reference,118,119
deliveries,517751,product_id,wrong_reference,112,113
deliveries,551050,product_id,wrong_reference,103,104
deliveries,548904,product_id,wrong_reference,111,112
deliveries,679583,product_id,wrong_reference,105,106
deliveries,551199,product_id,wrong_reference,152,153
deliveries,505520,product_id,wrong_reference,126,127
deliveries,610341,product_id,wrong_reference,143,144
deliveries,627476,product_id,wrong_reference,117,118
deliveries,578026,product_id,wrong_reference,109,110
deliveries,507637,product_id,wrong_reference,115,116
deliveries,624801,product_id,wrong_reference,133,134
deliveries,631809,product_id,wrong_reference,117,118
deliveries,506961,product_id,wrong_reference,120,121
deliveries,645218,product_id,wrong_reference,150,151
deliveries,657745,product_id,wrong_reference,132,133
deliveries,525441,product_id,wrong_reference,102,103
deliveries,506764,product_id,wrong_reference,131,132
deliveries,672113,product_id,wrong_reference,116,117
deliveries,697012,product_id,wrong_reference,116,117
deliveries,600797,product_id,wrong_reference,125,126
deliveries,622333,product_id,wrong_reference,119,120
deliveries,617478,product_id,wrong_reference,144,145
deliveries,568097,product_id,wrong_reference,128,129
deliveries,552333,product_id,wrong_reference,111,112
deliveries,559593,product_id,wrong_reference,140,141
deliveries,583270,product_id,wrong_reference,151,152
deliveries,660372,product_id,wrong_reference,159,160
deliveries,671249,product_id,wrong_reference,160,101
deliveries,657315,product_id,wrong_reference,147,148
deliveries,597986,product_id,wrong_reference,131,132
deliveries,558105,product_id,wrong_reference,147,148
deliveries,605431,product_id,wrong_reference,115,116
deliveries,678154,product_id,wrong_reference,117,118
deliveries,511481,product_id,wrong_reference,134,135
deliveries,601146,product_id,wrong_reference,151,152
deliveries,505091,product_id,wrong_reference,112,113
deliveries,606829,product_id,wrong_reference,136,137
deliveries,561573,product_id,wrong_reference,106,107
deliveries,680160,product_id,wrong_reference,110,111
deliveries,555335,product_id,wrong_reference,153,154
deliveries,681402,product_id,wrong_reference,102,103
deliveries,588659,product_id,wrong_reference,144,145
deliveries,553737,product_id,wrong_reference,116,117
deliveries,624757,product_id,wrong_reference,118,119
deliveries,664447,product_id,wrong_reference,159,160
deliveries,548870,product_id,wrong_reference,116,117
deliveries,560089,product_id,wrong_reference,160,101
deliveries,571904,product_id,wrong_reference,134,135
deliveries,529615,product_id,wrong_reference,107,108
deliveries,623579,product_id,wrong_reference,123,124
deliveries,647163,product_id,wrong_reference,102,103
deliveries,626128,product_id,wrong_reference,112,113
deliveries,682820,product_id,wrong_reference,140,141
deliveries,612752,product_id,wrong_reference,144,145
deliveries,642097,product_id,wrong_reference,147,148
deliveries,551995,product_id,wrong_reference,110,111
deliveries,605572,product_id,wrong_reference,130,131
deliveries,604041,product_id,wrong_reference,125,126
deliveries,611747,product_id,wrong_reference,145,146
deliveries,667835,product_id,wrong_reference,103,104
deliveries,693931,product_id,wrong_reference,159,160
deliveries,554356,product_id,wrong_reference,130,131
deliveries,574530,product_id,wrong_reference,127,128
deliveries,636024,product_id,wrong_reference,108,109
deliveries,527220,product_id,wrong_reference,139,140
deliveries,603737,product_id,wrong_reference,152,153
deliveries,637416,product_id,wrong_reference,147,148
deliveries,542459,product_id,wrong_reference,146,147
deliveries,692697,product_id,wrong_reference,106,107
deliveries,565877,product_id,wrong_reference,149,150
deliveries,576030,product_id,wrong_reference,126,127
deliveries,668490,product_id,wrong_reference,128,129
deliveries,600267,product_id,wrong_reference,103,104
deliveries,507504,product_id,wrong_reference,144,145
deliveries,671770,product_id,wrong_reference,145,146
deliveries,581506,product_id,wrong_reference,109,110
deliveries,685861,product_id,wrong_reference,135,136
deliveries,667660,product_id,wrong_reference,101,102
deliveries,559520,product_id,wrong_reference,134,135
deliveries,539918,product_id,wrong_reference,107,108
deliveries,505038,product_id,wrong_reference,143,144
deliveries,539115,product_id,wrong_reference,107,108
deliveries,647565,product_id,wrong_reference,131,132
deliveries,574726,product_id,wrong_reference,112,113
deliveries,617692,product_id,wrong_reference,108,109
deliveries,680811,product_id,wrong_reference,129,130
deliveries,651722,product_id,wrong_reference,110,111
deliveries,535991,product_id,wrong_reference,126,127
deliveries,571560,product_id,wrong_reference,116,117
deliveries,606696,product_id,wrong_reference,103,104
deliveries,675227,product_id,wrong_reference,146,147
deliveries,551851,product_id,wrong_reference,137,138
deliveries,549979,product_id,wrong_reference,135,136
deliveries,570024,product_id,wrong_reference,124,125
deliveries,515721,product_id,wrong_reference,132,133
deliveries,605837,product_id,wrong_reference,151,152
deliveries,677908,product_id,wrong_reference,142,143
deliveries,606809,product_id,wrong_reference,107,108
deliveries,653980,product_id,wrong_reference,125,126
deliveries,677586,product_id,wrong_reference,119,120
deliveries,611526,product_id,wrong_reference,103,104
deliveries,507570,product_id,wrong_reference,130,131
deliveries,528565,product_id,wrong_reference,132,133
deliveries,511677,product_id,wrong_reference,133,134
deliveries,696724,product_id,wrong_reference,126,127
deliveries,554322,product_id,wrong_reference,136,137
deliveries,600203,product_id,wrong_reference,123,124
deliveries,656027,product_id,wrong_reference,153,154
deliveries,692062,product_id,wrong_reference,120,121
deliveries,680972,product_id,wrong_reference,124,125
deliveries,675796,product_id,wrong_reference,132,133
deliveries,664824,product_id,wrong_reference,130,131
deliveries,610425,product_id,wrong_reference,127,128
deliveries,657061,product_id,wrong_reference,114,115
deliveries,564208,product_id,wrong_reference,112,113
deliveries,686422,product_id,wrong_reference,122,123
deliveries,614427,product_id,wrong_reference,101,102
deliveries,652349,product_id,wrong_reference,121,122
deliveries,618434,product_id,wrong_reference,160,101
deliveries,539788,product_id,wrong_reference,112,113
deliveries,533268,product_id,wrong_reference,132,133
deliveries,648827,product_id,wrong_reference,154,155
deliveries,683781,product_id,wrong_reference,133,134
deliveries,676805,product_id,wrong_reference,114,115
deliveries,523884,product_id,wrong_reference,123,124
deliveries,549483,product_id,wrong_reference,143,144
deliveries,517914,product_id,wrong_reference,141,142
deliveries,668465,product_id,wrong_reference,146,147
deliveries,695416,product_id,wrong_reference,147,148
deliveries,549176,product_id,wrong_reference,125,126
deliveries,692986,product_id,wrong_reference,151,152
deliveries,690295,product_id,wrong_reference,119,120
deliveries,521167,product_id,wrong_reference,160,101
deliveries,513083,product_id,wrong_reference,121,122
deliveries,601956,product_id,wrong_reference,104,105
deliveries,530718,product_id,wrong_reference,131,132
deliveries,649108,product_id,wrong_reference,139,140
deliveries,676103,product_id,wrong_reference,127,128
deliveries,681759,product_id,wrong_reference,156,157
deliveries,568046,product_id,wrong_reference,134,135
deliveries,553918,product_id,wrong_reference,115,116
deliveries,591940,product_id,wrong_reference,101,102
deliveries,609196,product_id,wrong_reference,145,146
deliveries,582569,product_id,wrong_reference,135,136
deliveries,619587,product_id,wrong_reference,133,134
deliveries,638136,product_id,wrong_reference,149,150
deliveries,665126,product_id,wrong_reference,152,153
deliveries,523467,product_id,wrong_reference,111,112
deliveries,692169,product_id,wrong_reference,116,117
deliveries,627833,product_id,wrong_reference,141,142
deliveries,674306,product_id,wrong_reference,147,148
deliveries,503548,product_id,wrong_reference,117,118
deliveries,695944,product_id,wrong_reference,149,150
deliveries,507021,product_id,wrong_reference,137,138
deliveries,551227,product_id,wrong_reference,131,132
deliveries,626036,store_city,violated_dependency,Pittsburgh,Pittsburg
deliveries,556905,store_city,violated_dependency,Pittsburgh,Pittsburg
deliveries,602654,store_city,violated_dependency,Pittsburgh,Pittsburg
deliveries,576407,store_city,violated_dependency,Monroeville,Pittsburgh
deliveries,675064,store_city,violated_dependency,Monroeville,Pittsburgh
deliveries,654917,store_city,violated_dependency,Pittsburgh,Pittsburg
deliveries,592679,store_city,violated_dependency,Cranberry Township,Pittsburgh
deliveries,542366,store_city,violated_dependency,Monroeville,Pittsburgh
deliveries,522245,store_city,violated_dependency,Monroeville,Pittsburgh
deliveries,614942,store_city,violated_dependency,Cleveland,Pittsburgh
deliveries,568221,store_city,violated_dependency,Harrisburg,Pittsburgh
deliveries,672587,store_city,violated_dependency,Pittsburgh,Pittsburg
deliveries,608971,store_city,violated_dependency,Monroeville,Pittsburgh
deliveries,643339,store_city,violated_dependency,Monroeville,Pittsburgh
deliveries,553406,store_city,violated_dependency,Pittsburgh,Pittsburg
deliveries,529725,store_city,violated_dependency,Cleveland,Pittsburgh
deliveries,653596,store_city,violated_dependency,Harrisburg,Pittsburgh
deliveries,514607,store_city,violated_dependency,Pittsburgh,Pittsburg
deliveries,512187,store_city,violated_dependency,Monroeville,Pittsburgh
deliveries,552571,store_city,violated_dependency,Erie,Pittsburgh
deliveries,672091,store_city,violated_dependency,Cranberry Township,Pittsburgh
deliveries,565418,store_city,violated_dependency,Cranberry Township,Pittsburgh
deliveries,695787,store_city,violated_dependency,Pittsburgh,Pittsburg
deliveries,689419,store_city,violated_dependency,Monroeville,Pittsburgh
deliveries,524307,store_city,violated_dependency,Pittsburgh,Pittsburg
deliveries,568651,store_city,violated_dependency,Cranberry Township,Pittsburgh
deliveries,631661,store_city,violated_dependency,Erie,Pittsburgh
deliveries,548804,store_city,violated_dependency,Pittsburgh,Pittsburg
deliveries,510816,store_city,violated_dependency,Pittsburgh,Pittsburg
deliveries,592835,store_city,violated_dependency,Pittsburgh,Pittsburg
deliveries,571481,store_city,violated_dependency,Pittsburgh,Pittsburg
deliveries,686033,store_city,violated_dependency,Pittsburgh,Pittsburg
deliveries,617055,store_city,violated_dependency,Cleveland,Pittsburgh
deliveries,649439,store_city,violated_dependency,Erie,Pittsburgh
deliveries,688197,store_city,violated_dependency,Pittsburgh,Pittsburg
deliveries,533842,store_city,violated_dependency,Pittsburgh,Pittsburg
deliveries,632300,store_city,violated_dependency,Harrisburg,Pittsburgh
deliveries,555159,store_city,violated_dependency,Harrisburg,Pittsburgh
deliveries,552665,store_city,violated_dependency,Cleveland,Pittsburgh
deliveries,688880,store_city,violated_dependency,Monroeville,Pittsburgh
deliveries,695593,store_city,violated_dependency,Erie,Pittsburgh
deliveries,503084,store_city,violated_dependency,Pittsburgh,Pittsburg
deliveries,568183,store_city,violated_dependency,Monroeville,Pittsburgh
deliveries,501935,store_city,violated_dependency,Harrisburg,Pittsburgh
deliveries,593127,store_city,violated_dependency,Erie,Pittsburgh
deliveries,512212,store_city,violated_dependency,Erie,Pittsburgh
deliveries,605185,store_city,violated_dependency,Cranberry Township,Pittsburgh
deliveries,695158,store_city,violated_dependency,Pittsburgh,Pittsburg
deliveries,671134,store_city,violated_dependency,Erie,Pittsburgh
deliveries,640690,store_city,violated_dependency,Erie,Pittsburgh
deliveries,630654,store_city,violated_dependency,Pittsburgh,Pittsburg
deliveries,534562,store_city,violated_dependency,Erie,Pittsburgh
deliveries,579731,store_city,violated_dependency,Cleveland,Pittsburgh
deliveries,609884,store_city,violated_dependency,Pittsburgh,Pittsburg
deliveries,609229,store_city,violated_dependency,Cleveland,Pittsburgh
deliveries,603109,store_city,violated_dependency,Harrisburg,Pittsburgh
deliveries,508044,store_city,violated_dependency,Harrisburg,Pittsburgh
deliveries,548992,store_city,violated_dependency,Harrisburg,Pittsburgh
deliveries,692158,store_city,violated_dependency,Pittsburgh,Pittsburg
deliveries,639878,store_city,violated_dependency,Monroeville,Pittsburgh
deliveries,669712,store_city,violated_dependency,Cleveland,Pittsburgh
deliveries,552986,store_city,violated_dependency,Harrisburg,Pittsburgh
deliveries,532315,store_city,violated_dependency,Erie,Pittsburgh
deliveries,621487,store_city,violated_dependency,Cranberry Township,Pittsburgh
deliveries,603200,store_city,violated_dependency,Pittsburgh,Pittsburg
deliveries,562105,store_city,violated_dependency,Cranberry Township,Pittsburgh
deliveries,632014,store_city,violated_dependency,Harrisburg,Pittsburgh
deliveries,611986,store_city,violated_dependency,Erie,Pittsburgh
deliveries,533445,store_city,violated_dependency,Cranberry Township,Pittsburgh
deliveries,596058,store_city,violated_dependency,Cranberry Township,Pittsburgh
deliveries,599263,store_city,violated_dependency,Cranberry Township,Pittsburgh
deliveries,531452,store_city,violated_dependency,Pittsburgh,Pittsburg
deliveries,581252,store_city,violated_dependency,Cranberry Township,Pittsburgh
deliveries,535417,store_city,violated_dependency,Monroeville,Pittsburgh
deliveries,675256,store_city,violated_dependency,Pittsburgh,Pittsburg
deliveries,619658,store_city,violated_dependency,Monroeville,Pittsburgh
deliveries,569917,store_city,violated_dependency,Erie,Pittsburgh
deliveries,570387,store_city,violated_dependency,Harrisburg,Pittsburgh
deliveries,613000,store_city,violated_dependency,Pittsburgh,Pittsburg
deliveries,667967,store_city,violated_dependency,Pittsburgh,Pittsburg
deliveries,567852,store_city,violated_dependency,Pittsburgh,Pittsburg
deliveries,623572,store_city,violated_dependency,Cranberry Township,Pittsburgh
deliveries,561566,store_city,violated_dependency,Pittsburgh,Pittsburg
deliveries,628478,store_city,violated_dependency,Cleveland,Pittsburgh
deliveries,590072,store_city,violated_dependency,Pittsburgh,Pittsburg
deliveries,566429,store_city,violated_dependency,Cranberry Township,Pittsburgh
deliveries,657360,store_city,violated_dependency,Pittsburgh,Pittsburg
deliveries,619926,store_city,violated_dependency,Monroeville,Pittsburgh
deliveries,577344,store_city,violated_dependency,Monroeville,Pittsburgh
deliveries,594638,store_city,violated_dependency,Monroeville,Pittsburgh
deliveries,659752,store_city,violated_dependency,Pittsburgh,Pittsburg
deliveries,673702,store_city,violated_dependency,Cleveland,Pittsburgh
deliveries,563143,store_city,violated_dependency,Pittsburgh,Pittsburg
deliveries,570922,store_city,violated_dependency,Monroeville,Pittsburgh
deliveries,659488,store_city,violated_dependency,Pittsburgh,Pittsburg
deliveries,627278,store_city,violated_dependency,Pittsburgh,Pittsburg
deliveries,547635,store_city,violated_dependency,Cranberry Township,Pittsburgh
deliveries,692722,store_city,violated_dependency,Harrisburg,Pittsburgh
deliveries,631994,store_city,violated_dependency,Erie,Pittsburgh
deliveries,562463,store_city,violated_dependency,Cleveland,Pittsburgh
deliveries,673886,store_city,violated_dependency,Cleveland,Pittsburgh
deliveries,610283,store_city,violated_dependency,Harrisburg,Pittsburgh
deliveries,530941,store_city,violated_dependency,Cranberry Township,Pittsburgh
deliveries,685782,store_city,violated_dependency,Monroeville,Pittsburgh
deliveries,586760,store_city,violated_dependency,Pittsburgh,Pittsburg
deliveries,592509,store_city,violated_dependency,Erie,Pittsburgh
deliveries,644759,store_city,violated_dependency,Cranberry Township,Pittsburgh
deliveries,540018,store_city,violated_dependency,Pittsburgh,Pittsburg
deliveries,549931,store_city,violated_dependency,Pittsburgh,Pittsburg
deliveries,620393,store_city,violated_dependency,Cleveland,Pittsburgh
deliveries,604138,store_city,violated_dependency,Monroeville,Pittsburgh
deliveries,682402,store_city,violated_dependency,Cranberry Township,Pittsburgh
deliveries,628582,store_city,violated_dependency,Cranberry Township,Pittsburgh
deliveries,626396,store_city,violated_dependency,Cranberry Township,Pittsburgh
deliveries,509158,store_city,violated_dependency,Pittsburgh,Pittsburg
deliveries,668642,store_city,violated_dependency,Pittsburgh,Pittsburg
deliveries,684986,store_city,violated_dependency,Pittsburgh,Pittsburg
deliveries,504372,store_city,violated_dependency,Harrisburg,Pittsburgh
deliveries,673463,store_city,violated_dependency,Cleveland,Pittsburgh
deliveries,572809,store_city,violated_dependency,Pittsburgh,Pittsburg
deliveries,629754,store_city,violated_dependency,Harrisburg,Pittsburgh
deliveries,679869,store_city,violated_dependency,Cleveland,Pittsburgh
deliveries,615921,store_city,violated_dependency,Pittsburgh,Pittsburg
deliveries,641396,store_city,violated_dependency,Cleveland,Pittsburgh
deliveries,503143,store_city,violated_dependency,Cranberry Township,Pittsburgh
deliveries,561894,store_city,violated_dependency,Monroeville,Pittsburgh
deliveries,611339,store_city,violated_dependency,Monroeville,Pittsburgh
deliveries,632226,store_city,violated_dependency,Monroeville,Pittsburgh
deliveries,688809,store_city,violated_dependency,Pittsburgh,Pittsburg
deliveries,500392,store_city,violated_dependency,Pittsburgh,Pittsburg
deliveries,621952,store_city,violated_dependency,Pittsburgh,Pittsburg
deliveries,519172,store_city,violated_dependency,Pittsburgh,Pittsburg
deliveries,562917,store_city,violated_dependency,Cranberry Township,Pittsburgh
deliveries,539106,store_city,violated_dependency,Cranberry Township,Pittsburgh
deliveries,662874,store_city,violated_dependency,Monroeville,Pittsburgh
deliveries,571557,store_city,violated_dependency,Monroeville,Pittsburgh
deliveries,591044,store_city,violated_dependency,Pittsburgh,Pittsburg
deliveries,648237,store_city,violated_dependency,Pittsburgh,Pittsburg
deliveries,505409,store_city,violated_dependency,Monroeville,Pittsburgh
deliveries,630109,store_city,violated_dependency,Harrisburg,Pittsburgh
deliveries,669231,store_city,violated_dependency,Pittsburgh,Pittsburg
deliveries,689262,store_city,violated_dependency,Harrisburg,Pittsburgh
deliveries,647369,store_city,violated_dependency,Erie,Pittsburgh
deliveries,637561,store_city,violated_dependency,Monroeville,Pittsburgh
deliveries,658628,store_city,violated_dependency,Cleveland,Pittsburgh
deliveries,572940,store_city,violated_dependency,Erie,Pittsburgh
deliveries,589958,store_city,violated_dependency,Erie,Pittsburgh
deliveries,626397,store_city,violated_dependency,Cranberry Township,Pittsburgh
deliveries,537214,store_city,violated_dependency,Pittsburgh,Pittsburg
deliveries,596042,store_city,violated_dependency,Cranberry Township,Pittsburgh
deliveries,621262,store_city,violated_dependency,Cranberry Township,Pittsburgh
deliveries,516346,store_city,violated_dependency,Pittsburgh,Pittsburg
deliveries,677841,store_city,violated_dependency,Pittsburgh,Pittsburg
deliveries,638931,store_city,violated_dependency,Erie,Pittsburgh
deliveries,630060,store_city,violated_dependency,Erie,Pittsburgh
deliveries,668419,store_city,violated_dependency,Erie,Pittsburgh
deliveries,674532,store_city,violated_dependency,Pittsburgh,Pittsburg
deliveries,618024,store_city,violated_dependency,Pittsburgh,Pittsburg
deliveries,551969,store_city,violated_dependency,Cranberry Township,Pittsburgh
deliveries,664066,store_city,violated_dependency,Pittsburgh,Pittsburg
deliveries,636800,store_city,violated_dependency,Pittsburgh,Pittsburg
deliveries,540626,store_city,violated_dependency,Pittsburgh,Pittsburg
deliveries,614436,store_city,violated_dependency,Pittsburgh,Pittsburg
deliveries,546436,store_city,violated_dependency,Harrisburg,Pittsburgh
deliveries,681013,store_city,violated_dependency,Harrisburg,Pittsburgh
deliveries,529321,store_city,violated_dependency,Pittsburgh,Pittsburg
deliveries,621582,store_city,violated_dependency,Harrisburg,Pittsburgh
deliveries,502140,store_city,violated_dependency,Cleveland,Pittsburgh
deliveries,539832,store_city,violated_dependency,Pittsburgh,Pittsburg
deliveries,691892,store_city,violated_dependency,Pittsburgh,Pittsburg
deliveries,631329,store_city,violated_dependency,Erie,Pittsburgh
deliveries,571569,store_city,violated_dependency,Monroeville,Pittsburgh
deliveries,569807,store_city,violated_dependency,Pittsburgh,Pittsburg
deliveries,506398,store_city,violated_dependency,Pittsburgh,Pittsburg
deliveries,669192,store_city,violated_dependency,Cleveland,Pittsburgh
deliveries,621423,store_city,violated_dependency,Pittsburgh,Pittsburg
deliveries,587103,store_city,violated_dependency,Pittsburgh,Pittsburg
deliveries,551347,store_city,violated_dependency,Cleveland,Pittsburgh
deliveries,586514,store_city,violated_dependency,Cranberry Township,Pittsburgh
deliveries,633169,store_city,violated_dependency,Monroeville,Pittsburgh
deliveries,694743,store_city,violated_dependency,Harrisburg,Pittsburgh
deliveries,539338,store_city,violated_dependency,Pittsburgh,Pittsburg
deliveries,547053,store_city,violated_dependency,Erie,Pittsburgh
deliveries,576714,store_city,violated_dependency,Cranberry Township,Pittsburgh
deliveries,630747,store_city,violated_dependency,Monroeville,Pittsburgh
deliveries,639388,store_city,violated_dependency,Pittsburgh,Pittsburg
deliveries,652765,store_city,violated_dependency,Cranberry Township,Pittsburgh
deliveries,675885,store_city,violated_dependency,Pittsburgh,Pittsburg
deliveries,633438,store_city,violated_dependency,Cranberry Township,Pittsburgh
deliveries,539666,store_city,violated_dependency,Monroeville,Pittsburgh
deliveries,695050,store_city,violated_dependency,Cleveland,Pittsburgh
deliveries,640617,store_city,violated_dependency,Cranberry Township,Pittsburgh
deliveries,543370,store_city,violated_dependency,Erie,Pittsburgh
deliveries,568090,store_city,violated_dependency,Pittsburgh,Pittsburg
deliveries,614790,store_city,violated_dependency,Cranberry Township,Pittsburgh
deliveries,622212,store_city,violated_dependency,Harrisburg,Pittsburgh
deliveries,648935,store_city,violated_dependency,Erie,Pittsburgh
deliveries,613018,store_city,violated_dependency,Pittsburgh,Pittsburg
deliveries,602479,store_city,violated_dependency,Erie,Pittsburgh
deliveries,637571,store_city,violated_dependency,Erie,Pittsburgh
deliveries,570348,store_city,violated_dependency,Erie,Pittsburgh
deliveries,670868,store_city,violated_dependency,Harrisburg,Pittsburgh
deliveries,631320,store_city,violated_dependency,Erie,Pittsburgh
deliveries,521258,store_city,violated_dependency,Pittsburgh,Pittsburg
deliveries,611975,store_city,violated_dependency,Erie,Pittsburgh
deliveries,574889,store_city,violated_dependency,Monroeville,Pittsburgh
deliveries,510814,store_city,violated_dependency,Pittsburgh,Pittsburg
deliveries,679969,store_city,violated_dependency,Cranberry Township,Pittsburgh
deliveries,691827,store_city,violated_dependency,Cleveland,Pittsburgh
deliveries,547112,store_city,violated_dependency,Harrisburg,Pittsburgh
deliveries,634550,store_city,violated_dependency,Cranberry Township,Pittsburgh
deliveries,684559,store_city,violated_dependency,Cranberry Township,Pittsburgh
deliveries,597958,store_city,violated_dependency,Pittsburgh,Pittsburg
deliveries,554564,store_city,violated_dependency,Pittsburgh,Pittsburg
deliveries,550572,store_city,violated_dependency,Erie,Pittsburgh
deliveries,635942,store_city,violated_dependency,Erie,Pittsburgh
deliveries,606987,store_city,violated_dependency,Cleveland,Pittsburgh
deliveries,522158,store_city,violated_dependency,Pittsburgh,Pittsburg
deliveries,640187,store_city,violated_dependency,Erie,Pittsburgh
deliveries,510849,store_city,violated_dependency,Pittsburgh,Pittsburg
deliveries,530054,store_city,violated_dependency,Monroeville,Pittsburgh
deliveries,667443,store_city,violated_dependency,Cleveland,Pittsburgh
deliveries,606958,store_city,violated_dependency,Cleveland,Pittsburgh
deliveries,639392,store_city,violated_dependency,Pittsburgh,Pittsburg
deliveries,620723,store_city,violated_dependency,Cleveland,Pittsburgh
deliveries,537588,store_city,violated_dependency,Monroeville,Pittsburgh
deliveries,639157,store_city,violated_dependency,Cranberry Township,Pittsburgh
deliveries,584313,store_city,violated_dependency,Monroeville,Pittsburgh
deliveries,663793,store_city,violated_dependency,Pittsburgh,Pittsburg
deliveries,598276,store_city,violated_dependency,Pittsburgh,Pittsburg
deliveries,508266,store_city,violated_dependency,Erie,Pittsburgh
deliveries,504771,store_city,violated_dependency,Pittsburgh,Pittsburg
deliveries,552210,store_city,violated_dependency,Cranberry Township,Pittsburgh
deliveries,516803,store_city,violated_dependency,Harrisburg,Pittsburgh
deliveries,686956,store_city,violated_dependency,Monroeville,Pittsburgh
deliveries,584480,store_city,violated_dependency,Cleveland,Pittsburgh
deliveries,557866,store_city,violated_dependency,Pittsburgh,Pittsburg
deliveries,686930,store_city,violated_dependency,Monroeville,Pittsburgh
deliveries,670106,store_city,violated_dependency,Monroeville,Pittsburgh
deliveries,686348,store_city,violated_dependency,Pittsburgh,Pittsburg
deliveries,676055,store_city,violated_dependency,Cleveland,Pittsburgh
deliveries,645020,store_city,violated_dependency,Monroeville,Pittsburgh
deliveries,690811,store_city,violated_dependency,Harrisburg,Pittsburgh
deliveries,555823,store_city,violated_dependency,Cleveland,Pittsburgh
deliveries,678402,store_city,violated_dependency,Monroeville,Pittsburgh
deliveries,598088,store_city,violated_dependency,Erie,Pittsburgh
deliveries,582522,store_city,violated_dependency,Monroeville,Pittsburgh
deliveries,547404,store_city,violated_dependency,Erie,Pittsburgh
deliveries,507421,store_city,violated_dependency,Harrisburg,Pittsburgh
deliveries,515914,store_city,violated_dependency,Erie,Pittsburgh
deliveries,671933,store_city,violated_dependency,Harrisburg,Pittsburgh
deliveries,668693,store_city,violated_dependency,Monroeville,Pittsburgh
deliveries,639549,store_city,violated_dependency,Erie,Pittsburgh
deliveries,588170,store_city,violated_dependency,Pittsburgh,Pittsburg
deliveries,611619,store_city,violated_dependency,Cranberry Township,Pittsburgh
deliveries,510094,store_city,violated_dependency,Monroeville,Pittsburgh
deliveries,548137,store_city,violated_dependency,Pittsburgh,Pittsburg
deliveries,520038,store_city,violated_dependency,Cleveland,Pittsburgh
deliveries,542926,store_city,violated_dependency,Pittsburgh,Pittsburg
deliveries,604671,store_city,violated_dependency,Cranberry Township,Pittsburgh
deliveries,655602,store_city,violated_dependency,Harrisburg,Pittsburgh
deliveries,633341,store_city,violated_dependency,Pittsburgh,Pittsburg
deliveries,686858,store_city,violated_dependency,Pittsburgh,Pittsburg
deliveries,532469,store_city,violated_dependency,Pittsburgh,Pittsburg
deliveries,536056,store_city,violated_dependency,Pittsburgh,Pittsburg
deliveries,638749,store_city,violated_dependency,Pittsburgh,Pittsburg
deliveries,511832,store_city,violated_dependency,Harrisburg,Pittsburgh
deliveries,669859,store_city,violated_dependency,Monroeville,Pittsburgh
deliveries,638012,store_city,violated_dependency,Cleveland,Pittsburgh
deliveries,597145,store_city,violated_dependency,Harrisburg,Pittsburgh
deliveries,549788,store_city,violated_dependency,Erie,Pittsburgh
deliveries,640784,store_city,violated_dependency,Pittsburgh,Pittsburg
deliveries,512897,store_city,violated_dependency,Pittsburgh,Pittsburg
deliveries,539067,store_city,violated_dependency,Cranberry Township,Pittsburgh
deliveries,583975,store_city,violated_dependency,Cranberry Township,Pittsburgh
deliveries,607880,store_city,violated_dependency,Pittsburgh,Pittsburg
deliveries,698372,store_city,violated_dependency,Harrisburg,Pittsburgh
deliveries,570158,store_city,violated_dependency,Harrisburg,Pittsburgh
deliveries,543199,store_city,violated_dependency,Pittsburgh,Pittsburg
deliveries,606453,store_city,violated_dependency,Pittsburgh,Pittsburg
deliveries,585219,store_city,violated_dependency,Erie,Pittsburgh
deliveries,537378,store_city,violated_dependency,Cleveland,Pittsburgh
deliveries,532664,store_city,violated_dependency,Erie,Pittsburgh
deliveries,517242,store_city,violated_dependency,Pittsburgh,Pittsburg
deliveries,656557,store_city,violated_dependency,Monroeville,Pittsburgh
deliveries,667417,store_city,violated_dependency,Harrisburg,Pittsburgh
deliveries,647931,store_city,violated_dependency,Pittsburgh,Pittsburg
deliveries,696201,store_city,violated_dependency,Erie,Pittsburgh
deliveries,560257,store_city,violated_dependency,Pittsburgh,Pittsburg
deliveries,536315,store_city,violated_dependency,Harrisburg,Pittsburgh
deliveries,585055,store_city,violated_dependency,Cleveland,Pittsburgh
deliveries,590627,store_city,violated_dependency,Pittsburgh,Pittsburg
deliveries,514851,store_city,violated_dependency,Cleveland,Pittsburgh
deliveries,623762,store_city,violated_dependency,Pittsburgh,Pittsburg
deliveries,639310,store_city,violated_dependency,Cleveland,Pittsburgh
deliveries,607928,store_city,violated_dependency,Pittsburgh,Pittsburg
deliveries,593756,store_city,violated_dependency,Harrisburg,Pittsburgh
deliveries,607879,store_city,violated_dependency,Pittsburgh,Pittsburg
deliveries,660286,store_city,violated_dependency,Cleveland,Pittsburgh
deliveries,577895,store_city,violated_dependency,Pittsburgh,Pittsburg
deliveries,575218,store_city,violated_dependency,Monroeville,Pittsburgh
deliveries,529042,store_city,violated_dependency,Cranberry Township,Pittsburgh
deliveries,563097,store_city,violated_dependency,Harrisburg,Pittsburgh
deliveries,623726,store_city,violated_dependency,Cleveland,Pittsburgh
deliveries,521078,store_city,violated_dependency,Monroeville,Pittsburgh
deliveries,531996,store_city,violated_dependency,Monroeville,Pittsburgh
deliveries,614759,store_city,violated_dependency,Pittsburgh,Pittsburg
deliveries,617536,store_city,violated_dependency,Cleveland,Pittsburgh
deliveries,691095,store_city,violated_dependency,Cranberry Township,Pittsburgh
deliveries,596356,store_city,violated_dependency,Monroeville,Pittsburgh
deliveries,595296,store_city,violated_dependency,Pittsburgh,Pittsburg
deliveries,595235,store_city,violated_dependency,Pittsburgh,Pittsburg
deliveries,695637,store_city,violated_dependency,Harrisburg,Pittsburgh
deliveries,538751,store_city,violated_dependency,Cranberry Township,Pittsburgh
deliveries,611663,store_city,violated_dependency,Monroeville,Pittsburgh
deliveries,547857,store_city,violated_dependency,Pittsburgh,Pittsburg
deliveries,503417,store_city,violated_dependency,Harrisburg,Pittsburgh
deliveries,635116,store_city,violated_dependency,Monroeville,Pittsburgh
deliveries,634109,store_city,violated_dependency,Monroeville,Pittsburgh
deliveries,663612,store_city,violated_dependency,Cranberry Township,Pittsburgh
deliveries,588704,store_city,violated_dependency,Pittsburgh,Pittsburg
deliveries,580010,store_city,violated_dependency,Pittsburgh,Pittsburg
deliveries,502916,store_city,violated_dependency,Erie,Pittsburgh
deliveries,602785,store_city,violated_dependency,Erie,Pittsburgh
deliveries,527327,store_city,violated_dependency,Monroeville,Pittsburgh
deliveries,669626,store_city,violated_dependency,Monroeville,Pittsburgh
deliveries,676169,store_city,violated_dependency,Cranberry Township,Pittsburgh
deliveries,685265,store_city,violated_dependency,Cranberry Township,Pittsburgh
deliveries,541655,store_city,violated_dependency,Erie,Pittsburgh
deliveries,578734,store_city,violated_dependency,Cleveland,Pittsburgh
deliveries,650317,store_city,violated_dependency,Pittsburgh,Pittsburg
deliveries,543705,store_city,violated_dependency,Pittsburgh,Pittsburg
deliveries,517918,store_city,violated_dependency,Erie,Pittsburgh
deliveries,549964,store_city,violated_dependency,Cranberry Township,Pittsburgh
deliveries,677579,store_city,violated_dependency,Pittsburgh,Pittsburg
deliveries,518842,store_city,violated_dependency,Monroeville,Pittsburgh
deliveries,597955,store_city,violated_dependency,Pittsburgh,Pittsburg
deliveries,651240,store_city,violated_dependency,Monroeville,Pittsburgh
deliveries,535468,store_city,violated_dependency,Harrisburg,Pittsburgh
deliveries,571572,store_city,violated_dependency,Monroeville,Pittsburgh
deliveries,613955,store_city,violated_dependency,Harrisburg,Pittsburgh
deliveries,684948,store_city,violated_dependency,Cleveland,Pittsburgh
deliveries,599867,store_city,violated_dependency,Cranberry Township,Pittsburgh
deliveries,599918,store_city,violated_dependency,Monroeville,Pittsburgh
deliveries,604300,store_city,violated_dependency,Pittsburgh,Pittsburg
deliveries,591522,store_city,violated_dependency,Pittsburgh,Pittsburg
deliveries,551193,store_city,violated_dependency,Cranberry Township,Pittsburgh
deliveries,604998,store_city,violated_dependency,Monroeville,Pittsburgh
deliveries,624339,store_city,violated_dependency,Harrisburg,Pittsburgh
deliveries,585121,store_city,violated_dependency,Pittsburgh,Pittsburg
deliveries,662318,store_city,violated_dependency,Cleveland,Pittsburgh
deliveries,672069,store_city,violated_dependency,Pittsburgh,Pittsburg
deliveries,551487,store_city,violated_dependency,Cranberry Township,Pittsburgh
deliveries,626291,store_city,violated_dependency,Pittsburgh,Pittsburg
deliveries,675379,store_city,violated_dependency,Cranberry Township,Pittsburgh
deliveries,570898,store_city,violated_dependency,Cranberry Township,Pittsburgh
deliveries,513364,store_city,violated_dependency,Erie,Pittsburgh
deliveries,528701,store_city,violated_dependency,Pittsburgh,Pittsburg
deliveries,615676,store_city,violated_dependency,Erie,Pittsburgh
deliveries,506119,store_city,violated_dependency,Pittsburgh,Pittsburg
deliveries,655728,store_city,violated_dependency,Pittsburgh,Pittsburg
deliveries,591705,store_city,violated_dependency,Cleveland,Pittsburgh
deliveries,523621,store_city,violated_dependency,Cleveland,Pittsburgh
deliveries,606808,store_city,violated_dependency,Cranberry Township,Pittsburgh
deliveries,501948,store_city,violated_dependency,Cleveland,Pittsburgh
deliveries,512549,store_city,violated_dependency,Cleveland,Pittsburgh
deliveries,673065,store_city,violated_dependency,Cranberry Township,Pittsburgh
deliveries,500737,store_city,violated_dependency,Erie,Pittsburgh
deliveries,663727,store_city,violated_dependency,Cleveland,Pittsburgh
deliveries,563649,store_city,violated_dependency,Erie,Pittsburgh
deliveries,550099,store_city,violated_dependency,Pittsburgh,Pittsburg
deliveries,502379,store_city,violated_dependency,Harrisburg,Pittsburgh
deliveries,554300,store_city,violated_dependency,Monroeville,Pittsburgh
deliveries,614749,store_city,violated_dependency,Pittsburgh,Pittsburg
deliveries,669290,store_city,violated_dependency,Pittsburgh,Pittsburg
deliveries,518697,store_city,violated_dependency,Erie,Pittsburgh
deliveries,522197,store_city,violated_dependency,Pittsburgh,Pittsburg
deliveries,515747,store_city,violated_dependency,Pittsburgh,Pittsburg
deliveries,647606,store_city,violated_dependency,Cranberry Township,Pittsburgh
deliveries,621957,store_city,violated_dependency,Pittsburgh,Pittsburg
deliveries,553530,store_city,violated_dependency,Monroeville,Pittsburgh
deliveries,609041,store_city,violated_dependency,Pittsburgh,Pittsburg
deliveries,697136,store_city,violated_dependency,Pittsburgh,Pittsburg
deliveries,510182,store_city,violated_dependency,Pittsburgh,Pittsburg
deliveries,598654,store_city,violated_dependency,Harrisburg,Pittsburgh
deliveries,601789,store_city,violated_dependency,Cranberry Township,Pittsburgh
deliveries,659449,store_city,violated_dependency,Harrisburg,Pittsburgh
deliveries,564953,store_city,violated_dependency,Pittsburgh,Pittsburg
deliveries,507301,store_city,violated_dependency,Cranberry Township,Pittsburgh
deliveries,636053,category,misfielded_value,pantry,Heartland Pantry
deliveries,586978,category,misfielded_value,beverages,Three Rivers Beverages
deliveries,598829,category,misfielded_value,produce,Ohio Valley Farms
deliveries,676480,category,misfielded_value,meat,Laurel Highlands Meats
deliveries,637536,category,misfielded_value,meat,Laurel Highlands Meats
deliveries,566669,category,misfielded_value,beverages,Three Rivers Beverages
deliveries,594148,category,misfielded_value,pantry,Heartland Pantry
deliveries,540815,category,misfielded_value,beverages,Three Rivers Beverages
deliveries,685866,category,misfielded_value,pantry,Heartland Pantry
deliveries,545343,category,misfielded_value,household,CleanHome Supplies
deliveries,512057,category,misfielded_value,dairy,Keystone Dairy
deliveries,634659,category,misfielded_value,produce,Ohio Valley Farms
deliveries,619472,category,misfielded_value,bakery,Allegheny Bakery
deliveries,569683,category,misfielded_value,frozen,Sunrise Frozen Foods
deliveries,673587,category,misfielded_value,household,CleanHome Supplies
deliveries,536618,category,misfielded_value,produce,Ohio Valley Farms
deliveries,550192,category,misfielded_value,produce,Ohio Valley Farms
deliveries,687453,category,misfielded_value,refill,EcoRefill Co.
deliveries,692288,category,misfielded_value,household,CleanHome Supplies
deliveries,617352,category,misfielded_value,frozen,Sunrise Frozen Foods
deliveries,677501,category,misfielded_value,pantry,Heartland Pantry
deliveries,539844,category,misfielded_value,dairy,Keystone Dairy
deliveries,538676,category,misfielded_value,produce,Ohio Valley Farms
deliveries,587428,category,misfielded_value,meat,Laurel Highlands Meats
deliveries,683583,category,misfielded_value,produce,Ohio Valley Farms
deliveries,689068,category,misfielded_value,pantry,Heartland Pantry
deliveries,515456,category,misfielded_value,bakery,Allegheny Bakery
deliveries,513514,category,misfielded_value,produce,Fresh Fields Produce
deliveries,634711,category,misfielded_value,pantry,Heartland Pantry
deliveries,559099,category,misfielded_value,bakery,Allegheny Bakery
deliveries,651979,category,misfielded_value,dairy,Keystone Dairy
deliveries,525196,category,misfielded_value,bakery,Allegheny Bakery
deliveries,508950,category,misfielded_value,frozen,Sunrise Frozen Foods
deliveries,594240,category,misfielded_value,beverages,Three Rivers Beverages
deliveries,657382,category,misfielded_value,beverages,Three Rivers Beverages
deliveries,574308,category,misfielded_value,pantry,Heartland Pantry
deliveries,521055,category,misfielded_value,pantry,Heartland Pantry
deliveries,593956,category,misfielded_value,seafood,Great Lakes Seafood
deliveries,528057,category,misfielded_value,produce,Fresh Fields Produce
deliveries,580538,category,misfielded_value,produce,Fresh Fields Produce
deliveries,550457,category,misfielded_value,dairy,Keystone Dairy
deliveries,534905,category,misfielded_value,pantry,Heartland Pantry
deliveries,517872,category,misfielded_value,household,CleanHome Supplies
deliveries,686712,category,misfielded_value,frozen,Sunrise Frozen Foods
deliveries,501191,category,misfielded_value,pantry,Heartland Pantry
deliveries,513155,category,misfielded_value,produce,Ohio Valley Farms
deliveries,607709,category,misfielded_value,dairy,Keystone Dairy
deliveries,546270,category,misfielded_value,pantry,Heartland Pantry
deliveries,680187,category,misfielded_value,refill,EcoRefill Co.
deliveries,509290,category,misfielded_value,household,CleanHome Supplies
deliveries,544552,category,misfielded_value,beverages,Three Rivers Beverages
deliveries,685372,category,misfielded_value,beverages,Three Rivers Beverages
deliveries,510373,category,misfielded_value,pantry,Heartland Pantry
deliveries,687463,category,misfielded_value,dairy,Keystone Dairy
deliveries,544782,category,misfielded_value,pantry,Heartland Pantry
deliveries,548714,category,misfielded_value,produce,Ohio Valley Farms
deliveries,595236,category,misfielded_value,meat,Laurel Highlands Meats
deliveries,571882,category,misfielded_value,frozen,Sunrise Frozen Foods
deliveries,570972,category,misfielded_value,produce,Fresh Fields Produce
deliveries,571535,category,misfielded_value,pantry,Heartland Pantry
deliveries,670143,category,misfielded_value,dairy,Keystone Dairy
deliveries,510494,category,misfielded_value,meat,Laurel Highlands Meats
deliveries,526746,category,misfielded_value,pantry,Heartland Pantry
deliveries,631683,category,misfielded_value,produce,Fresh Fields Produce
deliveries,622047,category,misfielded_value,household,CleanHome Supplies
deliveries,506566,category,misfielded_value,household,CleanHome Supplies
deliveries,619887,category,misfielded_value,produce,Ohio Valley Farms
deliveries,610440,category,misfielded_value,household,CleanHome Supplies
deliveries,688278,category,misfielded_value,bakery,Allegheny Bakery
deliveries,508331,category,misfielded_value,refill,EcoRefill Co.
deliveries,669338,category,misfielded_value,household,CleanHome Supplies
deliveries,608756,category,misfielded_value,produce,Ohio Valley Farms
deliveries,537727,category,misfielded_value,pantry,Heartland Pantry
deliveries,601394,category,misfielded_value,frozen,Sunrise Frozen Foods
deliveries,647111,category,misfielded_value,frozen,Sunrise Frozen Foods
deliveries,690783,category,misfielded_value,household,CleanHome Supplies
deliveries,541365,category,misfielded_value,seafood,Great Lakes Seafood
deliveries,572003,category,misfielded_value,beverages,Three Rivers Beverages
deliveries,671963,category,misfielded_value,dairy,Keystone Dairy
deliveries,509225,category,misfielded_value,dairy,Keystone Dairy
deliveries,584596,category,misfielded_value,household,CleanHome Supplies
deliveries,650910,category,misfielded_value,frozen,Sunrise Frozen Foods
deliveries,610949,category,misfielded_value,pantry,Heartland Pantry
deliveries,504100,category,misfielded_value,household,CleanHome Supplies
deliveries,604542,category,misfielded_value,dairy,Keystone Dairy
deliveries,616889,category,misfielded_value,beverages,Three Rivers Beverages
deliveries,571864,category,misfielded_value,produce,Ohio Valley Farms
deliveries,565278,category,misfielded_value,pantry,Heartland Pantry
deliveries,645389,category,misfielded_value,household,CleanHome Supplies
deliveries,614180,category,misfielded_value,frozen,Great Lakes Seafood
deliveries,660588,category,misfielded_value,frozen,Sunrise Frozen Foods
deliveries,533981,category,misfielded_value,produce,Fresh Fields Produce
deliveries,595602,category,misfielded_value,pantry,Heartland Pantry
deliveries,568850,category,misfielded_value,frozen,Sunrise Frozen Foods
deliveries,567495,category,misfielded_value,pantry,Heartland Pantry
deliveries,666859,category,misfielded_value,meat,Laurel Highlands Meats
deliveries,500548,category,misfielded_value,beverages,Three Rivers Beverages
deliveries,502657,category,misfielded_value,pantry,Heartland Pantry
deliveries,581054,category,misfielded_value,refill,EcoRefill Co.
deliveries,667066,category,misfielded_value,dairy,Keystone Dairy
deliveries,519474,category,misfielded_value,pantry,Heartland Pantry
deliveries,540867,category,misfielded_value,meat,Laurel Highlands Meats
deliveries,555749,category,misfielded_value,pantry,Heartland Pantry
deliveries,577308,category,misfielded_value,dairy,Keystone Dairy
deliveries,576887,category,misfielded_value,pantry,Heartland Pantry
deliveries,573458,category,misfielded_value,pantry,Heartland Pantry
deliveries,664216,category,misfielded_value,produce,Fresh Fields Produce
deliveries,597860,category,misfielded_value,frozen,Sunrise Frozen Foods
deliveries,501824,category,misfielded_value,bakery,Allegheny Bakery
deliveries,657016,category,misfielded_value,frozen,Sunrise Frozen Foods
deliveries,536320,category,misfielded_value,household,CleanHome Supplies
deliveries,679501,category,misfielded_value,produce,Ohio Valley Farms
deliveries,543962,category,misfielded_value,pantry,Heartland Pantry
deliveries,524668,category,misfielded_value,bakery,Allegheny Bakery
deliveries,528117,category,misfielded_value,meat,Laurel Highlands Meats
deliveries,624146,category,misfielded_value,produce,Fresh Fields Produce
deliveries,681361,category,misfielded_value,dairy,Keystone Dairy
deliveries,518671,category,misfielded_value,produce,Fresh Fields Produce
deliveries,583595,category,misfielded_value,produce,Fresh Fields Produce
deliveries,578238,category,misfielded_value,household,CleanHome Supplies
deliveries,543974,category,misfielded_value,produce,Ohio Valley Farms
deliveries,661905,category,misfielded_value,dairy,Keystone Dairy
deliveries,615047,category,misfielded_value,dairy,Keystone Dairy
deliveries,618731,category,misfielded_value,seafood,Great Lakes Seafood
deliveries,568545,category,misfielded_value,household,CleanHome Supplies
deliveries,506379,category,misfielded_value,household,CleanHome Supplies
deliveries,526132,category,misfielded_value,pantry,Heartland Pantry
deliveries,630001,category,misfielded_value,produce,Fresh Fields Produce
deliveries,640993,category,misfielded_value,refill,EcoRefill Co.
deliveries,598524,category,misfielded_value,refill,EcoRefill Co.
deliveries,678374,category,misfielded_value,pantry,Heartland Pantry
deliveries,667794,category,misfielded_value,beverages,Three Rivers Beverages
deliveries,521314,category,misfielded_value,beverages,Three Rivers Beverages
deliveries,547397,category,misfielded_value,pantry,Heartland Pantry
deliveries,617732,category,misfielded_value,pantry,Heartland Pantry
deliveries,560250,category,misfielded_value,produce,Fresh Fields Produce
deliveries,522013,category,misfielded_value,pantry,Heartland Pantry
deliveries,509252,category,misfielded_value,produce,Ohio Valley Farms
deliveries,632089,category,misfielded_value,beverages,Three Rivers Beverages
deliveries,612810,category,misfielded_value,beverages,Three Rivers Beverages
deliveries,573453,category,misfielded_value,beverages,Three Rivers Beverages
deliveries,612954,category,misfielded_value,meat,Laurel Highlands Meats
deliveries,662834,category,misfielded_value,pantry,Heartland Pantry
deliveries,546513,category,misfielded_value,pantry,Heartland Pantry
deliveries,685057,category,misfielded_value,beverages,Three Rivers Beverages
deliveries,512453,category,misfielded_value,refill,EcoRefill Co.
deliveries,619863,category,misfielded_value,dairy,Keystone Dairy
deliveries,556897,category,misfielded_value,bakery,Allegheny Bakery
deliveries,602459,category,misfielded_value,produce,Fresh Fields Produce
deliveries,534531,category,misfielded_value,pantry,Heartland Pantry
deliveries,614893,category,misfielded_value,household,CleanHome Supplies
deliveries,564549,category,misfielded_value,beverages,Three Rivers Beverages
deliveries,649015,category,misfielded_value,dairy,Keystone Dairy
deliveries,541786,category,misfielded_value,dairy,Keystone Dairy
deliveries,551325,category,misfielded_value,household,CleanHome Supplies
deliveries,687984,category,misfielded_value,frozen,Sunrise Frozen Foods
deliveries,662965,category,misfielded_value,pantry,Heartland Pantry
deliveries,616782,category,misfielded_value,beverages,Three Rivers Beverages
deliveries,643033,category,misfielded_value,produce,Ohio Valley Farms
deliveries,560141,category,misfielded_value,produce,Ohio Valley Farms
deliveries,624689,category,misfielded_value,beverages,Three Rivers Beverages
deliveries,595951,category,misfielded_value,meat,Laurel Highlands Meats
deliveries,636686,category,misfielded_value,produce,Ohio Valley Farms
deliveries,505840,category,misfielded_value,household,CleanHome Supplies
deliveries,539957,category,misfielded_value,meat,Laurel Highlands Meats
deliveries,537885,category,misfielded_value,dairy,Keystone Dairy
deliveries,549863,category,misfielded_value,meat,Laurel Highlands Meats
deliveries,522175,category,misfielded_value,beverages,Three Rivers Beverages
deliveries,577212,category,misfielded_value,beverages,Three Rivers Beverages
deliveries,535810,category,misfielded_value,household,CleanHome Supplies
deliveries,648293,category,misfielded_value,dairy,Keystone Dairy
deliveries,587174,category,misfielded_value,beverages,Three Rivers Beverages
deliveries,500773,category,misfielded_value,bakery,Allegheny Bakery
deliveries,659675,category,misfielded_value,beverages,Three Rivers Beverages
deliveries,640723,category,misfielded_value,produce,Ohio Valley Farms
deliveries,513885,category,misfielded_value,dairy,Keystone Dairy
deliveries,597088,category,misfielded_value,dairy,Keystone Dairy
deliveries,660760,category,misfielded_value,produce,Fresh Fields Produce
deliveries,607813,category,misfielded_value,dairy,Keystone Dairy
deliveries,633353,category,misfielded_value,dairy,Keystone Dairy
deliveries,666247,category,misfielded_value,produce,Fresh Fields Produce
deliveries,645279,category,misfielded_value,dairy,Keystone Dairy
deliveries,580900,category,misfielded_value,dairy,Keystone Dairy
deliveries,544497,category,misfielded_value,meat,Laurel Highlands Meats
deliveries,590766,category,misfielded_value,dairy,Keystone Dairy
deliveries,631060,category,misfielded_value,beverages,Three Rivers Beverages
deliveries,554044,category,misfielded_value,dairy,Keystone Dairy
deliveries,678356,category,misfielded_value,dairy,Keystone Dairy
deliveries,653478,category,misfielded_value,produce,Ohio Valley Farms
deliveries,613008,category,misfielded_value,pantry,Heartland Pantry
deliveries,637147,category,misfielded_value,beverages,Three Rivers Beverages
deliveries,500355,category,misfielded_value,beverages,Three Rivers Beverages
deliveries,548025,category,misfielded_value,frozen,Great Lakes Seafood
deliveries,503142,category,misfielded_value,refill,EcoRefill Co.
deliveries,539128,category,misfielded_value,seafood,Great Lakes Seafood
deliveries,678112,category,misfielded_value,produce,Fresh Fields Produce
deliveries,581842,category,misfielded_value,produce,Ohio Valley Farms
deliveries,692492,delivery_date,placeholder,2025-12-09,1900-01-01
deliveries,691208,delivery_date,placeholder,2025-12-04,1900-01-01
deliveries,559742,delivery_date,placeholder,2024-08-12,1900-01-01
deliveries,570622,delivery_date,placeholder,2024-09-20,1900-01-01
deliveries,663595,delivery_date,placeholder,2025-08-27,1900-01-01
deliveries,617113,delivery_date,placeholder,2025-03-17,1900-01-01
deliveries,558052,delivery_date,placeholder,2024-08-06,1900-01-01
deliveries,515143,delivery_date,placeholder,2024-03-05,1900-01-01
deliveries,585242,delivery_date,placeholder,2024-11-12,1900-01-01
deliveries,680543,delivery_date,placeholder,2025-10-25,1900-01-01
deliveries,515604,delivery_date,placeholder,2024-03-07,1900-01-01
deliveries,681877,delivery_date,placeholder,2025-10-30,1900-01-01
deliveries,545036,delivery_date,placeholder,2024-06-23,1900-01-01
deliveries,556804,delivery_date,placeholder,2024-08-02,1900-01-01
deliveries,501666,delivery_date,placeholder,2024-01-09,1900-01-01
deliveries,693149,delivery_date,placeholder,2025-12-12,1900-01-01
deliveries,530342,delivery_date,placeholder,2024-05-03,1900-01-01
deliveries,654171,delivery_date,placeholder,2025-07-26,1900-01-01
deliveries,652888,delivery_date,placeholder,2025-07-21,1900-01-01
deliveries,538036,delivery_date,placeholder,2024-05-30,1900-01-01
deliveries,554735,delivery_date,placeholder,2024-07-26,1900-01-01
deliveries,663116,delivery_date,placeholder,2025-08-25,1900-01-01
deliveries,685180,delivery_date,placeholder,2025-11-11,1900-01-01
deliveries,655816,delivery_date,placeholder,2025-08-01,1900-01-01
deliveries,550193,delivery_date,placeholder,2024-07-11,1900-01-01
deliveries,507069,delivery_date,placeholder,2024-02-01,1900-01-01
deliveries,695809,delivery_date,placeholder,2025-12-22,1900-01-01
deliveries,524336,delivery_date,placeholder,2024-04-11,1900-01-01
deliveries,594167,delivery_date,placeholder,2024-12-16,1900-01-01
deliveries,622325,delivery_date,placeholder,2025-04-06,1900-01-01
deliveries,526893,delivery_date,placeholder,2024-04-20,1900-01-01
deliveries,509388,delivery_date,placeholder,2024-02-10,1900-01-01
deliveries,600415,delivery_date,placeholder,2025-01-09,1900-01-01
deliveries,504333,delivery_date,placeholder,2024-01-20,1900-01-01
deliveries,677024,delivery_date,placeholder,2025-10-12,1900-01-01
deliveries,581125,delivery_date,placeholder,2024-10-27,1900-01-01
deliveries,525322,delivery_date,placeholder,2024-04-14,1900-01-01
deliveries,537620,delivery_date,placeholder,2024-05-28,1900-01-01
deliveries,628257,delivery_date,placeholder,2025-04-28,1900-01-01
deliveries,503844,delivery_date,placeholder,2024-01-19,1900-01-01
deliveries,677621,delivery_date,placeholder,2025-10-14,1900-01-01
deliveries,504885,delivery_date,placeholder,2024-01-22,1900-01-01
deliveries,667202,delivery_date,placeholder,2025-09-08,1900-01-01
deliveries,632416,delivery_date,placeholder,2025-05-13,1900-01-01
deliveries,581123,delivery_date,placeholder,2024-10-27,1900-01-01
deliveries,631027,delivery_date,placeholder,2025-05-08,1900-01-01
deliveries,570341,delivery_date,placeholder,2024-09-19,1900-01-01
deliveries,662487,delivery_date,placeholder,2025-08-23,1900-01-01
deliveries,607427,delivery_date,placeholder,2025-02-06,1900-01-01
deliveries,663407,delivery_date,placeholder,2025-08-26,1900-01-01
deliveries,652471,delivery_date,placeholder,2025-07-20,1900-01-01
deliveries,523680,delivery_date,placeholder,2024-04-08,1900-01-01
deliveries,655545,delivery_date,placeholder,2025-07-31,1900-01-01
deliveries,534581,delivery_date,placeholder,2024-05-18,1900-01-01
deliveries,653410,delivery_date,placeholder,2025-07-24,1900-01-01
deliveries,517417,delivery_date,placeholder,2024-03-15,1900-01-01
deliveries,676938,delivery_date,placeholder,2025-10-11,1900-01-01
deliveries,527813,delivery_date,placeholder,2024-04-23,1900-01-01
deliveries,678191,delivery_date,placeholder,2025-10-16,1900-01-01
deliveries,571303,delivery_date,placeholder,2024-09-22,1900-01-01
deliveries,576112,delivery_date,placeholder,2024-10-10,1900-01-01
deliveries,557786,delivery_date,placeholder,2024-08-05,1900-01-01
deliveries,584282,delivery_date,placeholder,2024-11-09,1900-01-01
deliveries,588592,delivery_date,placeholder,2024-11-24,1900-01-01
deliveries,541924,delivery_date,placeholder,2024-06-12,1900-01-01
deliveries,550657,delivery_date,placeholder,2024-07-12,1900-01-01
deliveries,674179,delivery_date,placeholder,2025-10-03,1900-01-01
deliveries,621091,delivery_date,placeholder,2025-04-01,1900-01-01
deliveries,667740,delivery_date,placeholder,2025-09-10,1900-01-01
deliveries,618049,delivery_date,placeholder,2025-03-21,1900-01-01
deliveries,660354,delivery_date,placeholder,2025-08-16,1900-01-01
deliveries,564195,delivery_date,placeholder,2024-08-28,1900-01-01
deliveries,686671,delivery_date,placeholder,2025-11-17,1900-01-01
deliveries,656772,delivery_date,placeholder,2025-08-04,1900-01-01
deliveries,666193,delivery_date,placeholder,2025-09-05,1900-01-01
deliveries,511997,delivery_date,placeholder,2024-02-21,1900-01-01
deliveries,660559,delivery_date,placeholder,2025-08-16,1900-01-01
deliveries,518104,delivery_date,placeholder,2024-03-17,1900-01-01
deliveries,523002,delivery_date,placeholder,2024-04-05,1900-01-01
deliveries,669065,delivery_date,placeholder,2025-09-14,1900-01-01
deliveries,563208,delivery_date,placeholder,2024-08-25,1900-01-01
deliveries,677923,delivery_date,placeholder,2025-10-15,1900-01-01
deliveries,564076,delivery_date,placeholder,2024-08-28,1900-01-01
deliveries,500490,delivery_date,placeholder,2024-01-04,1900-01-01
deliveries,664586,delivery_date,placeholder,2025-08-30,1900-01-01
deliveries,630052,delivery_date,placeholder,2025-05-04,1900-01-01
deliveries,500581,delivery_date,placeholder,2024-01-05,1900-01-01
deliveries,654629,delivery_date,placeholder,2025-07-27,1900-01-01
deliveries,579180,delivery_date,placeholder,2024-10-21,1900-01-01
deliveries,621826,delivery_date,placeholder,2025-04-04,1900-01-01
deliveries,652141,delivery_date,placeholder,2025-07-19,1900-01-01
deliveries,503308,delivery_date,placeholder,2024-01-16,1900-01-01
deliveries,567737,delivery_date,placeholder,2024-09-09,1900-01-01
deliveries,597733,delivery_date,placeholder,2024-12-29,1900-01-01
deliveries,665064,delivery_date,placeholder,2025-08-31,1900-01-01
deliveries,695578,delivery_date,placeholder,2025-12-21,1900-01-01
deliveries,509566,quantity,illegal_value,10.0,-10.0
deliveries,513779,quantity,illegal_value,24.0,-24.0
deliveries,513578,quantity,illegal_value,24.0,-24.0
deliveries,627157,quantity,illegal_value,12.0,-12.0
deliveries,628601,quantity,illegal_value,12.0,-12.0
deliveries,551053,quantity,illegal_value,48.0,-48.0
deliveries,637348,quantity,illegal_value,24.0,-24.0
deliveries,506624,quantity,illegal_value,44.0,-44.0
deliveries,506531,quantity,illegal_value,12.0,-12.0
deliveries,620759,quantity,illegal_value,72.0,-72.0
deliveries,588108,quantity,illegal_value,27.0,-27.0
deliveries,670181,quantity,illegal_value,36.0,-36.0
deliveries,565874,quantity,illegal_value,12.0,-12.0
deliveries,513548,quantity,illegal_value,24.0,-24.0
deliveries,555821,quantity,illegal_value,12.0,-12.0
deliveries,538523,quantity,illegal_value,24.0,-24.0
deliveries,507612,quantity,illegal_value,18.0,-18.0
deliveries,669513,quantity,illegal_value,12.0,-12.0
deliveries,546248,quantity,illegal_value,5.0,-5.0
deliveries,591005,quantity,illegal_value,12.0,-12.0
deliveries,509871,quantity,illegal_value,24.0,-24.0
deliveries,542005,quantity,illegal_value,12.0,-12.0
deliveries,504968,quantity,illegal_value,8.0,-8.0
deliveries,620833,quantity,illegal_value,24.0,-24.0
deliveries,537309,quantity,illegal_value,12.0,-12.0
deliveries,674073,quantity,illegal_value,24.0,-24.0
deliveries,646784,quantity,illegal_value,16.0,-16.0
deliveries,563230,quantity,illegal_value,12.0,-12.0
deliveries,602752,quantity,illegal_value,20.0,-20.0
deliveries,612102,quantity,illegal_value,45.0,-45.0
deliveries,616841,quantity,illegal_value,12.0,-12.0
deliveries,510026,quantity,illegal_value,20.0,-20.0
deliveries,694525,quantity,illegal_value,10.0,-10.0
deliveries,638087,quantity,illegal_value,8.0,-8.0
deliveries,583695,quantity,illegal_value,4.0,-4.0
deliveries,649917,quantity,illegal_value,12.0,-12.0
deliveries,606942,quantity,illegal_value,12.0,-12.0
deliveries,695344,quantity,illegal_value,96.0,-96.0
deliveries,501172,quantity,illegal_value,12.0,-12.0
deliveries,654063,quantity,illegal_value,24.0,-24.0
deliveries,560785,quantity,illegal_value,40.0,-40.0
deliveries,659435,quantity,illegal_value,36.0,-36.0
deliveries,675579,quantity,illegal_value,22.0,-22.0
deliveries,557495,quantity,illegal_value,30.0,-30.0
deliveries,569239,quantity,illegal_value,12.0,-12.0
deliveries,656042,quantity,illegal_value,28.0,-28.0
deliveries,541790,quantity,illegal_value,24.0,-24.0
deliveries,549419,quantity,illegal_value,8.0,-8.0
deliveries,566688,quantity,illegal_value,40.0,-40.0
deliveries,563855,quantity,illegal_value,72.0,-72.0
deliveries,564480,quantity,illegal_value,6.0,-6.0
deliveries,550653,quantity,illegal_value,10.0,-10.0
deliveries,590226,quantity,illegal_value,48.0,-48.0
deliveries,630611,quantity,illegal_value,48.0,-48.0
deliveries,662615,quantity,illegal_value,20.0,-20.0
deliveries,526902,quantity,illegal_value,72.0,-72.0
deliveries,588523,quantity,illegal_value,24.0,-24.0
deliveries,625235,quantity,illegal_value,20.0,-20.0
deliveries,547440,quantity,illegal_value,6.0,-6.0
deliveries,578106,quantity,illegal_value,8.0,-8.0
deliveries,607850,quantity,illegal_value,36.0,-36.0
deliveries,637201,quantity,illegal_value,24.0,-24.0
deliveries,546668,quantity,illegal_value,36.0,-36.0
deliveries,667938,quantity,illegal_value,8.0,-8.0
deliveries,608762,quantity,illegal_value,45.0,-45.0
deliveries,606626,quantity,illegal_value,10.0,-10.0
deliveries,656833,quantity,illegal_value,48.0,-48.0
deliveries,688095,quantity,illegal_value,16.0,-16.0
deliveries,639367,quantity,illegal_value,36.0,-36.0
deliveries,523155,quantity,illegal_value,24.0,-24.0
deliveries,529549,quantity,illegal_value,6.0,-6.0
deliveries,653716,quantity,illegal_value,12.0,-12.0
deliveries,565133,quantity,illegal_value,13.0,-13.0
deliveries,565386,quantity,illegal_value,20.0,-20.0
deliveries,546045,quantity,illegal_value,12.0,-12.0
deliveries,528380,quantity,illegal_value,4.0,-4.0
deliveries,509870,quantity,illegal_value,48.0,-48.0
deliveries,667782,quantity,illegal_value,30.0,-30.0
deliveries,578871,quantity,illegal_value,4.0,-4.0
deliveries,516077,quantity,illegal_value,60.0,-60.0
deliveries,640666,quantity,illegal_value,8.0,-8.0
deliveries,558321,quantity,illegal_value,12.0,-12.0
deliveries,556588,quantity,illegal_value,72.0,-72.0
deliveries,552482,quantity,illegal_value,48.0,-48.0
deliveries,560636,quantity,illegal_value,12.0,-12.0
deliveries,690052,quantity,illegal_value,12.0,-12.0
deliveries,692092,quantity,illegal_value,72.0,-72.0
deliveries,536488,quantity,illegal_value,10.0,-10.0
deliveries,690540,quantity,illegal_value,12.0,-12.0
deliveries,537384,quantity,illegal_value,15.0,-15.0
deliveries,619508,quantity,illegal_value,24.0,-24.0
deliveries,549798,quantity,illegal_value,24.0,-24.0
deliveries,688376,quantity,illegal_value,8.0,-8.0
deliveries,575199,quantity,illegal_value,40.0,-40.0
deliveries,688986,quantity,illegal_value,10.0,-10.0
deliveries,509980,quantity,illegal_value,6.0,-6.0
deliveries,576124,quantity,illegal_value,4.0,-4.0
deliveries,612870,quantity,illegal_value,72.0,-72.0
deliveries,666904,*,missing_record,delivery,
deliveries,654652,*,missing_record,delivery,
deliveries,612293,*,missing_record,delivery,
deliveries,513399,*,missing_record,delivery,
deliveries,511781,*,missing_record,delivery,
deliveries,508965,*,missing_record,delivery,
deliveries,630989,*,missing_record,delivery,
deliveries,572693,*,missing_record,delivery,
deliveries,558076,*,missing_record,delivery,
deliveries,540909,*,missing_record,delivery,
deliveries,566477,*,missing_record,delivery,
deliveries,566105,*,missing_record,delivery,
deliveries,647603,*,missing_record,delivery,
deliveries,671972,*,missing_record,delivery,
deliveries,519262,*,missing_record,delivery,
deliveries,582817,*,missing_record,delivery,
deliveries,599987,*,missing_record,delivery,
deliveries,653463,*,missing_record,delivery,
deliveries,639721,*,missing_record,delivery,
deliveries,560386,*,missing_record,delivery,
deliveries,601557,*,missing_record,delivery,
deliveries,506604,*,missing_record,delivery,
deliveries,578825,*,missing_record,delivery,
deliveries,563442,*,missing_record,delivery,
deliveries,689484,*,missing_record,delivery,
deliveries,661208,*,missing_record,delivery,
deliveries,686784,*,missing_record,delivery,
deliveries,519546,*,missing_record,delivery,
deliveries,591312,*,missing_record,delivery,
deliveries,698038,*,missing_record,delivery,
deliveries,686500,*,missing_record,delivery,
deliveries,664683,*,missing_record,delivery,
deliveries,654950,*,missing_record,delivery,
deliveries,532474,*,missing_record,delivery,
deliveries,505082,*,missing_record,delivery,
deliveries,527901,*,missing_record,delivery,
deliveries,521635,*,missing_record,delivery,
deliveries,663532,*,missing_record,delivery,
deliveries,676986,*,missing_record,delivery,
deliveries,644978,*,missing_record,delivery,
deliveries,686954,*,missing_record,delivery,
deliveries,696545,*,missing_record,delivery,
deliveries,556175,*,missing_record,delivery,
deliveries,518733,*,missing_record,delivery,
deliveries,653762,*,missing_record,delivery,
deliveries,574948,*,missing_record,delivery,
deliveries,663687,*,missing_record,delivery,
deliveries,604197,*,missing_record,delivery,
deliveries,695137,*,missing_record,delivery,
deliveries,622702,*,missing_record,delivery,
deliveries,548696,*,missing_record,delivery,
deliveries,538756,*,missing_record,delivery,
deliveries,543720,*,missing_record,delivery,
deliveries,654372,*,missing_record,delivery,
deliveries,526032,*,missing_record,delivery,
deliveries,691972,*,missing_record,delivery,
deliveries,568192,*,missing_record,delivery,
deliveries,583135,*,missing_record,delivery,
deliveries,597520,*,missing_record,delivery,
deliveries,539427,*,missing_record,delivery,
deliveries,664601,*,missing_record,delivery,
deliveries,544295,*,missing_record,delivery,
deliveries,648656,*,missing_record,delivery,
deliveries,655640,*,missing_record,delivery,
deliveries,691756,*,missing_record,delivery,
deliveries,534773,*,missing_record,delivery,
deliveries,646332,*,missing_record,delivery,
deliveries,575534,*,missing_record,delivery,
deliveries,556271,*,missing_record,delivery,
deliveries,527995,*,missing_record,delivery,
deliveries,608390,*,missing_record,delivery,
deliveries,554123,*,missing_record,delivery,
deliveries,573782,*,missing_record,delivery,
deliveries,605124,*,missing_record,delivery,
deliveries,653666,*,missing_record,delivery,
deliveries,695820,*,missing_record,delivery,
deliveries,554549,*,missing_record,delivery,
deliveries,661978,*,missing_record,delivery,
deliveries,515783,*,missing_record,delivery,
deliveries,683999,*,missing_record,delivery,
deliveries,639955,*,missing_record,delivery,
deliveries,652214,*,missing_record,delivery,
deliveries,558090,*,missing_record,delivery,
deliveries,598023,*,missing_record,delivery,
deliveries,692429,*,missing_record,delivery,
deliveries,633645,*,missing_record,delivery,
deliveries,582806,*,missing_record,delivery,
deliveries,664075,*,missing_record,delivery,
deliveries,552664,*,missing_record,delivery,
deliveries,635003,*,missing_record,delivery,
deliveries,674144,*,missing_record,delivery,
deliveries,584366,*,missing_record,delivery,
deliveries,680892,*,missing_record,delivery,
deliveries,660106,*,missing_record,delivery,
deliveries,682699,*,missing_record,delivery,
deliveries,597097,*,missing_record,delivery,
deliveries,666830,*,missing_record,delivery,
deliveries,505372,*,missing_record,delivery,
deliveries,597044,*,missing_record,delivery,
deliveries,562259,*,missing_record,delivery,
deliveries,580278,*,missing_record,delivery,
deliveries,565272,*,missing_record,delivery,
deliveries,691781,*,missing_record,delivery,
deliveries,623471,*,missing_record,delivery,
deliveries,610714,*,missing_record,delivery,
deliveries,526296,*,missing_record,delivery,
deliveries,527832,*,missing_record,delivery,
deliveries,691487,*,missing_record,delivery,
deliveries,576328,*,missing_record,delivery,
deliveries,533740,*,missing_record,delivery,
deliveries,514301,*,missing_record,delivery,
deliveries,629207,*,missing_record,delivery,
deliveries,682995,*,missing_record,delivery,
deliveries,580218,*,missing_record,delivery,
deliveries,668741,*,missing_record,delivery,
deliveries,530147,*,missing_record,delivery,
deliveries,588753,*,missing_record,delivery,
deliveries,515527,*,missing_record,delivery,
deliveries,625593,*,missing_record,delivery,
deliveries,646938,*,missing_record,delivery,
deliveries,595159,*,missing_record,delivery,
deliveries,517808,*,missing_record,delivery,
deliveries,580672,*,missing_record,delivery,
deliveries,533218,*,missing_record,delivery,
deliveries,546514,*,missing_record,delivery,
deliveries,561649,*,missing_record,delivery,
deliveries,616184,*,missing_record,delivery,
deliveries,545943,*,missing_record,delivery,
deliveries,628479,*,missing_record,delivery,
deliveries,502057,*,missing_record,delivery,
deliveries,581869,*,missing_record,delivery,
deliveries,636670,*,missing_record,delivery,
deliveries,527871,*,missing_record,delivery,
deliveries,610693,*,missing_record,delivery,
deliveries,553314,*,missing_record,delivery,
deliveries,557729,*,missing_record,delivery,
deliveries,535130,*,missing_record,delivery,
deliveries,694650,*,missing_record,delivery,
deliveries,620087,*,missing_record,delivery,
deliveries,559401,*,missing_record,delivery,
deliveries,516700,*,missing_record,delivery,
deliveries,696424,*,missing_record,delivery,
deliveries,686523,*,missing_record,delivery,
deliveries,565610,*,missing_record,delivery,
deliveries,624585,*,missing_record,delivery,
deliveries,587280,*,missing_record,delivery,
deliveries,521123,*,missing_record,delivery,
deliveries,534454,*,missing_record,delivery,
deliveries,589574,*,missing_record,delivery,
deliveries,669630,*,missing_record,delivery,
deliveries,569297,*,missing_record,delivery,
deliveries,632185,*,missing_record,delivery,
deliveries,550149,*,missing_record,delivery,
deliveries,541585,*,missing_record,delivery,
deliveries,587535,*,missing_record,delivery,
deliveries,612127,*,missing_record,delivery,
deliveries,605971,*,missing_record,delivery,
deliveries,590915,*,missing_record,delivery,
deliveries,550302,*,missing_record,delivery,
deliveries,559903,*,missing_record,delivery,
deliveries,524780,*,missing_record,delivery,
deliveries,580134,*,missing_record,delivery,
deliveries,693142,*,missing_record,delivery,
deliveries,651410,*,missing_record,delivery,
deliveries,644511,*,missing_record,delivery,
deliveries,640491,*,missing_record,delivery,
deliveries,579707,*,missing_record,delivery,
deliveries,670345,*,missing_record,delivery,
deliveries,594867,*,missing_record,delivery,
deliveries,563254,*,missing_record,delivery,
deliveries,671532,*,missing_record,delivery,
deliveries,571318,*,missing_record,delivery,
deliveries,657606,*,missing_record,delivery,
deliveries,645931,*,missing_record,delivery,
deliveries,554671,*,missing_record,delivery,
deliveries,687459,*,missing_record,delivery,
deliveries,614800,*,missing_record,delivery,
deliveries,604651,*,missing_record,delivery,
deliveries,597055,*,missing_record,delivery,
deliveries,566558,*,missing_record,delivery,
deliveries,536567,*,missing_record,delivery,
deliveries,609965,*,missing_record,delivery,
deliveries,695543,*,missing_record,delivery,
deliveries,630480,*,missing_record,delivery,
deliveries,614154,*,missing_record,delivery,
deliveries,527666,*,missing_record,delivery,
deliveries,558087,*,missing_record,delivery,
deliveries,698185,*,missing_record,delivery,
deliveries,628926,*,missing_record,delivery,
deliveries,676840,*,missing_record,delivery,
deliveries,514981,*,missing_record,delivery,
deliveries,530865,*,missing_record,delivery,
deliveries,512244,*,missing_record,delivery,
deliveries,500854,*,missing_record,delivery,
deliveries,593999,*,missing_record,delivery,
deliveries,510992,*,missing_record,delivery,
deliveries,545964,*,missing_record,delivery,
deliveries,579810,*,missing_record,delivery,
deliveries,587427,*,missing_record,delivery,
deliveries,502160,*,missing_record,delivery,
deliveries,575808,*,missing_record,delivery,
deliveries,565892,*,missing_record,delivery,
deliveries,567241,*,missing_record,delivery,
deliveries,573876,*,missing_record,delivery,
deliveries,656634,*,missing_record,delivery,
deliveries,629451,*,missing_record,delivery,
deliveries,514650,*,missing_record,delivery,
deliveries,566662,*,missing_record,delivery,
deliveries,695539,*,missing_record,delivery,
deliveries,537786,*,missing_record,delivery,
deliveries,632723,*,missing_record,delivery,
deliveries,511376,*,missing_record,delivery,
deliveries,513475,*,missing_record,delivery,
deliveries,629862,*,missing_record,delivery,
deliveries,524641,*,missing_record,delivery,
deliveries,503857,*,missing_record,delivery,
deliveries,656797,*,missing_record,delivery,
deliveries,636071,*,missing_record,delivery,
deliveries,560428,*,missing_record,delivery,
deliveries,558784,*,missing_record,delivery,
deliveries,661472,*,missing_record,delivery,
deliveries,559584,*,missing_record,delivery,
deliveries,572527,*,missing_record,delivery,
deliveries,586755,*,missing_record,delivery,
deliveries,691404,*,missing_record,delivery,
deliveries,657570,*,missing_record,delivery,
deliveries,513265,*,missing_record,delivery,
deliveries,663839,*,missing_record,delivery,
deliveries,504580,*,missing_record,delivery,
deliveries,553815,*,missing_record,delivery,
deliveries,672600,*,missing_record,delivery,
deliveries,630760,*,missing_record,delivery,
deliveries,628693,*,missing_record,delivery,
deliveries,577534,*,missing_record,delivery,
deliveries,586133,*,missing_record,delivery,
deliveries,598238,*,missing_record,delivery,
deliveries,595977,*,missing_record,delivery,
deliveries,693295,*,missing_record,delivery,
deliveries,695421,*,missing_record,delivery,
deliveries,538520,*,missing_record,delivery,
deliveries,645012,*,missing_record,delivery,
deliveries,554652,*,missing_record,delivery,
deliveries,518271,*,missing_record,delivery,
deliveries,573316,*,missing_record,delivery,
deliveries,684369,*,missing_record,delivery,
deliveries,641158,*,missing_record,delivery,
deliveries,655359,*,missing_record,delivery,
deliveries,572544,*,missing_record,delivery,
deliveries,595787,*,missing_record,delivery,
deliveries,544290,*,missing_record,delivery,
deliveries,658526,*,missing_record,delivery,
deliveries,599178,*,missing_record,delivery,
deliveries,666884,*,missing_record,delivery,
deliveries,572859,*,missing_record,delivery,
deliveries,663006,*,missing_record,delivery,
deliveries,533921,*,missing_record,delivery,
deliveries,644947,*,missing_record,delivery,
deliveries,584312,*,missing_record,delivery,
deliveries,554164,*,missing_record,delivery,
deliveries,622095,*,missing_record,delivery,
deliveries,639705,*,missing_record,delivery,
deliveries,515469,*,missing_record,delivery,
deliveries,694529,*,missing_record,delivery,
deliveries,591877,*,missing_record,delivery,
deliveries,623187,*,missing_record,delivery,
deliveries,582140,*,missing_record,delivery,
deliveries,634959,*,missing_record,delivery,
deliveries,552365,*,missing_record,delivery,
deliveries,660538,*,missing_record,delivery,
deliveries,605459,*,missing_record,delivery,
deliveries,588493,*,missing_record,delivery,
deliveries,683845,*,missing_record,delivery,
deliveries,625418,*,missing_record,delivery,
deliveries,679675,*,missing_record,delivery,
deliveries,619695,*,missing_record,delivery,
deliveries,619239,*,missing_record,delivery,
deliveries,554830,*,missing_record,delivery,
deliveries,523954,*,missing_record,delivery,
deliveries,684172,*,missing_record,delivery,
deliveries,534658,*,missing_record,delivery,
deliveries,635913,*,missing_record,delivery,
deliveries,658032,*,missing_record,delivery,
deliveries,526784,*,missing_record,delivery,
deliveries,644584,*,missing_record,delivery,
deliveries,539948,*,missing_record,delivery,
deliveries,581660,*,missing_record,delivery,
deliveries,519932,*,missing_record,delivery,
deliveries,690915,*,missing_record,delivery,
deliveries,683768,*,missing_record,delivery,
deliveries,534015,*,missing_record,delivery,
deliveries,572826,*,missing_record,delivery,
deliveries,634163,*,missing_record,delivery,
deliveries,662522,*,missing_record,delivery,
deliveries,681121,*,missing_record,delivery,
deliveries,619970,*,missing_record,delivery,
deliveries,566826,*,missing_record,delivery,
deliveries,517837,*,missing_record,delivery,
deliveries,559341,*,missing_record,delivery,
deliveries,511277,*,missing_record,delivery,
deliveries,522954,*,missing_record,delivery,
deliveries,619683,*,missing_record,delivery,
deliveries,608791,*,missing_record,delivery,
deliveries,574542,*,missing_record,delivery,
deliveries,583022,*,missing_record,delivery,
deliveries,675103,*,missing_record,delivery,
deliveries,646788,*,missing_record,delivery,
deliveries,565118,*,missing_record,delivery,
deliveries,626311,*,missing_record,delivery,
deliveries,624427,*,missing_record,delivery,
deliveries,530605,*,missing_record,delivery,
deliveries,608923,*,missing_record,delivery,
deliveries,664042,*,missing_record,delivery,
deliveries,661121,*,missing_record,delivery,
deliveries,627485,*,missing_record,delivery,
deliveries,651048,*,missing_record,delivery,
deliveries,603461,*,missing_record,delivery,
deliveries,655953,*,missing_record,delivery,
deliveries,667952,*,missing_record,delivery,
deliveries,614638,*,missing_record,delivery,
deliveries,506056,*,missing_record,delivery,
deliveries,534181,*,missing_record,delivery,
deliveries,569313,*,missing_record,delivery,
deliveries,537387,*,missing_record,delivery,
deliveries,576419,*,missing_record,delivery,
deliveries,680213,*,missing_record,delivery,
deliveries,549158,*,missing_record,delivery,
deliveries,603218,*,missing_record,delivery,
deliveries,534205,*,missing_record,delivery,
deliveries,587530,*,missing_record,delivery,
deliveries,653999,*,missing_record,delivery,
deliveries,584770,*,missing_record,delivery,
deliveries,674247,*,missing_record,delivery,
deliveries,603444,*,missing_record,delivery,
deliveries,612476,*,missing_record,delivery,
deliveries,676547,*,missing_record,delivery,
deliveries,665897,*,missing_record,delivery,
deliveries,541160,*,missing_record,delivery,
deliveries,547352,*,missing_record,delivery,
deliveries,570703,*,missing_record,delivery,
deliveries,621083,*,missing_record,delivery,
deliveries,666623,*,missing_record,delivery,
deliveries,532917,*,missing_record,delivery,
deliveries,530753,*,missing_record,delivery,
deliveries,659057,*,missing_record,delivery,
deliveries,644802,*,missing_record,delivery,
deliveries,565465,*,missing_record,delivery,
deliveries,680534,*,missing_record,delivery,
deliveries,580365,*,missing_record,delivery,
deliveries,618452,*,missing_record,delivery,
deliveries,538534,*,missing_record,delivery,
deliveries,556515,*,missing_record,delivery,
deliveries,587252,*,missing_record,delivery,
deliveries,695095,*,missing_record,delivery,
deliveries,666638,*,missing_record,delivery,
deliveries,505090,*,missing_record,delivery,
deliveries,580380,*,missing_record,delivery,
deliveries,532529,*,missing_record,delivery,
deliveries,615416,*,missing_record,delivery,
deliveries,617443,*,missing_record,delivery,
deliveries,595360,*,missing_record,delivery,
deliveries,569899,*,missing_record,delivery,
deliveries,585035,*,missing_record,delivery,
deliveries,541061,*,missing_record,delivery,
deliveries,568778,*,missing_record,delivery,
deliveries,509485,*,missing_record,delivery,
deliveries,678247,*,missing_record,delivery,
deliveries,631480,*,missing_record,delivery,
deliveries,612315,*,missing_record,delivery,
deliveries,646677,*,missing_record,delivery,
deliveries,546621,*,missing_record,delivery,
deliveries,670625,*,missing_record,delivery,
deliveries,588448,*,missing_record,delivery,
deliveries,684616,*,missing_record,delivery,
deliveries,545468,*,missing_record,delivery,
deliveries,651180,*,missing_record,delivery,
deliveries,679943,*,missing_record,delivery,
deliveries,546152,*,missing_record,delivery,
deliveries,613942,*,missing_record,delivery,
deliveries,680864,*,missing_record,delivery,
deliveries,546670,*,missing_record,delivery,
deliveries,630464,*,missing_record,delivery,
deliveries,578266,*,missing_record,delivery,
deliveries,570380,*,missing_record,delivery,
deliveries,604206,*,missing_record,delivery,
deliveries,528883,*,missing_record,delivery,
deliveries,684585,*,missing_record,delivery,
deliveries,521321,*,missing_record,delivery,
deliveries,558999,*,missing_record,delivery,
deliveries,503262,*,missing_record,delivery,
deliveries,583557,*,missing_record,delivery,
deliveries,576468,*,missing_record,delivery,
deliveries,629423,*,missing_record,delivery,
deliveries,605438,*,missing_record,delivery,
deliveries,587163,*,missing_record,delivery,
deliveries,637807,*,missing_record,delivery,
deliveries,672763,*,missing_record,delivery,
deliveries,675974,*,missing_record,delivery,
deliveries,518305,*,missing_record,delivery,
deliveries,503056,*,missing_record,delivery,
deliveries,556193,*,missing_record,delivery,
deliveries,639993,*,missing_record,delivery,
deliveries,506585,*,missing_record,delivery,
deliveries,640040,*,missing_record,delivery,
deliveries,694120,*,missing_record,delivery,
deliveries,541769,*,missing_record,delivery,
deliveries,543196,*,missing_record,delivery,
deliveries,599332,*,missing_record,delivery,
deliveries,647170,*,missing_record,delivery,
deliveries,579914,*,missing_record,delivery,
deliveries,669609,*,missing_record,delivery,
deliveries,584752,*,missing_record,delivery,
deliveries,566642,*,missing_record,delivery,
deliveries,692396,*,missing_record,delivery,
deliveries,625320,*,missing_record,delivery,
deliveries,512166,*,missing_record,delivery,
deliveries,621754,*,missing_record,delivery,
deliveries,610262,*,missing_record,delivery,
deliveries,569264,*,missing_record,delivery,
deliveries,570452,*,missing_record,delivery,
deliveries,644021,*,missing_record,delivery,
deliveries,614460,*,missing_record,delivery,
deliveries,628439,*,missing_record,delivery,
deliveries,693135,*,missing_record,delivery,
deliveries,588970,*,missing_record,delivery,
deliveries,688583,*,missing_record,delivery,
deliveries,558805,*,missing_record,delivery,
deliveries,681757,*,missing_record,delivery,
deliveries,665611,*,missing_record,delivery,
deliveries,597854,*,missing_record,delivery,
deliveries,541063,*,missing_record,delivery,
deliveries,584648,*,missing_record,delivery,
deliveries,523749,*,missing_record,delivery,
deliveries,641009,*,missing_record,delivery,
deliveries,641255,*,missing_record,delivery,
deliveries,590885,*,missing_record,delivery,
deliveries,693848,*,missing_record,delivery,
deliveries,685407,*,missing_record,delivery,
deliveries,670223,*,missing_record,delivery,
deliveries,624044,*,missing_record,delivery,
deliveries,639338,*,missing_record,delivery,
deliveries,673967,*,missing_record,delivery,
deliveries,626685,*,missing_record,delivery,
deliveries,652661,*,missing_record,delivery,
deliveries,580963,*,missing_record,delivery,
deliveries,665919,*,missing_record,delivery,
deliveries,606752,*,missing_record,delivery,
deliveries,665429,*,missing_record,delivery,
deliveries,694988,*,missing_record,delivery,
deliveries,648447,*,missing_record,delivery,
deliveries,650929,*,missing_record,delivery,
deliveries,550373,*,missing_record,delivery,
deliveries,615711,*,missing_record,delivery,
deliveries,694198,*,missing_record,delivery,
deliveries,614302,*,missing_record,delivery,
deliveries,531083,*,missing_record,delivery,
deliveries,533533,*,missing_record,delivery,
deliveries,513143,*,missing_record,delivery,
deliveries,550537,*,missing_record,delivery,
deliveries,532840,*,missing_record,delivery,
deliveries,569750,*,missing_record,delivery,
deliveries,547839,*,missing_record,delivery,
deliveries,647955,*,missing_record,delivery,
deliveries,522707,*,missing_record,delivery,
deliveries,553578,*,missing_record,delivery,
deliveries,564197,*,missing_record,delivery,
deliveries,669334,*,missing_record,delivery,
deliveries,673319,*,missing_record,delivery,
deliveries,509618,*,missing_record,delivery,
deliveries,683850,*,missing_record,delivery,
deliveries,520305,*,missing_record,delivery,
deliveries,663414,*,missing_record,delivery,
deliveries,523394,*,missing_record,delivery,
deliveries,571679,*,missing_record,delivery,
deliveries,503419,*,missing_record,delivery,
deliveries,575968,*,missing_record,delivery,
deliveries,585917,*,missing_record,delivery,
deliveries,647223,*,missing_record,delivery,
deliveries,635374,*,missing_record,delivery,
deliveries,641229,*,missing_record,delivery,
deliveries,622577,*,missing_record,delivery,
deliveries,685033,*,missing_record,delivery,
deliveries,665868,*,missing_record,delivery,
deliveries,612525,*,missing_record,delivery,
deliveries,565819,*,missing_record,delivery,
deliveries,653520,*,missing_record,delivery,
deliveries,668242,*,missing_record,delivery,
deliveries,676319,*,missing_record,delivery,
deliveries,509523,*,missing_record,delivery,
deliveries,554768,*,missing_record,delivery,
deliveries,689478,*,missing_record,delivery,
deliveries,680143,*,missing_record,delivery,
deliveries,547507,*,missing_record,delivery,
deliveries,627953,*,missing_record,delivery,
deliveries,605879,*,missing_record,delivery,
deliveries,648060,*,missing_record,delivery,
deliveries,641744,*,missing_record,delivery,
deliveries,545290,*,missing_record,delivery,
deliveries,683562,*,missing_record,delivery,
deliveries,521378,*,missing_record,delivery,
deliveries,637798,*,missing_record,delivery,
deliveries,632236,*,missing_record,delivery,
deliveries,518650,*,missing_record,delivery,
deliveries,501365,*,missing_record,delivery,
deliveries,563682,*,missing_record,delivery,
deliveries,665980,*,missing_record,delivery,
deliveries,671010,*,missing_record,delivery,
deliveries,657832,*,missing_record,delivery,
deliveries,577388,*,missing_record,delivery,
deliveries,653128,*,missing_record,delivery,
deliveries,514040,*,missing_record,delivery,
deliveries,634089,*,missing_record,delivery,
deliveries,675528,*,missing_record,delivery,
deliveries,668821,*,missing_record,delivery,
deliveries,543952,*,missing_record,delivery,
deliveries,525222,*,missing_record,delivery,
deliveries,514698,*,missing_record,delivery,
deliveries,550910,*,missing_record,delivery,
deliveries,542242,*,missing_record,delivery,
deliveries,668426,*,missing_record,delivery,
deliveries,512670,*,missing_record,delivery,
deliveries,508655,*,missing_record,delivery,
deliveries,661738,*,missing_record,delivery,
deliveries,687734,*,missing_record,delivery,
deliveries,684805,*,missing_record,delivery,
deliveries,638105,*,missing_record,delivery,
deliveries,590426,*,missing_record,delivery,
deliveries,520028,*,missing_record,delivery,
deliveries,515717,*,missing_record,delivery,
deliveries,510013,*,missing_record,delivery,
deliveries,516965,*,missing_record,delivery,
deliveries,695819,*,missing_record,delivery,
deliveries,646910,*,missing_record,delivery,
deliveries,660766,*,missing_record,delivery,
deliveries,649319,*,missing_record,delivery,
deliveries,664896,*,missing_record,delivery,
deliveries,573632,*,missing_record,delivery,
deliveries,579698,*,missing_record,delivery,
deliveries,688388,*,missing_record,delivery,
deliveries,587526,*,missing_record,delivery,
deliveries,696409,*,missing_record,delivery,
deliveries,548313,*,missing_record,delivery,
deliveries,654580,*,missing_record,delivery,
deliveries,506753,*,missing_record,delivery,
deliveries,533804,*,missing_record,delivery,
deliveries,607213,*,missing_record,delivery,
deliveries,675755,*,missing_record,delivery,
deliveries,546900,*,missing_record,delivery,
deliveries,640265,*,missing_record,delivery,
deliveries,524938,*,missing_record,delivery,
deliveries,631431,*,missing_record,delivery,
deliveries,536225,*,missing_record,delivery,
deliveries,634204,*,missing_record,delivery,
deliveries,656466,*,missing_record,delivery,
deliveries,664849,*,missing_record,delivery,
deliveries,670343,*,missing_record,delivery,
deliveries,553989,*,missing_record,delivery,
deliveries,663262,*,missing_record,delivery,
deliveries,681490,*,missing_record,delivery,
deliveries,611322,*,missing_record,delivery,
deliveries,627003,*,missing_record,delivery,
deliveries,548814,*,missing_record,delivery,
deliveries,682810,*,missing_record,delivery,
deliveries,597195,*,missing_record,delivery,
deliveries,642234,*,missing_record,delivery,
deliveries,547777,*,missing_record,delivery,
deliveries,553037,*,missing_record,delivery,
deliveries,519502,*,missing_record,delivery,
deliveries,586032,*,missing_record,delivery,
deliveries,677545,*,missing_record,delivery,
deliveries,607193,*,missing_record,delivery,
deliveries,685581,*,missing_record,delivery,
deliveries,555515,*,missing_record,delivery,
deliveries,500757,*,missing_record,delivery,
deliveries,680955,*,missing_record,delivery,
deliveries,643607,*,missing_record,delivery,
deliveries,567257,*,missing_record,delivery,
deliveries,560807,*,missing_record,delivery,
deliveries,687201,*,missing_record,delivery,
deliveries,536696,*,missing_record,delivery,
deliveries,507291,*,missing_record,delivery,
deliveries,582948,*,missing_record,delivery,
deliveries,527755,*,missing_record,delivery,
deliveries,690704,*,missing_record,delivery,
deliveries,689527,*,missing_record,delivery,
deliveries,900001,*,duplicate_record,,copy of 581355
deliveries,900002,*,near_duplicate,,copy of 565619
deliveries,900003,*,duplicate_record,,copy of 687584
deliveries,900004,*,near_duplicate,,copy of 603119
deliveries,900005,*,duplicate_record,,copy of 634936
deliveries,900006,*,duplicate_record,,copy of 645073
deliveries,900007,*,duplicate_record,,copy of 585896
deliveries,900008,*,near_duplicate,,copy of 537424
deliveries,900009,*,duplicate_record,,copy of 570383
deliveries,900010,*,duplicate_record,,copy of 608117
deliveries,900011,*,near_duplicate,,copy of 567239
deliveries,900012,*,duplicate_record,,copy of 508012
deliveries,900013,*,near_duplicate,,copy of 668030
deliveries,900014,*,duplicate_record,,copy of 674767
deliveries,900015,*,duplicate_record,,copy of 530056
deliveries,900016,*,near_duplicate,,copy of 563671
deliveries,900017,*,duplicate_record,,copy of 584095
deliveries,900018,*,duplicate_record,,copy of 562898
deliveries,900019,*,duplicate_record,,copy of 529084
deliveries,900020,*,duplicate_record,,copy of 634290
deliveries,900021,*,duplicate_record,,copy of 502480
deliveries,900022,*,near_duplicate,,copy of 580036
deliveries,900023,*,duplicate_record,,copy of 602630
deliveries,900024,*,duplicate_record,,copy of 536044
deliveries,900025,*,duplicate_record,,copy of 556389
deliveries,900026,*,duplicate_record,,copy of 639408
deliveries,900027,*,duplicate_record,,copy of 622536
deliveries,900028,*,duplicate_record,,copy of 662557
deliveries,900029,*,duplicate_record,,copy of 604425
deliveries,900030,*,near_duplicate,,copy of 634863
deliveries,900031,*,duplicate_record,,copy of 629107
deliveries,900032,*,duplicate_record,,copy of 633573
deliveries,900033,*,duplicate_record,,copy of 560707
deliveries,900034,*,duplicate_record,,copy of 650272
deliveries,900035,*,duplicate_record,,copy of 559786
deliveries,900036,*,duplicate_record,,copy of 592607
deliveries,900037,*,duplicate_record,,copy of 555796
deliveries,900038,*,duplicate_record,,copy of 519332
deliveries,900039,*,duplicate_record,,copy of 597458
deliveries,900040,*,duplicate_record,,copy of 636602
deliveries,900041,*,near_duplicate,,copy of 644386
deliveries,900042,*,duplicate_record,,copy of 608511
deliveries,900043,*,duplicate_record,,copy of 558233
deliveries,900044,*,duplicate_record,,copy of 548861
deliveries,900045,*,duplicate_record,,copy of 528687
deliveries,900046,*,duplicate_record,,copy of 547488
deliveries,900047,*,duplicate_record,,copy of 672761
deliveries,900048,*,duplicate_record,,copy of 650500
deliveries,900049,*,duplicate_record,,copy of 648158
deliveries,900050,*,duplicate_record,,copy of 599167
deliveries,900051,*,near_duplicate,,copy of 623606
deliveries,900052,*,duplicate_record,,copy of 507036
deliveries,900053,*,duplicate_record,,copy of 572702
deliveries,900054,*,near_duplicate,,copy of 683834
deliveries,900055,*,duplicate_record,,copy of 501733
deliveries,900056,*,duplicate_record,,copy of 675448
deliveries,900057,*,near_duplicate,,copy of 627978
deliveries,900058,*,duplicate_record,,copy of 569136
deliveries,900059,*,duplicate_record,,copy of 688697
deliveries,900060,*,duplicate_record,,copy of 508677
deliveries,900061,*,near_duplicate,,copy of 555104
deliveries,900062,*,duplicate_record,,copy of 575509
deliveries,900063,*,duplicate_record,,copy of 696775
deliveries,900064,*,duplicate_record,,copy of 501562
deliveries,900065,*,duplicate_record,,copy of 521342
deliveries,900066,*,duplicate_record,,copy of 543579
deliveries,900067,*,duplicate_record,,copy of 568618
deliveries,900068,*,duplicate_record,,copy of 689727
deliveries,900069,*,duplicate_record,,copy of 548620
deliveries,900070,*,near_duplicate,,copy of 625117
deliveries,900071,*,duplicate_record,,copy of 625091
deliveries,900072,*,duplicate_record,,copy of 509340
deliveries,900073,*,duplicate_record,,copy of 548174
deliveries,900074,*,duplicate_record,,copy of 556908
deliveries,900075,*,near_duplicate,,copy of 623998
deliveries,900076,*,duplicate_record,,copy of 680348
deliveries,900077,*,duplicate_record,,copy of 616399
deliveries,900078,*,near_duplicate,,copy of 647836
deliveries,900079,*,duplicate_record,,copy of 673864
deliveries,900080,*,duplicate_record,,copy of 692285
deliveries,900081,*,duplicate_record,,copy of 507318
deliveries,900082,*,duplicate_record,,copy of 586661
deliveries,900083,*,duplicate_record,,copy of 632889
deliveries,900084,*,near_duplicate,,copy of 607397
deliveries,900085,*,near_duplicate,,copy of 686392
deliveries,900086,*,duplicate_record,,copy of 683222
deliveries,900087,*,duplicate_record,,copy of 573040
deliveries,900088,*,near_duplicate,,copy of 657967
deliveries,900089,*,near_duplicate,,copy of 519065
deliveries,900090,*,duplicate_record,,copy of 659031
deliveries,900091,*,near_duplicate,,copy of 563087
deliveries,900092,*,duplicate_record,,copy of 554576
deliveries,900093,*,near_duplicate,,copy of 525463
deliveries,900094,*,duplicate_record,,copy of 545781
deliveries,900095,*,duplicate_record,,copy of 550599
deliveries,900096,*,duplicate_record,,copy of 505993
deliveries,900097,*,duplicate_record,,copy of 656982
deliveries,900098,*,duplicate_record,,copy of 632255
deliveries,900099,*,near_duplicate,,copy of 565240
deliveries,900100,*,duplicate_record,,copy of 502167
deliveries,900101,*,near_duplicate,,copy of 627647
deliveries,900102,*,near_duplicate,,copy of 512154
deliveries,900103,*,duplicate_record,,copy of 504386
deliveries,900104,*,duplicate_record,,copy of 536463
deliveries,900105,*,duplicate_record,,copy of 586782
deliveries,900106,*,near_duplicate,,copy of 530784
deliveries,900107,*,duplicate_record,,copy of 512819
deliveries,900108,*,duplicate_record,,copy of 592019
deliveries,900109,*,duplicate_record,,copy of 532979
deliveries,900110,*,duplicate_record,,copy of 574394
deliveries,900111,*,duplicate_record,,copy of 694095
deliveries,900112,*,near_duplicate,,copy of 638283
deliveries,900113,*,duplicate_record,,copy of 589997
deliveries,900114,*,near_duplicate,,copy of 619532
deliveries,900115,*,duplicate_record,,copy of 557377
deliveries,900116,*,duplicate_record,,copy of 547829
deliveries,900117,*,duplicate_record,,copy of 601417
deliveries,900118,*,duplicate_record,,copy of 648567
deliveries,900119,*,duplicate_record,,copy of 667037
deliveries,900120,*,duplicate_record,,copy of 520319
deliveries,900121,*,duplicate_record,,copy of 600414
deliveries,900122,*,duplicate_record,,copy of 632580
deliveries,900123,*,near_duplicate,,copy of 586568
deliveries,900124,*,duplicate_record,,copy of 587443
deliveries,900125,*,near_duplicate,,copy of 518392
deliveries,900126,*,duplicate_record,,copy of 587675
deliveries,900127,*,duplicate_record,,copy of 645334
deliveries,900128,*,near_duplicate,,copy of 612103
deliveries,900129,*,near_duplicate,,copy of 542112
deliveries,900130,*,duplicate_record,,copy of 635749
deliveries,900131,*,duplicate_record,,copy of 677288
deliveries,900132,*,duplicate_record,,copy of 640974
deliveries,900133,*,duplicate_record,,copy of 526209
deliveries,900134,*,duplicate_record,,copy of 565186
deliveries,900135,*,duplicate_record,,copy of 579163
deliveries,900136,*,duplicate_record,,copy of 604426
deliveries,900137,*,duplicate_record,,copy of 647870
deliveries,900138,*,duplicate_record,,copy of 603878
deliveries,900139,*,duplicate_record,,copy of 675099
deliveries,900140,*,duplicate_record,,copy of 517394
deliveries,900141,*,duplicate_record,,copy of 622111
deliveries,900142,*,near_duplicate,,copy of 586521
deliveries,900143,*,near_duplicate,,copy of 671688
deliveries,900144,*,duplicate_record,,copy of 557845
deliveries,900145,*,near_duplicate,,copy of 571877
deliveries,900146,*,duplicate_record,,copy of 566099
deliveries,900147,*,duplicate_record,,copy of 592725
deliveries,900148,*,near_duplicate,,copy of 523073
deliveries,900149,*,duplicate_record,,copy of 552181
deliveries,900150,*,near_duplicate,,copy of 527631
deliveries,900151,*,duplicate_record,,copy of 575368
deliveries,900152,*,duplicate_record,,copy of 565837
deliveries,900153,*,duplicate_record,,copy of 570620
deliveries,900154,*,duplicate_record,,copy of 545883
deliveries,900155,*,duplicate_record,,copy of 575565
deliveries,900156,*,duplicate_record,,copy of 690596
deliveries,900157,*,near_duplicate,,copy of 626705
deliveries,900158,*,near_duplicate,,copy of 596423
deliveries,900159,*,duplicate_record,,copy of 582937
deliveries,900160,*,near_duplicate,,copy of 503742
deliveries,900161,*,duplicate_record,,copy of 589462
deliveries,900162,*,near_duplicate,,copy of 563773
deliveries,900163,*,duplicate_record,,copy of 559922
deliveries,900164,*,duplicate_record,,copy of 577484
deliveries,900165,*,duplicate_record,,copy of 690249
deliveries,900166,*,duplicate_record,,copy of 610065
deliveries,900167,*,near_duplicate,,copy of 539262
deliveries,900168,*,duplicate_record,,copy of 632643
deliveries,900169,*,duplicate_record,,copy of 606934
deliveries,900170,*,duplicate_record,,copy of 624932
deliveries,900171,*,duplicate_record,,copy of 673796
deliveries,900172,*,duplicate_record,,copy of 514131
deliveries,900173,*,duplicate_record,,copy of 625588
deliveries,900174,*,duplicate_record,,copy of 651697
deliveries,900175,*,near_duplicate,,copy of 560677
deliveries,900176,*,duplicate_record,,copy of 674318
deliveries,900177,*,duplicate_record,,copy of 669838
deliveries,900178,*,duplicate_record,,copy of 634738
deliveries,900179,*,duplicate_record,,copy of 662148
deliveries,900180,*,duplicate_record,,copy of 692753
deliveries,900181,*,duplicate_record,,copy of 614044
deliveries,900182,*,duplicate_record,,copy of 556036
deliveries,900183,*,duplicate_record,,copy of 556957
deliveries,900184,*,duplicate_record,,copy of 501298
deliveries,900185,*,duplicate_record,,copy of 578490
deliveries,900186,*,duplicate_record,,copy of 663760
deliveries,900187,*,duplicate_record,,copy of 555605
deliveries,900188,*,duplicate_record,,copy of 531243
deliveries,900189,*,duplicate_record,,copy of 555845
deliveries,900190,*,near_duplicate,,copy of 579900
deliveries,900191,*,duplicate_record,,copy of 624903
deliveries,900192,*,duplicate_record,,copy of 628488
deliveries,900193,*,duplicate_record,,copy of 566700
deliveries,900194,*,near_duplicate,,copy of 677416
deliveries,900195,*,duplicate_record,,copy of 594389
deliveries,900196,*,duplicate_record,,copy of 517371
deliveries,900197,*,near_duplicate,,copy of 663848
deliveries,900198,*,near_duplicate,,copy of 690253
deliveries,900199,*,duplicate_record,,copy of 579354
deliveries,900200,*,duplicate_record,,copy of 615764
deliveries,900201,*,duplicate_record,,copy of 525798
deliveries,900202,*,duplicate_record,,copy of 537156
deliveries,900203,*,duplicate_record,,copy of 573842
deliveries,900204,*,duplicate_record,,copy of 645306
deliveries,900205,*,duplicate_record,,copy of 632395
deliveries,900206,*,duplicate_record,,copy of 530316
deliveries,900207,*,duplicate_record,,copy of 621254
deliveries,900208,*,near_duplicate,,copy of 563077
deliveries,900209,*,duplicate_record,,copy of 625036
deliveries,900210,*,duplicate_record,,copy of 547512
deliveries,900211,*,duplicate_record,,copy of 538366
deliveries,900212,*,duplicate_record,,copy of 677207
deliveries,900213,*,duplicate_record,,copy of 547181
deliveries,900214,*,near_duplicate,,copy of 691200
deliveries,900215,*,near_duplicate,,copy of 509704
deliveries,900216,*,near_duplicate,,copy of 508917
deliveries,900217,*,duplicate_record,,copy of 650462
deliveries,900218,*,duplicate_record,,copy of 540391
deliveries,900219,*,near_duplicate,,copy of 570087
deliveries,900220,*,near_duplicate,,copy of 535463
deliveries,900221,*,duplicate_record,,copy of 659030
deliveries,900222,*,duplicate_record,,copy of 681623
deliveries,900223,*,near_duplicate,,copy of 674148
deliveries,900224,*,duplicate_record,,copy of 568406
deliveries,900225,*,near_duplicate,,copy of 601151
deliveries,900226,*,duplicate_record,,copy of 534695
deliveries,900227,*,duplicate_record,,copy of 631575
deliveries,900228,*,duplicate_record,,copy of 527594
deliveries,900229,*,duplicate_record,,copy of 562872
deliveries,900230,*,duplicate_record,,copy of 639792
deliveries,900231,*,near_duplicate,,copy of 560945
deliveries,900232,*,near_duplicate,,copy of 510313
deliveries,900233,*,duplicate_record,,copy of 577734
deliveries,900234,*,duplicate_record,,copy of 683108
deliveries,900235,*,near_duplicate,,copy of 695214
deliveries,900236,*,near_duplicate,,copy of 659279
deliveries,900237,*,duplicate_record,,copy of 615022
deliveries,900238,*,near_duplicate,,copy of 622823
deliveries,900239,*,duplicate_record,,copy of 612523
deliveries,900240,*,duplicate_record,,copy of 659011
deliveries,900241,*,duplicate_record,,copy of 672658
deliveries,900242,*,duplicate_record,,copy of 682335
deliveries,900243,*,duplicate_record,,copy of 627230
deliveries,900244,*,duplicate_record,,copy of 640489
deliveries,900245,*,near_duplicate,,copy of 663102
deliveries,900246,*,duplicate_record,,copy of 604188
deliveries,900247,*,duplicate_record,,copy of 612959
deliveries,900248,*,duplicate_record,,copy of 529289
deliveries,900249,*,near_duplicate,,copy of 504664
deliveries,900250,*,duplicate_record,,copy of 669441
deliveries,900251,*,duplicate_record,,copy of 635668
deliveries,900252,*,duplicate_record,,copy of 588916
deliveries,900253,*,near_duplicate,,copy of 656532
deliveries,900254,*,near_duplicate,,copy of 617796
deliveries,900255,*,near_duplicate,,copy of 540024
deliveries,900256,*,near_duplicate,,copy of 628770
deliveries,900257,*,duplicate_record,,copy of 659807
deliveries,900258,*,duplicate_record,,copy of 622717
deliveries,900259,*,duplicate_record,,copy of 593720
deliveries,900260,*,near_duplicate,,copy of 567273
deliveries,900261,*,near_duplicate,,copy of 669479
deliveries,900262,*,near_duplicate,,copy of 690859
deliveries,900263,*,near_duplicate,,copy of 556428
deliveries,900264,*,near_duplicate,,copy of 669012
deliveries,900265,*,duplicate_record,,copy of 560106
deliveries,900266,*,near_duplicate,,copy of 596681
deliveries,900267,*,duplicate_record,,copy of 645600
deliveries,900268,*,duplicate_record,,copy of 576449
deliveries,900269,*,duplicate_record,,copy of 639958
deliveries,900270,*,near_duplicate,,copy of 683349
deliveries,900271,*,near_duplicate,,copy of 524815
deliveries,900272,*,duplicate_record,,copy of 513020
deliveries,900273,*,duplicate_record,,copy of 517830
deliveries,900274,*,duplicate_record,,copy of 680594
deliveries,900275,*,duplicate_record,,copy of 504847
deliveries,900276,*,duplicate_record,,copy of 553319
deliveries,900277,*,near_duplicate,,copy of 504762
deliveries,900278,*,duplicate_record,,copy of 583259
deliveries,900279,*,duplicate_record,,copy of 687726
deliveries,900280,*,near_duplicate,,copy of 554333
deliveries,900281,*,duplicate_record,,copy of 512675
deliveries,900282,*,duplicate_record,,copy of 616230
deliveries,900283,*,duplicate_record,,copy of 649064
deliveries,900284,*,near_duplicate,,copy of 607500
deliveries,900285,*,near_duplicate,,copy of 668560
deliveries,900286,*,near_duplicate,,copy of 680021
deliveries,900287,*,near_duplicate,,copy of 615945
deliveries,900288,*,duplicate_record,,copy of 631999
deliveries,900289,*,duplicate_record,,copy of 696631
deliveries,900290,*,duplicate_record,,copy of 566359
deliveries,900291,*,duplicate_record,,copy of 582254
deliveries,900292,*,duplicate_record,,copy of 586059
deliveries,900293,*,near_duplicate,,copy of 663591
deliveries,900294,*,near_duplicate,,copy of 571130
deliveries,900295,*,near_duplicate,,copy of 618112
deliveries,900296,*,duplicate_record,,copy of 560698
deliveries,900297,*,duplicate_record,,copy of 669569
deliveries,900298,*,near_duplicate,,copy of 532776
deliveries,900299,*,duplicate_record,,copy of 621152
deliveries,900300,*,near_duplicate,,copy of 563556
deliveries,900301,*,duplicate_record,,copy of 518150
deliveries,900302,*,near_duplicate,,copy of 617457
deliveries,900303,*,duplicate_record,,copy of 616053
deliveries,900304,*,duplicate_record,,copy of 517939
deliveries,900305,*,near_duplicate,,copy of 598138
deliveries,900306,*,near_duplicate,,copy of 530705
deliveries,900307,*,duplicate_record,,copy of 668750
deliveries,900308,*,duplicate_record,,copy of 688440
deliveries,900309,*,duplicate_record,,copy of 621544
deliveries,900310,*,near_duplicate,,copy of 508467
deliveries,900311,*,duplicate_record,,copy of 688903
deliveries,900312,*,duplicate_record,,copy of 678462
deliveries,900313,*,duplicate_record,,copy of 597840
deliveries,900314,*,duplicate_record,,copy of 545456
deliveries,900315,*,duplicate_record,,copy of 513120
deliveries,900316,*,duplicate_record,,copy of 606881
deliveries,900317,*,duplicate_record,,copy of 605634
deliveries,900318,*,duplicate_record,,copy of 517317
deliveries,900319,*,duplicate_record,,copy of 506486
deliveries,900320,*,near_duplicate,,copy of 666439
deliveries,900321,*,duplicate_record,,copy of 539660
deliveries,900322,*,near_duplicate,,copy of 514888
deliveries,900323,*,duplicate_record,,copy of 551106
deliveries,900324,*,duplicate_record,,copy of 666273
deliveries,900325,*,duplicate_record,,copy of 656783
deliveries,900326,*,duplicate_record,,copy of 644839
deliveries,900327,*,duplicate_record,,copy of 581966
deliveries,900328,*,duplicate_record,,copy of 662565
deliveries,900329,*,near_duplicate,,copy of 548200
deliveries,900330,*,duplicate_record,,copy of 611279
deliveries,900331,*,duplicate_record,,copy of 548839
deliveries,900332,*,duplicate_record,,copy of 585547
deliveries,900333,*,duplicate_record,,copy of 526372
deliveries,900334,*,duplicate_record,,copy of 553951
deliveries,900335,*,duplicate_record,,copy of 603826
deliveries,900336,*,near_duplicate,,copy of 522756
deliveries,900337,*,duplicate_record,,copy of 656375
deliveries,900338,*,duplicate_record,,copy of 642261
deliveries,900339,*,duplicate_record,,copy of 656537
deliveries,900340,*,duplicate_record,,copy of 625706
deliveries,900341,*,duplicate_record,,copy of 628319
deliveries,900342,*,duplicate_record,,copy of 668988
deliveries,900343,*,duplicate_record,,copy of 514398
deliveries,900344,*,near_duplicate,,copy of 611866
deliveries,900345,*,near_duplicate,,copy of 552587
deliveries,900346,*,duplicate_record,,copy of 640448
deliveries,900347,*,duplicate_record,,copy of 662898
deliveries,900348,*,near_duplicate,,copy of 614322
deliveries,900349,*,near_duplicate,,copy of 565082
deliveries,900350,*,duplicate_record,,copy of 652978
deliveries,900351,*,near_duplicate,,copy of 552702
deliveries,900352,*,duplicate_record,,copy of 593819
deliveries,900353,*,duplicate_record,,copy of 645062
deliveries,900354,*,near_duplicate,,copy of 558237
deliveries,900355,*,near_duplicate,,copy of 582489
deliveries,900356,*,duplicate_record,,copy of 548705
deliveries,900357,*,near_duplicate,,copy of 697323
deliveries,900358,*,near_duplicate,,copy of 610210
deliveries,900359,*,duplicate_record,,copy of 532579
deliveries,900360,*,duplicate_record,,copy of 538677
deliveries,900361,*,duplicate_record,,copy of 630300
deliveries,900362,*,duplicate_record,,copy of 685457
deliveries,900363,*,near_duplicate,,copy of 689943
deliveries,900364,*,near_duplicate,,copy of 627769
deliveries,900365,*,duplicate_record,,copy of 573314
deliveries,900366,*,duplicate_record,,copy of 665062
deliveries,900367,*,duplicate_record,,copy of 662751
deliveries,900368,*,duplicate_record,,copy of 598628
deliveries,900369,*,near_duplicate,,copy of 647691
deliveries,900370,*,duplicate_record,,copy of 643684
deliveries,900371,*,duplicate_record,,copy of 562588
deliveries,900372,*,duplicate_record,,copy of 570269
deliveries,900373,*,duplicate_record,,copy of 617131
deliveries,900374,*,near_duplicate,,copy of 573441
deliveries,900375,*,near_duplicate,,copy of 564249
deliveries,900376,*,duplicate_record,,copy of 564098
deliveries,900377,*,duplicate_record,,copy of 621308
deliveries,900378,*,duplicate_record,,copy of 655540
deliveries,900379,*,duplicate_record,,copy of 547433
deliveries,900380,*,duplicate_record,,copy of 546732
deliveries,900381,*,duplicate_record,,copy of 652273
deliveries,900382,*,duplicate_record,,copy of 616931
deliveries,900383,*,duplicate_record,,copy of 693726
deliveries,900384,*,duplicate_record,,copy of 574733
deliveries,900385,*,duplicate_record,,copy of 686898
deliveries,900386,*,duplicate_record,,copy of 570596
deliveries,900387,*,near_duplicate,,copy of 500882
deliveries,900388,*,duplicate_record,,copy of 597083
deliveries,900389,*,near_duplicate,,copy of 515965
deliveries,900390,*,near_duplicate,,copy of 690814
deliveries,900391,*,duplicate_record,,copy of 581052
deliveries,900392,*,duplicate_record,,copy of 557436
deliveries,900393,*,duplicate_record,,copy of 614378
deliveries,900394,*,near_duplicate,,copy of 607451
deliveries,900395,*,duplicate_record,,copy of 519949
deliveries,900396,*,near_duplicate,,copy of 638428
deliveries,900397,*,duplicate_record,,copy of 528006
deliveries,900398,*,duplicate_record,,copy of 688193
deliveries,900399,*,duplicate_record,,copy of 622352
deliveries,900400,*,duplicate_record,,copy of 546924
deliveries,900401,*,duplicate_record,,copy of 575763
deliveries,900402,*,duplicate_record,,copy of 656161
deliveries,900403,*,duplicate_record,,copy of 670694
deliveries,900404,*,duplicate_record,,copy of 516853
deliveries,900405,*,duplicate_record,,copy of 618081
deliveries,900406,*,duplicate_record,,copy of 573812
deliveries,900407,*,duplicate_record,,copy of 653931
deliveries,900408,*,duplicate_record,,copy of 648658
deliveries,900409,*,duplicate_record,,copy of 520187
deliveries,900410,*,near_duplicate,,copy of 530945
deliveries,900411,*,duplicate_record,,copy of 585595
deliveries,900412,*,duplicate_record,,copy of 664799
deliveries,900413,*,duplicate_record,,copy of 529672
deliveries,900414,*,duplicate_record,,copy of 616634
deliveries,900415,*,duplicate_record,,copy of 591652
deliveries,900416,*,near_duplicate,,copy of 537681
deliveries,900417,*,near_duplicate,,copy of 681352
deliveries,900418,*,near_duplicate,,copy of 541465
deliveries,900419,*,near_duplicate,,copy of 634143
deliveries,900420,*,duplicate_record,,copy of 607382
deliveries,900421,*,near_duplicate,,copy of 614692
deliveries,900422,*,near_duplicate,,copy of 543023
deliveries,900423,*,duplicate_record,,copy of 537752
deliveries,900424,*,near_duplicate,,copy of 514686
deliveries,900425,*,duplicate_record,,copy of 624701
deliveries,900426,*,duplicate_record,,copy of 525905
deliveries,900427,*,duplicate_record,,copy of 578708
deliveries,900428,*,duplicate_record,,copy of 523272
deliveries,900429,*,duplicate_record,,copy of 645876
deliveries,900430,*,near_duplicate,,copy of 525841
deliveries,900431,*,near_duplicate,,copy of 590605
deliveries,900432,*,duplicate_record,,copy of 639308
deliveries,900433,*,duplicate_record,,copy of 603189
deliveries,900434,*,duplicate_record,,copy of 661058
deliveries,900435,*,near_duplicate,,copy of 616682
deliveries,900436,*,near_duplicate,,copy of 668503
deliveries,900437,*,duplicate_record,,copy of 630221
deliveries,900438,*,duplicate_record,,copy of 678449
deliveries,900439,*,duplicate_record,,copy of 653367
deliveries,900440,*,duplicate_record,,copy of 547836
deliveries,900441,*,duplicate_record,,copy of 563296
deliveries,900442,*,duplicate_record,,copy of 562271
deliveries,900443,*,duplicate_record,,copy of 526765
deliveries,900444,*,duplicate_record,,copy of 693379
deliveries,900445,*,near_duplicate,,copy of 543122
deliveries,900446,*,near_duplicate,,copy of 621558
deliveries,900447,*,near_duplicate,,copy of 556599
deliveries,900448,*,duplicate_record,,copy of 612861
deliveries,900449,*,duplicate_record,,copy of 645455
deliveries,900450,*,duplicate_record,,copy of 624970
deliveries,900451,*,duplicate_record,,copy of 665195
deliveries,900452,*,duplicate_record,,copy of 528597
deliveries,900453,*,duplicate_record,,copy of 635906
deliveries,900454,*,duplicate_record,,copy of 694843
deliveries,900455,*,near_duplicate,,copy of 530748
deliveries,900456,*,duplicate_record,,copy of 544186
deliveries,900457,*,near_duplicate,,copy of 539555
deliveries,900458,*,duplicate_record,,copy of 527457
deliveries,900459,*,duplicate_record,,copy of 549230
deliveries,900460,*,near_duplicate,,copy of 592557
deliveries,900461,*,duplicate_record,,copy of 606205
deliveries,900462,*,duplicate_record,,copy of 661312
deliveries,900463,*,duplicate_record,,copy of 520011
deliveries,900464,*,duplicate_record,,copy of 643964
deliveries,900465,*,near_duplicate,,copy of 508458
deliveries,900466,*,duplicate_record,,copy of 523549
deliveries,900467,*,duplicate_record,,copy of 689663
deliveries,900468,*,duplicate_record,,copy of 553071
deliveries,900469,*,near_duplicate,,copy of 601980
deliveries,900470,*,duplicate_record,,copy of 677550
deliveries,900471,*,near_duplicate,,copy of 660252
deliveries,900472,*,duplicate_record,,copy of 588400
deliveries,900473,*,duplicate_record,,copy of 637420
deliveries,900474,*,duplicate_record,,copy of 534359
deliveries,900475,*,near_duplicate,,copy of 671393
deliveries,900476,*,duplicate_record,,copy of 533583
deliveries,900477,*,duplicate_record,,copy of 573074
deliveries,900478,*,duplicate_record,,copy of 690356
deliveries,900479,*,duplicate_record,,copy of 600159
deliveries,900480,*,duplicate_record,,copy of 662461
deliveries,900481,*,near_duplicate,,copy of 586254
deliveries,900482,*,duplicate_record,,copy of 583375
deliveries,900483,*,duplicate_record,,copy of 632342
deliveries,900484,*,duplicate_record,,copy of 519337
deliveries,900485,*,near_duplicate,,copy of 631227
deliveries,900486,*,duplicate_record,,copy of 652863
deliveries,900487,*,near_duplicate,,copy of 588081
deliveries,900488,*,near_duplicate,,copy of 526619
deliveries,900489,*,near_duplicate,,copy of 686200
deliveries,900490,*,duplicate_record,,copy of 603874
deliveries,900491,*,duplicate_record,,copy of 570908
deliveries,900492,*,near_duplicate,,copy of 672792
deliveries,900493,*,duplicate_record,,copy of 621590
deliveries,900494,*,duplicate_record,,copy of 581505
deliveries,900495,*,duplicate_record,,copy of 514971
deliveries,900496,*,near_duplicate,,copy of 640045
deliveries,900497,*,duplicate_record,,copy of 648112
deliveries,900498,*,near_duplicate,,copy of 610431
deliveries,900499,*,duplicate_record,,copy of 664629
deliveries,900500,*,duplicate_record,,copy of 671576
deliveries,900501,*,duplicate_record,,copy of 593370
deliveries,900502,*,duplicate_record,,copy of 697427
deliveries,900503,*,duplicate_record,,copy of 678728
deliveries,900504,*,duplicate_record,,copy of 690391
deliveries,900505,*,duplicate_record,,copy of 541045
deliveries,900506,*,duplicate_record,,copy of 667870
deliveries,900507,*,near_duplicate,,copy of 678691
deliveries,900508,*,duplicate_record,,copy of 614672
deliveries,900509,*,duplicate_record,,copy of 653669
deliveries,900510,*,near_duplicate,,copy of 512332
deliveries,900511,*,duplicate_record,,copy of 682252
deliveries,900512,*,near_duplicate,,copy of 511653
deliveries,900513,*,near_duplicate,,copy of 618341
deliveries,900514,*,near_duplicate,,copy of 668061
deliveries,900515,*,duplicate_record,,copy of 503279
deliveries,900516,*,duplicate_record,,copy of 544965
deliveries,900517,*,duplicate_record,,copy of 606624
deliveries,900518,*,duplicate_record,,copy of 545342
deliveries,900519,*,duplicate_record,,copy of 501930
deliveries,900520,*,duplicate_record,,copy of 520634
deliveries,900521,*,duplicate_record,,copy of 687434
deliveries,900522,*,duplicate_record,,copy of 535009
deliveries,900523,*,duplicate_record,,copy of 512947
deliveries,900524,*,duplicate_record,,copy of 647577
deliveries,900525,*,duplicate_record,,copy of 568116
deliveries,900526,*,duplicate_record,,copy of 509467
deliveries,900527,*,duplicate_record,,copy of 540836
deliveries,900528,*,duplicate_record,,copy of 502797
deliveries,900529,*,duplicate_record,,copy of 542023
deliveries,900530,*,duplicate_record,,copy of 691983
deliveries,900531,*,duplicate_record,,copy of 631819
deliveries,900532,*,duplicate_record,,copy of 582295
deliveries,900533,*,duplicate_record,,copy of 660314
deliveries,900534,*,duplicate_record,,copy of 500904
deliveries,900535,*,duplicate_record,,copy of 668758
deliveries,900536,*,duplicate_record,,copy of 648359
deliveries,900537,*,near_duplicate,,copy of 673002
deliveries,900538,*,near_duplicate,,copy of 566362
deliveries,900539,*,duplicate_record,,copy of 560955
deliveries,900540,*,near_duplicate,,copy of 557299
deliveries,900541,*,near_duplicate,,copy of 631073
deliveries,900542,*,duplicate_record,,copy of 536543
deliveries,900543,*,duplicate_record,,copy of 644369
deliveries,900544,*,duplicate_record,,copy of 590069
deliveries,900545,*,duplicate_record,,copy of 568444
deliveries,900546,*,near_duplicate,,copy of 603623
deliveries,900547,*,duplicate_record,,copy of 522284
deliveries,900548,*,duplicate_record,,copy of 598408
deliveries,900549,*,duplicate_record,,copy of 694178
deliveries,900550,*,duplicate_record,,copy of 637325
deliveries,900551,*,near_duplicate,,copy of 503425
deliveries,900552,*,duplicate_record,,copy of 688806
deliveries,900553,*,near_duplicate,,copy of 531527
deliveries,900554,*,near_duplicate,,copy of 643535
deliveries,900555,*,duplicate_record,,copy of 514948
deliveries,900556,*,near_duplicate,,copy of 557019
deliveries,900557,*,near_duplicate,,copy of 512121
deliveries,900558,*,near_duplicate,,copy of 633216
deliveries,900559,*,duplicate_record,,copy of 677160
deliveries,900560,*,duplicate_record,,copy of 592624
deliveries,900561,*,near_duplicate,,copy of 549856
deliveries,900562,*,duplicate_record,,copy of 646921
deliveries,900563,*,duplicate_record,,copy of 601886
deliveries,900564,*,near_duplicate,,copy of 684852
deliveries,900565,*,near_duplicate,,copy of 581584
deliveries,900566,*,duplicate_record,,copy of 613552
deliveries,900567,*,near_duplicate,,copy of 620708
deliveries,900568,*,duplicate_record,,copy of 531755
deliveries,900569,*,near_duplicate,,copy of 661988
deliveries,900570,*,near_duplicate,,copy of 533756
deliveries,900571,*,duplicate_record,,copy of 655019
deliveries,900572,*,duplicate_record,,copy of 624215
deliveries,900573,*,duplicate_record,,copy of 590232
deliveries,900574,*,near_duplicate,,copy of 692008
deliveries,900575,*,duplicate_record,,copy of 610797
deliveries,900576,*,near_duplicate,,copy of 656308
deliveries,900577,*,near_duplicate,,copy of 672119
deliveries,900578,*,duplicate_record,,copy of 665600
deliveries,900579,*,near_duplicate,,copy of 573101
deliveries,900580,*,near_duplicate,,copy of 671207
deliveries,900581,*,duplicate_record,,copy of 532993
deliveries,900582,*,near_duplicate,,copy of 509558
deliveries,900583,*,duplicate_record,,copy of 594103
deliveries,900584,*,duplicate_record,,copy of 615616
deliveries,900585,*,near_duplicate,,copy of 653244
deliveries,900586,*,near_duplicate,,copy of 508479
deliveries,900587,*,duplicate_record,,copy of 576712
deliveries,900588,*,duplicate_record,,copy of 562372
deliveries,900589,*,near_duplicate,,copy of 647954
deliveries,900590,*,near_duplicate,,copy of 648938
deliveries,900591,*,duplicate_record,,copy of 592884
deliveries,900592,*,duplicate_record,,copy of 610823
deliveries,900593,*,duplicate_record,,copy of 584392
deliveries,900594,*,duplicate_record,,copy of 516722
deliveries,900595,*,near_duplicate,,copy of 574426
deliveries,900596,*,duplicate_record,,copy of 639863
deliveries,900597,*,duplicate_record,,copy of 625446
deliveries,900598,*,duplicate_record,,copy of 512410
deliveries,900599,*,duplicate_record,,copy of 529067
deliveries,900600,*,duplicate_record,,copy of 508785
deliveries,900601,*,duplicate_record,,copy of 571210
deliveries,900602,*,duplicate_record,,copy of 617381
deliveries,900603,*,duplicate_record,,copy of 556055
deliveries,900604,*,duplicate_record,,copy of 537591
deliveries,900605,*,duplicate_record,,copy of 543044
deliveries,900606,*,near_duplicate,,copy of 604282
deliveries,900607,*,near_duplicate,,copy of 634984
deliveries,900608,*,near_duplicate,,copy of 564966
deliveries,900609,*,duplicate_record,,copy of 598711
deliveries,900610,*,duplicate_record,,copy of 599702
deliveries,900611,*,duplicate_record,,copy of 608497
deliveries,900612,*,near_duplicate,,copy of 569147
deliveries,900613,*,duplicate_record,,copy of 688260
deliveries,900614,*,duplicate_record,,copy of 697284
deliveries,900615,*,duplicate_record,,copy of 539396
deliveries,900616,*,duplicate_record,,copy of 503666
deliveries,900617,*,near_duplicate,,copy of 545414
deliveries,900618,*,near_duplicate,,copy of 672778
deliveries,900619,*,near_duplicate,,copy of 605778
deliveries,900620,*,duplicate_record,,copy of 551066
deliveries,900621,*,duplicate_record,,copy of 523365
deliveries,900622,*,duplicate_record,,copy of 570554
deliveries,900623,*,duplicate_record,,copy of 671225
deliveries,900624,*,duplicate_record,,copy of 636572
deliveries,900625,*,duplicate_record,,copy of 601631
deliveries,900626,*,duplicate_record,,copy of 527801
deliveries,900627,*,duplicate_record,,copy of 582600
deliveries,900628,*,near_duplicate,,copy of 577034
deliveries,900629,*,duplicate_record,,copy of 637184
deliveries,900630,*,near_duplicate,,copy of 682746
deliveries,900631,*,near_duplicate,,copy of 509351
deliveries,900632,*,duplicate_record,,copy of 697806
deliveries,900633,*,near_duplicate,,copy of 614351
deliveries,900634,*,duplicate_record,,copy of 513082
deliveries,900635,*,duplicate_record,,copy of 575957
deliveries,900636,*,duplicate_record,,copy of 502550
deliveries,900637,*,duplicate_record,,copy of 666445
deliveries,900638,*,near_duplicate,,copy of 673540
deliveries,900639,*,duplicate_record,,copy of 679824
deliveries,900640,*,duplicate_record,,copy of 683870
deliveries,900641,*,duplicate_record,,copy of 659688
deliveries,900642,*,near_duplicate,,copy of 612821
deliveries,900643,*,duplicate_record,,copy of 601291
deliveries,900644,*,duplicate_record,,copy of 574364
deliveries,900645,*,near_duplicate,,copy of 639440
deliveries,900646,*,duplicate_record,,copy of 574102
deliveries,900647,*,duplicate_record,,copy of 601661
deliveries,900648,*,duplicate_record,,copy of 527671
deliveries,900649,*,duplicate_record,,copy of 639035
deliveries,900650,*,duplicate_record,,copy of 509540
deliveries,900651,*,duplicate_record,,copy of 580776
deliveries,900652,*,duplicate_record,,copy of 513816
deliveries,900653,*,duplicate_record,,copy of 550796
deliveries,900654,*,near_duplicate,,copy of 655707
deliveries,900655,*,duplicate_record,,copy of 595333
deliveries,900656,*,near_duplicate,,copy of 636201
deliveries,900657,*,duplicate_record,,copy of 532131
deliveries,900658,*,duplicate_record,,copy of 658845
deliveries,900659,*,duplicate_record,,copy of 513723
deliveries,900660,*,duplicate_record,,copy of 600258
deliveries,900661,*,duplicate_record,,copy of 622673
deliveries,900662,*,duplicate_record,,copy of 696651
deliveries,900663,*,duplicate_record,,copy of 573936
deliveries,900664,*,duplicate_record,,copy of 559971
deliveries,900665,*,near_duplicate,,copy of 607007
deliveries,900666,*,duplicate_record,,copy of 549119
deliveries,900667,*,duplicate_record,,copy of 658283
deliveries,900668,*,duplicate_record,,copy of 513699
deliveries,900669,*,near_duplicate,,copy of 543786
deliveries,900670,*,near_duplicate,,copy of 660362
deliveries,900671,*,duplicate_record,,copy of 528230
deliveries,900672,*,duplicate_record,,copy of 519530
deliveries,900673,*,near_duplicate,,copy of 536322
deliveries,900674,*,duplicate_record,,copy of 651401
deliveries,900675,*,duplicate_record,,copy of 695196
deliveries,900676,*,duplicate_record,,copy of 598050
deliveries,900677,*,duplicate_record,,copy of 632425
deliveries,900678,*,near_duplicate,,copy of 518393
deliveries,900679,*,duplicate_record,,copy of 560727
deliveries,900680,*,duplicate_record,,copy of 523354
deliveries,900681,*,duplicate_record,,copy of 649752
deliveries,900682,*,duplicate_record,,copy of 657527
deliveries,900683,*,duplicate_record,,copy of 554777
deliveries,900684,*,duplicate_record,,copy of 671777
deliveries,900685,*,duplicate_record,,copy of 689657
deliveries,900686,*,near_duplicate,,copy of 554617
deliveries,900687,*,near_duplicate,,copy of 508902
deliveries,900688,*,near_duplicate,,copy of 638858
deliveries,900689,*,duplicate_record,,copy of 501070
deliveries,900690,*,near_duplicate,,copy of 580084
deliveries,900691,*,near_duplicate,,copy of 598630
deliveries,900692,*,duplicate_record,,copy of 654094
deliveries,900693,*,duplicate_record,,copy of 579608
deliveries,900694,*,near_duplicate,,copy of 615153
deliveries,900695,*,near_duplicate,,copy of 539877
deliveries,900696,*,near_duplicate,,copy of 666631
deliveries,900697,*,duplicate_record,,copy of 671877
deliveries,900698,*,near_duplicate,,copy of 505073
deliveries,900699,*,duplicate_record,,copy of 616346
deliveries,900700,*,near_duplicate,,copy of 669374
deliveries,900701,*,duplicate_record,,copy of 561588
deliveries,900702,*,near_duplicate,,copy of 634105
deliveries,900703,*,duplicate_record,,copy of 567098
deliveries,900704,*,duplicate_record,,copy of 661249
deliveries,900705,*,near_duplicate,,copy of 698327
deliveries,900706,*,near_duplicate,,copy of 542678
deliveries,900707,*,near_duplicate,,copy of 628605
deliveries,900708,*,duplicate_record,,copy of 518727
deliveries,900709,*,duplicate_record,,copy of 529252
deliveries,900710,*,duplicate_record,,copy of 679734
deliveries,900711,*,duplicate_record,,copy of 522241
deliveries,900712,*,duplicate_record,,copy of 586338
deliveries,900713,*,duplicate_record,,copy of 590629
deliveries,900714,*,near_duplicate,,copy of 592564
deliveries,900715,*,duplicate_record,,copy of 516357
deliveries,900716,*,duplicate_record,,copy of 672780
deliveries,900717,*,duplicate_record,,copy of 614538
deliveries,900718,*,near_duplicate,,copy of 642118
deliveries,900719,*,near_duplicate,,copy of 603850
deliveries,900720,*,duplicate_record,,copy of 642300
deliveries,900721,*,duplicate_record,,copy of 520236
deliveries,900722,*,duplicate_record,,copy of 508098
deliveries,900723,*,duplicate_record,,copy of 514605
deliveries,900724,*,duplicate_record,,copy of 506086
deliveries,900725,*,duplicate_record,,copy of 551441
deliveries,900726,*,duplicate_record,,copy of 540493
deliveries,900727,*,duplicate_record,,copy of 531230
deliveries,900728,*,duplicate_record,,copy of 512173
deliveries,900729,*,near_duplicate,,copy of 688323
deliveries,900730,*,duplicate_record,,copy of 512035
deliveries,900731,*,duplicate_record,,copy of 667134
deliveries,900732,*,duplicate_record,,copy of 623608
deliveries,900733,*,duplicate_record,,copy of 645911
deliveries,900734,*,duplicate_record,,copy of 546521
deliveries,900735,*,duplicate_record,,copy of 615831
deliveries,900736,*,near_duplicate,,copy of 603707
deliveries,900737,*,duplicate_record,,copy of 516659
deliveries,900738,*,duplicate_record,,copy of 537085
deliveries,900739,*,near_duplicate,,copy of 625076
deliveries,900740,*,near_duplicate,,copy of 540045
deliveries,900741,*,duplicate_record,,copy of 621736
deliveries,900742,*,near_duplicate,,copy of 500245
deliveries,900743,*,duplicate_record,,copy of 617662
deliveries,900744,*,duplicate_record,,copy of 508086
deliveries,900745,*,duplicate_record,,copy of 637828
deliveries,900746,*,duplicate_record,,copy of 678754
deliveries,900747,*,near_duplicate,,copy of 667506
deliveries,900748,*,duplicate_record,,copy of 555715
deliveries,900749,*,duplicate_record,,copy of 588465
deliveries,900750,*,near_duplicate,,copy of 558541
deliveries,900751,*,duplicate_record,,copy of 693790
deliveries,900752,*,duplicate_record,,copy of 682466
deliveries,900753,*,near_duplicate,,copy of 657030
deliveries,900754,*,duplicate_record,,copy of 681891
deliveries,900755,*,near_duplicate,,copy of 658038
deliveries,900756,*,duplicate_record,,copy of 530380
deliveries,900757,*,duplicate_record,,copy of 624860
deliveries,900758,*,near_duplicate,,copy of 672667
deliveries,900759,*,duplicate_record,,copy of 681554
deliveries,900760,*,duplicate_record,,copy of 638713
deliveries,900761,*,near_duplicate,,copy of 626470
deliveries,900762,*,near_duplicate,,copy of 584924
deliveries,900763,*,duplicate_record,,copy of 689725
deliveries,900764,*,duplicate_record,,copy of 649004
deliveries,900765,*,duplicate_record,,copy of 629495
deliveries,900766,*,near_duplicate,,copy of 662658
deliveries,900767,*,duplicate_record,,copy of 657723
deliveries,900768,*,near_duplicate,,copy of 658443
deliveries,900769,*,duplicate_record,,copy of 651946
deliveries,900770,*,near_duplicate,,copy of 633854
deliveries,900771,*,near_duplicate,,copy of 604025
deliveries,900772,*,duplicate_record,,copy of 626335
deliveries,900773,*,duplicate_record,,copy of 565779
deliveries,900774,*,near_duplicate,,copy of 657936
deliveries,900775,*,near_duplicate,,copy of 511355
deliveries,900776,*,duplicate_record,,copy of 692153
deliveries,900777,*,duplicate_record,,copy of 536769
deliveries,900778,*,near_duplicate,,copy of 513769
deliveries,900779,*,duplicate_record,,copy of 628023
deliveries,900780,*,duplicate_record,,copy of 673465
deliveries,900781,*,duplicate_record,,copy of 676741
deliveries,900782,*,duplicate_record,,copy of 503390
deliveries,900783,*,duplicate_record,,copy of 622080
deliveries,900784,*,duplicate_record,,copy of 599567
deliveries,900785,*,duplicate_record,,copy of 553111
deliveries,900786,*,near_duplicate,,copy of 572747
deliveries,900787,*,duplicate_record,,copy of 507678
deliveries,900788,*,duplicate_record,,copy of 579702
deliveries,900789,*,duplicate_record,,copy of 542324
deliveries,900790,*,duplicate_record,,copy of 638954
deliveries,900791,*,duplicate_record,,copy of 609412
deliveries,900792,*,duplicate_record,,copy of 686338
deliveries,900793,*,duplicate_record,,copy of 534394
deliveries,900794,*,near_duplicate,,copy of 539509
deliveries,900795,*,duplicate_record,,copy of 666348
deliveries,900796,*,near_duplicate,,copy of 539973
deliveries,900797,*,near_duplicate,,copy of 645813
deliveries,900798,*,duplicate_record,,copy of 562494
deliveries,900799,*,near_duplicate,,copy of 554189
deliveries,900800,*,near_duplicate,,copy of 571954
deliveries,900801,*,duplicate_record,,copy of 605299
deliveries,900802,*,duplicate_record,,copy of 557194
deliveries,900803,*,near_duplicate,,copy of 513058
deliveries,900804,*,duplicate_record,,copy of 577269
deliveries,900805,*,near_duplicate,,copy of 680334
deliveries,900806,*,duplicate_record,,copy of 674490
deliveries,900807,*,duplicate_record,,copy of 668018
deliveries,900808,*,duplicate_record,,copy of 648104
deliveries,900809,*,near_duplicate,,copy of 563572
deliveries,900810,*,duplicate_record,,copy of 557025
deliveries,900811,*,duplicate_record,,copy of 531550
deliveries,900812,*,duplicate_record,,copy of 576860
deliveries,900813,*,duplicate_record,,copy of 598627
deliveries,900814,*,duplicate_record,,copy of 537731
deliveries,900815,*,duplicate_record,,copy of 678915
deliveries,900816,*,duplicate_record,,copy of 507123
deliveries,900817,*,near_duplicate,,copy of 618443
deliveries,900818,*,duplicate_record,,copy of 596476
deliveries,900819,*,near_duplicate,,copy of 614046
deliveries,900820,*,duplicate_record,,copy of 673639
deliveries,900821,*,duplicate_record,,copy of 515651
deliveries,900822,*,duplicate_record,,copy of 614970
deliveries,900823,*,duplicate_record,,copy of 660292
deliveries,900824,*,near_duplicate,,copy of 594970
deliveries,900825,*,duplicate_record,,copy of 549680
deliveries,900826,*,duplicate_record,,copy of 589395
deliveries,900827,*,duplicate_record,,copy of 667491
deliveries,900828,*,near_duplicate,,copy of 608431
deliveries,900829,*,duplicate_record,,copy of 585473
deliveries,900830,*,duplicate_record,,copy of 505327
deliveries,900831,*,duplicate_record,,copy of 523746
deliveries,900832,*,duplicate_record,,copy of 609281
deliveries,900833,*,duplicate_record,,copy of 532493
deliveries,900834,*,near_duplicate,,copy of 696815
deliveries,900835,*,duplicate_record,,copy of 650634
deliveries,900836,*,duplicate_record,,copy of 659085
deliveries,900837,*,near_duplicate,,copy of 656480
deliveries,900838,*,duplicate_record,,copy of 512460
deliveries,900839,*,duplicate_record,,copy of 533060
deliveries,900840,*,duplicate_record,,copy of 570676
deliveries,900841,*,duplicate_record,,copy of 613326
deliveries,900842,*,near_duplicate,,copy of 500479
deliveries,900843,*,duplicate_record,,copy of 696250
deliveries,900844,*,duplicate_record,,copy of 514993
deliveries,900845,*,near_duplicate,,copy of 587486
deliveries,900846,*,duplicate_record,,copy of 668898
deliveries,900847,*,near_duplicate,,copy of 622505
deliveries,900848,*,duplicate_record,,copy of 590263
deliveries,900849,*,duplicate_record,,copy of 566791
deliveries,900850,*,duplicate_record,,copy of 649698
deliveries,900851,*,duplicate_record,,copy of 576797
deliveries,900852,*,duplicate_record,,copy of 617383
deliveries,900853,*,duplicate_record,,copy of 686060
deliveries,900854,*,near_duplicate,,copy of 538038
deliveries,900855,*,near_duplicate,,copy of 527090
deliveries,900856,*,duplicate_record,,copy of 561168
deliveries,900857,*,duplicate_record,,copy of 541114
deliveries,900858,*,duplicate_record,,copy of 522769
deliveries,900859,*,duplicate_record,,copy of 609758
deliveries,900860,*,duplicate_record,,copy of 576182
deliveries,900861,*,near_duplicate,,copy of 686872
deliveries,900862,*,duplicate_record,,copy of 664208
deliveries,900863,*,duplicate_record,,copy of 694398
deliveries,900864,*,duplicate_record,,copy of 638544
deliveries,900865,*,duplicate_record,,copy of 671199
deliveries,900866,*,near_duplicate,,copy of 541131
deliveries,900867,*,near_duplicate,,copy of 579971
deliveries,900868,*,near_duplicate,,copy of 654009
deliveries,900869,*,duplicate_record,,copy of 511232
deliveries,900870,*,duplicate_record,,copy of 657096
deliveries,900871,*,duplicate_record,,copy of 518310
deliveries,900872,*,duplicate_record,,copy of 513502
deliveries,900873,*,duplicate_record,,copy of 664517
deliveries,900874,*,duplicate_record,,copy of 573664
deliveries,900875,*,duplicate_record,,copy of 517307
deliveries,900876,*,duplicate_record,,copy of 658654
deliveries,900877,*,duplicate_record,,copy of 649479
deliveries,900878,*,duplicate_record,,copy of 632790
deliveries,900879,*,duplicate_record,,copy of 528263
deliveries,900880,*,near_duplicate,,copy of 564353
deliveries,900881,*,duplicate_record,,copy of 668060
deliveries,900882,*,near_duplicate,,copy of 606346
deliveries,900883,*,duplicate_record,,copy of 680569
deliveries,900884,*,duplicate_record,,copy of 509056
deliveries,900885,*,duplicate_record,,copy of 637461
deliveries,900886,*,duplicate_record,,copy of 569898
deliveries,900887,*,duplicate_record,,copy of 683428
deliveries,900888,*,near_duplicate,,copy of 648719
deliveries,900889,*,duplicate_record,,copy of 540411
deliveries,900890,*,duplicate_record,,copy of 542189
deliveries,900891,*,near_duplicate,,copy of 647969
deliveries,900892,*,near_duplicate,,copy of 695892
deliveries,900893,*,near_duplicate,,copy of 634502
deliveries,900894,*,duplicate_record,,copy of 519772
deliveries,900895,*,duplicate_record,,copy of 547207
deliveries,900896,*,duplicate_record,,copy of 643976
deliveries,900897,*,near_duplicate,,copy of 609210
deliveries,900898,*,duplicate_record,,copy of 628021
deliveries,900899,*,near_duplicate,,copy of 514336
deliveries,900900,*,duplicate_record,,copy of 640771
deliveries,900901,*,duplicate_record,,copy of 632121
deliveries,900902,*,duplicate_record,,copy of 636916
deliveries,900903,*,duplicate_record,,copy of 627231
deliveries,900904,*,duplicate_record,,copy of 547867
deliveries,900905,*,near_duplicate,,copy of 553785
deliveries,900906,*,duplicate_record,,copy of 585686
deliveries,900907,*,duplicate_record,,copy of 621533
deliveries,900908,*,near_duplicate,,copy of 640019
deliveries,900909,*,duplicate_record,,copy of 588050
deliveries,900910,*,duplicate_record,,copy of 582541
deliveries,900911,*,near_duplicate,,copy of 554879
deliveries,900912,*,duplicate_record,,copy of 664579
deliveries,900913,*,duplicate_record,,copy of 685330
deliveries,900914,*,duplicate_record,,copy of 610927
deliveries,900915,*,near_duplicate,,copy of 550714
deliveries,900916,*,duplicate_record,,copy of 635941
deliveries,900917,*,near_duplicate,,copy of 651419
deliveries,900918,*,duplicate_record,,copy of 686751
deliveries,900919,*,near_duplicate,,copy of 642387
deliveries,900920,*,duplicate_record,,copy of 691862
deliveries,900921,*,near_duplicate,,copy of 519508
deliveries,900922,*,duplicate_record,,copy of 533965
deliveries,900923,*,duplicate_record,,copy of 645388
deliveries,900924,*,duplicate_record,,copy of 600740
deliveries,900925,*,duplicate_record,,copy of 566821
deliveries,900926,*,duplicate_record,,copy of 666579
deliveries,900927,*,duplicate_record,,copy of 652036
deliveries,900928,*,near_duplicate,,copy of 679893
deliveries,900929,*,duplicate_record,,copy of 564181
deliveries,900930,*,duplicate_record,,copy of 527530
deliveries,900931,*,duplicate_record,,copy of 504353
deliveries,900932,*,duplicate_record,,copy of 560059
deliveries,900933,*,duplicate_record,,copy of 644967
deliveries,900934,*,duplicate_record,,copy of 547571
deliveries,900935,*,duplicate_record,,copy of 559457
deliveries,900936,*,duplicate_record,,copy of 535668
deliveries,900937,*,near_duplicate,,copy of 582865
deliveries,900938,*,duplicate_record,,copy of 689288
deliveries,900939,*,duplicate_record,,copy of 588572
deliveries,900940,*,duplicate_record,,copy of 678085
deliveries,900941,*,duplicate_record,,copy of 545204
deliveries,900942,*,duplicate_record,,copy of 589508
deliveries,900943,*,duplicate_record,,copy of 545539
deliveries,900944,*,duplicate_record,,copy of 505289
deliveries,900945,*,near_duplicate,,copy of 556619
deliveries,900946,*,duplicate_record,,copy of 698368
deliveries,900947,*,duplicate_record,,copy of 504095
deliveries,900948,*,duplicate_record,,copy of 666401
deliveries,900949,*,near_duplicate,,copy of 619784
deliveries,900950,*,duplicate_record,,copy of 636246
deliveries,900951,*,duplicate_record,,copy of 693286
deliveries,900952,*,duplicate_record,,copy of 509082
deliveries,900953,*,near_duplicate,,copy of 563851
deliveries,900954,*,duplicate_record,,copy of 644192
deliveries,900955,*,duplicate_record,,copy of 692910
deliveries,900956,*,duplicate_record,,copy of 610726
deliveries,900957,*,duplicate_record,,copy of 564347
deliveries,900958,*,near_duplicate,,copy of 502438
deliveries,900959,*,duplicate_record,,copy of 517327
deliveries,900960,*,duplicate_record,,copy of 604518
deliveries,900961,*,near_duplicate,,copy of 678395
deliveries,900962,*,near_duplicate,,copy of 616494
deliveries,900963,*,duplicate_record,,copy of 525525
deliveries,900964,*,duplicate_record,,copy of 619388
deliveries,900965,*,duplicate_record,,copy of 582241
deliveries,900966,*,near_duplicate,,copy of 664685
deliveries,900967,*,near_duplicate,,copy of 611803
deliveries,900968,*,duplicate_record,,copy of 697254
deliveries,900969,*,duplicate_record,,copy of 631707
deliveries,900970,*,duplicate_record,,copy of 662835
deliveries,900971,*,duplicate_record,,copy of 658776
deliveries,900972,*,near_duplicate,,copy of 678009
deliveries,900973,*,duplicate_record,,copy of 548982
deliveries,900974,*,near_duplicate,,copy of 565103
deliveries,900975,*,near_duplicate,,copy of 637669
deliveries,900976,*,duplicate_record,,copy of 520937
deliveries,900977,*,duplicate_record,,copy of 647980
deliveries,900978,*,near_duplicate,,copy of 683448
sales,2025-03-01|7|136,unit_price,inconsistent_value,8.99,7.99
sales,2025-03-01|8|136,unit_price,inconsistent_value,8.99,7.99
sales,2025-03-02|7|136,unit_price,inconsistent_value,8.99,7.99
sales,2025-03-02|8|136,unit_price,inconsistent_value,8.99,7.99
sales,2025-03-03|7|136,unit_price,inconsistent_value,8.99,7.99
sales,2025-03-03|8|136,unit_price,inconsistent_value,8.99,7.99
sales,2025-03-04|7|136,unit_price,inconsistent_value,8.99,7.99
sales,2025-03-04|8|136,unit_price,inconsistent_value,8.99,7.99
sales,2025-03-05|7|136,unit_price,inconsistent_value,8.99,7.99
sales,2025-03-05|8|136,unit_price,inconsistent_value,8.99,7.99
sales,2025-03-06|7|136,unit_price,inconsistent_value,8.99,7.99
sales,2025-03-06|8|136,unit_price,inconsistent_value,8.99,7.99
sales,2025-03-07|7|136,unit_price,inconsistent_value,8.99,7.99
sales,2025-03-07|8|136,unit_price,inconsistent_value,8.99,7.99
sales,2025-03-08|7|136,unit_price,inconsistent_value,8.99,7.99
sales,2025-03-08|8|136,unit_price,inconsistent_value,8.99,7.99
sales,2025-03-09|7|136,unit_price,inconsistent_value,8.99,7.99
sales,2025-03-09|8|136,unit_price,inconsistent_value,8.99,7.99
sales,2025-03-10|7|136,unit_price,inconsistent_value,8.99,7.99
sales,2025-03-10|8|136,unit_price,inconsistent_value,8.99,7.99
sales,2025-03-11|7|136,unit_price,inconsistent_value,8.99,7.99
sales,2025-03-11|8|136,unit_price,inconsistent_value,8.99,7.99
sales,2025-03-12|7|136,unit_price,inconsistent_value,8.99,7.99
sales,2025-03-12|8|136,unit_price,inconsistent_value,8.99,7.99
sales,2025-03-13|7|136,unit_price,inconsistent_value,8.99,7.99
sales,2025-03-13|8|136,unit_price,inconsistent_value,8.99,7.99
sales,2025-03-14|7|136,unit_price,inconsistent_value,8.99,7.99
sales,2025-03-14|8|136,unit_price,inconsistent_value,8.99,7.99
sales,2025-03-15|7|136,unit_price,inconsistent_value,8.99,7.99
sales,2025-03-15|8|136,unit_price,inconsistent_value,8.99,7.99
sales,2025-03-16|7|136,unit_price,inconsistent_value,8.99,7.99
sales,2025-03-16|8|136,unit_price,inconsistent_value,8.99,7.99
sales,2025-03-17|7|136,unit_price,inconsistent_value,8.99,7.99
sales,2025-03-17|8|136,unit_price,inconsistent_value,8.99,7.99
sales,2025-03-18|7|136,unit_price,inconsistent_value,8.99,7.99
sales,2025-03-18|8|136,unit_price,inconsistent_value,8.99,7.99
sales,2025-03-19|7|136,unit_price,inconsistent_value,8.99,7.99
sales,2025-03-19|8|136,unit_price,inconsistent_value,8.99,7.99
sales,2025-03-20|7|136,unit_price,inconsistent_value,8.99,7.99
sales,2025-03-20|8|136,unit_price,inconsistent_value,8.99,7.99
sales,2025-03-21|7|136,unit_price,inconsistent_value,8.99,7.99
sales,2025-03-21|8|136,unit_price,inconsistent_value,8.99,7.99
sales,2025-03-22|7|136,unit_price,inconsistent_value,8.99,7.99
sales,2025-03-22|8|136,unit_price,inconsistent_value,8.99,7.99
sales,2025-03-23|7|136,unit_price,inconsistent_value,8.99,7.99
sales,2025-03-23|8|136,unit_price,inconsistent_value,8.99,7.99
sales,2025-03-24|7|136,unit_price,inconsistent_value,8.99,7.99
sales,2025-03-24|8|136,unit_price,inconsistent_value,8.99,7.99
sales,2025-03-25|7|136,unit_price,inconsistent_value,8.99,7.99
sales,2025-03-25|8|136,unit_price,inconsistent_value,8.99,7.99
sales,2025-03-26|7|136,unit_price,inconsistent_value,8.99,7.99
sales,2025-03-26|8|136,unit_price,inconsistent_value,8.99,7.99
sales,2025-03-27|7|136,unit_price,inconsistent_value,8.99,7.99
sales,2025-03-27|8|136,unit_price,inconsistent_value,8.99,7.99
sales,2025-03-28|7|136,unit_price,inconsistent_value,8.99,7.99
sales,2025-03-28|8|136,unit_price,inconsistent_value,8.99,7.99
sales,2025-03-29|7|136,unit_price,inconsistent_value,8.99,7.99
sales,2025-03-29|8|136,unit_price,inconsistent_value,8.99,7.99
sales,2025-03-30|7|136,unit_price,inconsistent_value,8.99,7.99
sales,2025-03-30|8|136,unit_price,inconsistent_value,8.99,7.99
sales,2025-03-31|7|136,unit_price,inconsistent_value,8.99,7.99
sales,2025-03-31|8|136,unit_price,inconsistent_value,8.99,7.99
sales,2025-04-01|7|136,unit_price,inconsistent_value,8.99,7.99
sales,2025-04-01|8|136,unit_price,inconsistent_value,8.99,7.99
sales,2025-04-02|7|136,unit_price,inconsistent_value,8.99,7.99
sales,2025-04-02|8|136,unit_price,inconsistent_value,8.99,7.99
sales,2025-04-03|7|136,unit_price,inconsistent_value,8.99,7.99
sales,2025-04-03|8|136,unit_price,inconsistent_value,8.99,7.99
sales,2025-04-04|7|136,unit_price,inconsistent_value,8.99,7.99
sales,2025-04-04|8|136,unit_price,inconsistent_value,8.99,7.99
sales,2025-04-05|7|136,unit_price,inconsistent_value,8.99,7.99
sales,2025-04-05|8|136,unit_price,inconsistent_value,8.99,7.99
sales,2025-04-06|7|136,unit_price,inconsistent_value,8.99,7.99
sales,2025-04-06|8|136,unit_price,inconsistent_value,8.99,7.99
sales,2025-04-14|7|136,unit_price,inconsistent_value,8.99,7.99
sales,2025-04-14|8|136,unit_price,inconsistent_value,8.99,7.99
sales,2025-04-15|7|136,unit_price,inconsistent_value,8.99,7.99
sales,2025-04-15|8|136,unit_price,inconsistent_value,8.99,7.99
sales,2025-04-16|7|136,unit_price,inconsistent_value,8.99,7.99
sales,2025-04-16|8|136,unit_price,inconsistent_value,8.99,7.99
sales,2025-04-17|7|136,unit_price,inconsistent_value,8.99,7.99
sales,2025-04-17|8|136,unit_price,inconsistent_value,8.99,7.99
sales,2025-04-18|7|136,unit_price,inconsistent_value,8.99,7.99
sales,2025-04-18|8|136,unit_price,inconsistent_value,8.99,7.99
sales,2025-04-19|7|136,unit_price,inconsistent_value,8.99,7.99
sales,2025-04-19|8|136,unit_price,inconsistent_value,8.99,7.99
sales,2025-04-20|7|136,unit_price,inconsistent_value,8.99,7.99
sales,2025-04-20|8|136,unit_price,inconsistent_value,8.99,7.99
sales,2025-04-21|7|136,unit_price,inconsistent_value,8.99,7.99
sales,2025-04-21|8|136,unit_price,inconsistent_value,8.99,7.99
sales,2025-04-22|7|136,unit_price,inconsistent_value,8.99,7.99
sales,2025-04-22|8|136,unit_price,inconsistent_value,8.99,7.99
sales,2025-04-23|7|136,unit_price,inconsistent_value,8.99,7.99
sales,2025-04-23|8|136,unit_price,inconsistent_value,8.99,7.99
sales,2025-04-24|7|136,unit_price,inconsistent_value,8.99,7.99
sales,2025-04-24|8|136,unit_price,inconsistent_value,8.99,7.99
sales,2025-04-25|7|136,unit_price,inconsistent_value,8.99,7.99
sales,2025-04-25|8|136,unit_price,inconsistent_value,8.99,7.99
sales,2025-04-26|7|136,unit_price,inconsistent_value,8.99,7.99
sales,2025-04-26|8|136,unit_price,inconsistent_value,8.99,7.99
sales,2025-04-27|7|136,unit_price,inconsistent_value,8.99,7.99
sales,2025-04-27|8|136,unit_price,inconsistent_value,8.99,7.99
sales,2025-04-28|7|136,unit_price,inconsistent_value,8.99,7.99
sales,2025-04-28|8|136,unit_price,inconsistent_value,8.99,7.99
sales,2025-04-29|7|136,unit_price,inconsistent_value,8.99,7.99
sales,2025-04-29|8|136,unit_price,inconsistent_value,8.99,7.99
sales,2025-04-30|7|136,unit_price,inconsistent_value,8.99,7.99
sales,2025-04-30|8|136,unit_price,inconsistent_value,8.99,7.99
sales,2025-05-01|7|136,unit_price,inconsistent_value,8.99,7.99
sales,2025-05-01|8|136,unit_price,inconsistent_value,8.99,7.99
sales,2025-05-02|7|136,unit_price,inconsistent_value,8.99,7.99
sales,2025-05-02|8|136,unit_price,inconsistent_value,8.99,7.99
sales,2025-05-03|7|136,unit_price,inconsistent_value,8.99,7.99
sales,2025-05-03|8|136,unit_price,inconsistent_value,8.99,7.99
sales,2025-05-04|7|136,unit_price,inconsistent_value,8.99,7.99
sales,2025-05-04|8|136,unit_price,inconsistent_value,8.99,7.99
sales,2025-05-05|7|136,unit_price,inconsistent_value,8.99,7.99
sales,2025-05-05|8|136,unit_price,inconsistent_value,8.99,7.99
sales,2025-05-06|7|136,unit_price,inconsistent_value,8.99,7.99
sales,2025-05-06|8|136,unit_price,inconsistent_value,8.99,7.99
sales,2025-05-07|7|136,unit_price,inconsistent_value,8.99,7.99
sales,2025-05-07|8|136,unit_price,inconsistent_value,8.99,7.99
sales,2025-05-08|7|136,unit_price,inconsistent_value,8.99,7.99
sales,2025-05-08|8|136,unit_price,inconsistent_value,8.99,7.99
sales,2025-05-09|7|136,unit_price,inconsistent_value,8.99,7.99
sales,2025-05-09|8|136,unit_price,inconsistent_value,8.99,7.99
sales,2025-05-10|7|136,unit_price,inconsistent_value,8.99,7.99
sales,2025-05-10|8|136,unit_price,inconsistent_value,8.99,7.99
sales,2025-05-11|7|136,unit_price,inconsistent_value,8.99,7.99
sales,2025-05-11|8|136,unit_price,inconsistent_value,8.99,7.99
sales,2025-05-12|7|136,unit_price,inconsistent_value,8.99,7.99
sales,2025-05-12|8|136,unit_price,inconsistent_value,8.99,7.99
sales,2025-05-13|7|136,unit_price,inconsistent_value,8.99,7.99
sales,2025-05-13|8|136,unit_price,inconsistent_value,8.99,7.99
sales,2025-05-14|7|136,unit_price,inconsistent_value,8.99,7.99
sales,2025-05-14|8|136,unit_price,inconsistent_value,8.99,7.99
sales,2025-05-15|7|136,unit_price,inconsistent_value,8.99,7.99
sales,2025-05-15|8|136,unit_price,inconsistent_value,8.99,7.99
sales,2025-05-16|7|136,unit_price,inconsistent_value,8.99,7.99
sales,2025-05-16|8|136,unit_price,inconsistent_value,8.99,7.99
sales,2025-05-17|7|136,unit_price,inconsistent_value,8.99,7.99
sales,2025-05-17|8|136,unit_price,inconsistent_value,8.99,7.99
sales,2025-05-18|7|136,unit_price,inconsistent_value,8.99,7.99
sales,2025-05-18|8|136,unit_price,inconsistent_value,8.99,7.99
sales,2025-05-19|7|136,unit_price,inconsistent_value,8.99,7.99
sales,2025-05-19|8|136,unit_price,inconsistent_value,8.99,7.99
sales,2025-05-20|7|136,unit_price,inconsistent_value,8.99,7.99
sales,2025-05-20|8|136,unit_price,inconsistent_value,8.99,7.99
sales,2025-05-21|7|136,unit_price,inconsistent_value,8.99,7.99
sales,2025-05-21|8|136,unit_price,inconsistent_value,8.99,7.99
sales,2025-05-22|7|136,unit_price,inconsistent_value,8.99,7.99
sales,2025-05-22|8|136,unit_price,inconsistent_value,8.99,7.99
sales,2025-05-23|7|136,unit_price,inconsistent_value,8.99,7.99
sales,2025-05-23|8|136,unit_price,inconsistent_value,8.99,7.99
sales,2025-05-24|7|136,unit_price,inconsistent_value,8.99,7.99
sales,2025-05-24|8|136,unit_price,inconsistent_value,8.99,7.99
sales,2025-05-25|7|136,unit_price,inconsistent_value,8.99,7.99
sales,2025-05-25|8|136,unit_price,inconsistent_value,8.99,7.99
sales,2025-05-26|7|136,unit_price,inconsistent_value,8.99,7.99
sales,2025-05-26|8|136,unit_price,inconsistent_value,8.99,7.99
sales,2025-05-27|7|136,unit_price,inconsistent_value,8.99,7.99
sales,2025-05-27|8|136,unit_price,inconsistent_value,8.99,7.99
sales,2025-05-28|7|136,unit_price,inconsistent_value,8.99,7.99
sales,2025-05-28|8|136,unit_price,inconsistent_value,8.99,7.99
sales,2025-05-29|7|136,unit_price,inconsistent_value,8.99,7.99
sales,2025-05-29|8|136,unit_price,inconsistent_value,8.99,7.99
sales,2025-05-30|7|136,unit_price,inconsistent_value,8.99,7.99
sales,2025-05-30|8|136,unit_price,inconsistent_value,8.99,7.99
sales,2025-05-31|7|136,unit_price,inconsistent_value,8.99,7.99
sales,2025-05-31|8|136,unit_price,inconsistent_value,8.99,7.99
sales,2025-06-01|7|136,unit_price,inconsistent_value,8.99,7.99
sales,2025-06-01|8|136,unit_price,inconsistent_value,8.99,7.99
sales,2025-06-02|7|136,unit_price,inconsistent_value,8.99,7.99
sales,2025-06-02|8|136,unit_price,inconsistent_value,8.99,7.99
sales,2025-06-03|7|136,unit_price,inconsistent_value,8.99,7.99
sales,2025-06-03|8|136,unit_price,inconsistent_value,8.99,7.99
sales,2025-06-04|7|136,unit_price,inconsistent_value,8.99,7.99
sales,2025-06-04|8|136,unit_price,inconsistent_value,8.99,7.99
sales,2025-06-05|7|136,unit_price,inconsistent_value,8.99,7.99
sales,2025-06-05|8|136,unit_price,inconsistent_value,8.99,7.99
sales,2025-06-06|7|136,unit_price,inconsistent_value,8.99,7.99
sales,2025-06-06|8|136,unit_price,inconsistent_value,8.99,7.99
sales,2025-06-07|7|136,unit_price,inconsistent_value,8.99,7.99
sales,2025-06-07|8|136,unit_price,inconsistent_value,8.99,7.99
sales,2025-06-08|7|136,unit_price,inconsistent_value,8.99,7.99
sales,2025-06-08|8|136,unit_price,inconsistent_value,8.99,7.99
sales,2025-06-16|7|136,unit_price,inconsistent_value,8.99,7.99
sales,2025-06-16|8|136,unit_price,inconsistent_value,8.99,7.99
sales,2025-06-17|7|136,unit_price,inconsistent_value,8.99,7.99
sales,2025-06-17|8|136,unit_price,inconsistent_value,8.99,7.99
sales,2025-06-18|7|136,unit_price,inconsistent_value,8.99,7.99
sales,2025-06-18|8|136,unit_price,inconsistent_value,8.99,7.99
sales,2025-06-19|7|136,unit_price,inconsistent_value,8.99,7.99
sales,2025-06-19|8|136,unit_price,inconsistent_value,8.99,7.99
sales,2025-06-20|7|136,unit_price,inconsistent_value,8.99,7.99
sales,2025-06-20|8|136,unit_price,inconsistent_value,8.99,7.99
sales,2025-06-21|7|136,unit_price,inconsistent_value,8.99,7.99
sales,2025-06-21|8|136,unit_price,inconsistent_value,8.99,7.99
sales,2025-06-22|7|136,unit_price,inconsistent_value,8.99,7.99
sales,2025-06-22|8|136,unit_price,inconsistent_value,8.99,7.99
sales,2025-06-23|7|136,unit_price,inconsistent_value,8.99,7.99
sales,2025-06-23|8|136,unit_price,inconsistent_value,8.99,7.99
sales,2025-06-24|7|136,unit_price,inconsistent_value,8.99,7.99
sales,2025-06-24|8|136,unit_price,inconsistent_value,8.99,7.99
sales,2025-06-25|7|136,unit_price,inconsistent_value,8.99,7.99
sales,2025-06-25|8|136,unit_price,inconsistent_value,8.99,7.99
sales,2025-06-26|7|136,unit_price,inconsistent_value,8.99,7.99
sales,2025-06-26|8|136,unit_price,inconsistent_value,8.99,7.99
sales,2025-06-27|7|136,unit_price,inconsistent_value,8.99,7.99
sales,2025-06-27|8|136,unit_price,inconsistent_value,8.99,7.99
sales,2025-06-28|7|136,unit_price,inconsistent_value,8.99,7.99
sales,2025-06-28|8|136,unit_price,inconsistent_value,8.99,7.99
sales,2025-06-29|7|136,unit_price,inconsistent_value,8.99,7.99
sales,2025-06-29|8|136,unit_price,inconsistent_value,8.99,7.99
sales,2025-06-30|7|136,unit_price,inconsistent_value,8.99,7.99
sales,2025-06-30|8|136,unit_price,inconsistent_value,8.99,7.99
sales,2025-07-01|7|136,unit_price,inconsistent_value,8.99,7.99
sales,2025-07-01|8|136,unit_price,inconsistent_value,8.99,7.99
sales,2025-07-02|7|136,unit_price,inconsistent_value,8.99,7.99
sales,2025-07-02|8|136,unit_price,inconsistent_value,8.99,7.99
sales,2025-07-03|7|136,unit_price,inconsistent_value,8.99,7.99
sales,2025-07-03|8|136,unit_price,inconsistent_value,8.99,7.99
sales,2025-07-04|7|136,unit_price,inconsistent_value,8.99,7.99
sales,2025-07-04|8|136,unit_price,inconsistent_value,8.99,7.99
sales,2025-07-05|7|136,unit_price,inconsistent_value,8.99,7.99
sales,2025-07-05|8|136,unit_price,inconsistent_value,8.99,7.99
sales,2025-07-06|7|136,unit_price,inconsistent_value,8.99,7.99
sales,2025-07-06|8|136,unit_price,inconsistent_value,8.99,7.99
sales,2025-07-07|7|136,unit_price,inconsistent_value,8.99,7.99
sales,2025-07-07|8|136,unit_price,inconsistent_value,8.99,7.99
sales,2025-07-08|7|136,unit_price,inconsistent_value,8.99,7.99
sales,2025-07-08|8|136,unit_price,inconsistent_value,8.99,7.99
sales,2025-07-09|7|136,unit_price,inconsistent_value,8.99,7.99
sales,2025-07-09|8|136,unit_price,inconsistent_value,8.99,7.99
sales,2025-07-10|7|136,unit_price,inconsistent_value,8.99,7.99
sales,2025-07-10|8|136,unit_price,inconsistent_value,8.99,7.99
sales,2025-07-11|7|136,unit_price,inconsistent_value,8.99,7.99
sales,2025-07-11|8|136,unit_price,inconsistent_value,8.99,7.99
sales,2025-07-12|7|136,unit_price,inconsistent_value,8.99,7.99
sales,2025-07-12|8|136,unit_price,inconsistent_value,8.99,7.99
sales,2025-07-13|7|136,unit_price,inconsistent_value,8.99,7.99
sales,2025-07-13|8|136,unit_price,inconsistent_value,8.99,7.99
sales,2025-07-14|7|136,unit_price,inconsistent_value,8.99,7.99
sales,2025-07-14|8|136,unit_price,inconsistent_value,8.99,7.99
sales,2025-07-15|7|136,unit_price,inconsistent_value,8.99,7.99
sales,2025-07-15|8|136,unit_price,inconsistent_value,8.99,7.99
sales,2025-07-16|7|136,unit_price,inconsistent_value,8.99,7.99
sales,2025-07-16|8|136,unit_price,inconsistent_value,8.99,7.99
sales,2025-07-17|7|136,unit_price,inconsistent_value,8.99,7.99
sales,2025-07-17|8|136,unit_price,inconsistent_value,8.99,7.99
sales,2025-07-18|7|136,unit_price,inconsistent_value,8.99,7.99
sales,2025-07-18|8|136,unit_price,inconsistent_value,8.99,7.99
sales,2025-07-19|7|136,unit_price,inconsistent_value,8.99,7.99
sales,2025-07-19|8|136,unit_price,inconsistent_value,8.99,7.99
sales,2025-07-20|7|136,unit_price,inconsistent_value,8.99,7.99
sales,2025-07-20|8|136,unit_price,inconsistent_value,8.99,7.99
sales,2025-07-21|7|136,unit_price,inconsistent_value,8.99,7.99
sales,2025-07-21|8|136,unit_price,inconsistent_value,8.99,7.99
sales,2025-07-22|7|136,unit_price,inconsistent_value,8.99,7.99
sales,2025-07-22|8|136,unit_price,inconsistent_value,8.99,7.99
sales,2025-07-23|7|136,unit_price,inconsistent_value,8.99,7.99
sales,2025-07-23|8|136,unit_price,inconsistent_value,8.99,7.99
sales,2025-07-24|7|136,unit_price,inconsistent_value,8.99,7.99
sales,2025-07-24|8|136,unit_price,inconsistent_value,8.99,7.99
sales,2025-07-25|7|136,unit_price,inconsistent_value,8.99,7.99
sales,2025-07-25|8|136,unit_price,inconsistent_value,8.99,7.99
sales,2025-07-26|7|136,unit_price,inconsistent_value,8.99,7.99
sales,2025-07-26|8|136,unit_price,inconsistent_value,8.99,7.99
sales,2025-07-27|7|136,unit_price,inconsistent_value,8.99,7.99
sales,2025-07-27|8|136,unit_price,inconsistent_value,8.99,7.99
sales,2025-07-28|7|136,unit_price,inconsistent_value,8.99,7.99
sales,2025-07-28|8|136,unit_price,inconsistent_value,8.99,7.99
sales,2025-07-29|7|136,unit_price,inconsistent_value,8.99,7.99
sales,2025-07-29|8|136,unit_price,inconsistent_value,8.99,7.99
sales,2025-07-30|7|136,unit_price,inconsistent_value,8.99,7.99
sales,2025-07-30|8|136,unit_price,inconsistent_value,8.99,7.99
sales,2025-07-31|7|136,unit_price,inconsistent_value,8.99,7.99
sales,2025-07-31|8|136,unit_price,inconsistent_value,8.99,7.99
sales,2025-08-01|7|136,unit_price,inconsistent_value,8.99,7.99
sales,2025-08-01|8|136,unit_price,inconsistent_value,8.99,7.99
sales,2025-08-02|7|136,unit_price,inconsistent_value,8.99,7.99
sales,2025-08-02|8|136,unit_price,inconsistent_value,8.99,7.99
sales,2025-08-03|7|136,unit_price,inconsistent_value,8.99,7.99
sales,2025-08-03|8|136,unit_price,inconsistent_value,8.99,7.99
sales,2025-08-04|7|136,unit_price,inconsistent_value,8.99,7.99
sales,2025-08-04|8|136,unit_price,inconsistent_value,8.99,7.99
sales,2025-08-05|7|136,unit_price,inconsistent_value,8.99,7.99
sales,2025-08-05|8|136,unit_price,inconsistent_value,8.99,7.99
sales,2025-08-06|7|136,unit_price,inconsistent_value,8.99,7.99
sales,2025-08-06|8|136,unit_price,inconsistent_value,8.99,7.99
sales,2025-08-07|7|136,unit_price,inconsistent_value,8.99,7.99
sales,2025-08-07|8|136,unit_price,inconsistent_value,8.99,7.99
sales,2025-08-08|7|136,unit_price,inconsistent_value,8.99,7.99
sales,2025-08-08|8|136,unit_price,inconsistent_value,8.99,7.99
sales,2025-08-09|7|136,unit_price,inconsistent_value,8.99,7.99
sales,2025-08-09|8|136,unit_price,inconsistent_value,8.99,7.99
sales,2025-08-10|7|136,unit_price,inconsistent_value,8.99,7.99
sales,2025-08-10|8|136,unit_price,inconsistent_value,8.99,7.99
sales,2025-08-11|7|136,unit_price,inconsistent_value,8.99,7.99
sales,2025-08-11|8|136,unit_price,inconsistent_value,8.99,7.99
sales,2025-08-12|7|136,unit_price,inconsistent_value,8.99,7.99
sales,2025-08-12|8|136,unit_price,inconsistent_value,8.99,7.99
sales,2025-08-13|7|136,unit_price,inconsistent_value,8.99,7.99
sales,2025-08-13|8|136,unit_price,inconsistent_value,8.99,7.99
sales,2025-08-14|7|136,unit_price,inconsistent_value,8.99,7.99
sales,2025-08-14|8|136,unit_price,inconsistent_value,8.99,7.99
sales,2025-08-15|7|136,unit_price,inconsistent_value,8.99,7.99
sales,2025-08-15|8|136,unit_price,inconsistent_value,8.99,7.99
sales,2025-08-16|7|136,unit_price,inconsistent_value,8.99,7.99
sales,2025-08-16|8|136,unit_price,inconsistent_value,8.99,7.99
sales,2025-08-17|7|136,unit_price,inconsistent_value,8.99,7.99
sales,2025-08-17|8|136,unit_price,inconsistent_value,8.99,7.99
sales,2025-08-18|7|136,unit_price,inconsistent_value,8.99,7.99
sales,2025-08-18|8|136,unit_price,inconsistent_value,8.99,7.99
sales,2025-08-19|7|136,unit_price,inconsistent_value,8.99,7.99
sales,2025-08-19|8|136,unit_price,inconsistent_value,8.99,7.99
sales,2025-08-20|7|136,unit_price,inconsistent_value,8.99,7.99
sales,2025-08-20|8|136,unit_price,inconsistent_value,8.99,7.99
sales,2025-08-21|7|136,unit_price,inconsistent_value,8.99,7.99
sales,2025-08-21|8|136,unit_price,inconsistent_value,8.99,7.99
sales,2025-08-22|7|136,unit_price,inconsistent_value,8.99,7.99
sales,2025-08-22|8|136,unit_price,inconsistent_value,8.99,7.99
sales,2025-08-23|7|136,unit_price,inconsistent_value,8.99,7.99
sales,2025-08-23|8|136,unit_price,inconsistent_value,8.99,7.99
sales,2025-08-24|7|136,unit_price,inconsistent_value,8.99,7.99
sales,2025-08-24|8|136,unit_price,inconsistent_value,8.99,7.99
sales,2025-08-25|7|136,unit_price,inconsistent_value,8.99,7.99
sales,2025-08-25|8|136,unit_price,inconsistent_value,8.99,7.99
sales,2025-08-26|7|136,unit_price,inconsistent_value,8.99,7.99
sales,2025-08-26|8|136,unit_price,inconsistent_value,8.99,7.99
sales,2025-08-27|7|136,unit_price,inconsistent_value,8.99,7.99
sales,2025-08-27|8|136,unit_price,inconsistent_value,8.99,7.99
sales,2025-08-28|7|136,unit_price,inconsistent_value,8.99,7.99
sales,2025-08-28|8|136,unit_price,inconsistent_value,8.99,7.99
sales,2025-08-29|7|136,unit_price,inconsistent_value,8.99,7.99
sales,2025-08-29|8|136,unit_price,inconsistent_value,8.99,7.99
sales,2025-08-30|7|136,unit_price,inconsistent_value,8.99,7.99
sales,2025-08-30|8|136,unit_price,inconsistent_value,8.99,7.99
sales,2025-08-31|7|136,unit_price,inconsistent_value,8.99,7.99
sales,2025-08-31|8|136,unit_price,inconsistent_value,8.99,7.99
sales,2025-09-01|7|136,unit_price,inconsistent_value,8.99,7.99
sales,2025-09-01|8|136,unit_price,inconsistent_value,8.99,7.99
sales,2025-09-02|7|136,unit_price,inconsistent_value,8.99,7.99
sales,2025-09-02|8|136,unit_price,inconsistent_value,8.99,7.99
sales,2025-09-03|7|136,unit_price,inconsistent_value,8.99,7.99
sales,2025-09-03|8|136,unit_price,inconsistent_value,8.99,7.99
sales,2025-09-04|7|136,unit_price,inconsistent_value,8.99,7.99
sales,2025-09-04|8|136,unit_price,inconsistent_value,8.99,7.99
sales,2025-09-05|7|136,unit_price,inconsistent_value,8.99,7.99
sales,2025-09-05|8|136,unit_price,inconsistent_value,8.99,7.99
sales,2025-09-06|7|136,unit_price,inconsistent_value,8.99,7.99
sales,2025-09-06|8|136,unit_price,inconsistent_value,8.99,7.99
sales,2025-09-07|7|136,unit_price,inconsistent_value,8.99,7.99
sales,2025-09-07|8|136,unit_price,inconsistent_value,8.99,7.99
sales,2025-09-08|7|136,unit_price,inconsistent_value,8.99,7.99
sales,2025-09-08|8|136,unit_price,inconsistent_value,8.99,7.99
sales,2025-09-09|7|136,unit_price,inconsistent_value,8.99,7.99
sales,2025-09-09|8|136,unit_price,inconsistent_value,8.99,7.99
sales,2025-09-10|7|136,unit_price,inconsistent_value,8.99,7.99
sales,2025-09-10|8|136,unit_price,inconsistent_value,8.99,7.99
sales,2025-09-11|7|136,unit_price,inconsistent_value,8.99,7.99
sales,2025-09-11|8|136,unit_price,inconsistent_value,8.99,7.99
sales,2025-09-12|7|136,unit_price,inconsistent_value,8.99,7.99
sales,2025-09-12|8|136,unit_price,inconsistent_value,8.99,7.99
sales,2025-09-13|7|136,unit_price,inconsistent_value,8.99,7.99
sales,2025-09-13|8|136,unit_price,inconsistent_value,8.99,7.99
sales,2025-09-14|7|136,unit_price,inconsistent_value,8.99,7.99
sales,2025-09-14|8|136,unit_price,inconsistent_value,8.99,7.99
sales,2025-09-15|7|136,unit_price,inconsistent_value,8.99,7.99
sales,2025-09-15|8|136,unit_price,inconsistent_value,8.99,7.99
sales,2025-09-16|7|136,unit_price,inconsistent_value,8.99,7.99
sales,2025-09-16|8|136,unit_price,inconsistent_value,8.99,7.99
sales,2025-09-17|7|136,unit_price,inconsistent_value,8.99,7.99
sales,2025-09-17|8|136,unit_price,inconsistent_value,8.99,7.99
sales,2025-09-18|7|136,unit_price,inconsistent_value,8.99,7.99
sales,2025-09-18|8|136,unit_price,inconsistent_value,8.99,7.99
sales,2025-09-19|7|136,unit_price,inconsistent_value,8.99,7.99
sales,2025-09-19|8|136,unit_price,inconsistent_value,8.99,7.99
sales,2025-09-20|7|136,unit_price,inconsistent_value,8.99,7.99
sales,2025-09-20|8|136,unit_price,inconsistent_value,8.99,7.99
sales,2025-09-21|7|136,unit_price,inconsistent_value,8.99,7.99
sales,2025-09-21|8|136,unit_price,inconsistent_value,8.99,7.99
sales,2025-09-22|7|136,unit_price,inconsistent_value,8.99,7.99
sales,2025-09-22|8|136,unit_price,inconsistent_value,8.99,7.99
sales,2025-09-23|7|136,unit_price,inconsistent_value,8.99,7.99
sales,2025-09-23|8|136,unit_price,inconsistent_value,8.99,7.99
sales,2025-09-24|7|136,unit_price,inconsistent_value,8.99,7.99
sales,2025-09-24|8|136,unit_price,inconsistent_value,8.99,7.99
sales,2025-09-25|7|136,unit_price,inconsistent_value,8.99,7.99
sales,2025-09-25|8|136,unit_price,inconsistent_value,8.99,7.99
sales,2025-09-26|7|136,unit_price,inconsistent_value,8.99,7.99
sales,2025-09-26|8|136,unit_price,inconsistent_value,8.99,7.99
sales,2025-09-27|7|136,unit_price,inconsistent_value,8.99,7.99
sales,2025-09-27|8|136,unit_price,inconsistent_value,8.99,7.99
sales,2025-09-28|7|136,unit_price,inconsistent_value,8.99,7.99
sales,2025-09-28|8|136,unit_price,inconsistent_value,8.99,7.99
sales,2025-09-29|7|136,unit_price,inconsistent_value,8.99,7.99
sales,2025-09-29|8|136,unit_price,inconsistent_value,8.99,7.99
sales,2025-09-30|7|136,unit_price,inconsistent_value,8.99,7.99
sales,2025-09-30|8|136,unit_price,inconsistent_value,8.99,7.99
sales,2025-10-01|7|136,unit_price,inconsistent_value,8.99,7.99
sales,2025-10-01|8|136,unit_price,inconsistent_value,8.99,7.99
sales,2025-10-02|7|136,unit_price,inconsistent_value,8.99,7.99
sales,2025-10-02|8|136,unit_price,inconsistent_value,8.99,7.99
sales,2025-10-03|7|136,unit_price,inconsistent_value,8.99,7.99
sales,2025-10-03|8|136,unit_price,inconsistent_value,8.99,7.99
sales,2025-10-04|7|136,unit_price,inconsistent_value,8.99,7.99
sales,2025-10-04|8|136,unit_price,inconsistent_value,8.99,7.99
sales,2025-10-05|7|136,unit_price,inconsistent_value,8.99,7.99
sales,2025-10-05|8|136,unit_price,inconsistent_value,8.99,7.99
sales,2025-10-06|7|136,unit_price,inconsistent_value,8.99,7.99
sales,2025-10-06|8|136,unit_price,inconsistent_value,8.99,7.99
sales,2025-10-07|7|136,unit_price,inconsistent_value,8.99,7.99
sales,2025-10-07|8|136,unit_price,inconsistent_value,8.99,7.99
sales,2025-10-08|7|136,unit_price,inconsistent_value,8.99,7.99
sales,2025-10-08|8|136,unit_price,inconsistent_value,8.99,7.99
sales,2025-10-09|7|136,unit_price,inconsistent_value,8.99,7.99
sales,2025-10-09|8|136,unit_price,inconsistent_value,8.99,7.99
sales,2025-10-10|7|136,unit_price,inconsistent_value,8.99,7.99
sales,2025-10-10|8|136,unit_price,inconsistent_value,8.99,7.99
sales,2025-10-11|7|136,unit_price,inconsistent_value,8.99,7.99
sales,2025-10-11|8|136,unit_price,inconsistent_value,8.99,7.99
sales,2025-10-12|7|136,unit_price,inconsistent_value,8.99,7.99
sales,2025-10-12|8|136,unit_price,inconsistent_value,8.99,7.99
sales,2025-10-13|7|136,unit_price,inconsistent_value,8.99,7.99
sales,2025-10-13|8|136,unit_price,inconsistent_value,8.99,7.99
sales,2025-10-14|7|136,unit_price,inconsistent_value,8.99,7.99
sales,2025-10-14|8|136,unit_price,inconsistent_value,8.99,7.99
sales,2025-10-15|7|136,unit_price,inconsistent_value,8.99,7.99
sales,2025-10-15|8|136,unit_price,inconsistent_value,8.99,7.99
sales,2025-10-16|7|136,unit_price,inconsistent_value,8.99,7.99
sales,2025-10-16|8|136,unit_price,inconsistent_value,8.99,7.99
sales,2025-10-17|7|136,unit_price,inconsistent_value,8.99,7.99
sales,2025-10-17|8|136,unit_price,inconsistent_value,8.99,7.99
sales,2025-10-18|7|136,unit_price,inconsistent_value,8.99,7.99
sales,2025-10-18|8|136,unit_price,inconsistent_value,8.99,7.99
sales,2025-10-19|7|136,unit_price,inconsistent_value,8.99,7.99
sales,2025-10-19|8|136,unit_price,inconsistent_value,8.99,7.99
sales,2025-10-20|7|136,unit_price,inconsistent_value,8.99,7.99
sales,2025-10-20|8|136,unit_price,inconsistent_value,8.99,7.99
sales,2025-10-21|7|136,unit_price,inconsistent_value,8.99,7.99
sales,2025-10-21|8|136,unit_price,inconsistent_value,8.99,7.99
sales,2025-10-22|7|136,unit_price,inconsistent_value,8.99,7.99
sales,2025-10-22|8|136,unit_price,inconsistent_value,8.99,7.99
sales,2025-10-23|7|136,unit_price,inconsistent_value,8.99,7.99
sales,2025-10-23|8|136,unit_price,inconsistent_value,8.99,7.99
sales,2025-10-24|7|136,unit_price,inconsistent_value,8.99,7.99
sales,2025-10-24|8|136,unit_price,inconsistent_value,8.99,7.99
sales,2025-10-25|7|136,unit_price,inconsistent_value,8.99,7.99
sales,2025-10-25|8|136,unit_price,inconsistent_value,8.99,7.99
sales,2025-10-26|7|136,unit_price,inconsistent_value,8.99,7.99
sales,2025-10-26|8|136,unit_price,inconsistent_value,8.99,7.99
sales,2025-10-27|7|136,unit_price,inconsistent_value,8.99,7.99
sales,2025-10-27|8|136,unit_price,inconsistent_value,8.99,7.99
sales,2025-10-28|7|136,unit_price,inconsistent_value,8.99,7.99
sales,2025-10-28|8|136,unit_price,inconsistent_value,8.99,7.99
sales,2025-10-29|7|136,unit_price,inconsistent_value,8.99,7.99
sales,2025-10-29|8|136,unit_price,inconsistent_value,8.99,7.99
sales,2025-10-30|7|136,unit_price,inconsistent_value,8.99,7.99
sales,2025-10-30|8|136,unit_price,inconsistent_value,8.99,7.99
sales,2025-10-31|7|136,unit_price,inconsistent_value,8.99,7.99
sales,2025-10-31|8|136,unit_price,inconsistent_value,8.99,7.99
sales,2025-11-01|7|136,unit_price,inconsistent_value,8.99,7.99
sales,2025-11-01|8|136,unit_price,inconsistent_value,8.99,7.99
sales,2025-11-02|7|136,unit_price,inconsistent_value,8.99,7.99
sales,2025-11-02|8|136,unit_price,inconsistent_value,8.99,7.99
sales,2025-11-10|7|136,unit_price,inconsistent_value,8.99,7.99
sales,2025-11-10|8|136,unit_price,inconsistent_value,8.99,7.99
sales,2025-11-11|7|136,unit_price,inconsistent_value,8.99,7.99
sales,2025-11-11|8|136,unit_price,inconsistent_value,8.99,7.99
sales,2025-11-12|7|136,unit_price,inconsistent_value,8.99,7.99
sales,2025-11-12|8|136,unit_price,inconsistent_value,8.99,7.99
sales,2025-11-13|7|136,unit_price,inconsistent_value,8.99,7.99
sales,2025-11-13|8|136,unit_price,inconsistent_value,8.99,7.99
sales,2025-11-14|7|136,unit_price,inconsistent_value,8.99,7.99
sales,2025-11-14|8|136,unit_price,inconsistent_value,8.99,7.99
sales,2025-11-15|7|136,unit_price,inconsistent_value,8.99,7.99
sales,2025-11-15|8|136,unit_price,inconsistent_value,8.99,7.99
sales,2025-11-16|7|136,unit_price,inconsistent_value,8.99,7.99
sales,2025-11-16|8|136,unit_price,inconsistent_value,8.99,7.99
sales,2025-11-24|7|136,unit_price,inconsistent_value,8.99,7.99
sales,2025-11-24|8|136,unit_price,inconsistent_value,8.99,7.99
sales,2025-11-25|7|136,unit_price,inconsistent_value,8.99,7.99
sales,2025-11-25|8|136,unit_price,inconsistent_value,8.99,7.99
sales,2025-11-26|7|136,unit_price,inconsistent_value,8.99,7.99
sales,2025-11-26|8|136,unit_price,inconsistent_value,8.99,7.99
sales,2025-11-27|7|136,unit_price,inconsistent_value,8.99,7.99
sales,2025-11-27|8|136,unit_price,inconsistent_value,8.99,7.99
sales,2025-11-28|7|136,unit_price,inconsistent_value,8.99,7.99
sales,2025-11-28|8|136,unit_price,inconsistent_value,8.99,7.99
sales,2025-11-29|7|136,unit_price,inconsistent_value,8.99,7.99
sales,2025-11-29|8|136,unit_price,inconsistent_value,8.99,7.99
sales,2025-11-30|7|136,unit_price,inconsistent_value,8.99,7.99
sales,2025-11-30|8|136,unit_price,inconsistent_value,8.99,7.99
sales,2025-12-01|7|136,unit_price,inconsistent_value,8.99,7.99
sales,2025-12-01|8|136,unit_price,inconsistent_value,8.99,7.99
sales,2025-12-02|7|136,unit_price,inconsistent_value,8.99,7.99
sales,2025-12-02|8|136,unit_price,inconsistent_value,8.99,7.99
sales,2025-12-03|7|136,unit_price,inconsistent_value,8.99,7.99
sales,2025-12-03|8|136,unit_price,inconsistent_value,8.99,7.99
sales,2025-12-04|7|136,unit_price,inconsistent_value,8.99,7.99
sales,2025-12-04|8|136,unit_price,inconsistent_value,8.99,7.99
sales,2025-12-05|7|136,unit_price,inconsistent_value,8.99,7.99
sales,2025-12-05|8|136,unit_price,inconsistent_value,8.99,7.99
sales,2025-12-06|7|136,unit_price,inconsistent_value,8.99,7.99
sales,2025-12-06|8|136,unit_price,inconsistent_value,8.99,7.99
sales,2025-12-07|7|136,unit_price,inconsistent_value,8.99,7.99
sales,2025-12-07|8|136,unit_price,inconsistent_value,8.99,7.99
sales,2025-12-08|7|136,unit_price,inconsistent_value,8.99,7.99
sales,2025-12-08|8|136,unit_price,inconsistent_value,8.99,7.99
sales,2025-12-09|7|136,unit_price,inconsistent_value,8.99,7.99
sales,2025-12-09|8|136,unit_price,inconsistent_value,8.99,7.99
sales,2025-12-10|7|136,unit_price,inconsistent_value,8.99,7.99
sales,2025-12-10|8|136,unit_price,inconsistent_value,8.99,7.99
sales,2025-12-11|7|136,unit_price,inconsistent_value,8.99,7.99
sales,2025-12-11|8|136,unit_price,inconsistent_value,8.99,7.99
sales,2025-12-12|7|136,unit_price,inconsistent_value,8.99,7.99
sales,2025-12-12|8|136,unit_price,inconsistent_value,8.99,7.99
sales,2025-12-13|7|136,unit_price,inconsistent_value,8.99,7.99
sales,2025-12-13|8|136,unit_price,inconsistent_value,8.99,7.99
sales,2025-12-14|7|136,unit_price,inconsistent_value,8.99,7.99
sales,2025-12-14|8|136,unit_price,inconsistent_value,8.99,7.99
sales,2025-12-22|7|136,unit_price,inconsistent_value,8.99,7.99
sales,2025-12-22|8|136,unit_price,inconsistent_value,8.99,7.99
sales,2025-12-23|7|136,unit_price,inconsistent_value,8.99,7.99
sales,2025-12-23|8|136,unit_price,inconsistent_value,8.99,7.99
sales,2025-12-24|7|136,unit_price,inconsistent_value,8.99,7.99
sales,2025-12-24|8|136,unit_price,inconsistent_value,8.99,7.99
sales,2025-12-25|7|136,unit_price,inconsistent_value,8.99,7.99
sales,2025-12-25|8|136,unit_price,inconsistent_value,8.99,7.99
sales,2025-12-26|7|136,unit_price,inconsistent_value,8.99,7.99
sales,2025-12-26|8|136,unit_price,inconsistent_value,8.99,7.99
sales,2025-12-27|7|136,unit_price,inconsistent_value,8.99,7.99
sales,2025-12-27|8|136,unit_price,inconsistent_value,8.99,7.99
sales,2025-12-28|7|136,unit_price,inconsistent_value,8.99,7.99
sales,2025-12-28|8|136,unit_price,inconsistent_value,8.99,7.99
sales,2025-12-29|7|136,unit_price,inconsistent_value,8.99,7.99
sales,2025-12-29|8|136,unit_price,inconsistent_value,8.99,7.99
sales,2025-12-30|7|136,unit_price,inconsistent_value,8.99,7.99
sales,2025-12-30|8|136,unit_price,inconsistent_value,8.99,7.99
sales,2025-12-31|7|136,unit_price,inconsistent_value,8.99,7.99
sales,2025-12-31|8|136,unit_price,inconsistent_value,8.99,7.99
sales,2025-02-10|6,*,missing_record,store-day,
sales,2025-02-11|6,*,missing_record,store-day,
sales,2025-02-12|6,*,missing_record,store-day,
sales,2025-05-05|3,*,duplicate_record,,uploaded twice
stock_counts,2025-12-14|3|123,counted_qty,transposed_digits,24,42.0
stock_counts,2025-09-21|2|107,counted_qty,transposed_digits,43,34.0
stock_counts,2025-02-09|8|108,counted_qty,transposed_digits,69,96.0
stock_counts,2024-11-10|7|160,counted_qty,transposed_digits,32,23.0
stock_counts,2024-03-17|2|123,counted_qty,transposed_digits,42,24.0
stock_counts,2024-11-24|7|147,counted_qty,transposed_digits,25,52.0
stock_counts,2025-10-12|7|116,counted_qty,transposed_digits,64,46.0
stock_counts,2025-10-26|7|126,counted_qty,transposed_digits,31,13.0
stock_counts,2025-01-19|1|120,counted_qty,transposed_digits,25,52.0
stock_counts,2024-03-10|1|145,counted_qty,transposed_digits,17,71.0
stock_counts,2025-12-21|1|125,counted_qty,transposed_digits,23,32.0
stock_counts,2025-08-17|6|117,counted_qty,transposed_digits,72,27.0
stock_counts,2025-02-02|7|113,counted_qty,transposed_digits,60,6.0
stock_counts,2024-01-28|7|125,counted_qty,transposed_digits,28,82.0
stock_counts,2025-03-09|5|124,counted_qty,transposed_digits,30,3.0
stock_counts,2024-08-18|8|147,counted_qty,transposed_digits,27,72.0
stock_counts,2024-03-03|2|121,counted_qty,transposed_digits,27,72.0
stock_counts,2025-05-04|5|141,counted_qty,transposed_digits,13,31.0
stock_counts,2025-02-02|8|122,counted_qty,transposed_digits,16,61.0
stock_counts,2024-12-01|5|131,counted_qty,transposed_digits,19,91.0
stock_counts,2025-09-21|2|122,counted_qty,transposed_digits,20,2.0
stock_counts,2025-05-04|8|153,counted_qty,transposed_digits,12,21.0
stock_counts,2025-10-19|3|147,counted_qty,transposed_digits,16,61.0
stock_counts,2025-09-14|2|145,counted_qty,transposed_digits,16,61.0
stock_counts,2025-01-05|5|134,counted_qty,transposed_digits,38,83.0
stock_counts,2025-08-17|4|151,counted_qty,transposed_digits,12,21.0
stock_counts,2024-12-15|6|113,counted_qty,transposed_digits,21,12.0
stock_counts,2024-10-13|5|135,counted_qty,transposed_digits,27,72.0
stock_counts,2024-05-12|5|117,counted_qty,transposed_digits,79,97.0
stock_counts,2025-10-05|5|118,counted_qty,transposed_digits,85,58.0
stock_counts,2025-08-24|2|126,counted_qty,transposed_digits,27,72.0
stock_counts,2024-11-10|2|148,counted_qty,transposed_digits,17,71.0
stock_counts,2024-01-14|7|133,counted_qty,transposed_digits,27,72.0
stock_counts,2025-11-23|7|145,counted_qty,transposed_digits,20,2.0
stock_counts,2024-10-20|1|112,counted_qty,transposed_digits,42,24.0
stock_counts,2024-08-18|2|136,counted_qty,transposed_digits,21,12.0
stock_counts,2024-03-31|6|160,counted_qty,transposed_digits,28,82.0
stock_counts,2025-06-29|1|136,counted_qty,transposed_digits,25,52.0
stock_counts,2025-12-07|1|133,counted_qty,transposed_digits,42,24.0
stock_counts,2025-11-30|1|132,counted_qty,transposed_digits,26,62.0
stock_counts,2024-12-15|1|144,counted_qty,transposed_digits,18,81.0
stock_counts,2024-03-24|6|147,counted_qty,transposed_digits,26,62.0
stock_counts,2024-11-03|7|102,counted_qty,transposed_digits,82,28.0
stock_counts,2024-10-20|2|140,counted_qty,transposed_digits,20,2.0
stock_counts,2024-08-04|3|136,counted_qty,transposed_digits,13,31.0
stock_counts,2025-01-12|5|117,counted_qty,transposed_digits,94,49.0
stock_counts,2025-05-25|2|125,counted_qty,transposed_digits,36,63.0
stock_counts,2024-03-10|3|142,counted_qty,transposed_digits,19,91.0
stock_counts,2025-05-25|8|140,counted_qty,transposed_digits,36,63.0
stock_counts,2025-06-15|2|140,counted_qty,transposed_digits,31,13.0
stock_counts,2024-03-10|5|142,counted_qty,transposed_digits,20,2.0
stock_counts,2025-06-22|5|117,counted_qty,transposed_digits,80,8.0
stock_counts,2024-02-18|6|116,counted_qty,transposed_digits,50,5.0
stock_counts,2024-10-06|5|142,counted_qty,transposed_digits,38,83.0
stock_counts,2024-02-25|3|115,counted_qty,transposed_digits,31,13.0
stock_counts,2024-05-05|2|108,counted_qty,transposed_digits,28,82.0
stock_counts,2025-09-14|3|116,counted_qty,transposed_digits,29,92.0
stock_counts,2024-09-15|5|150,counted_qty,transposed_digits,30,3.0
stock_counts,2024-10-20|2|126,counted_qty,transposed_digits,37,73.0
stock_counts,2025-07-13|8|118,counted_qty,transposed_digits,58,85.0
stock_counts,2024-09-01|6|147,counted_qty,transposed_digits,32,23.0
stock_counts,2024-09-15|7|107,counted_qty,transposed_digits,60,6.0
stock_counts,2025-01-26|2|123,counted_qty,transposed_digits,52,25.0
stock_counts,2025-10-05|2|152,counted_qty,transposed_digits,15,51.0
stock_counts,2025-07-06|2|147,counted_qty,transposed_digits,15,51.0
stock_counts,2024-02-04|6|102,counted_qty,transposed_digits,72,27.0
stock_counts,2024-03-24|5|133,counted_qty,transposed_digits,51,15.0
stock_counts,2024-05-12|2|133,counted_qty,transposed_digits,40,4.0
stock_counts,2024-01-21|3|153,counted_qty,transposed_digits,12,21.0
stock_counts,2024-02-04|1|123,counted_qty,transposed_digits,35,53.0
stock_counts,2024-11-03|4|152,counted_qty,transposed_digits,18,81.0
stock_counts,2025-11-09|4|124,counted_qty,transposed_digits,52,25.0
stock_counts,2024-12-15|1|116,counted_qty,transposed_digits,52,25.0
stock_counts,2025-03-23|2|102,counted_qty,transposed_digits,95,59.0
stock_counts,2024-04-14|6|108,counted_qty,transposed_digits,38,83.0
stock_counts,2025-12-14|1|135,counted_qty,transposed_digits,37,73.0
stock_counts,2025-08-31|8|115,counted_qty,transposed_digits,36,63.0
stock_counts,2025-02-16|8|133,counted_qty,transposed_digits,25,52.0
stock_counts,2025-08-17|6|113,counted_qty,transposed_digits,29,92.0
stock_counts,2024-03-10|8|119,counted_qty,transposed_digits,12,21.0
stock_counts,2024-08-25|6|107,counted_qty,transposed_digits,38,83.0
stock_counts,2024-12-01|5|145,counted_qty,transposed_digits,28,82.0
stock_counts,2025-12-14|5|119,counted_qty,transposed_digits,21,12.0
stock_counts,2024-10-27|8|119,counted_qty,transposed_digits,31,13.0
stock_counts,2025-08-03|6|113,counted_qty,transposed_digits,60,6.0
stock_counts,2024-04-07|4|118,counted_qty,transposed_digits,65,56.0
stock_counts,2024-09-29|7|109,counted_qty,transposed_digits,29,92.0
stock_counts,2024-05-12|5|103,counted_qty,transposed_digits,52,25.0
stock_counts,2025-03-09|6|152,counted_qty,transposed_digits,21,12.0
stock_counts,2025-11-23|1|102,counted_qty,transposed_digits,92,29.0
stock_counts,2024-04-07|4|146,counted_qty,transposed_digits,21,12.0
stock_counts,2024-10-06|5|144,counted_qty,transposed_digits,21,12.0
stock_counts,2025-12-07|8|103,counted_qty,transposed_digits,40,4.0
stock_counts,2024-01-28|3|138,counted_qty,transposed_digits,12,21.0
stock_counts,2024-02-11|7|126,counted_qty,transposed_digits,27,72.0
stock_counts,2025-05-04|4|119,counted_qty,transposed_digits,29,92.0
stock_counts,2025-06-15|2|146,counted_qty,transposed_digits,17,71.0
stock_counts,2025-03-09|2|118,counted_qty,transposed_digits,61,16.0
stock_counts,2025-11-16|4|153,counted_qty,transposed_digits,17,71.0
stock_counts,2025-03-02|3|146,counted_qty,transposed_digits,16,61.0
stock_counts,2025-06-08|5|152,counted_qty,transposed_digits,18,81.0
stock_counts,2024-06-23|3|124,counted_qty,transposed_digits,12,21.0
stock_counts,2024-06-02|8|140,counted_qty,transposed_digits,30,3.0
stock_counts,2025-04-06|7|150,counted_qty,transposed_digits,24,42.0
stock_counts,2025-04-06|4|108,counted_qty,transposed_digits,53,35.0
stock_counts,2025-01-12|2|136,counted_qty,transposed_digits,24,42.0
stock_counts,2025-05-25|2|139,counted_qty,transposed_digits,17,71.0
stock_counts,2024-03-10|1|115,counted_qty,transposed_digits,29,92.0
stock_counts,2024-03-10|5|133,counted_qty,transposed_digits,46,64.0
stock_counts,2024-01-21|4|148,counted_qty,transposed_digits,25,52.0
stock_counts,2025-08-10|6|112,counted_qty,transposed_digits,34,43.0
stock_counts,2024-05-26|5|103,counted_qty,transposed_digits,40,4.0
stock_counts,2025-08-10|7|107,counted_qty,transposed_digits,35,53.0
stock_counts,2024-12-08|8|134,counted_qty,transposed_digits,27,72.0
stock_counts,2025-03-09|4|141,counted_qty,transposed_digits,14,41.0
stock_counts,2025-09-28|3|131,counted_qty,transposed_digits,19,91.0
stock_counts,2024-09-15|2|121,counted_qty,transposed_digits,23,32.0
stock_counts,2025-07-06|2|151,counted_qty,transposed_digits,30,3.0
stock_counts,2024-09-08|4|152,counted_qty,transposed_digits,32,23.0
stock_counts,2025-02-23|5|103,counted_qty,transposed_digits,48,84.0
stock_counts,2024-04-21|8|146,counted_qty,transposed_digits,28,82.0
stock_counts,2025-07-06|1|109,counted_qty,transposed_digits,35,53.0
stock_counts,2024-05-19|7|118,counted_qty,transposed_digits,73,37.0
stock_counts,2025-05-18|4|108,counted_qty,transposed_digits,37,73.0
stock_counts,2025-07-20|6|109,counted_qty,transposed_digits,21,12.0
stock_counts,2025-07-20|5|137,counted_qty,transposed_digits,14,41.0
stock_counts,2025-07-20|6|143,counted_qty,transposed_digits,17,71.0
stock_counts,2024-11-17|2|135,counted_qty,transposed_digits,15,51.0
stock_counts,2025-05-04|6|109,counted_qty,transposed_digits,32,23.0
stock_counts,2025-11-23|8|121,counted_qty,transposed_digits,39,93.0
stock_counts,2024-03-10|4|135,counted_qty,transposed_digits,29,92.0
stock_counts,2024-12-29|5|123,counted_qty,transposed_digits,51,15.0
stock_counts,2024-10-06|1|144,counted_qty,transposed_digits,24,42.0
stock_counts,2024-02-18|4|136,counted_qty,transposed_digits,25,52.0
stock_counts,2025-04-13|3|131,counted_qty,transposed_digits,17,71.0
stock_counts,2025-11-16|1|152,counted_qty,transposed_digits,15,51.0
stock_counts,2025-11-09|2|133,counted_qty,transposed_digits,30,3.0
stock_counts,2024-09-29|6|113,counted_qty,transposed_digits,21,12.0
stock_counts,2024-09-22|2|117,counted_qty,transposed_digits,69,96.0
stock_counts,2024-10-06|7|132,counted_qty,transposed_digits,45,54.0
stock_counts,2025-08-17|7|120,counted_qty,transposed_digits,28,82.0
stock_counts,2024-02-25|5|131,counted_qty,transposed_digits,23,32.0
stock_counts,2025-10-05|3|123,counted_qty,transposed_digits,29,92.0
stock_counts,2024-03-10|1|144,counted_qty,transposed_digits,29,92.0
stock_counts,2025-03-02|2|108,counted_qty,transposed_digits,37,73.0
stock_counts,2024-12-22|1|135,counted_qty,transposed_digits,28,82.0
stock_counts,2025-05-18|3|123,counted_qty,transposed_digits,27,72.0
stock_counts,2025-09-14|8|135,counted_qty,transposed_digits,38,83.0
stock_counts,2025-03-30|4|115,counted_qty,transposed_digits,38,83.0
stock_counts,2024-01-07|4|132,counted_qty,transposed_digits,29,92.0
stock_counts,2025-10-19|2|114,counted_qty,transposed_digits,12,21.0
stock_counts,2024-03-17|6|145,counted_qty,transposed_digits,13,31.0
stock_counts,2025-08-10|8|114,counted_qty,transposed_digits,18,81.0
stock_counts,2024-09-15|8|126,counted_qty,transposed_digits,30,3.0
stock_counts,2025-04-27|4|133,counted_qty,transposed_digits,42,24.0
stock_counts,2024-04-14|8|145,counted_qty,transposed_digits,13,31.0
stock_counts,2024-12-22|1|124,counted_qty,transposed_digits,29,92.0
stock_counts,2025-08-10|1|119,counted_qty,transposed_digits,30,3.0
stock_counts,2024-02-18|6|142,counted_qty,transposed_digits,15,51.0
stock_counts,2024-04-21|1|152,counted_qty,transposed_digits,25,52.0
stock_counts,2024-12-29|3|139,counted_qty,transposed_digits,15,51.0
stock_counts,2024-01-28|2|107,counted_qty,transposed_digits,42,24.0
stock_counts,2024-09-15|8|150,counted_qty,transposed_digits,25,52.0
stock_counts,2025-08-31|3|160,counted_qty,transposed_digits,20,2.0
stock_counts,2025-05-18|7|148,counted_qty,transposed_digits,13,31.0
stock_counts,2024-01-28|3|135,counted_qty,transposed_digits,19,91.0
stock_counts,2024-10-13|4|151,counted_qty,transposed_digits,29,92.0
stock_counts,2024-06-02|8|151,counted_qty,transposed_digits,20,2.0
stock_counts,2024-08-11|7|143,counted_qty,transposed_digits,28,82.0
stock_counts,2024-04-14|4|123,counted_qty,transposed_digits,78,87.0
stock_counts,2025-01-05|6|112,counted_qty,transposed_digits,30,3.0
stock_counts,2024-08-18|3|124,counted_qty,transposed_digits,19,91.0
stock_counts,2024-09-15|6|151,counted_qty,transposed_digits,18,81.0
stock_counts,2025-06-29|1|102,counted_qty,transposed_digits,87,78.0
stock_counts,2025-02-09|1|142,counted_qty,transposed_digits,17,71.0
stock_counts,2025-01-12|1|134,counted_qty,transposed_digits,24,42.0
stock_counts,2025-04-13|7|117,counted_qty,transposed_digits,87,78.0
stock_counts,2025-09-28|3|134,counted_qty,transposed_digits,17,71.0
stock_counts,2024-03-03|1|125,counted_qty,transposed_digits,17,71.0
stock_counts,2025-10-12|3|158,counted_qty,transposed_digits,13,31.0
stock_counts,2024-03-10|6|147,counted_qty,transposed_digits,30,3.0
stock_counts,2024-02-04|5|137,counted_qty,transposed_digits,23,32.0
stock_counts,2024-03-17|4|113,counted_qty,transposed_digits,93,39.0
stock_counts,2025-10-05|2|147,counted_qty,transposed_digits,15,51.0
stock_counts,2024-04-07|1|122,counted_qty,transposed_digits,32,23.0
stock_counts,2025-11-16|6|120,counted_qty,transposed_digits,24,42.0
stock_counts,2024-09-01|2|123,counted_qty,transposed_digits,53,35.0
stock_counts,2024-03-24|6|150,counted_qty,transposed_digits,14,41.0
stock_counts,2024-03-17|5|120,counted_qty,transposed_digits,28,82.0
stock_counts,2025-01-19|1|113,counted_qty,transposed_digits,72,27.0
stock_counts,2024-06-23|5|139,counted_qty,transposed_digits,20,2.0
stock_counts,2025-07-13|3|116,counted_qty,transposed_digits,24,42.0
stock_counts,2025-10-19|1|120,counted_qty,transposed_digits,38,83.0
stock_counts,2024-10-27|6|138,counted_qty,transposed_digits,41,14.0
stock_counts,2024-08-25|6|137,counted_qty,transposed_digits,26,62.0
stock_counts,2024-04-07|3|113,counted_qty,transposed_digits,28,82.0
stock_counts,2025-04-06|1|151,counted_qty,transposed_digits,19,91.0
stock_counts,2025-09-21|8|124,counted_qty,transposed_digits,47,74.0
stock_counts,2025-04-06|1|132,counted_qty,transposed_digits,27,72.0
stock_counts,2024-03-17|5|160,counted_qty,transposed_digits,24,42.0
stock_counts,2024-03-24|7|135,counted_qty,transposed_digits,41,14.0
stock_counts,2024-12-08|6|134,counted_qty,transposed_digits,18,81.0
stock_counts,2025-03-16|3|107,counted_qty,transposed_digits,29,92.0
stock_counts,2024-05-12|6|136,counted_qty,transposed_digits,15,51.0
stock_counts,2024-11-03|5|160,counted_qty,transposed_digits,28,82.0
stock_counts,2025-11-30|8|119,counted_qty,transposed_digits,26,62.0
stock_counts,2024-06-09|1|118,counted_qty,transposed_digits,54,45.0
stock_counts,2024-12-01|4|112,counted_qty,transposed_digits,39,93.0
stock_counts,2024-07-21|7|133,counted_qty,transposed_digits,41,14.0
stock_counts,2024-10-20|4|160,counted_qty,transposed_digits,13,31.0
stock_counts,2024-08-18|3|115,counted_qty,transposed_digits,36,63.0
stock_counts,2024-05-12|3|122,counted_qty,transposed_digits,23,32.0
stock_counts,2024-03-24|2|103,counted_qty,transposed_digits,37,73.0
stock_counts,2025-09-07|2|134,counted_qty,transposed_digits,16,61.0
stock_counts,2025-01-26|1|132,counted_qty,transposed_digits,26,62.0
stock_counts,2024-02-04|1|135,counted_qty,transposed_digits,31,13.0
stock_counts,2024-01-21|4|119,counted_qty,transposed_digits,20,2.0
stock_counts,2025-11-16|3|112,counted_qty,transposed_digits,25,52.0
stock_counts,2024-04-14|4|143,counted_qty,transposed_digits,25,52.0
stock_counts,2025-10-12|2|113,counted_qty,transposed_digits,89,98.0
stock_counts,2024-05-12|7|112,counted_qty,transposed_digits,35,53.0
stock_counts,2024-01-07|3|107,counted_qty,transposed_digits,58,85.0
stock_counts,2024-09-22|2|144,counted_qty,transposed_digits,21,12.0
stock_counts,2025-05-18|3|103,counted_qty,transposed_digits,14,41.0
stock_counts,2024-01-14|5|109,counted_qty,transposed_digits,18,81.0
stock_counts,2025-08-10|8|117,counted_qty,transposed_digits,82,28.0
stock_counts,2024-07-21|8|134,counted_qty,transposed_digits,16,61.0
stock_counts,2025-08-24|5|133,counted_qty,transposed_digits,46,64.0
stock_counts,2025-11-30|8|158,counted_qty,transposed_digits,13,31.0
stock_counts,2024-06-16|2|135,counted_qty,transposed_digits,19,91.0
stock_counts,2025-06-01|4|141,counted_qty,transposed_digits,18,81.0
stock_counts,2025-01-19|2|137,counted_qty,transposed_digits,15,51.0
stock_counts,2025-08-03|6|137,counted_qty,transposed_digits,12,21.0
stock_counts,2025-11-23|8|103,counted_qty,transposed_digits,50,5.0
stock_counts,2024-12-08|3|107,counted_qty,transposed_digits,42,24.0
stock_counts,2024-10-13|5|140,counted_qty,transposed_digits,18,81.0
stock_counts,2025-02-09|2|151,counted_qty,transposed_digits,21,12.0
stock_counts,2025-02-09|7|122,counted_qty,transposed_digits,25,52.0
stock_counts,2025-11-09|2|108,counted_qty,transposed_digits,40,4.0
stock_counts,2025-08-10|1|133,counted_qty,transposed_digits,32,23.0
stock_counts,2025-03-16|6|135,counted_qty,transposed_digits,13,31.0
stock_counts,2024-03-10|3|125,counted_qty,transposed_digits,16,61.0
stock_counts,2024-08-11|6|131,counted_qty,transposed_digits,19,91.0
stock_counts,2024-04-28|6|107,counted_qty,transposed_digits,24,42.0
stock_counts,2024-07-07|4|115,counted_qty,transposed_digits,32,23.0
stock_counts,2024-01-21|2|124,counted_qty,transposed_digits,37,73.0
stock_counts,2025-11-30|3|103,counted_qty,transposed_digits,14,41.0
stock_counts,2025-06-15|6|133,counted_qty,transposed_digits,18,81.0
stock_counts,2024-01-07|2|122,counted_qty,transposed_digits,24,42.0
pos_events,1-20250602-00126,ingested_at,late_arrival,,10-180 min late
pos_events,1-20250602-00150,ingested_at,late_arrival,,10-180 min late
pos_events,1-20250602-00307,ingested_at,late_arrival,,10-180 min late
pos_events,1-20250602-00347,ingested_at,late_arrival,,10-180 min late
pos_events,1-20250603-00626,ingested_at,late_arrival,,10-180 min late
pos_events,1-20250603-00676,ingested_at,late_arrival,,10-180 min late
pos_events,1-20250603-00797,ingested_at,late_arrival,,10-180 min late
pos_events,1-20250604-00889,ingested_at,late_arrival,,10-180 min late
pos_events,2-20250602-01383,ingested_at,late_arrival,,10-180 min late
pos_events,2-20250602-01434,ingested_at,late_arrival,,10-180 min late
pos_events,2-20250602-01601,ingested_at,late_arrival,,10-180 min late
pos_events,2-20250603-01634,ingested_at,late_arrival,,10-180 min late
pos_events,2-20250603-01909,ingested_at,late_arrival,,10-180 min late
pos_events,2-20250603-02003,ingested_at,late_arrival,,10-180 min late
pos_events,2-20250604-02101,ingested_at,late_arrival,,10-180 min late
pos_events,2-20250604-02219,ingested_at,late_arrival,,10-180 min late
pos_events,2-20250604-02237,ingested_at,late_arrival,,10-180 min late
pos_events,2-20250604-02362,ingested_at,late_arrival,,10-180 min late
pos_events,2-20250604-02363,ingested_at,late_arrival,,10-180 min late
pos_events,3-20250602-02416,ingested_at,late_arrival,,10-180 min late
pos_events,3-20250602-02627,ingested_at,late_arrival,,10-180 min late
pos_events,3-20250603-02631,ingested_at,late_arrival,,10-180 min late
pos_events,3-20250603-02800,ingested_at,late_arrival,,10-180 min late
pos_events,3-20250603-02805,ingested_at,late_arrival,,10-180 min late
pos_events,3-20250603-02806,ingested_at,late_arrival,,10-180 min late
pos_events,3-20250603-02900,ingested_at,late_arrival,,10-180 min late
pos_events,3-20250603-02904,ingested_at,late_arrival,,10-180 min late
pos_events,3-20250604-03111,ingested_at,late_arrival,,10-180 min late
pos_events,3-20250604-03171,ingested_at,late_arrival,,10-180 min late
pos_events,3-20250604-03174,ingested_at,late_arrival,,10-180 min late
pos_events,3-20250604-03214,ingested_at,late_arrival,,10-180 min late
pos_events,2-20250602-01299,event_time,clock_skew,local time,UTC as local
pos_events,2-20250602-01300,event_time,clock_skew,local time,UTC as local
pos_events,2-20250602-01313,event_time,clock_skew,local time,UTC as local
pos_events,2-20250602-01322,event_time,clock_skew,local time,UTC as local
pos_events,2-20250602-01324,event_time,clock_skew,local time,UTC as local
pos_events,2-20250602-01337,event_time,clock_skew,local time,UTC as local
pos_events,2-20250602-01343,event_time,clock_skew,local time,UTC as local
pos_events,2-20250602-01347,event_time,clock_skew,local time,UTC as local
pos_events,2-20250602-01353,event_time,clock_skew,local time,UTC as local
pos_events,2-20250602-01358,event_time,clock_skew,local time,UTC as local
pos_events,2-20250602-01371,event_time,clock_skew,local time,UTC as local
pos_events,2-20250602-01378,event_time,clock_skew,local time,UTC as local
pos_events,2-20250602-01379,event_time,clock_skew,local time,UTC as local
pos_events,2-20250602-01383,event_time,clock_skew,local time,UTC as local
pos_events,2-20250602-01387,event_time,clock_skew,local time,UTC as local
pos_events,2-20250602-01390,event_time,clock_skew,local time,UTC as local
pos_events,2-20250602-01395,event_time,clock_skew,local time,UTC as local
pos_events,2-20250602-01404,event_time,clock_skew,local time,UTC as local
pos_events,2-20250602-01412,event_time,clock_skew,local time,UTC as local
pos_events,2-20250602-01415,event_time,clock_skew,local time,UTC as local
pos_events,2-20250602-01421,event_time,clock_skew,local time,UTC as local
pos_events,2-20250602-01424,event_time,clock_skew,local time,UTC as local
pos_events,2-20250602-01426,event_time,clock_skew,local time,UTC as local
pos_events,2-20250602-01428,event_time,clock_skew,local time,UTC as local
pos_events,2-20250602-01434,event_time,clock_skew,local time,UTC as local
pos_events,2-20250602-01435,event_time,clock_skew,local time,UTC as local
pos_events,2-20250602-01442,event_time,clock_skew,local time,UTC as local
pos_events,2-20250602-01443,event_time,clock_skew,local time,UTC as local
pos_events,2-20250602-01445,event_time,clock_skew,local time,UTC as local
pos_events,2-20250602-01448,event_time,clock_skew,local time,UTC as local
pos_events,2-20250602-01456,event_time,clock_skew,local time,UTC as local
pos_events,2-20250602-01457,event_time,clock_skew,local time,UTC as local
pos_events,2-20250602-01461,event_time,clock_skew,local time,UTC as local
pos_events,2-20250602-01464,event_time,clock_skew,local time,UTC as local
pos_events,2-20250602-01468,event_time,clock_skew,local time,UTC as local
pos_events,2-20250602-01477,event_time,clock_skew,local time,UTC as local
pos_events,2-20250602-01479,event_time,clock_skew,local time,UTC as local
pos_events,2-20250602-01481,event_time,clock_skew,local time,UTC as local
pos_events,2-20250602-01483,event_time,clock_skew,local time,UTC as local
pos_events,2-20250602-01488,event_time,clock_skew,local time,UTC as local
pos_events,2-20250602-01490,event_time,clock_skew,local time,UTC as local
pos_events,2-20250602-01493,event_time,clock_skew,local time,UTC as local
pos_events,2-20250602-01497,event_time,clock_skew,local time,UTC as local
pos_events,2-20250602-01498,event_time,clock_skew,local time,UTC as local
pos_events,2-20250602-01501,event_time,clock_skew,local time,UTC as local
pos_events,2-20250602-01503,event_time,clock_skew,local time,UTC as local
pos_events,2-20250602-01508,event_time,clock_skew,local time,UTC as local
pos_events,2-20250602-01509,event_time,clock_skew,local time,UTC as local
pos_events,2-20250602-01512,event_time,clock_skew,local time,UTC as local
pos_events,2-20250602-01531,event_time,clock_skew,local time,UTC as local
pos_events,2-20250602-01535,event_time,clock_skew,local time,UTC as local
pos_events,2-20250602-01536,event_time,clock_skew,local time,UTC as local
pos_events,2-20250602-01538,event_time,clock_skew,local time,UTC as local
pos_events,2-20250602-01549,event_time,clock_skew,local time,UTC as local
pos_events,2-20250602-01551,event_time,clock_skew,local time,UTC as local
pos_events,2-20250602-01552,event_time,clock_skew,local time,UTC as local
pos_events,2-20250602-01553,event_time,clock_skew,local time,UTC as local
pos_events,2-20250602-01554,event_time,clock_skew,local time,UTC as local
pos_events,2-20250602-01558,event_time,clock_skew,local time,UTC as local
pos_events,2-20250602-01563,event_time,clock_skew,local time,UTC as local
pos_events,2-20250602-01567,event_time,clock_skew,local time,UTC as local
pos_events,2-20250602-01568,event_time,clock_skew,local time,UTC as local
pos_events,2-20250602-01573,event_time,clock_skew,local time,UTC as local
pos_events,2-20250602-01577,event_time,clock_skew,local time,UTC as local
pos_events,2-20250602-01578,event_time,clock_skew,local time,UTC as local
pos_events,2-20250602-01581,event_time,clock_skew,local time,UTC as local
pos_events,2-20250602-01582,event_time,clock_skew,local time,UTC as local
pos_events,2-20250602-01589,event_time,clock_skew,local time,UTC as local
pos_events,2-20250602-01590,event_time,clock_skew,local time,UTC as local
pos_events,2-20250602-01591,event_time,clock_skew,local time,UTC as local
pos_events,2-20250602-01595,event_time,clock_skew,local time,UTC as local
pos_events,2-20250602-01608,event_time,clock_skew,local time,UTC as local
pos_events,2-20250602-01612,event_time,clock_skew,local time,UTC as local
pos_events,2-20250602-01617,event_time,clock_skew,local time,UTC as local
pos_events,2-20250603-01628,event_time,clock_skew,local time,UTC as local
pos_events,2-20250603-01640,event_time,clock_skew,local time,UTC as local
pos_events,2-20250603-01642,event_time,clock_skew,local time,UTC as local
pos_events,2-20250603-01644,event_time,clock_skew,local time,UTC as local
pos_events,2-20250603-01649,event_time,clock_skew,local time,UTC as local
pos_events,2-20250603-01652,event_time,clock_skew,local time,UTC as local
pos_events,2-20250603-01653,event_time,clock_skew,local time,UTC as local
pos_events,2-20250603-01654,event_time,clock_skew,local time,UTC as local
pos_events,2-20250603-01655,event_time,clock_skew,local time,UTC as local
pos_events,2-20250603-01657,event_time,clock_skew,local time,UTC as local
pos_events,2-20250603-01658,event_time,clock_skew,local time,UTC as local
pos_events,2-20250603-01659,event_time,clock_skew,local time,UTC as local
pos_events,2-20250603-01660,event_time,clock_skew,local time,UTC as local
pos_events,2-20250603-01666,event_time,clock_skew,local time,UTC as local
pos_events,2-20250603-01669,event_time,clock_skew,local time,UTC as local
pos_events,2-20250603-01672,event_time,clock_skew,local time,UTC as local
pos_events,2-20250603-01675,event_time,clock_skew,local time,UTC as local
pos_events,2-20250603-01679,event_time,clock_skew,local time,UTC as local
pos_events,2-20250603-01683,event_time,clock_skew,local time,UTC as local
pos_events,2-20250603-01689,event_time,clock_skew,local time,UTC as local
pos_events,2-20250603-01690,event_time,clock_skew,local time,UTC as local
pos_events,2-20250603-01694,event_time,clock_skew,local time,UTC as local
pos_events,2-20250603-01703,event_time,clock_skew,local time,UTC as local
pos_events,2-20250603-01713,event_time,clock_skew,local time,UTC as local
pos_events,2-20250603-01716,event_time,clock_skew,local time,UTC as local
pos_events,2-20250603-01719,event_time,clock_skew,local time,UTC as local
pos_events,2-20250603-01721,event_time,clock_skew,local time,UTC as local
pos_events,2-20250603-01740,event_time,clock_skew,local time,UTC as local
pos_events,2-20250603-01741,event_time,clock_skew,local time,UTC as local
pos_events,2-20250603-01744,event_time,clock_skew,local time,UTC as local
pos_events,2-20250603-01747,event_time,clock_skew,local time,UTC as local
pos_events,2-20250603-01748,event_time,clock_skew,local time,UTC as local
pos_events,2-20250603-01752,event_time,clock_skew,local time,UTC as local
pos_events,2-20250603-01754,event_time,clock_skew,local time,UTC as local
pos_events,2-20250603-01769,event_time,clock_skew,local time,UTC as local
pos_events,2-20250603-01777,event_time,clock_skew,local time,UTC as local
pos_events,2-20250603-01778,event_time,clock_skew,local time,UTC as local
pos_events,2-20250603-01779,event_time,clock_skew,local time,UTC as local
pos_events,2-20250603-01788,event_time,clock_skew,local time,UTC as local
pos_events,2-20250603-01794,event_time,clock_skew,local time,UTC as local
pos_events,2-20250603-01801,event_time,clock_skew,local time,UTC as local
pos_events,2-20250603-01803,event_time,clock_skew,local time,UTC as local
pos_events,2-20250603-01810,event_time,clock_skew,local time,UTC as local
pos_events,2-20250603-01812,event_time,clock_skew,local time,UTC as local
pos_events,2-20250603-01815,event_time,clock_skew,local time,UTC as local
pos_events,2-20250603-01816,event_time,clock_skew,local time,UTC as local
pos_events,2-20250603-01822,event_time,clock_skew,local time,UTC as local
pos_events,2-20250603-01826,event_time,clock_skew,local time,UTC as local
pos_events,2-20250603-01827,event_time,clock_skew,local time,UTC as local
pos_events,2-20250603-01843,event_time,clock_skew,local time,UTC as local
pos_events,2-20250603-01845,event_time,clock_skew,local time,UTC as local
pos_events,2-20250603-01847,event_time,clock_skew,local time,UTC as local
pos_events,2-20250603-01848,event_time,clock_skew,local time,UTC as local
pos_events,2-20250603-01852,event_time,clock_skew,local time,UTC as local
pos_events,2-20250603-01853,event_time,clock_skew,local time,UTC as local
pos_events,2-20250603-01856,event_time,clock_skew,local time,UTC as local
pos_events,2-20250603-01857,event_time,clock_skew,local time,UTC as local
pos_events,2-20250603-01859,event_time,clock_skew,local time,UTC as local
pos_events,2-20250603-01870,event_time,clock_skew,local time,UTC as local
pos_events,2-20250603-01872,event_time,clock_skew,local time,UTC as local
pos_events,2-20250603-01885,event_time,clock_skew,local time,UTC as local
pos_events,2-20250603-01894,event_time,clock_skew,local time,UTC as local
pos_events,2-20250603-01897,event_time,clock_skew,local time,UTC as local
pos_events,2-20250603-01906,event_time,clock_skew,local time,UTC as local
pos_events,2-20250603-01907,event_time,clock_skew,local time,UTC as local
pos_events,2-20250603-01909,event_time,clock_skew,local time,UTC as local
pos_events,2-20250603-01911,event_time,clock_skew,local time,UTC as local
pos_events,2-20250603-01917,event_time,clock_skew,local time,UTC as local
pos_events,2-20250603-01918,event_time,clock_skew,local time,UTC as local
pos_events,2-20250603-01921,event_time,clock_skew,local time,UTC as local
pos_events,2-20250603-01922,event_time,clock_skew,local time,UTC as local
pos_events,2-20250603-01934,event_time,clock_skew,local time,UTC as local
pos_events,2-20250603-01936,event_time,clock_skew,local time,UTC as local
pos_events,2-20250603-01937,event_time,clock_skew,local time,UTC as local
pos_events,2-20250603-01941,event_time,clock_skew,local time,UTC as local
pos_events,2-20250603-01944,event_time,clock_skew,local time,UTC as local
pos_events,2-20250603-01948,event_time,clock_skew,local time,UTC as local
pos_events,2-20250603-01969,event_time,clock_skew,local time,UTC as local
pos_events,2-20250603-01973,event_time,clock_skew,local time,UTC as local
pos_events,2-20250603-01982,event_time,clock_skew,local time,UTC as local
pos_events,2-20250603-01983,event_time,clock_skew,local time,UTC as local
pos_events,2-20250603-01989,event_time,clock_skew,local time,UTC as local
pos_events,2-20250603-01994,event_time,clock_skew,local time,UTC as local
pos_events,2-20250603-01995,event_time,clock_skew,local time,UTC as local
pos_events,2-20250603-01996,event_time,clock_skew,local time,UTC as local
pos_events,2-20250603-02005,event_time,clock_skew,local time,UTC as local
pos_events,2-20250603-02013,event_time,clock_skew,local time,UTC as local
pos_events,2-20250603-02015,event_time,clock_skew,local time,UTC as local
pos_events,2-20250603-02021,event_time,clock_skew,local time,UTC as local
pos_events,2-20250603-02027,event_time,clock_skew,local time,UTC as local
pos_events,2-20250603-02029,event_time,clock_skew,local time,UTC as local
pos_events,2-20250603-02030,event_time,clock_skew,local time,UTC as local
pos_events,2-20250603-02040,event_time,clock_skew,local time,UTC as local
pos_events,2-20250604-02047,event_time,clock_skew,local time,UTC as local
pos_events,2-20250604-02051,event_time,clock_skew,local time,UTC as local
pos_events,2-20250604-02052,event_time,clock_skew,local time,UTC as local
pos_events,2-20250604-02054,event_time,clock_skew,local time,UTC as local
pos_events,2-20250604-02063,event_time,clock_skew,local time,UTC as local
pos_events,2-20250604-02067,event_time,clock_skew,local time,UTC as local
pos_events,2-20250604-02087,event_time,clock_skew,local time,UTC as local
pos_events,2-20250604-02096,event_time,clock_skew,local time,UTC as local
pos_events,2-20250604-02098,event_time,clock_skew,local time,UTC as local
pos_events,2-20250604-02104,event_time,clock_skew,local time,UTC as local
pos_events,2-20250604-02109,event_time,clock_skew,local time,UTC as local
pos_events,2-20250604-02110,event_time,clock_skew,local time,UTC as local
pos_events,2-20250604-02111,event_time,clock_skew,local time,UTC as local
pos_events,2-20250604-02112,event_time,clock_skew,local time,UTC as local
pos_events,2-20250604-02114,event_time,clock_skew,local time,UTC as local
pos_events,2-20250604-02117,event_time,clock_skew,local time,UTC as local
pos_events,2-20250604-02121,event_time,clock_skew,local time,UTC as local
pos_events,2-20250604-02124,event_time,clock_skew,local time,UTC as local
pos_events,2-20250604-02128,event_time,clock_skew,local time,UTC as local
pos_events,2-20250604-02129,event_time,clock_skew,local time,UTC as local
pos_events,2-20250604-02131,event_time,clock_skew,local time,UTC as local
pos_events,2-20250604-02138,event_time,clock_skew,local time,UTC as local
pos_events,2-20250604-02143,event_time,clock_skew,local time,UTC as local
pos_events,2-20250604-02145,event_time,clock_skew,local time,UTC as local
pos_events,2-20250604-02151,event_time,clock_skew,local time,UTC as local
pos_events,2-20250604-02185,event_time,clock_skew,local time,UTC as local
pos_events,2-20250604-02186,event_time,clock_skew,local time,UTC as local
pos_events,2-20250604-02192,event_time,clock_skew,local time,UTC as local
pos_events,2-20250604-02194,event_time,clock_skew,local time,UTC as local
pos_events,2-20250604-02201,event_time,clock_skew,local time,UTC as local
pos_events,2-20250604-02202,event_time,clock_skew,local time,UTC as local
pos_events,2-20250604-02205,event_time,clock_skew,local time,UTC as local
pos_events,2-20250604-02206,event_time,clock_skew,local time,UTC as local
pos_events,2-20250604-02215,event_time,clock_skew,local time,UTC as local
pos_events,2-20250604-02229,event_time,clock_skew,local time,UTC as local
pos_events,2-20250604-02231,event_time,clock_skew,local time,UTC as local
pos_events,2-20250604-02234,event_time,clock_skew,local time,UTC as local
pos_events,2-20250604-02241,event_time,clock_skew,local time,UTC as local
pos_events,2-20250604-02262,event_time,clock_skew,local time,UTC as local
pos_events,2-20250604-02265,event_time,clock_skew,local time,UTC as local
pos_events,2-20250604-02269,event_time,clock_skew,local time,UTC as local
pos_events,2-20250604-02270,event_time,clock_skew,local time,UTC as local
pos_events,2-20250604-02282,event_time,clock_skew,local time,UTC as local
pos_events,2-20250604-02293,event_time,clock_skew,local time,UTC as local
pos_events,2-20250604-02295,event_time,clock_skew,local time,UTC as local
pos_events,2-20250604-02301,event_time,clock_skew,local time,UTC as local
pos_events,2-20250604-02302,event_time,clock_skew,local time,UTC as local
pos_events,2-20250604-02307,event_time,clock_skew,local time,UTC as local
pos_events,2-20250604-02309,event_time,clock_skew,local time,UTC as local
pos_events,2-20250604-02320,event_time,clock_skew,local time,UTC as local
pos_events,2-20250604-02323,event_time,clock_skew,local time,UTC as local
pos_events,2-20250604-02324,event_time,clock_skew,local time,UTC as local
pos_events,2-20250604-02333,event_time,clock_skew,local time,UTC as local
pos_events,2-20250604-02334,event_time,clock_skew,local time,UTC as local
pos_events,2-20250604-02349,event_time,clock_skew,local time,UTC as local
pos_events,2-20250604-02354,event_time,clock_skew,local time,UTC as local
pos_events,2-20250604-02363,event_time,clock_skew,local time,UTC as local
pos_events,2-20250604-02364,event_time,clock_skew,local time,UTC as local
pos_events,1-20250602-00033,*,duplicate_record,,re-sent by terminal
pos_events,1-20250602-00181,*,duplicate_record,,re-sent by terminal
pos_events,1-20250602-00297,*,duplicate_record,,re-sent by terminal
pos_events,1-20250603-00549,*,duplicate_record,,re-sent by terminal
pos_events,1-20250603-00559,*,duplicate_record,,re-sent by terminal
pos_events,1-20250603-00848,*,duplicate_record,,re-sent by terminal
pos_events,1-20250604-00922,*,duplicate_record,,re-sent by terminal
pos_events,2-20250602-01349,*,duplicate_record,,re-sent by terminal
pos_events,2-20250602-01501,*,duplicate_record,,re-sent by terminal
pos_events,2-20250603-01636,*,duplicate_record,,re-sent by terminal
pos_events,2-20250604-02170,*,duplicate_record,,re-sent by terminal
pos_events,2-20250604-02314,*,duplicate_record,,re-sent by terminal
pos_events,3-20250602-02454,*,duplicate_record,,re-sent by terminal
