line_id,date,store_id,terminal_id,cashier_id,hour,product_id,true_quantity,quantity,unit_price,was_corrected,error_cause
1,2025-03-01,1,T3,C16,14,127,4.325,4.325,8.99,False,
2,2025-03-01,1,T4,C11,12,127,0.579,0.579,8.99,False,
3,2025-03-01,1,T4,C14,21,128,1.038,1.038,10.99,False,
4,2025-03-01,1,T3,C11,13,101,1.154,1.154,1.49,False,
5,2025-03-01,1,T3,C14,18,111,1.211,1.211,1.59,False,
6,2025-03-01,1,T2,C13,11,104,0.086,0.086,1.99,False,
7,2025-03-01,1,T2,C16,21,110,0.591,0.591,1.29,False,
8,2025-03-01,1,T5,C16,18,159,0.957,0.957,12.99,False,
9,2025-03-01,1,T1,C11,20,127,1.798,1.798,8.99,False,
10,2025-03-01,1,T1,C16,7,101,1.193,1.193,1.49,False,
11,2025-03-01,1,T4,C12,8,111,1.305,1.305,1.59,False,
12,2025-03-01,1,T2,C13,8,104,1.455,1.455,1.99,False,
13,2025-03-01,1,T1,C14,14,129,2.135,2.135,9.49,False,
14,2025-03-01,1,T3,C16,13,159,1.017,1.017,12.99,False,
15,2025-03-01,1,T4,C13,21,159,0.738,0.738,12.99,False,
16,2025-03-01,1,T1,C16,10,127,1.481,1.481,8.99,False,
17,2025-03-01,1,T3,C12,9,130,1.906,1.906,21.99,False,
18,2025-03-01,1,T1,C13,19,110,1.328,1.328,1.29,False,
19,2025-03-01,1,T3,C16,11,104,0.922,0.922,1.99,False,
20,2025-03-01,1,T4,C15,18,111,2.501,2.501,1.59,False,
21,2025-03-01,1,T5,C15,11,110,2.295,2.295,1.29,False,
22,2025-03-01,1,T4,C13,15,128,0.179,0.179,10.99,False,
23,2025-03-01,1,T2,C11,8,159,1.085,1.085,12.99,False,
24,2025-03-01,1,T4,C11,16,106,0.987,0.987,3.99,False,
25,2025-03-01,1,T4,C12,20,130,0.356,0.356,21.99,False,
26,2025-03-01,1,T5,C14,17,104,0.802,0.802,1.99,False,
27,2025-03-01,1,T4,C16,20,106,1.396,1.396,3.99,False,
28,2025-03-01,1,T4,C11,18,129,1.287,1.287,9.49,False,
29,2025-03-01,1,T1,C11,15,105,1.643,1.643,3.49,False,
30,2025-03-01,1,T2,C14,20,128,0.748,0.748,10.99,False,
31,2025-03-01,1,T2,C12,14,111,2.659,2.659,1.59,False,
32,2025-03-01,1,T4,C15,9,111,1.855,1.855,1.59,False,
33,2025-03-01,1,T5,C14,15,159,0.739,0.739,12.99,False,
34,2025-03-01,1,T2,C16,16,129,1.147,1.147,9.49,False,
35,2025-03-01,1,T3,C13,9,130,1.52,1.52,21.99,False,
36,2025-03-01,1,T4,C13,9,127,0.723,0.723,8.99,False,
37,2025-03-01,1,T1,C15,16,159,2.491,2.491,12.99,False,
38,2025-03-01,1,T2,C11,13,159,1.38,1.38,12.99,False,
39,2025-03-01,1,T1,C12,14,104,1.374,1.374,1.99,False,
40,2025-03-01,1,T1,C16,18,105,1.323,1.323,3.49,False,
41,2025-03-01,1,T4,C11,17,106,1.315,1.315,3.99,False,
42,2025-03-01,1,T5,C16,20,127,1.329,1.329,8.99,False,
43,2025-03-01,1,T1,C15,9,130,1.462,1.462,21.99,False,
44,2025-03-01,1,T4,C16,18,111,0.619,0.619,1.59,False,
45,2025-03-01,1,T4,C12,15,159,0.925,0.925,12.99,False,
46,2025-03-01,1,T4,C14,7,106,1.039,1.039,3.99,False,
47,2025-03-01,1,T4,C11,8,159,2.328,2.328,12.99,False,
48,2025-03-01,1,T3,C15,12,127,2.13,2.13,8.99,False,
49,2025-03-01,1,T1,C11,16,128,0.997,0.997,10.99,False,
50,2025-03-01,1,T4,C13,9,105,0.894,0.894,3.49,False,
51,2025-03-01,1,T1,C12,15,127,1.141,1.141,8.99,False,
52,2025-03-01,1,T3,C12,21,129,1.041,1.041,9.49,False,
53,2025-03-01,1,T5,C14,9,130,1.179,1.179,21.99,False,
54,2025-03-01,1,T3,C12,9,130,0.436,0.436,21.99,False,
55,2025-03-01,1,T2,C11,21,159,1.016,1.016,12.99,False,
56,2025-03-01,1,T1,C15,10,104,1.634,1.634,1.99,False,
57,2025-03-01,1,T2,C12,20,129,0.678,0.678,9.49,False,
58,2025-03-01,1,T3,C12,12,111,0.954,0.954,1.59,False,
59,2025-03-01,1,T5,C12,18,128,2.16,2.16,10.99,False,
60,2025-03-01,1,T5,C15,7,106,0.647,0.647,3.99,False,
61,2025-03-01,1,T2,C15,16,101,0.351,0.351,1.49,False,
62,2025-03-01,1,T4,C14,20,101,1.803,1.803,1.49,False,
63,2025-03-01,1,T4,C11,12,159,0.806,0.806,12.99,False,
64,2025-03-01,1,T5,C13,16,130,1.908,1.908,21.99,False,
65,2025-03-01,1,T3,C15,10,106,0.795,0.795,3.99,False,
66,2025-03-01,1,T3,C16,9,110,1.389,1.389,1.29,False,
67,2025-03-01,1,T3,C16,7,105,0.877,0.877,3.49,False,
68,2025-03-01,1,T5,C11,14,104,2.595,2.595,1.99,False,
69,2025-03-01,1,T3,C12,14,130,0.946,0.946,21.99,False,
70,2025-03-01,1,T1,C13,8,128,0.248,0.248,10.99,False,
71,2025-03-01,1,T3,C12,10,101,0.513,0.513,1.49,False,
72,2025-03-01,1,T5,C11,16,105,1.61,1.61,3.49,False,
73,2025-03-01,1,T5,C12,12,127,0.945,0.945,8.99,False,
74,2025-03-01,1,T2,C16,10,130,1.603,1.603,21.99,False,
75,2025-03-01,1,T5,C15,7,159,0.658,0.658,12.99,False,
76,2025-03-01,1,T1,C13,7,105,1.612,1.612,3.49,False,
77,2025-03-01,1,T4,C14,16,127,1.802,1.802,8.99,False,
78,2025-03-01,1,T4,C12,8,101,1.223,1.223,1.49,False,
79,2025-03-01,1,T1,C14,19,104,1.669,1.669,1.99,False,
80,2025-03-01,1,T3,C12,15,105,1.129,1.129,3.49,False,
81,2025-03-01,1,T2,C11,10,110,0.444,0.444,1.29,False,
82,2025-03-01,1,T3,C14,16,106,0.816,0.816,3.99,False,
83,2025-03-01,1,T2,C14,9,128,0.999,0.999,10.99,False,
84,2025-03-01,1,T5,C13,11,111,1.289,1.289,1.59,False,
85,2025-03-01,1,T5,C13,14,106,1.91,1.91,3.99,False,
86,2025-03-01,1,T1,C11,16,130,1.317,1.317,21.99,False,
87,2025-03-01,1,T4,C16,9,127,0.869,0.869,8.99,False,
88,2025-03-01,1,T4,C11,12,128,1.214,1.214,10.99,False,
89,2025-03-01,1,T1,C13,8,129,0.44,0.44,9.49,False,
90,2025-03-01,1,T3,C13,8,106,1.621,1.621,3.99,False,
91,2025-03-01,1,T2,C15,10,130,1.234,1.234,21.99,False,
92,2025-03-01,1,T3,C14,11,101,0.532,0.532,1.49,False,
93,2025-03-01,1,T1,C12,20,106,1.315,1.315,3.99,False,
94,2025-03-01,1,T3,C14,12,104,0.65,0.65,1.99,False,
95,2025-03-01,1,T1,C14,8,101,1.666,1.666,1.49,False,
96,2025-03-01,1,T1,C16,20,159,1.899,1.899,12.99,False,
97,2025-03-01,1,T5,C14,15,101,0.995,0.995,1.49,False,
98,2025-03-01,1,T3,C16,8,111,1.045,1.045,1.59,False,
99,2025-03-01,1,T2,C13,8,130,0.44,0.44,21.99,False,
100,2025-03-01,1,T5,C16,8,128,0.633,0.633,10.99,False,
101,2025-03-01,1,T2,C16,20,130,0.298,0.298,21.99,False,
102,2025-03-01,1,T1,C15,15,101,1.509,1.509,1.49,False,
103,2025-03-01,1,T5,C16,17,111,1.93,1.93,1.59,False,
104,2025-03-01,1,T1,C13,21,101,0.339,0.339,1.49,False,
105,2025-03-01,1,T5,C16,13,105,0.792,0.792,3.49,False,
106,2025-03-01,1,T1,C14,20,130,1.981,1.981,21.99,False,
107,2025-03-01,1,T5,C14,13,101,1.051,1.051,1.49,False,
108,2025-03-01,1,T3,C13,17,127,0.558,0.558,8.99,False,
109,2025-03-01,1,T1,C14,19,101,0.588,0.588,1.49,False,
110,2025-03-01,1,T5,C13,8,106,1.306,1.306,3.99,False,
111,2025-03-01,1,T3,C14,18,159,1.937,1.937,12.99,False,
112,2025-03-01,1,T1,C11,19,106,0.741,0.741,3.99,False,
113,2025-03-01,1,T4,C11,21,106,0.406,0.406,3.99,False,
114,2025-03-01,1,T5,C15,17,101,1.876,1.876,1.49,False,
115,2025-03-01,1,T1,C16,14,129,1.936,1.936,9.49,False,
116,2025-03-01,1,T3,C12,9,104,0.934,0.934,1.99,False,
117,2025-03-01,1,T5,C11,18,111,0.841,0.841,1.59,False,
118,2025-03-01,1,T1,C11,13,101,2.188,2.188,1.49,False,
119,2025-03-01,1,T4,C15,19,101,0.715,0.715,1.49,False,
120,2025-03-01,1,T3,C13,7,130,1.507,1.507,21.99,False,
121,2025-03-01,1,T1,C12,12,101,1.172,1.172,1.49,False,
122,2025-03-01,1,T2,C15,19,111,0.326,0.326,1.59,False,
123,2025-03-01,1,T5,C14,16,110,1.177,1.177,1.29,False,
124,2025-03-01,1,T4,C13,17,104,0.408,0.408,1.99,False,
125,2025-03-01,1,T5,C11,15,128,0.572,0.572,10.99,False,
126,2025-03-01,1,T3,C13,19,129,0.528,0.528,9.49,False,
127,2025-03-01,1,T1,C15,19,159,2.603,2.603,12.99,False,
128,2025-03-01,1,T2,C14,18,105,2.135,2.135,3.49,False,
129,2025-03-01,1,T2,C13,16,159,0.49,0.49,12.99,False,
130,2025-03-01,1,T2,C11,11,101,0.545,0.545,1.49,False,
131,2025-03-01,1,T1,C14,8,104,0.477,0.477,1.99,False,
132,2025-03-01,1,T5,C11,18,127,1.491,1.491,8.99,False,
133,2025-03-01,1,T1,C16,12,130,1.665,1.665,21.99,False,
134,2025-03-01,1,T4,C14,10,130,0.629,0.629,21.99,False,
135,2025-03-01,1,T4,C15,7,129,0.27,0.27,9.49,False,
136,2025-03-01,1,T3,C14,9,101,0.308,0.308,1.49,False,
137,2025-03-01,1,T4,C13,7,110,0.273,0.273,1.29,False,
138,2025-03-01,1,T3,C16,12,129,1.347,1.347,9.49,False,
139,2025-03-01,1,T3,C11,11,111,0.723,0.723,1.59,False,
140,2025-03-01,1,T4,C13,14,105,1.141,1.141,3.49,False,
141,2025-03-01,1,T3,C15,15,128,1.521,1.521,10.99,False,
142,2025-03-01,1,T5,C15,11,104,0.446,0.446,1.99,False,
143,2025-03-01,1,T5,C12,15,128,1.308,1.308,10.99,False,
144,2025-03-01,1,T1,C11,16,101,2.507,2.507,1.49,False,
145,2025-03-01,1,T5,C16,17,106,0.558,0.558,3.99,False,
146,2025-03-01,1,T1,C11,16,106,1.104,1.104,3.99,False,
147,2025-03-01,1,T2,C15,7,159,2.381,2.381,12.99,False,
148,2025-03-01,1,T2,C14,10,128,1.292,1.292,10.99,False,
149,2025-03-01,1,T5,C11,18,128,2.149,2.325,10.99,True,no_tare
150,2025-03-01,1,T3,C12,16,111,0.388,0.388,1.59,False,
151,2025-03-01,1,T4,C12,11,106,1.984,1.984,3.99,False,
152,2025-03-01,1,T1,C11,12,130,1.167,1.167,21.99,False,
153,2025-03-01,1,T4,C14,20,159,0.951,0.951,12.99,False,
154,2025-03-01,1,T1,C11,18,105,2.525,2.525,3.49,False,
155,2025-03-01,1,T2,C13,12,105,0.989,0.989,3.49,False,
156,2025-03-01,1,T2,C13,11,106,2.064,2.064,3.99,False,
157,2025-03-01,1,T5,C11,8,111,1.045,1.045,1.59,False,
158,2025-03-01,1,T2,C13,18,105,1.452,1.452,3.49,False,
159,2025-03-01,1,T4,C14,16,110,0.792,0.792,1.29,False,
160,2025-03-01,1,T4,C14,13,159,0.84,0.84,12.99,False,
161,2025-03-01,1,T4,C14,17,110,1.001,1.001,1.29,False,
162,2025-03-01,1,T4,C16,15,159,1.049,1.049,12.99,False,
667,2025-03-02,1,T3,C14,12,159,0.866,0.866,12.99,False,
668,2025-03-02,1,T2,C11,12,129,0.892,0.892,9.49,False,
669,2025-03-02,1,T1,C13,16,127,1.139,1.246,8.99,True,no_tare
670,2025-03-02,1,T1,C14,19,111,0.63,0.63,1.59,False,
671,2025-03-02,1,T4,C14,7,104,1.317,1.317,1.99,False,
672,2025-03-02,1,T5,C14,21,101,2.001,2.001,1.49,False,
673,2025-03-02,1,T4,C11,14,130,1.782,1.782,21.99,False,
674,2025-03-02,1,T5,C13,15,159,1.725,1.725,12.99,False,
675,2025-03-02,1,T1,C13,14,159,0.379,0.379,12.99,False,
676,2025-03-02,1,T1,C11,13,130,0.841,0.841,21.99,False,
677,2025-03-02,1,T5,C13,16,127,0.959,0.959,8.99,False,
678,2025-03-02,1,T1,C13,13,106,2.066,2.066,3.99,False,
679,2025-03-02,1,T5,C15,18,101,1.259,1.259,1.49,False,
680,2025-03-02,1,T1,C15,8,101,0.419,0.419,1.49,False,
681,2025-03-02,1,T2,C14,20,104,0.977,0.977,1.99,False,
682,2025-03-02,1,T2,C12,11,111,3.653,3.653,1.59,False,
683,2025-03-02,1,T4,C11,19,105,1.968,1.968,3.49,False,
684,2025-03-02,1,T4,C12,14,104,0.466,0.466,1.99,False,
685,2025-03-02,1,T3,C12,20,106,0.882,0.882,3.99,False,
686,2025-03-02,1,T3,C15,8,110,0.84,0.84,1.29,False,
687,2025-03-02,1,T5,C13,12,127,3.547,3.547,8.99,False,
688,2025-03-02,1,T4,C16,10,110,0.893,0.893,1.29,False,
689,2025-03-02,1,T5,C13,8,159,1.265,1.265,12.99,False,
690,2025-03-02,1,T5,C12,8,106,0.276,0.276,3.99,False,
691,2025-03-02,1,T2,C15,16,106,0.932,0.932,3.99,False,
692,2025-03-02,1,T1,C14,14,159,0.534,0.534,12.99,False,
693,2025-03-02,1,T4,C15,7,104,0.823,0.823,1.99,False,
694,2025-03-02,1,T2,C11,11,110,0.312,0.312,1.29,False,
695,2025-03-02,1,T3,C16,21,129,1.302,1.302,9.49,False,
696,2025-03-02,1,T5,C12,17,104,0.395,0.395,1.99,False,
697,2025-03-02,1,T4,C16,14,127,1.039,1.039,8.99,False,
698,2025-03-02,1,T3,C11,14,127,0.311,0.311,8.99,False,
699,2025-03-02,1,T4,C13,10,128,0.778,0.778,10.99,False,
700,2025-03-02,1,T3,C14,8,130,1.554,1.554,21.99,False,
701,2025-03-02,1,T4,C14,7,129,0.609,0.609,9.49,False,
702,2025-03-02,1,T3,C14,11,105,1.587,1.587,3.49,False,
703,2025-03-02,1,T1,C14,19,111,0.374,0.374,1.59,False,
704,2025-03-02,1,T3,C11,11,111,1.311,1.311,1.59,False,
705,2025-03-02,1,T3,C14,19,105,0.75,0.75,3.49,False,
706,2025-03-02,1,T4,C15,21,110,0.931,0.931,1.29,False,
707,2025-03-02,1,T4,C11,9,128,0.544,0.544,10.99,False,
708,2025-03-02,1,T5,C12,13,128,1.183,1.183,10.99,False,
709,2025-03-02,1,T5,C11,18,111,1.053,1.053,1.59,False,
710,2025-03-02,1,T4,C14,11,106,0.725,0.725,3.99,False,
711,2025-03-02,1,T5,C15,8,111,1.865,1.865,1.59,False,
712,2025-03-02,1,T4,C13,12,105,1.273,1.273,3.49,False,
713,2025-03-02,1,T1,C15,17,106,0.862,0.862,3.99,False,
714,2025-03-02,1,T3,C15,7,159,0.411,0.411,12.99,False,
715,2025-03-02,1,T3,C12,14,111,0.776,0.776,1.59,False,
716,2025-03-02,1,T2,C16,20,130,1.384,1.384,21.99,False,
717,2025-03-02,1,T1,C12,16,128,0.476,0.476,10.99,False,
718,2025-03-02,1,T4,C13,20,128,0.997,0.997,10.99,False,
719,2025-03-02,1,T1,C14,9,104,2.724,2.724,1.99,False,
720,2025-03-02,1,T1,C12,17,128,0.912,1.096,10.99,True,no_tare
721,2025-03-02,1,T1,C16,18,129,2.59,2.59,9.49,False,
722,2025-03-02,1,T2,C11,9,159,0.989,0.989,12.99,False,
723,2025-03-02,1,T4,C11,18,127,0.787,0.787,8.99,False,
724,2025-03-02,1,T2,C13,20,101,1.686,1.686,1.49,False,
725,2025-03-02,1,T2,C14,19,159,0.901,0.901,12.99,False,
726,2025-03-02,1,T3,C16,21,110,0.841,0.841,1.29,False,
727,2025-03-02,1,T4,C12,13,159,0.829,0.829,12.99,False,
728,2025-03-02,1,T5,C12,9,127,1.861,1.861,8.99,False,
729,2025-03-02,1,T1,C12,10,110,2.121,2.121,1.29,False,
730,2025-03-02,1,T2,C12,19,104,1.24,1.24,1.99,False,
731,2025-03-02,1,T1,C13,15,101,0.254,0.254,1.49,False,
732,2025-03-02,1,T4,C14,21,159,1.627,1.627,12.99,False,
733,2025-03-02,1,T4,C11,17,127,0.266,0.266,8.99,False,
734,2025-03-02,1,T3,C12,7,128,0.522,0.522,10.99,False,
735,2025-03-02,1,T2,C15,18,106,2.412,2.412,3.99,False,
736,2025-03-02,1,T3,C14,7,129,0.729,0.729,9.49,False,
737,2025-03-02,1,T2,C11,13,105,2.992,2.992,3.49,False,
738,2025-03-02,1,T5,C14,17,159,0.664,0.664,12.99,False,
739,2025-03-02,1,T5,C13,16,104,1.814,1.814,1.99,False,
740,2025-03-02,1,T4,C16,12,127,2.897,2.897,8.99,False,
741,2025-03-02,1,T1,C15,16,104,2.085,2.085,1.99,False,
742,2025-03-02,1,T1,C16,17,159,0.628,0.628,12.99,False,
743,2025-03-02,1,T1,C15,15,128,1.223,1.223,10.99,False,
744,2025-03-02,1,T5,C16,11,110,0.804,0.804,1.29,False,
745,2025-03-02,1,T4,C14,17,127,3.016,3.016,8.99,False,
746,2025-03-02,1,T3,C15,18,159,1.738,1.738,12.99,False,
747,2025-03-02,1,T3,C11,11,105,1.825,1.825,3.49,False,
748,2025-03-02,1,T5,C15,18,111,0.797,0.797,1.59,False,
749,2025-03-02,1,T1,C15,10,105,1.171,1.171,3.49,False,
750,2025-03-02,1,T1,C11,21,129,1.259,1.259,9.49,False,
751,2025-03-02,1,T4,C16,11,111,1.241,1.241,1.59,False,
752,2025-03-02,1,T5,C16,16,105,1.447,1.447,3.49,False,
753,2025-03-02,1,T3,C11,18,128,0.695,0.695,10.99,False,
754,2025-03-02,1,T4,C16,9,111,1.695,1.695,1.59,False,
755,2025-03-02,1,T1,C16,21,104,0.595,0.595,1.99,False,
756,2025-03-02,1,T4,C15,12,127,1.109,1.109,8.99,False,
757,2025-03-02,1,T5,C14,11,127,3.684,3.684,8.99,False,
758,2025-03-02,1,T3,C13,15,111,0.643,0.643,1.59,False,
759,2025-03-02,1,T2,C14,16,128,0.801,0.801,10.99,False,
760,2025-03-02,1,T5,C13,20,159,0.982,0.982,12.99,False,
761,2025-03-02,1,T4,C13,15,101,0.764,0.764,1.49,False,
762,2025-03-02,1,T5,C16,13,111,0.58,0.58,1.59,False,
763,2025-03-02,1,T4,C11,20,159,1.007,1.007,12.99,False,
764,2025-03-02,1,T3,C15,7,130,0.655,0.655,21.99,False,
765,2025-03-02,1,T2,C14,7,159,1.136,1.136,12.99,False,
766,2025-03-02,1,T2,C15,13,104,0.432,0.432,1.99,False,
767,2025-03-02,1,T1,C16,16,106,0.655,0.655,3.99,False,
768,2025-03-02,1,T2,C14,17,105,0.557,0.557,3.49,False,
769,2025-03-02,1,T4,C11,20,106,0.959,0.959,3.99,False,
770,2025-03-02,1,T3,C15,10,104,1.382,1.382,1.99,False,
771,2025-03-02,1,T5,C14,21,159,1.138,1.138,12.99,False,
772,2025-03-02,1,T1,C11,14,105,0.419,0.419,3.49,False,
773,2025-03-02,1,T2,C14,13,111,0.174,0.174,1.59,False,
774,2025-03-02,1,T2,C13,17,127,0.845,0.845,8.99,False,
775,2025-03-02,1,T1,C16,14,128,2.286,2.286,10.99,False,
776,2025-03-02,1,T4,C16,20,104,1.898,1.898,1.99,False,
777,2025-03-02,1,T3,C11,19,105,1.337,1.337,3.49,False,
778,2025-03-02,1,T4,C15,21,128,1.404,1.404,10.99,False,
779,2025-03-02,1,T5,C13,21,111,1.103,1.103,1.59,False,
780,2025-03-02,1,T5,C13,19,130,0.569,0.569,21.99,False,
781,2025-03-02,1,T1,C11,10,104,1.322,1.322,1.99,False,
782,2025-03-02,1,T1,C11,17,159,0.671,0.671,12.99,False,
783,2025-03-02,1,T2,C12,20,106,0.721,0.721,3.99,False,
784,2025-03-02,1,T2,C13,9,101,2.794,2.794,1.49,False,
785,2025-03-02,1,T2,C16,8,111,0.667,0.667,1.59,False,
786,2025-03-02,1,T1,C15,18,105,2.929,2.929,3.49,False,
787,2025-03-02,1,T2,C12,7,101,0.465,0.465,1.49,False,
788,2025-03-02,1,T4,C13,18,110,0.305,0.305,1.29,False,
789,2025-03-02,1,T5,C13,7,104,0.907,0.907,1.99,False,
790,2025-03-02,1,T2,C12,20,101,0.479,0.479,1.49,False,
791,2025-03-02,1,T5,C15,8,106,0.818,0.818,3.99,False,
792,2025-03-02,1,T2,C13,7,128,1.076,1.076,10.99,False,
793,2025-03-02,1,T1,C15,8,104,0.74,0.74,1.99,False,
794,2025-03-02,1,T1,C15,19,111,1.771,1.771,1.59,False,
795,2025-03-02,1,T3,C16,10,127,1.308,1.308,8.99,False,
796,2025-03-02,1,T4,C15,19,110,1.48,1.48,1.29,False,
797,2025-03-02,1,T3,C11,11,105,1.491,1.491,3.49,False,
798,2025-03-02,1,T5,C16,18,104,0.726,0.726,1.99,False,
799,2025-03-02,1,T4,C11,21,111,0.51,0.51,1.59,False,
800,2025-03-02,1,T1,C13,10,101,3.353,3.353,1.49,False,
801,2025-03-02,1,T4,C12,19,159,0.687,0.687,12.99,False,
802,2025-03-02,1,T3,C16,10,130,1.255,1.255,21.99,False,
803,2025-03-02,1,T3,C13,8,128,0.955,0.955,10.99,False,
804,2025-03-02,1,T4,C13,16,127,1.512,1.512,8.99,False,
805,2025-03-02,1,T5,C15,9,104,2.653,2.653,1.99,False,
806,2025-03-02,1,T5,C14,8,106,1.554,1.554,3.99,False,
807,2025-03-02,1,T5,C11,17,104,1.792,1.792,1.99,False,
808,2025-03-02,1,T2,C14,11,130,3.161,3.161,21.99,False,
809,2025-03-02,1,T5,C14,16,104,2.267,2.267,1.99,False,
810,2025-03-02,1,T1,C13,19,104,1.883,1.883,1.99,False,
811,2025-03-02,1,T3,C12,13,106,0.949,0.949,3.99,False,
812,2025-03-02,1,T4,C11,19,110,0.59,0.59,1.29,False,
813,2025-03-02,1,T2,C16,13,106,2.071,2.071,3.99,False,
814,2025-03-02,1,T4,C16,19,101,1.198,1.198,1.49,False,
815,2025-03-02,1,T5,C14,18,106,0.263,0.263,3.99,False,
816,2025-03-02,1,T2,C15,18,129,0.718,0.718,9.49,False,
817,2025-03-02,1,T5,C11,14,111,0.471,0.471,1.59,False,
818,2025-03-02,1,T5,C11,18,130,1.439,1.439,21.99,False,
819,2025-03-02,1,T5,C15,17,128,0.282,0.282,10.99,False,
820,2025-03-02,1,T4,C13,7,106,1.047,1.047,3.99,False,
821,2025-03-02,1,T1,C13,7,104,0.182,0.182,1.99,False,
822,2025-03-02,1,T3,C16,17,130,1.524,1.524,21.99,False,
823,2025-03-02,1,T4,C15,8,129,2.483,2.483,9.49,False,
824,2025-03-02,1,T3,C13,16,159,1.386,1.386,12.99,False,
825,2025-03-02,1,T3,C14,9,130,1.659,1.659,21.99,False,
826,2025-03-02,1,T1,C13,21,105,1.113,1.113,3.49,False,
827,2025-03-02,1,T2,C16,15,111,1.493,1.493,1.59,False,
828,2025-03-02,1,T5,C13,10,159,1.125,1.125,12.99,False,
829,2025-03-02,1,T3,C12,15,159,1.055,1.055,12.99,False,
830,2025-03-02,1,T5,C12,11,106,1.302,1.302,3.99,False,
831,2025-03-02,1,T1,C16,20,106,1.472,1.472,3.99,False,
832,2025-03-02,1,T1,C15,20,128,0.982,0.982,10.99,False,
833,2025-03-02,1,T4,C11,20,128,0.768,0.768,10.99,False,
834,2025-03-02,1,T4,C11,18,111,0.302,0.302,1.59,False,
835,2025-03-02,1,T4,C13,19,104,1.39,1.39,1.99,False,
1389,2025-03-03,1,T3,C16,21,128,0.711,0.711,10.99,False,
1390,2025-03-03,1,T1,C11,16,127,0.561,0.561,8.99,False,
1391,2025-03-03,1,T1,C15,9,159,0.415,0.415,12.99,False,
1392,2025-03-03,1,T4,C14,12,130,1.212,1.212,21.99,False,
1393,2025-03-03,1,T4,C16,9,127,0.617,0.617,8.99,False,
1394,2025-03-03,1,T1,C11,12,111,0.514,0.514,1.59,False,
1395,2025-03-03,1,T5,C15,15,101,0.822,0.822,1.49,False,
1396,2025-03-03,1,T2,C12,8,101,0.534,0.534,1.49,False,
1397,2025-03-03,1,T5,C14,20,111,0.672,0.672,1.59,False,
1398,2025-03-03,1,T4,C14,18,111,2.001,2.001,1.59,False,
1399,2025-03-03,1,T1,C13,11,159,1.21,1.21,12.99,False,
1400,2025-03-03,1,T1,C15,9,104,0.462,0.462,1.99,False,
1401,2025-03-03,1,T4,C16,13,101,1.382,1.382,1.49,False,
1402,2025-03-03,1,T3,C15,8,101,0.612,0.612,1.49,False,
1403,2025-03-03,1,T2,C16,19,129,1.233,1.233,9.49,False,
1404,2025-03-03,1,T3,C16,11,106,0.647,0.647,3.99,False,
1405,2025-03-03,1,T4,C16,19,127,1.197,1.197,8.99,False,
1406,2025-03-03,1,T2,C12,16,130,0.557,0.557,21.99,False,
1407,2025-03-03,1,T5,C11,16,104,1.015,1.015,1.99,False,
1408,2025-03-03,1,T1,C13,14,128,1.203,1.203,10.99,False,
1409,2025-03-03,1,T3,C16,16,130,2.924,2.924,21.99,False,
1410,2025-03-03,1,T3,C15,7,159,1.361,1.361,12.99,False,
1411,2025-03-03,1,T1,C14,9,106,0.695,0.695,3.99,False,
1412,2025-03-03,1,T2,C12,15,111,0.239,0.239,1.59,False,
1413,2025-03-03,1,T4,C16,12,130,0.323,0.323,21.99,False,
1414,2025-03-03,1,T2,C16,18,105,1.114,1.114,3.49,False,
1415,2025-03-03,1,T5,C15,8,104,0.686,0.686,1.99,False,
1416,2025-03-03,1,T1,C11,17,106,2.043,2.043,3.99,False,
1417,2025-03-03,1,T5,C12,11,106,1.889,1.889,3.99,False,
1418,2025-03-03,1,T2,C13,10,101,0.688,0.688,1.49,False,
1419,2025-03-03,1,T1,C13,10,106,2.056,2.056,3.99,False,
1420,2025-03-03,1,T5,C11,8,110,2.17,2.17,1.29,False,
1421,2025-03-03,1,T4,C12,8,129,2.177,2.177,9.49,False,
1422,2025-03-03,1,T1,C12,12,127,0.612,0.704,8.99,True,no_tare
1423,2025-03-03,1,T4,C15,18,106,2.379,2.379,3.99,False,
1424,2025-03-03,1,T3,C16,10,128,0.925,0.925,10.99,False,
1425,2025-03-03,1,T4,C16,19,129,0.44,0.44,9.49,False,
1426,2025-03-03,1,T3,C16,21,159,1.665,1.665,12.99,False,
1427,2025-03-03,1,T5,C15,16,111,0.088,0.088,1.59,False,
1428,2025-03-03,1,T5,C13,17,110,0.828,0.828,1.29,False,
1429,2025-03-03,1,T1,C11,9,106,0.944,0.944,3.99,False,
1430,2025-03-03,1,T4,C12,11,101,0.812,0.812,1.49,False,
1431,2025-03-03,1,T4,C16,14,110,1.814,1.814,1.29,False,
1432,2025-03-03,1,T3,C12,19,130,1.259,1.259,21.99,False,
1433,2025-03-03,1,T2,C16,21,159,1.496,1.496,12.99,False,
1434,2025-03-03,1,T2,C16,16,104,1.386,1.386,1.99,False,
1435,2025-03-03,1,T1,C12,20,111,0.901,0.901,1.59,False,
1436,2025-03-03,1,T5,C12,7,106,1.543,1.543,3.99,False,
1437,2025-03-03,1,T4,C11,7,101,0.606,0.606,1.49,False,
1438,2025-03-03,1,T5,C15,10,104,1.294,1.294,1.99,False,
1439,2025-03-03,1,T3,C13,12,101,1.085,1.085,1.49,False,
1440,2025-03-03,1,T5,C12,10,128,1.87,1.87,10.99,False,
1441,2025-03-03,1,T2,C11,9,110,0.379,0.379,1.29,False,
1442,2025-03-03,1,T1,C12,20,130,0.622,0.622,21.99,False,
1443,2025-03-03,1,T3,C15,19,101,0.662,0.662,1.49,False,
1444,2025-03-03,1,T2,C16,16,105,2.393,2.393,3.49,False,
1445,2025-03-03,1,T1,C12,13,129,0.371,0.371,9.49,False,
1446,2025-03-03,1,T3,C12,9,127,0.932,0.932,8.99,False,
1447,2025-03-03,1,T3,C13,19,110,1.148,1.148,1.29,False,
1448,2025-03-03,1,T2,C16,19,101,0.863,0.863,1.49,False,
1449,2025-03-03,1,T4,C12,12,128,1.486,1.486,10.99,False,
1450,2025-03-03,1,T2,C13,12,128,0.6,0.6,10.99,False,
1451,2025-03-03,1,T2,C12,10,105,2.287,2.287,3.49,False,
1452,2025-03-03,1,T2,C16,21,104,0.77,0.77,1.99,False,
1453,2025-03-03,1,T3,C11,10,127,1.348,1.348,8.99,False,
1454,2025-03-03,1,T1,C15,15,106,0.594,0.594,3.99,False,
1455,2025-03-03,1,T1,C13,9,159,3.019,3.019,12.99,False,
1456,2025-03-03,1,T5,C16,7,127,0.902,0.902,8.99,False,
1457,2025-03-03,1,T4,C15,21,110,0.27,0.27,1.29,False,
1458,2025-03-03,1,T5,C14,13,111,1.567,1.567,1.59,False,
1459,2025-03-03,1,T1,C13,13,101,2.707,2.707,1.49,False,
1460,2025-03-03,1,T4,C16,17,129,1.488,1.488,9.49,False,
1461,2025-03-03,1,T4,C14,12,130,0.693,0.693,21.99,False,
1462,2025-03-03,1,T3,C15,13,101,0.756,0.756,1.49,False,
1463,2025-03-03,1,T1,C14,8,111,0.712,0.712,1.59,False,
1464,2025-03-03,1,T5,C13,16,105,1.545,1.545,3.49,False,
1465,2025-03-03,1,T5,C13,8,159,1.174,1.174,12.99,False,
1466,2025-03-03,1,T3,C11,8,105,2.841,2.841,3.49,False,
1467,2025-03-03,1,T5,C15,17,104,1.212,1.212,1.99,False,
1468,2025-03-03,1,T4,C12,7,110,0.258,0.258,1.29,False,
1469,2025-03-03,1,T1,C14,15,130,0.958,0.958,21.99,False,
1470,2025-03-03,1,T1,C16,8,130,2.214,2.214,21.99,False,
1471,2025-03-03,1,T3,C15,7,130,0.875,0.875,21.99,False,
1472,2025-03-03,1,T3,C16,16,159,1.021,1.021,12.99,False,
1473,2025-03-03,1,T5,C11,13,127,0.767,0.767,8.99,False,
1474,2025-03-03,1,T1,C11,10,159,0.347,0.347,12.99,False,
1475,2025-03-03,1,T4,C16,19,159,1.874,1.874,12.99,False,
1476,2025-03-03,1,T1,C13,19,105,0.31,0.31,3.49,False,
1477,2025-03-03,1,T3,C12,11,130,0.988,0.988,21.99,False,
1478,2025-03-03,1,T5,C13,18,105,0.673,0.673,3.49,False,
1479,2025-03-03,1,T2,C16,21,130,0.952,0.952,21.99,False,
1480,2025-03-03,1,T4,C11,8,106,0.288,0.288,3.99,False,
1481,2025-03-03,1,T1,C15,11,159,0.91,0.91,12.99,False,
1482,2025-03-03,1,T2,C11,7,127,0.841,0.841,8.99,False,
1483,2025-03-03,1,T1,C14,10,111,0.262,0.262,1.59,False,
1484,2025-03-03,1,T1,C16,17,130,0.789,0.789,21.99,False,
1485,2025-03-03,1,T1,C14,16,106,2.274,2.274,3.99,False,
1486,2025-03-03,1,T4,C15,17,111,1.76,1.76,1.59,False,
1487,2025-03-03,1,T1,C14,10,129,0.713,0.713,9.49,False,
1488,2025-03-03,1,T2,C16,20,101,2.111,2.111,1.49,False,
1489,2025-03-03,1,T5,C14,17,159,1.212,1.212,12.99,False,
1490,2025-03-03,1,T4,C12,12,128,1.264,1.264,10.99,False,
1491,2025-03-03,1,T3,C15,19,105,1.863,1.863,3.49,False,
1492,2025-03-03,1,T4,C16,7,127,0.758,0.758,8.99,False,
1493,2025-03-03,1,T5,C13,9,105,0.551,0.551,3.49,False,
1494,2025-03-03,1,T4,C16,18,110,1.506,1.506,1.29,False,
1495,2025-03-03,1,T3,C15,18,105,0.676,0.676,3.49,False,
1496,2025-03-03,1,T3,C15,15,111,1.481,1.481,1.59,False,
1497,2025-03-03,1,T2,C12,17,111,0.316,0.316,1.59,False,
1498,2025-03-03,1,T5,C13,21,105,1.914,1.914,3.49,False,
1499,2025-03-03,1,T5,C14,13,105,0.847,0.847,3.49,False,
1500,2025-03-03,1,T2,C13,11,106,0.564,0.564,3.99,False,
1501,2025-03-03,1,T4,C12,14,110,2.246,2.246,1.29,False,
1502,2025-03-03,1,T5,C14,7,127,1.224,1.346,8.99,True,no_tare
1503,2025-03-03,1,T5,C16,7,127,1.447,1.447,8.99,False,
1504,2025-03-03,1,T4,C16,7,110,0.621,0.621,1.29,False,
1505,2025-03-03,1,T4,C13,10,106,0.672,0.672,3.99,False,
1506,2025-03-03,1,T4,C13,20,106,1.293,1.293,3.99,False,
1507,2025-03-03,1,T3,C15,11,129,0.509,0.509,9.49,False,
1508,2025-03-03,1,T5,C13,12,104,1.561,1.561,1.99,False,
1509,2025-03-03,1,T1,C16,12,104,2.217,2.217,1.99,False,
1510,2025-03-03,1,T1,C11,8,130,2.498,2.498,21.99,False,
1511,2025-03-03,1,T1,C11,12,106,1.454,1.454,3.99,False,
1512,2025-03-03,1,T2,C12,7,111,1.829,1.829,1.59,False,
1513,2025-03-03,1,T5,C13,17,128,0.732,0.732,10.99,False,
1514,2025-03-03,1,T4,C12,16,130,1.195,1.195,21.99,False,
1515,2025-03-03,1,T4,C14,7,101,1.441,1.441,1.49,False,
1516,2025-03-03,1,T4,C13,12,127,0.633,0.633,8.99,False,
1517,2025-03-03,1,T1,C14,16,106,0.857,0.857,3.99,False,
1518,2025-03-03,1,T2,C13,18,101,0.829,0.829,1.49,False,
1519,2025-03-03,1,T4,C14,21,128,1.015,1.015,10.99,False,
1520,2025-03-03,1,T3,C12,16,101,0.71,0.71,1.49,False,
1521,2025-03-03,1,T5,C15,21,127,1.518,1.518,8.99,False,
1522,2025-03-03,1,T5,C11,10,104,0.661,0.661,1.99,False,
1523,2025-03-03,1,T5,C12,16,128,0.704,0.704,10.99,False,
1524,2025-03-03,1,T5,C14,16,110,1.016,1.016,1.29,False,
1525,2025-03-03,1,T2,C11,8,129,0.584,0.584,9.49,False,
1526,2025-03-03,1,T5,C12,12,104,1.838,1.838,1.99,False,
1527,2025-03-03,1,T1,C14,9,130,0.69,0.69,21.99,False,
1528,2025-03-03,1,T2,C14,17,106,1.26,1.26,3.99,False,
1529,2025-03-03,1,T3,C11,11,111,0.837,0.837,1.59,False,
1530,2025-03-03,1,T2,C14,10,159,1.281,1.281,12.99,False,
1531,2025-03-03,1,T3,C12,8,127,0.822,0.822,8.99,False,
1532,2025-03-03,1,T3,C16,11,101,1.755,1.755,1.49,False,
1533,2025-03-03,1,T3,C11,16,128,1.151,1.151,10.99,False,
1534,2025-03-03,1,T3,C12,9,101,0.728,0.728,1.49,False,
1535,2025-03-03,1,T4,C11,18,130,0.772,0.772,21.99,False,
1536,2025-03-03,1,T5,C16,9,128,1.237,1.237,10.99,False,
1537,2025-03-03,1,T4,C13,17,106,0.301,0.301,3.99,False,
1538,2025-03-03,1,T3,C16,13,129,1.243,1.243,9.49,False,
1539,2025-03-03,1,T5,C13,19,110,0.74,0.74,1.29,False,
1540,2025-03-03,1,T2,C13,16,105,0.85,0.85,3.49,False,
1541,2025-03-03,1,T5,C14,16,106,1.017,1.017,3.99,False,
1542,2025-03-03,1,T4,C13,15,101,0.568,0.568,1.49,False,
1543,2025-03-03,1,T1,C16,17,105,1.835,1.835,3.49,False,
1544,2025-03-03,1,T4,C12,9,106,3.153,3.153,3.99,False,
1545,2025-03-03,1,T4,C14,19,105,2.063,2.063,3.49,False,
1546,2025-03-03,1,T4,C14,12,128,0.713,0.713,10.99,False,
1547,2025-03-03,1,T1,C16,16,106,0.323,0.323,3.99,False,
1548,2025-03-03,1,T5,C12,13,106,1.811,1.811,3.99,False,
1549,2025-03-03,1,T5,C16,10,110,2.898,2.898,1.29,False,
1550,2025-03-03,1,T5,C13,10,111,0.339,0.339,1.59,False,
1551,2025-03-03,1,T5,C15,16,104,0.6,0.6,1.99,False,
1552,2025-03-03,1,T4,C11,16,110,1.57,1.57,1.29,False,
1553,2025-03-03,1,T5,C11,21,105,0.696,0.696,3.49,False,
1554,2025-03-03,1,T5,C15,12,130,0.427,0.427,21.99,False,
2092,2025-03-04,1,T1,C11,8,104,0.452,0.452,1.99,False,
2093,2025-03-04,1,T5,C16,17,159,0.614,0.614,12.99,False,
2094,2025-03-04,1,T2,C11,11,110,1.457,1.457,1.29,False,
2095,2025-03-04,1,T1,C16,18,101,2.038,2.038,1.49,False,
2096,2025-03-04,1,T4,C12,14,111,1.209,1.209,1.59,False,
2097,2025-03-04,1,T3,C12,15,105,0.684,0.684,3.49,False,
2098,2025-03-04,1,T1,C12,16,111,1.245,1.245,1.59,False,
2099,2025-03-04,1,T2,C15,18,101,0.673,0.673,1.49,False,
2100,2025-03-04,1,T4,C16,11,128,0.988,0.988,10.99,False,
2101,2025-03-04,1,T4,C14,7,159,1.73,1.73,12.99,False,
2102,2025-03-04,1,T2,C16,11,104,0.197,0.197,1.99,False,
2103,2025-03-04,1,T5,C16,20,104,0.68,0.68,1.99,False,
2104,2025-03-04,1,T4,C13,8,127,0.657,0.657,8.99,False,
2105,2025-03-04,1,T3,C16,16,128,0.925,0.925,10.99,False,
2106,2025-03-04,1,T5,C16,20,104,1.657,1.657,1.99,False,
2107,2025-03-04,1,T5,C12,10,129,1.381,1.561,9.49,True,no_tare
2108,2025-03-04,1,T4,C16,20,128,0.274,0.274,10.99,False,
2109,2025-03-04,1,T5,C16,14,128,0.995,0.995,10.99,False,
2110,2025-03-04,1,T4,C12,10,104,2.599,2.599,1.99,False,
2111,2025-03-04,1,T4,C15,21,105,2.612,2.612,3.49,False,
2112,2025-03-04,1,T1,C12,11,111,0.598,0.598,1.59,False,
2113,2025-03-04,1,T2,C14,20,130,1.444,1.444,21.99,False,
2114,2025-03-04,1,T5,C15,8,101,2.508,2.508,1.49,False,
2115,2025-03-04,1,T1,C16,16,106,2.955,2.955,3.99,False,
2116,2025-03-04,1,T3,C12,17,110,1.757,1.757,1.29,False,
2117,2025-03-04,1,T4,C16,15,130,2.318,2.318,21.99,False,
2118,2025-03-04,1,T4,C12,16,159,0.7,0.839,12.99,True,no_tare
2119,2025-03-04,1,T1,C13,11,101,0.784,0.784,1.49,False,
2120,2025-03-04,1,T3,C13,12,106,0.395,0.395,3.99,False,
2121,2025-03-04,1,T3,C16,7,101,0.462,0.462,1.49,False,
2122,2025-03-04,1,T4,C12,18,127,0.581,0.581,8.99,False,
2123,2025-03-04,1,T4,C16,17,104,1.779,1.779,1.99,False,
2124,2025-03-04,1,T3,C12,19,128,1.355,1.443,10.99,True,no_tare
2125,2025-03-04,1,T1,C15,11,105,1.052,1.052,3.49,False,
2126,2025-03-04,1,T4,C11,7,127,1.695,1.695,8.99,False,
2127,2025-03-04,1,T3,C15,15,159,0.716,0.716,12.99,False,
2128,2025-03-04,1,T3,C14,7,101,1.107,1.107,1.49,False,
2129,2025-03-04,1,T5,C13,13,106,1.373,1.373,3.99,False,
2130,2025-03-04,1,T4,C14,17,111,1.237,1.237,1.59,False,
2131,2025-03-04,1,T4,C16,11,101,2.336,2.336,1.49,False,
2132,2025-03-04,1,T2,C13,11,127,2.009,2.009,8.99,False,
2133,2025-03-04,1,T5,C15,15,127,1.692,1.692,8.99,False,
2134,2025-03-04,1,T2,C13,20,127,1.825,1.825,8.99,False,
2135,2025-03-04,1,T4,C13,18,111,1.754,1.754,1.59,False,
2136,2025-03-04,1,T2,C13,9,111,2.756,2.756,1.59,False,
2137,2025-03-04,1,T2,C11,8,105,0.336,0.336,3.49,False,
2138,2025-03-04,1,T4,C16,11,128,2.495,2.495,10.99,False,
2139,2025-03-04,1,T3,C15,21,128,0.621,0.621,10.99,False,
2140,2025-03-04,1,T3,C12,8,111,1.407,1.407,1.59,False,
2141,2025-03-04,1,T4,C15,10,110,2.071,2.071,1.29,False,
2142,2025-03-04,1,T2,C11,19,101,1.79,1.79,1.49,False,
2143,2025-03-04,1,T3,C11,16,101,1.468,1.468,1.49,False,
2144,2025-03-04,1,T4,C16,20,129,0.948,0.948,9.49,False,
2145,2025-03-04,1,T5,C13,17,106,1.851,1.851,3.99,False,
2146,2025-03-04,1,T5,C12,16,110,0.8,0.8,1.29,False,
2147,2025-03-04,1,T5,C14,9,110,1.251,1.251,1.29,False,
2148,2025-03-04,1,T4,C12,21,110,2.32,2.32,1.29,False,
2149,2025-03-04,1,T2,C13,11,105,1.202,1.202,3.49,False,
2150,2025-03-04,1,T3,C13,17,159,1.054,1.054,12.99,False,
2151,2025-03-04,1,T1,C13,13,104,2.155,2.155,1.99,False,
2152,2025-03-04,1,T3,C15,10,104,1.717,1.717,1.99,False,
2153,2025-03-04,1,T4,C12,17,111,0.945,0.945,1.59,False,
2154,2025-03-04,1,T3,C15,12,110,2.612,2.612,1.29,False,
2155,2025-03-04,1,T4,C14,19,130,0.739,0.739,21.99,False,
2156,2025-03-04,1,T1,C16,19,110,0.131,0.131,1.29,False,
2157,2025-03-04,1,T5,C14,20,105,0.547,0.547,3.49,False,
2158,2025-03-04,1,T3,C12,11,130,0.402,0.402,21.99,False,
2159,2025-03-04,1,T2,C14,17,130,0.884,0.884,21.99,False,
2160,2025-03-04,1,T5,C15,11,101,1.085,1.085,1.49,False,
2161,2025-03-04,1,T5,C12,12,101,0.699,0.699,1.49,False,
2162,2025-03-04,1,T5,C11,17,128,1.719,1.719,10.99,False,
2163,2025-03-04,1,T2,C14,12,127,0.973,0.973,8.99,False,
2164,2025-03-04,1,T5,C16,19,127,1.329,1.329,8.99,False,
2165,2025-03-04,1,T4,C16,11,104,1.051,1.051,1.99,False,
2166,2025-03-04,1,T1,C15,20,111,0.467,0.467,1.59,False,
2167,2025-03-04,1,T4,C14,8,127,0.484,0.484,8.99,False,
2168,2025-03-04,1,T2,C16,17,110,1.333,1.333,1.29,False,
2169,2025-03-04,1,T4,C15,19,106,0.912,0.912,3.99,False,
2170,2025-03-04,1,T3,C13,8,105,1.799,1.799,3.49,False,
2171,2025-03-04,1,T4,C13,11,128,0.869,0.869,10.99,False,
2172,2025-03-04,1,T1,C12,9,159,0.467,0.467,12.99,False,
2173,2025-03-04,1,T3,C13,9,130,0.425,0.425,21.99,False,
2174,2025-03-04,1,T1,C12,19,105,1.138,1.138,3.49,False,
2175,2025-03-04,1,T5,C16,10,106,0.156,0.156,3.99,False,
2176,2025-03-04,1,T1,C12,11,110,0.544,0.544,1.29,False,
2177,2025-03-04,1,T3,C16,17,130,1.962,1.962,21.99,False,
2178,2025-03-04,1,T5,C15,18,105,2.272,2.272,3.49,False,
2179,2025-03-04,1,T2,C12,21,105,1.488,1.488,3.49,False,
2180,2025-03-04,1,T2,C13,8,104,1.54,1.54,1.99,False,
2181,2025-03-04,1,T1,C11,11,110,1.528,1.528,1.29,False,
2182,2025-03-04,1,T2,C16,12,105,0.504,0.504,3.49,False,
2183,2025-03-04,1,T1,C16,11,101,1.191,1.191,1.49,False,
2184,2025-03-04,1,T4,C12,18,159,1.004,1.004,12.99,False,
2185,2025-03-04,1,T4,C11,17,110,2.113,2.113,1.29,False,
2186,2025-03-04,1,T3,C11,17,111,0.167,0.167,1.59,False,
2187,2025-03-04,1,T4,C12,19,159,2.803,2.803,12.99,False,
2188,2025-03-04,1,T1,C11,18,159,0.606,0.606,12.99,False,
2189,2025-03-04,1,T1,C12,18,104,1.225,1.225,1.99,False,
2190,2025-03-04,1,T1,C16,18,111,0.716,0.716,1.59,False,
2191,2025-03-04,1,T2,C12,13,111,1.804,1.804,1.59,False,
2192,2025-03-04,1,T2,C14,16,101,1.921,1.921,1.49,False,
2193,2025-03-04,1,T4,C12,21,101,1.607,1.607,1.49,False,
2194,2025-03-04,1,T4,C16,21,130,1.118,1.118,21.99,False,
2195,2025-03-04,1,T2,C12,21,128,0.826,0.922,10.99,True,no_tare
2196,2025-03-04,1,T2,C12,16,101,0.934,0.934,1.49,False,
2197,2025-03-04,1,T3,C11,18,105,1.362,1.362,3.49,False,
2198,2025-03-04,1,T5,C13,11,111,0.326,0.326,1.59,False,
2199,2025-03-04,1,T3,C11,13,129,1.053,1.053,9.49,False,
2200,2025-03-04,1,T5,C15,16,159,1.597,1.597,12.99,False,
2201,2025-03-04,1,T3,C12,21,127,1.501,1.501,8.99,False,
2202,2025-03-04,1,T5,C14,13,104,2.464,2.464,1.99,False,
2203,2025-03-04,1,T2,C11,21,159,1.561,1.561,12.99,False,
2204,2025-03-04,1,T3,C15,12,106,1.613,1.613,3.99,False,
2205,2025-03-04,1,T2,C13,9,105,2.558,2.558,3.49,False,
2206,2025-03-04,1,T3,C16,18,130,0.486,0.486,21.99,False,
2207,2025-03-04,1,T4,C14,13,128,0.667,0.667,10.99,False,
2208,2025-03-04,1,T2,C12,17,128,1.058,1.058,10.99,False,
2209,2025-03-04,1,T4,C12,17,127,0.879,0.879,8.99,False,
2210,2025-03-04,1,T3,C11,7,130,1.1,1.1,21.99,False,
2211,2025-03-04,1,T5,C14,9,101,2.501,2.501,1.49,False,
2212,2025-03-04,1,T1,C16,21,104,0.781,0.781,1.99,False,
2213,2025-03-04,1,T4,C14,18,111,2.034,2.034,1.59,False,
2214,2025-03-04,1,T4,C13,8,101,0.655,0.655,1.49,False,
2215,2025-03-04,1,T5,C16,20,159,0.383,0.383,12.99,False,
2216,2025-03-04,1,T4,C15,17,110,0.562,0.562,1.29,False,
2217,2025-03-04,1,T5,C14,19,130,0.966,0.966,21.99,False,
2218,2025-03-04,1,T3,C16,11,104,0.923,0.923,1.99,False,
2219,2025-03-04,1,T5,C12,12,106,0.53,0.53,3.99,False,
2220,2025-03-04,1,T5,C11,15,128,0.238,0.238,10.99,False,
2221,2025-03-04,1,T3,C16,9,127,1.269,1.269,8.99,False,
2222,2025-03-04,1,T4,C12,15,105,1.412,1.412,3.49,False,
2223,2025-03-04,1,T5,C16,10,106,1.872,1.872,3.99,False,
2224,2025-03-04,1,T5,C16,13,110,2.003,2.003,1.29,False,
2225,2025-03-04,1,T4,C12,13,129,1.262,1.262,9.49,False,
2226,2025-03-04,1,T1,C13,17,110,0.165,0.165,1.29,False,
2227,2025-03-04,1,T3,C16,16,129,1.121,1.121,9.49,False,
2228,2025-03-04,1,T4,C16,20,129,1.357,1.357,9.49,False,
2229,2025-03-04,1,T2,C13,16,104,0.814,0.814,1.99,False,
2230,2025-03-04,1,T4,C14,15,105,1.674,1.674,3.49,False,
2231,2025-03-04,1,T3,C16,18,129,1.448,1.448,9.49,False,
2232,2025-03-04,1,T1,C14,9,130,1.062,1.062,21.99,False,
2233,2025-03-04,1,T4,C12,10,159,1.1,1.1,12.99,False,
2234,2025-03-04,1,T4,C11,15,105,0.363,0.363,3.49,False,
2235,2025-03-04,1,T4,C13,16,127,0.61,0.61,8.99,False,
2236,2025-03-04,1,T2,C11,21,105,1.857,1.857,3.49,False,
2237,2025-03-04,1,T2,C15,20,130,1.512,1.512,21.99,False,
2238,2025-03-04,1,T2,C15,12,111,0.835,0.835,1.59,False,
2239,2025-03-04,1,T1,C13,11,106,0.351,0.351,3.99,False,
2240,2025-03-04,1,T2,C15,7,106,1.473,1.473,3.99,False,
2241,2025-03-04,1,T3,C12,17,104,0.413,0.413,1.99,False,
2242,2025-03-04,1,T1,C12,13,159,1.431,1.431,12.99,False,
2243,2025-03-04,1,T2,C12,11,128,1.971,1.971,10.99,False,
2244,2025-03-04,1,T4,C15,10,130,0.677,0.677,21.99,False,
2245,2025-03-04,1,T2,C15,11,129,1.072,1.072,9.49,False,
2246,2025-03-04,1,T5,C16,15,130,2.972,2.972,21.99,False,
2247,2025-03-04,1,T5,C13,17,127,1.448,1.448,8.99,False,
2248,2025-03-04,1,T2,C11,9,105,1.255,1.255,3.49,False,
2249,2025-03-04,1,T5,C15,19,130,0.71,0.71,21.99,False,
2250,2025-03-04,1,T4,C13,21,106,2.336,2.336,3.99,False,
2251,2025-03-04,1,T1,C11,11,104,1.404,1.404,1.99,False,
2252,2025-03-04,1,T5,C16,19,110,0.413,0.413,1.29,False,
2253,2025-03-04,1,T2,C14,13,111,1.948,1.948,1.59,False,
2254,2025-03-04,1,T5,C11,7,128,1.476,1.476,10.99,False,
2255,2025-03-04,1,T2,C13,18,104,1.494,1.494,1.99,False,
2256,2025-03-04,1,T1,C12,21,159,0.32,0.32,12.99,False,
2257,2025-03-04,1,T5,C13,9,129,0.647,0.647,9.49,False,
2258,2025-03-04,1,T3,C15,8,101,2.218,2.218,1.49,False,
2259,2025-03-04,1,T5,C13,19,105,1.872,1.872,3.49,False,
2260,2025-03-04,1,T4,C16,7,110,1.273,1.273,1.29,False,
2261,2025-03-04,1,T3,C12,21,104,1.827,1.827,1.99,False,
2262,2025-03-04,1,T3,C15,19,105,2.01,2.01,3.49,False,
2263,2025-03-04,1,T1,C15,13,129,2.034,2.034,9.49,False,
2264,2025-03-04,1,T2,C11,7,130,0.786,0.786,21.99,False,
2265,2025-03-04,1,T1,C11,16,111,0.9,0.9,1.59,False,
2266,2025-03-04,1,T1,C13,17,127,1.556,1.556,8.99,False,
2267,2025-03-04,1,T3,C14,16,128,1.341,1.341,10.99,False,
2268,2025-03-04,1,T3,C11,13,127,1.577,1.577,8.99,False,
2269,2025-03-04,1,T3,C14,8,129,1.419,1.419,9.49,False,
2270,2025-03-04,1,T2,C11,10,101,1.578,1.578,1.49,False,
2271,2025-03-04,1,T1,C13,16,129,0.706,0.706,9.49,False,
2272,2025-03-04,1,T2,C13,12,101,0.264,0.264,1.49,False,
2273,2025-03-04,1,T4,C15,13,159,2.587,2.587,12.99,False,
2274,2025-03-04,1,T2,C12,9,130,0.868,0.868,21.99,False,
2275,2025-03-04,1,T1,C13,12,130,0.93,0.93,21.99,False,
2276,2025-03-04,1,T5,C15,9,130,0.879,0.879,21.99,False,
2277,2025-03-04,1,T4,C11,15,130,1.242,1.242,21.99,False,
2278,2025-03-04,1,T5,C14,12,111,1.686,1.686,1.59,False,
2279,2025-03-04,1,T1,C13,12,104,2.225,2.225,1.99,False,
2280,2025-03-04,1,T5,C12,13,128,2.036,2.036,10.99,False,
2281,2025-03-04,1,T4,C13,19,101,0.746,0.746,1.49,False,
2282,2025-03-04,1,T3,C14,9,104,2.713,2.713,1.99,False,
2283,2025-03-04,1,T4,C12,18,130,1.291,1.291,21.99,False,
2284,2025-03-04,1,T4,C13,7,111,0.879,0.879,1.59,False,
2285,2025-03-04,1,T2,C15,20,110,0.792,0.792,1.29,False,
2286,2025-03-04,1,T5,C12,9,127,0.336,0.336,8.99,False,
2287,2025-03-04,1,T2,C11,12,130,0.79,0.79,21.99,False,
2288,2025-03-04,1,T3,C15,17,110,0.597,0.597,1.29,False,
2289,2025-03-04,1,T3,C14,14,130,2.438,2.438,21.99,False,
2290,2025-03-04,1,T2,C11,20,128,1.399,1.399,10.99,False,
2291,2025-03-04,1,T1,C13,15,128,1.32,1.32,10.99,False,
2292,2025-03-04,1,T2,C11,21,111,1.183,1.183,1.59,False,
2293,2025-03-04,1,T3,C11,12,110,0.739,0.739,1.29,False,
2294,2025-03-04,1,T4,C11,9,111,2.879,2.879,1.59,False,
2295,2025-03-04,1,T4,C13,12,128,1.264,1.264,10.99,False,
2296,2025-03-04,1,T1,C12,13,129,1.555,1.555,9.49,False,
2297,2025-03-04,1,T5,C14,8,127,1.192,1.192,8.99,False,
2298,2025-03-04,1,T1,C13,21,110,0.591,0.591,1.29,False,
2299,2025-03-04,1,T3,C13,21,128,2.824,2.824,10.99,False,
2300,2025-03-04,1,T5,C16,9,127,1.039,1.039,8.99,False,
2820,2025-03-05,1,T1,C12,17,159,0.987,0.987,12.99,False,
2821,2025-03-05,1,T3,C13,10,104,1.408,1.408,1.99,False,
2822,2025-03-05,1,T4,C14,13,127,0.653,0.653,8.99,False,
2823,2025-03-05,1,T1,C11,12,104,1.291,1.291,1.99,False,
2824,2025-03-05,1,T2,C12,11,128,2.818,2.818,10.99,False,
2825,2025-03-05,1,T3,C16,21,128,0.488,0.488,10.99,False,
2826,2025-03-05,1,T5,C12,10,105,0.744,0.744,3.49,False,
2827,2025-03-05,1,T1,C16,17,128,0.298,0.298,10.99,False,
2828,2025-03-05,1,T4,C11,10,128,0.613,0.613,10.99,False,
2829,2025-03-05,1,T5,C14,19,110,1.39,1.39,1.29,False,
2830,2025-03-05,1,T5,C14,12,111,1.884,1.884,1.59,False,
2831,2025-03-05,1,T1,C15,10,106,0.235,0.235,3.99,False,
2832,2025-03-05,1,T4,C16,18,104,2.298,2.298,1.99,False,
2833,2025-03-05,1,T5,C13,20,104,0.726,0.726,1.99,False,
2834,2025-03-05,1,T4,C16,18,111,0.744,0.744,1.59,False,
2835,2025-03-05,1,T4,C14,18,101,1.271,1.271,1.49,False,
2836,2025-03-05,1,T5,C13,9,111,1.703,1.703,1.59,False,
2837,2025-03-05,1,T5,C11,15,110,1.316,1.316,1.29,False,
2838,2025-03-05,1,T3,C16,18,101,1.723,1.723,1.49,False,
2839,2025-03-05,1,T2,C12,15,104,1.126,1.126,1.99,False,
2840,2025-03-05,1,T5,C12,17,105,1.374,1.374,3.49,False,
2841,2025-03-05,1,T2,C16,8,105,0.36,0.36,3.49,False,
2842,2025-03-05,1,T4,C15,11,159,0.31,0.31,12.99,False,
2843,2025-03-05,1,T3,C16,17,105,1.322,1.322,3.49,False,
2844,2025-03-05,1,T4,C12,11,104,0.72,0.72,1.99,False,
2845,2025-03-05,1,T2,C15,13,129,0.531,0.531,9.49,False,
2846,2025-03-05,1,T2,C12,21,106,1.248,1.248,3.99,False,
2847,2025-03-05,1,T4,C16,21,104,0.916,0.916,1.99,True,wrong_plu
2848,2025-03-05,1,T2,C11,15,129,2.259,2.259,9.49,False,
2849,2025-03-05,1,T1,C11,9,104,2.867,2.867,1.99,False,
2850,2025-03-05,1,T1,C13,20,159,0.767,0.767,12.99,False,
2851,2025-03-05,1,T1,C11,7,105,1.549,1.549,3.49,False,
2852,2025-03-05,1,T4,C12,14,159,1.688,1.688,12.99,False,
2853,2025-03-05,1,T5,C13,18,111,1.598,1.598,1.59,False,
2854,2025-03-05,1,T5,C16,7,130,1.46,1.46,21.99,False,
2855,2025-03-05,1,T2,C14,18,105,0.942,0.942,3.49,False,
2856,2025-03-05,1,T3,C16,13,106,0.951,0.951,3.99,False,
2857,2025-03-05,1,T5,C13,19,130,0.32,0.32,21.99,False,
2858,2025-03-05,1,T2,C13,13,111,1.013,1.013,1.59,False,
2859,2025-03-05,1,T5,C14,16,110,1.246,1.246,1.29,False,
2860,2025-03-05,1,T2,C13,13,101,1.108,1.108,1.49,False,
2861,2025-03-05,1,T4,C13,13,129,0.926,0.926,9.49,False,
2862,2025-03-05,1,T3,C15,19,106,0.269,0.269,3.99,False,
2863,2025-03-05,1,T5,C11,8,106,0.887,0.887,3.99,False,
2864,2025-03-05,1,T1,C12,14,128,0.61,0.61,10.99,False,
2865,2025-03-05,1,T3,C11,14,104,1.208,1.208,1.99,False,
2866,2025-03-05,1,T1,C12,9,106,2.201,2.201,3.99,False,
2867,2025-03-05,1,T1,C14,10,105,0.916,0.916,3.49,False,
2868,2025-03-05,1,T1,C12,20,159,1.491,1.491,12.99,False,
2869,2025-03-05,1,T2,C16,13,104,2.437,2.437,1.99,False,
2870,2025-03-05,1,T2,C16,9,110,0.874,0.874,1.29,False,
2871,2025-03-05,1,T2,C14,9,129,0.651,0.651,9.49,False,
2872,2025-03-05,1,T5,C12,8,101,0.596,0.596,1.49,False,
2873,2025-03-05,1,T2,C15,7,159,0.293,0.293,12.99,False,
2874,2025-03-05,1,T1,C11,11,130,0.107,0.107,21.99,False,
2875,2025-03-05,1,T3,C11,19,101,1.447,1.447,1.49,False,
2876,2025-03-05,1,T1,C11,8,159,0.294,0.294,12.99,False,
2877,2025-03-05,1,T5,C13,16,106,0.687,0.687,3.99,False,
2878,2025-03-05,1,T1,C16,13,104,1.372,1.372,1.99,False,
2879,2025-03-05,1,T3,C16,14,106,1.139,1.139,3.99,False,
2880,2025-03-05,1,T1,C16,11,104,1.663,1.663,1.99,False,
2881,2025-03-05,1,T5,C16,13,104,3.648,3.648,1.99,False,
2882,2025-03-05,1,T5,C16,20,110,1.137,1.137,1.29,False,
2883,2025-03-05,1,T1,C14,12,105,0.709,0.709,3.49,False,
2884,2025-03-05,1,T5,C14,16,106,1.16,1.16,3.99,False,
2885,2025-03-05,1,T1,C14,12,130,2.379,2.379,21.99,False,
2886,2025-03-05,1,T1,C16,13,127,1.768,1.768,8.99,False,
2887,2025-03-05,1,T3,C16,7,130,0.935,0.935,21.99,False,
2888,2025-03-05,1,T4,C11,19,129,1.501,1.501,9.49,False,
2889,2025-03-05,1,T3,C14,21,111,0.915,0.915,1.59,False,
2890,2025-03-05,1,T3,C13,14,127,0.215,0.215,8.99,False,
2891,2025-03-05,1,T2,C16,21,111,0.386,0.386,1.59,False,
2892,2025-03-05,1,T1,C11,20,130,0.981,0.981,21.99,False,
2893,2025-03-05,1,T2,C16,12,159,1.336,1.336,12.99,False,
2894,2025-03-05,1,T3,C12,16,104,2.44,2.44,1.99,False,
2895,2025-03-05,1,T5,C13,17,128,2.001,2.001,10.99,False,
2896,2025-03-05,1,T5,C11,14,159,1.848,1.848,12.99,False,
2897,2025-03-05,1,T5,C12,9,110,0.505,0.505,1.29,False,
2898,2025-03-05,1,T2,C12,18,104,0.458,0.458,1.99,False,
2899,2025-03-05,1,T1,C13,12,128,2.523,2.523,10.99,False,
2900,2025-03-05,1,T3,C11,14,127,0.851,0.851,8.99,False,
2901,2025-03-05,1,T5,C15,13,110,1.708,1.708,1.29,False,
2902,2025-03-05,1,T5,C16,8,129,0.932,0.932,9.49,False,
2903,2025-03-05,1,T3,C16,21,127,2.53,2.53,8.99,False,
2904,2025-03-05,1,T5,C15,11,110,2.214,2.214,1.29,False,
2905,2025-03-05,1,T3,C15,14,159,0.288,0.288,12.99,False,
2906,2025-03-05,1,T5,C12,9,130,0.854,0.854,21.99,False,
2907,2025-03-05,1,T1,C14,14,106,0.52,0.52,3.99,False,
2908,2025-03-05,1,T1,C13,11,110,0.522,0.522,1.29,False,
2909,2025-03-05,1,T1,C15,11,127,0.92,1.001,8.99,True,no_tare
2910,2025-03-05,1,T2,C12,21,111,2.414,2.414,1.59,False,
2911,2025-03-05,1,T1,C12,18,159,0.652,0.652,12.99,False,
2912,2025-03-05,1,T1,C11,11,104,1.309,1.309,1.99,False,
2913,2025-03-05,1,T2,C12,7,128,0.327,0.327,10.99,False,
2914,2025-03-05,1,T3,C12,9,110,0.54,0.54,1.29,False,
2915,2025-03-05,1,T3,C11,10,159,1.836,1.836,12.99,False,
2916,2025-03-05,1,T5,C13,14,101,3.348,3.348,1.49,False,
2917,2025-03-05,1,T3,C16,12,110,1.207,1.207,1.29,False,
2918,2025-03-05,1,T2,C15,12,127,0.399,0.399,8.99,False,
2919,2025-03-05,1,T5,C15,12,104,1.136,1.136,1.99,False,
2920,2025-03-05,1,T3,C15,21,101,0.705,0.705,1.49,False,
2921,2025-03-05,1,T5,C11,19,105,0.698,0.698,3.49,False,
2922,2025-03-05,1,T2,C13,18,111,1.564,1.564,1.59,False,
2923,2025-03-05,1,T1,C11,13,128,1.951,1.951,10.99,False,
2924,2025-03-05,1,T1,C11,20,101,0.569,0.569,1.49,False,
2925,2025-03-05,1,T3,C13,14,111,0.598,0.598,1.59,False,
2926,2025-03-05,1,T1,C16,10,129,1.425,1.425,9.49,False,
2927,2025-03-05,1,T4,C15,13,159,0.976,0.976,12.99,False,
2928,2025-03-05,1,T2,C15,10,101,0.362,0.362,1.49,False,
2929,2025-03-05,1,T4,C14,20,106,1.415,1.415,3.99,False,
2930,2025-03-05,1,T2,C15,12,111,1.317,1.317,1.59,False,
2931,2025-03-05,1,T2,C16,16,111,1.12,1.12,1.59,False,
2932,2025-03-05,1,T2,C15,17,110,0.653,0.653,1.29,False,
2933,2025-03-05,1,T3,C11,12,110,0.858,0.858,1.29,False,
2934,2025-03-05,1,T1,C14,9,127,2.039,2.039,8.99,False,
2935,2025-03-05,1,T2,C16,14,101,4.016,4.016,1.49,False,
2936,2025-03-05,1,T3,C15,17,105,1.318,1.318,3.49,False,
2937,2025-03-05,1,T3,C15,13,128,1.161,1.161,10.99,False,
2938,2025-03-05,1,T3,C15,14,159,0.775,0.775,12.99,False,
2939,2025-03-05,1,T5,C15,15,129,1.164,1.164,9.49,False,
2940,2025-03-05,1,T3,C15,14,128,1.308,1.308,10.99,False,
2941,2025-03-05,1,T2,C15,11,128,0.423,0.423,10.99,False,
2942,2025-03-05,1,T3,C16,18,101,1.673,1.673,1.49,False,
2943,2025-03-05,1,T1,C16,12,127,2.264,2.264,8.99,False,
2944,2025-03-05,1,T5,C15,11,105,1.027,1.027,3.49,False,
2945,2025-03-05,1,T2,C15,19,129,0.56,0.56,9.49,False,
2946,2025-03-05,1,T5,C11,18,110,1.014,1.014,1.29,False,
2947,2025-03-05,1,T3,C16,18,111,1.199,1.199,1.59,False,
2948,2025-03-05,1,T4,C14,8,106,1.577,1.577,3.99,False,
2949,2025-03-05,1,T5,C15,15,127,1.228,1.228,8.99,False,
2950,2025-03-05,1,T3,C11,20,127,1.399,1.399,8.99,False,
2951,2025-03-05,1,T4,C15,10,104,0.882,0.882,1.99,False,
2952,2025-03-05,1,T5,C12,20,159,0.397,0.397,12.99,False,
2953,2025-03-05,1,T1,C16,11,101,1.151,1.151,1.49,False,
2954,2025-03-05,1,T2,C16,19,111,1.048,1.048,1.59,False,
2955,2025-03-05,1,T5,C14,16,128,1.574,1.574,10.99,False,
2956,2025-03-05,1,T3,C15,10,104,1.199,1.199,1.99,False,
2957,2025-03-05,1,T4,C14,13,106,1.17,1.17,3.99,False,
2958,2025-03-05,1,T4,C12,14,129,1.337,1.337,9.49,False,
2959,2025-03-05,1,T3,C11,12,101,1.567,1.567,1.49,False,
2960,2025-03-05,1,T3,C14,21,127,1.189,1.189,8.99,False,
2961,2025-03-05,1,T3,C14,8,106,0.723,0.723,3.99,False,
2962,2025-03-05,1,T3,C13,17,104,2.034,2.034,1.99,False,
2963,2025-03-05,1,T1,C13,13,128,1.481,1.481,10.99,False,
2964,2025-03-05,1,T1,C14,21,159,0.908,0.908,12.99,False,
2965,2025-03-05,1,T4,C14,7,130,0.856,0.856,21.99,False,
2966,2025-03-05,1,T4,C12,8,159,1.369,1.369,12.99,False,
2967,2025-03-05,1,T1,C11,9,129,0.642,0.642,9.49,False,
2968,2025-03-05,1,T2,C12,8,128,1.548,1.548,10.99,False,
2969,2025-03-05,1,T5,C14,13,129,1.516,1.516,9.49,False,
2970,2025-03-05,1,T5,C11,7,105,1.872,1.872,3.49,False,
2971,2025-03-05,1,T1,C16,7,106,0.727,0.727,3.99,False,
2972,2025-03-05,1,T5,C11,16,127,2.432,2.432,8.99,False,
2973,2025-03-05,1,T3,C12,10,105,0.808,0.808,3.49,False,
2974,2025-03-05,1,T3,C16,19,110,0.237,0.237,1.29,False,
2975,2025-03-05,1,T2,C15,17,101,0.349,0.349,1.49,False,
2976,2025-03-05,1,T3,C13,10,104,1.323,1.323,1.99,False,
2977,2025-03-05,1,T4,C15,7,159,0.91,0.91,12.99,False,
2978,2025-03-05,1,T1,C13,19,127,0.742,0.742,8.99,False,
2979,2025-03-05,1,T5,C15,21,159,1.361,1.361,12.99,False,
2980,2025-03-05,1,T4,C14,13,101,1.098,1.098,1.49,False,
2981,2025-03-05,1,T3,C15,9,106,1.745,1.745,3.99,False,
2982,2025-03-05,1,T3,C12,15,106,1.51,1.51,3.99,False,
2983,2025-03-05,1,T2,C13,20,106,0.747,0.747,3.99,False,
2984,2025-03-05,1,T2,C14,9,101,1.172,1.172,1.49,False,
2985,2025-03-05,1,T5,C14,14,128,1.479,1.479,10.99,False,
2986,2025-03-05,1,T4,C12,7,105,0.409,0.409,3.49,False,
2987,2025-03-05,1,T5,C13,17,130,1.225,1.225,21.99,False,
2988,2025-03-05,1,T4,C13,15,106,1.124,1.124,3.99,False,
2989,2025-03-05,1,T1,C15,21,101,1.21,1.21,1.49,False,
2990,2025-03-05,1,T1,C15,11,106,3.555,3.555,3.99,False,
2991,2025-03-05,1,T1,C16,12,127,1.02,1.02,8.99,False,
2992,2025-03-05,1,T4,C14,21,106,1.688,1.688,3.99,False,
2993,2025-03-05,1,T4,C16,12,130,1.944,1.944,21.99,False,
2994,2025-03-05,1,T3,C12,19,101,0.876,0.876,1.49,False,
2995,2025-03-05,1,T5,C13,13,110,1.153,1.153,1.29,False,
2996,2025-03-05,1,T4,C11,21,129,1.054,1.054,9.49,False,
2997,2025-03-05,1,T4,C15,15,130,0.953,0.953,21.99,False,
2998,2025-03-05,1,T4,C16,10,101,1.836,1.836,1.49,False,
2999,2025-03-05,1,T2,C12,8,111,1.002,1.002,1.59,False,
3000,2025-03-05,1,T1,C12,18,127,0.661,0.661,8.99,False,
3001,2025-03-05,1,T3,C12,19,110,1.298,1.298,1.29,False,
3002,2025-03-05,1,T4,C16,21,130,0.697,0.697,21.99,False,
3003,2025-03-05,1,T4,C11,14,127,0.314,0.509,8.99,True,no_tare
3004,2025-03-05,1,T4,C11,10,101,1.386,1.386,1.49,False,
3005,2025-03-05,1,T1,C11,14,130,1.101,1.101,21.99,False,
3006,2025-03-05,1,T5,C15,12,129,0.457,0.457,9.49,False,
3007,2025-03-05,1,T2,C14,16,111,1.555,1.555,1.59,False,
3008,2025-03-05,1,T1,C14,16,104,0.842,0.842,1.99,False,
3009,2025-03-05,1,T2,C15,20,110,0.472,0.472,1.29,False,
3010,2025-03-05,1,T2,C13,19,128,1.34,1.34,10.99,False,
3011,2025-03-05,1,T5,C11,16,105,1.798,1.798,3.49,False,
3012,2025-03-05,1,T4,C16,7,106,1.52,1.52,3.99,False,
3523,2025-03-06,1,T5,C15,17,127,0.987,0.987,8.99,False,
3524,2025-03-06,1,T3,C15,12,104,1.118,1.118,1.99,False,
3525,2025-03-06,1,T4,C11,16,129,1.892,1.892,9.49,False,
3526,2025-03-06,1,T5,C12,19,111,0.56,0.56,1.59,False,
3527,2025-03-06,1,T3,C16,16,130,1.127,1.127,21.99,False,
3528,2025-03-06,1,T2,C16,21,129,1.752,1.752,9.49,False,
3529,2025-03-06,1,T2,C11,9,129,1.081,1.081,9.49,False,
3530,2025-03-06,1,T2,C16,15,129,1.367,1.367,9.49,False,
3531,2025-03-06,1,T5,C13,13,101,1.523,1.523,1.49,False,
3532,2025-03-06,1,T3,C16,20,110,1.52,1.52,1.29,False,
3533,2025-03-06,1,T4,C15,20,105,1.125,1.125,3.49,False,
3534,2025-03-06,1,T1,C13,14,127,1.276,1.276,8.99,False,
3535,2025-03-06,1,T4,C16,10,130,1.211,1.211,21.99,False,
3536,2025-03-06,1,T2,C16,18,106,1.192,1.192,3.99,False,
3537,2025-03-06,1,T2,C14,7,159,1.438,1.438,12.99,False,
3538,2025-03-06,1,T4,C14,14,106,0.326,0.326,3.99,False,
3539,2025-03-06,1,T2,C11,20,159,0.431,0.431,12.99,False,
3540,2025-03-06,1,T4,C12,7,106,0.584,0.584,3.99,False,
3541,2025-03-06,1,T4,C15,11,105,0.919,0.919,3.49,False,
3542,2025-03-06,1,T5,C12,10,128,0.238,0.238,10.99,False,
3543,2025-03-06,1,T2,C14,17,106,1.565,1.565,3.99,False,
3544,2025-03-06,1,T3,C11,14,130,1.06,1.06,21.99,False,
3545,2025-03-06,1,T3,C15,14,128,1.116,1.116,10.99,False,
3546,2025-03-06,1,T3,C16,10,106,1.816,1.816,3.99,False,
3547,2025-03-06,1,T5,C16,13,129,0.589,0.589,9.49,False,
3548,2025-03-06,1,T4,C12,19,130,0.739,0.739,21.99,False,
3549,2025-03-06,1,T1,C11,21,127,0.56,0.56,8.99,False,
3550,2025-03-06,1,T5,C16,21,129,2.183,2.183,9.49,False,
3551,2025-03-06,1,T4,C15,15,110,1.576,1.576,1.29,False,
3552,2025-03-06,1,T5,C13,10,130,0.732,0.732,21.99,False,
3553,2025-03-06,1,T1,C13,21,110,1.19,1.19,1.29,False,
3554,2025-03-06,1,T2,C12,10,128,3.068,3.068,10.99,False,
3555,2025-03-06,1,T4,C14,11,127,0.853,0.853,8.99,False,
3556,2025-03-06,1,T1,C16,13,110,0.317,0.317,1.29,False,
3557,2025-03-06,1,T3,C12,19,129,0.72,0.72,9.49,False,
3558,2025-03-06,1,T5,C15,19,130,0.748,0.748,21.99,False,
3559,2025-03-06,1,T4,C11,10,105,0.56,0.56,3.49,False,
3560,2025-03-06,1,T3,C11,11,110,0.738,0.738,1.29,False,
3561,2025-03-06,1,T3,C15,14,130,1.962,1.962,21.99,False,
3562,2025-03-06,1,T1,C14,15,127,2.552,2.552,8.99,False,
3563,2025-03-06,1,T4,C16,15,104,1.081,1.081,1.99,False,
3564,2025-03-06,1,T4,C13,8,101,1.048,1.048,1.49,False,
3565,2025-03-06,1,T3,C12,7,104,1.077,1.077,1.99,False,
3566,2025-03-06,1,T4,C12,8,105,0.278,0.278,3.49,False,
3567,2025-03-06,1,T1,C12,11,105,1.313,1.313,3.49,False,
3568,2025-03-06,1,T2,C14,11,110,1.027,1.027,1.29,False,
3569,2025-03-06,1,T1,C14,13,104,2.055,2.055,1.99,False,
3570,2025-03-06,1,T5,C16,8,130,1.122,1.122,21.99,False,
3571,2025-03-06,1,T2,C14,19,130,3.117,3.117,21.99,False,
3572,2025-03-06,1,T2,C15,18,159,0.81,0.81,12.99,False,
3573,2025-03-06,1,T1,C12,18,110,2.091,2.091,1.29,False,
3574,2025-03-06,1,T2,C15,21,101,1.849,1.849,1.49,False,
3575,2025-03-06,1,T3,C16,17,129,0.963,0.963,9.49,False,
3576,2025-03-06,1,T5,C14,12,104,0.663,0.663,1.99,False,
3577,2025-03-06,1,T3,C11,8,105,0.328,0.328,3.49,False,
3578,2025-03-06,1,T4,C11,20,127,1.358,1.358,8.99,True,wrong_plu
3579,2025-03-06,1,T2,C13,20,104,0.402,0.402,1.99,False,
3580,2025-03-06,1,T4,C11,15,128,1.477,1.477,10.99,False,
3581,2025-03-06,1,T2,C12,11,128,2.299,2.299,10.99,False,
3582,2025-03-06,1,T2,C11,9,105,1.32,1.32,3.49,False,
3583,2025-03-06,1,T4,C15,9,129,1.122,1.122,9.49,False,
3584,2025-03-06,1,T2,C16,15,106,1.09,1.09,3.99,False,
3585,2025-03-06,1,T1,C14,8,101,0.719,0.719,1.49,False,
3586,2025-03-06,1,T4,C15,19,101,0.728,0.728,1.49,False,
3587,2025-03-06,1,T3,C13,10,127,1.321,1.321,8.99,False,
3588,2025-03-06,1,T4,C13,10,159,2.07,2.07,12.99,False,
3589,2025-03-06,1,T5,C11,20,105,0.917,0.917,3.49,False,
3590,2025-03-06,1,T4,C12,13,129,1.382,1.382,9.49,False,
3591,2025-03-06,1,T4,C13,14,104,1.189,1.189,1.99,False,
3592,2025-03-06,1,T4,C16,11,101,1.566,1.566,1.49,False,
3593,2025-03-06,1,T4,C12,18,159,0.44,0.44,12.99,False,
3594,2025-03-06,1,T1,C14,16,159,0.581,0.581,12.99,False,
3595,2025-03-06,1,T5,C12,18,130,1.133,1.133,21.99,False,
3596,2025-03-06,1,T2,C14,11,106,1.835,1.835,3.99,False,
3597,2025-03-06,1,T5,C13,18,129,0.898,0.898,9.49,False,
3598,2025-03-06,1,T1,C16,13,106,0.507,0.507,3.99,False,
3599,2025-03-06,1,T3,C15,10,128,1.018,1.018,10.99,False,
3600,2025-03-06,1,T5,C13,14,127,1.291,1.291,8.99,False,
3601,2025-03-06,1,T1,C14,19,127,0.667,0.667,8.99,False,
3602,2025-03-06,1,T4,C11,17,130,1.015,1.015,21.99,False,
3603,2025-03-06,1,T4,C11,7,128,0.75,0.75,10.99,False,
3604,2025-03-06,1,T2,C16,21,106,1.293,1.293,3.99,True,wrong_plu
3605,2025-03-06,1,T2,C15,13,101,0.741,0.741,1.49,False,
3606,2025-03-06,1,T1,C15,20,128,0.811,0.811,10.99,False,
3607,2025-03-06,1,T5,C16,12,127,0.398,0.398,8.99,False,
3608,2025-03-06,1,T5,C11,12,101,0.863,0.863,1.49,False,
3609,2025-03-06,1,T1,C16,16,128,1.16,1.16,10.99,False,
3610,2025-03-06,1,T1,C13,14,129,1.55,1.55,9.49,False,
3611,2025-03-06,1,T3,C13,9,128,0.811,0.811,10.99,False,
3612,2025-03-06,1,T3,C12,7,129,1.0,1.0,9.49,False,
3613,2025-03-06,1,T5,C11,11,110,2.555,2.555,1.29,False,
3614,2025-03-06,1,T5,C14,12,101,2.573,2.573,1.49,False,
3615,2025-03-06,1,T2,C16,14,101,0.621,0.621,1.49,False,
3616,2025-03-06,1,T2,C16,13,101,1.684,1.684,1.49,False,
3617,2025-03-06,1,T5,C15,8,129,0.443,0.443,9.49,False,
3618,2025-03-06,1,T1,C15,18,128,0.867,0.867,10.99,False,
3619,2025-03-06,1,T4,C12,17,106,1.826,1.826,3.99,False,
3620,2025-03-06,1,T1,C13,18,111,1.014,1.014,1.59,False,
3621,2025-03-06,1,T5,C15,11,159,1.816,1.816,12.99,False,
3622,2025-03-06,1,T1,C11,20,159,1.271,1.271,12.99,False,
3623,2025-03-06,1,T1,C11,11,105,2.2,2.2,3.49,False,
3624,2025-03-06,1,T3,C13,19,130,1.421,1.421,21.99,False,
3625,2025-03-06,1,T5,C12,10,110,0.918,0.918,1.29,False,
3626,2025-03-06,1,T4,C14,8,106,1.206,1.206,3.99,False,
3627,2025-03-06,1,T3,C13,16,127,1.568,1.568,8.99,False,
3628,2025-03-06,1,T2,C14,14,111,1.441,1.441,1.59,False,
3629,2025-03-06,1,T5,C11,18,101,0.655,0.655,1.49,False,
3630,2025-03-06,1,T3,C16,16,106,1.43,1.43,3.99,False,
3631,2025-03-06,1,T3,C12,14,130,2.044,2.044,21.99,False,
3632,2025-03-06,1,T3,C13,9,110,1.329,1.329,1.29,False,
3633,2025-03-06,1,T1,C16,21,111,0.826,0.826,1.59,False,
3634,2025-03-06,1,T3,C15,18,129,1.55,1.55,9.49,False,
3635,2025-03-06,1,T5,C15,16,106,1.819,1.819,3.99,False,
3636,2025-03-06,1,T3,C14,19,127,1.102,1.102,8.99,False,
3637,2025-03-06,1,T4,C11,21,104,0.792,0.792,1.99,False,
3638,2025-03-06,1,T4,C15,18,127,1.283,1.283,8.99,False,
3639,2025-03-06,1,T1,C14,9,130,3.805,3.805,21.99,False,
3640,2025-03-06,1,T2,C13,11,104,0.463,0.463,1.99,False,
3641,2025-03-06,1,T5,C16,15,111,0.751,0.751,1.59,False,
3642,2025-03-06,1,T5,C16,10,110,0.781,0.781,1.29,False,
3643,2025-03-06,1,T4,C15,7,128,0.732,0.732,10.99,False,
3644,2025-03-06,1,T4,C11,8,101,1.159,1.159,1.49,False,
3645,2025-03-06,1,T3,C11,8,110,0.393,0.393,1.29,False,
3646,2025-03-06,1,T1,C13,7,106,0.922,0.922,3.99,False,
3647,2025-03-06,1,T2,C14,9,104,0.934,0.934,1.99,False,
3648,2025-03-06,1,T3,C14,8,128,0.558,0.558,10.99,False,
3649,2025-03-06,1,T1,C11,21,101,0.741,0.741,1.49,False,
3650,2025-03-06,1,T2,C16,8,127,1.698,1.698,8.99,False,
3651,2025-03-06,1,T3,C16,19,130,0.207,0.207,21.99,False,
3652,2025-03-06,1,T3,C15,20,104,1.121,1.121,1.99,False,
3653,2025-03-06,1,T1,C16,8,127,2.07,2.07,8.99,False,
3654,2025-03-06,1,T1,C13,17,111,0.845,0.845,1.59,False,
3655,2025-03-06,1,T1,C14,15,127,1.358,1.358,8.99,False,
3656,2025-03-06,1,T2,C12,17,104,1.004,1.004,1.99,False,
3657,2025-03-06,1,T2,C15,12,104,0.749,0.749,1.99,False,
3658,2025-03-06,1,T1,C14,19,110,2.123,2.123,1.29,False,
3659,2025-03-06,1,T4,C14,8,106,1.117,1.117,3.99,False,
3660,2025-03-06,1,T3,C16,8,130,1.207,1.207,21.99,False,
3661,2025-03-06,1,T1,C12,14,104,1.411,1.411,1.99,False,
3662,2025-03-06,1,T4,C14,20,159,0.559,0.559,12.99,False,
3663,2025-03-06,1,T3,C13,7,130,3.502,3.502,21.99,False,
3664,2025-03-06,1,T1,C12,20,127,1.431,1.431,8.99,False,
3665,2025-03-06,1,T3,C15,10,110,2.726,2.726,1.29,False,
3666,2025-03-06,1,T5,C15,9,159,0.334,0.334,12.99,False,
3667,2025-03-06,1,T5,C11,10,111,1.198,1.198,1.59,False,
3668,2025-03-06,1,T2,C12,9,110,0.651,0.651,1.29,False,
3669,2025-03-06,1,T2,C14,21,130,0.879,0.879,21.99,False,
3670,2025-03-06,1,T5,C12,17,105,1.491,1.491,3.49,False,
3671,2025-03-06,1,T3,C11,11,111,1.622,1.622,1.59,False,
3672,2025-03-06,1,T2,C13,14,104,0.985,0.985,1.99,False,
3673,2025-03-06,1,T4,C16,18,111,0.532,0.532,1.59,False,
3674,2025-03-06,1,T1,C14,10,127,0.703,0.703,8.99,False,
3675,2025-03-06,1,T4,C14,14,127,0.802,0.802,8.99,False,
3676,2025-03-06,1,T1,C16,17,101,1.304,1.304,1.49,False,
3677,2025-03-06,1,T5,C16,15,130,2.376,2.376,21.99,False,
3678,2025-03-06,1,T1,C11,8,104,1.41,1.41,1.99,False,
3679,2025-03-06,1,T5,C13,20,128,2.302,2.302,10.99,False,
3680,2025-03-06,1,T5,C12,21,159,1.425,1.425,12.99,False,
3681,2025-03-06,1,T5,C11,15,101,1.338,1.338,1.49,False,
3682,2025-03-06,1,T3,C11,10,129,2.012,2.012,9.49,False,
3683,2025-03-06,1,T1,C11,12,127,0.701,0.701,8.99,False,
3684,2025-03-06,1,T5,C12,9,106,0.741,0.741,3.99,False,
3685,2025-03-06,1,T2,C12,9,110,0.625,0.625,1.29,False,
3686,2025-03-06,1,T3,C16,15,127,1.742,1.742,8.99,False,
3687,2025-03-06,1,T2,C12,11,159,2.566,2.566,12.99,False,
3688,2025-03-06,1,T1,C14,16,127,1.198,1.198,8.99,False,
3689,2025-03-06,1,T5,C16,13,111,1.008,1.008,1.59,False,
3690,2025-03-06,1,T4,C11,16,104,0.935,0.935,1.99,False,
3691,2025-03-06,1,T5,C16,20,130,1.289,1.289,21.99,False,
3692,2025-03-06,1,T4,C16,16,130,1.279,1.279,21.99,False,
3693,2025-03-06,1,T4,C12,15,105,1.467,1.467,3.49,False,
3694,2025-03-06,1,T3,C11,13,159,1.094,1.094,12.99,False,
4238,2025-03-07,1,T1,C15,21,105,0.782,0.782,3.49,False,
4239,2025-03-07,1,T4,C11,13,101,0.95,0.95,1.49,False,
4240,2025-03-07,1,T3,C15,17,105,0.916,0.916,3.49,False,
4241,2025-03-07,1,T5,C11,20,128,0.74,0.74,10.99,False,
4242,2025-03-07,1,T4,C13,20,159,0.361,0.361,12.99,False,
4243,2025-03-07,1,T4,C14,12,105,4.025,4.025,3.49,False,
4244,2025-03-07,1,T3,C15,9,101,2.241,2.241,1.49,False,
4245,2025-03-07,1,T3,C11,19,128,1.262,1.262,10.99,False,
4246,2025-03-07,1,T3,C12,18,111,1.086,1.086,1.59,False,
4247,2025-03-07,1,T5,C15,7,128,0.951,0.951,10.99,False,
4248,2025-03-07,1,T4,C16,12,130,1.113,1.113,21.99,False,
4249,2025-03-07,1,T3,C16,15,127,0.881,0.881,8.99,False,
4250,2025-03-07,1,T2,C11,13,127,1.002,1.002,8.99,False,
4251,2025-03-07,1,T1,C13,10,106,1.283,1.283,3.99,False,
4252,2025-03-07,1,T1,C12,8,159,1.918,1.918,12.99,False,
4253,2025-03-07,1,T1,C15,9,127,2.049,2.049,8.99,False,
4254,2025-03-07,1,T2,C13,17,105,0.629,0.629,3.49,False,
4255,2025-03-07,1,T4,C14,18,111,1.084,1.084,1.59,False,
4256,2025-03-07,1,T5,C16,21,128,0.652,0.652,10.99,False,
4257,2025-03-07,1,T5,C12,12,101,0.248,0.248,1.49,False,
4258,2025-03-07,1,T3,C14,8,110,1.489,1.489,1.29,False,
4259,2025-03-07,1,T2,C13,19,129,0.861,0.861,9.49,False,
4260,2025-03-07,1,T5,C16,9,105,0.658,0.658,3.49,False,
4261,2025-03-07,1,T5,C12,17,159,0.281,0.281,12.99,False,
4262,2025-03-07,1,T1,C13,16,129,2.649,2.649,9.49,False,
4263,2025-03-07,1,T4,C11,9,128,1.206,1.206,10.99,False,
4264,2025-03-07,1,T5,C15,14,104,0.703,0.703,1.99,False,
4265,2025-03-07,1,T2,C12,13,129,0.466,0.466,9.49,False,
4266,2025-03-07,1,T3,C12,10,159,1.769,1.862,12.99,True,no_tare
4267,2025-03-07,1,T5,C15,8,106,1.068,1.068,3.99,False,
4268,2025-03-07,1,T4,C13,14,110,0.423,0.423,1.29,False,
4269,2025-03-07,1,T1,C16,14,111,1.241,1.241,1.59,False,
4270,2025-03-07,1,T1,C11,13,130,1.861,1.861,21.99,False,
4271,2025-03-07,1,T2,C16,21,106,0.617,0.617,3.99,False,
4272,2025-03-07,1,T2,C11,8,101,1.58,1.58,1.49,False,
4273,2025-03-07,1,T2,C13,16,127,0.348,0.348,8.99,False,
4274,2025-03-07,1,T1,C15,14,128,1.732,1.732,10.99,False,
4275,2025-03-07,1,T4,C15,8,105,0.671,0.671,3.49,False,
4276,2025-03-07,1,T2,C16,18,129,1.813,1.813,9.49,False,
4277,2025-03-07,1,T2,C14,14,110,1.32,1.32,1.29,False,
4278,2025-03-07,1,T2,C16,7,104,0.504,0.504,1.99,False,
4279,2025-03-07,1,T2,C16,11,111,0.288,0.288,1.59,False,
4280,2025-03-07,1,T3,C16,9,129,1.36,1.36,9.49,False,
4281,2025-03-07,1,T5,C15,18,159,0.917,0.917,12.99,False,
4282,2025-03-07,1,T5,C15,7,106,1.561,1.561,3.99,False,
4283,2025-03-07,1,T2,C13,18,111,0.96,0.96,1.59,False,
4284,2025-03-07,1,T2,C13,8,106,1.666,1.666,3.99,False,
4285,2025-03-07,1,T4,C13,12,101,1.138,1.138,1.49,False,
4286,2025-03-07,1,T3,C15,10,127,0.837,0.837,8.99,False,
4287,2025-03-07,1,T2,C14,18,111,1.226,1.226,1.59,False,
4288,2025-03-07,1,T1,C13,7,129,1.832,1.832,9.49,False,
4289,2025-03-07,1,T4,C13,14,130,1.102,1.102,21.99,False,
4290,2025-03-07,1,T4,C16,15,128,0.438,0.438,10.99,False,
4291,2025-03-07,1,T2,C15,8,159,0.448,0.448,12.99,False,
4292,2025-03-07,1,T1,C12,15,110,1.208,1.208,1.29,False,
4293,2025-03-07,1,T2,C16,20,105,0.497,0.497,3.49,False,
4294,2025-03-07,1,T4,C12,17,110,1.295,1.295,1.29,False,
4295,2025-03-07,1,T5,C14,9,129,0.535,0.535,9.49,False,
4296,2025-03-07,1,T4,C13,9,111,0.749,0.749,1.59,False,
4297,2025-03-07,1,T2,C13,21,104,1.008,1.008,1.99,False,
4298,2025-03-07,1,T5,C11,10,101,0.856,0.856,1.49,False,
4299,2025-03-07,1,T4,C12,14,129,0.367,0.367,9.49,False,
4300,2025-03-07,1,T3,C11,13,104,1.376,1.376,1.99,False,
4301,2025-03-07,1,T3,C15,7,110,2.642,2.642,1.29,False,
4302,2025-03-07,1,T1,C15,17,127,1.133,1.133,8.99,False,
4303,2025-03-07,1,T1,C11,13,127,0.624,0.624,8.99,False,
4304,2025-03-07,1,T4,C11,12,128,0.716,0.716,10.99,False,
4305,2025-03-07,1,T4,C15,16,129,1.775,1.775,9.49,False,
4306,2025-03-07,1,T3,C12,9,106,0.589,0.589,3.99,False,
4307,2025-03-07,1,T2,C14,8,129,1.155,1.155,9.49,False,
4308,2025-03-07,1,T2,C13,13,105,0.621,0.621,3.49,False,
4309,2025-03-07,1,T3,C14,18,110,0.43,0.43,1.29,False,
4310,2025-03-07,1,T5,C13,9,111,1.157,1.157,1.59,False,
4311,2025-03-07,1,T2,C14,16,101,0.917,0.917,1.49,False,
4312,2025-03-07,1,T4,C12,11,101,2.008,2.008,1.49,False,
4313,2025-03-07,1,T1,C11,12,128,1.39,1.473,10.99,True,no_tare
4314,2025-03-07,1,T2,C13,8,111,1.028,1.028,1.59,False,
4315,2025-03-07,1,T5,C15,17,110,0.636,0.636,1.29,False,
4316,2025-03-07,1,T1,C15,16,127,0.487,0.487,8.99,False,
4317,2025-03-07,1,T1,C13,9,130,0.539,0.539,21.99,False,
4318,2025-03-07,1,T1,C11,19,127,1.452,1.452,8.99,False,
4319,2025-03-07,1,T5,C11,19,101,1.653,1.653,1.49,False,
4320,2025-03-07,1,T3,C15,10,110,0.679,0.679,1.29,False,
4321,2025-03-07,1,T3,C13,11,129,1.115,1.115,9.49,False,
4322,2025-03-07,1,T3,C15,9,110,1.468,1.468,1.29,False,
4323,2025-03-07,1,T1,C16,17,106,1.582,1.582,3.99,False,
4324,2025-03-07,1,T5,C11,14,129,1.203,1.203,9.49,False,
4325,2025-03-07,1,T4,C13,17,110,1.264,1.264,1.29,False,
4326,2025-03-07,1,T4,C16,17,130,2.327,2.327,21.99,False,
4327,2025-03-07,1,T5,C13,20,106,0.73,0.73,3.99,False,
4328,2025-03-07,1,T1,C12,16,159,1.623,1.623,12.99,False,
4329,2025-03-07,1,T3,C13,17,101,2.238,2.238,1.49,False,
4330,2025-03-07,1,T4,C14,17,101,0.617,0.617,1.49,False,
4331,2025-03-07,1,T4,C12,15,159,1.056,1.056,12.99,False,
4332,2025-03-07,1,T5,C16,8,129,2.603,2.603,9.49,False,
4333,2025-03-07,1,T5,C14,21,127,1.113,1.113,8.99,False,
4334,2025-03-07,1,T4,C11,8,110,0.912,0.912,1.29,False,
4335,2025-03-07,1,T5,C16,21,111,2.872,2.872,1.59,False,
4336,2025-03-07,1,T4,C13,9,106,0.443,0.443,3.99,False,
4337,2025-03-07,1,T1,C16,7,111,1.653,1.653,1.59,False,
4338,2025-03-07,1,T4,C14,19,105,1.45,1.45,3.49,False,
4339,2025-03-07,1,T1,C13,19,130,1.063,1.063,21.99,False,
4340,2025-03-07,1,T1,C12,12,101,2.204,2.204,1.49,False,
4341,2025-03-07,1,T1,C13,11,130,1.495,1.495,21.99,False,
4342,2025-03-07,1,T1,C11,20,130,0.689,0.689,21.99,False,
4343,2025-03-07,1,T2,C13,15,106,2.241,2.241,3.99,False,
4344,2025-03-07,1,T2,C13,8,105,0.909,0.909,3.49,False,
4345,2025-03-07,1,T4,C13,11,101,0.957,0.957,1.49,False,
4346,2025-03-07,1,T5,C11,10,128,1.081,1.081,10.99,False,
4347,2025-03-07,1,T5,C15,8,129,0.728,0.728,9.49,False,
4348,2025-03-07,1,T4,C11,19,130,0.395,0.395,21.99,False,
4349,2025-03-07,1,T5,C15,11,129,0.728,0.728,9.49,False,
4350,2025-03-07,1,T3,C14,11,111,1.046,1.046,1.59,False,
4351,2025-03-07,1,T5,C12,10,128,0.882,0.989,10.99,True,no_tare
4352,2025-03-07,1,T1,C15,12,130,0.375,0.375,21.99,False,
4353,2025-03-07,1,T2,C11,8,129,1.35,1.35,9.49,False,
4354,2025-03-07,1,T2,C15,9,105,0.805,0.805,3.49,False,
4355,2025-03-07,1,T4,C16,10,127,3.577,3.577,8.99,False,
4356,2025-03-07,1,T3,C13,13,106,1.672,1.672,3.99,False,
4357,2025-03-07,1,T2,C12,8,127,3.075,3.075,8.99,False,
4358,2025-03-07,1,T4,C16,18,111,1.172,1.172,1.59,False,
4359,2025-03-07,1,T5,C13,7,130,0.487,0.487,21.99,False,
4360,2025-03-07,1,T1,C14,13,101,0.866,0.866,1.49,False,
4361,2025-03-07,1,T3,C16,17,104,0.543,0.543,1.99,False,
4362,2025-03-07,1,T5,C12,13,110,0.66,0.66,1.29,False,
4363,2025-03-07,1,T4,C13,15,128,0.472,0.472,10.99,False,
4364,2025-03-07,1,T5,C11,15,130,0.25,0.25,21.99,False,
4365,2025-03-07,1,T4,C13,20,129,1.64,1.64,9.49,False,
4366,2025-03-07,1,T1,C14,21,130,0.879,0.879,21.99,False,
4367,2025-03-07,1,T4,C15,21,130,0.801,0.801,21.99,False,
4368,2025-03-07,1,T3,C15,15,129,1.552,1.552,9.49,False,
4369,2025-03-07,1,T2,C13,8,106,1.38,1.38,3.99,False,
4370,2025-03-07,1,T1,C14,16,127,1.215,1.215,8.99,False,
4371,2025-03-07,1,T2,C11,9,101,1.574,1.574,1.49,False,
4372,2025-03-07,1,T5,C12,20,130,1.101,1.101,21.99,False,
4373,2025-03-07,1,T4,C13,16,129,1.451,1.451,9.49,False,
4374,2025-03-07,1,T2,C11,10,104,0.683,0.683,1.99,False,
4375,2025-03-07,1,T2,C16,21,111,0.326,0.326,1.59,False,
4376,2025-03-07,1,T1,C11,9,128,2.124,2.124,10.99,False,
4377,2025-03-07,1,T5,C11,10,105,1.129,1.129,3.49,False,
4378,2025-03-07,1,T2,C15,20,127,1.55,1.55,8.99,False,
4379,2025-03-07,1,T5,C14,16,127,3.655,3.655,8.99,False,
4380,2025-03-07,1,T5,C16,10,105,1.234,1.234,3.49,False,
4381,2025-03-07,1,T2,C13,21,111,1.655,1.655,1.59,False,
4382,2025-03-07,1,T5,C16,16,128,1.736,1.736,10.99,False,
4383,2025-03-07,1,T3,C16,19,101,0.397,0.397,1.49,False,
4384,2025-03-07,1,T4,C14,13,111,1.738,1.738,1.59,False,
4385,2025-03-07,1,T4,C12,17,128,1.19,1.19,10.99,False,
4386,2025-03-07,1,T4,C13,7,110,0.59,0.59,1.29,False,
4387,2025-03-07,1,T3,C11,7,105,1.587,1.587,3.49,False,
4388,2025-03-07,1,T4,C13,8,111,1.414,1.414,1.59,False,
4389,2025-03-07,1,T3,C15,9,130,1.718,1.718,21.99,False,
4390,2025-03-07,1,T2,C11,9,130,1.622,1.622,21.99,False,
4391,2025-03-07,1,T2,C14,16,159,0.326,0.326,12.99,False,
4392,2025-03-07,1,T5,C16,9,105,0.31,0.31,3.49,False,
4393,2025-03-07,1,T2,C12,21,111,2.541,2.541,1.59,False,
4394,2025-03-07,1,T3,C11,18,127,1.753,1.753,8.99,False,
4395,2025-03-07,1,T5,C11,18,104,0.805,0.805,1.99,False,
4396,2025-03-07,1,T4,C13,16,101,0.518,0.518,1.49,False,
4958,2025-03-08,1,T2,C13,11,159,0.752,0.752,12.99,False,
4959,2025-03-08,1,T4,C16,21,106,0.814,0.814,3.99,False,
4960,2025-03-08,1,T4,C14,10,128,3.145,3.145,10.99,False,
4961,2025-03-08,1,T2,C12,20,104,0.564,0.564,1.99,False,
4962,2025-03-08,1,T3,C14,13,106,0.387,0.387,3.99,False,
4963,2025-03-08,1,T5,C16,15,130,0.662,0.662,21.99,False,
4964,2025-03-08,1,T5,C16,19,106,1.005,1.005,3.99,False,
4965,2025-03-08,1,T4,C15,18,129,1.213,1.387,9.49,True,no_tare
4966,2025-03-08,1,T1,C13,18,104,0.566,0.566,1.99,False,
4967,2025-03-08,1,T3,C16,17,129,0.783,0.783,9.49,False,
4968,2025-03-08,1,T5,C14,14,111,1.424,1.424,1.59,False,
4969,2025-03-08,1,T4,C16,14,129,0.877,0.877,9.49,False,
4970,2025-03-08,1,T2,C12,17,104,0.334,0.334,1.99,False,
4971,2025-03-08,1,T4,C14,13,111,1.074,1.074,1.59,False,
4972,2025-03-08,1,T4,C11,20,128,2.657,2.657,10.99,False,
4973,2025-03-08,1,T5,C12,11,111,0.775,0.775,1.59,False,
4974,2025-03-08,1,T3,C16,15,159,1.708,1.708,12.99,False,
4975,2025-03-08,1,T1,C13,20,105,1.282,1.282,3.49,False,
4976,2025-03-08,1,T1,C11,20,106,0.306,0.306,3.99,False,
4977,2025-03-08,1,T1,C13,20,128,0.9,0.9,10.99,False,
4978,2025-03-08,1,T4,C15,17,106,0.478,0.478,3.99,False,
4979,2025-03-08,1,T1,C14,17,159,0.487,0.487,12.99,False,
4980,2025-03-08,1,T2,C16,11,111,2.213,2.213,1.59,False,
4981,2025-03-08,1,T5,C15,13,130,0.515,0.515,21.99,False,
4982,2025-03-08,1,T2,C11,14,111,2.31,2.31,1.59,False,
4983,2025-03-08,1,T3,C15,7,110,1.139,1.139,1.29,False,
4984,2025-03-08,1,T2,C12,14,130,0.848,0.848,21.99,False,
4985,2025-03-08,1,T3,C16,20,128,0.873,0.873,10.99,False,
4986,2025-03-08,1,T2,C11,11,106,1.787,1.787,3.99,False,
4987,2025-03-08,1,T1,C14,14,130,0.382,0.382,21.99,False,
4988,2025-03-08,1,T5,C16,17,105,1.211,1.211,3.49,False,
4989,2025-03-08,1,T3,C12,19,159,1.694,1.694,12.99,False,
4990,2025-03-08,1,T4,C15,16,127,0.246,0.246,8.99,False,
4991,2025-03-08,1,T3,C12,21,159,0.724,0.724,12.99,False,
4992,2025-03-08,1,T3,C16,18,106,0.95,0.95,3.99,False,
4993,2025-03-08,1,T3,C13,12,130,0.317,0.317,21.99,False,
4994,2025-03-08,1,T3,C13,20,106,0.588,0.588,3.99,False,
4995,2025-03-08,1,T5,C15,10,159,1.508,1.508,12.99,False,
4996,2025-03-08,1,T5,C14,8,130,1.39,1.39,21.99,False,
4997,2025-03-08,1,T4,C16,12,106,0.373,0.373,3.99,False,
4998,2025-03-08,1,T3,C16,9,105,3.092,3.092,3.49,False,
4999,2025-03-08,1,T3,C15,16,159,0.934,0.934,12.99,False,
5000,2025-03-08,1,T5,C13,13,127,1.614,1.614,8.99,False,
5001,2025-03-08,1,T2,C16,17,128,0.663,0.663,10.99,False,
5002,2025-03-08,1,T2,C11,15,110,0.32,0.32,1.29,False,
5003,2025-03-08,1,T3,C14,15,130,0.846,0.846,21.99,False,
5004,2025-03-08,1,T2,C13,18,127,2.436,2.436,8.99,False,
5005,2025-03-08,1,T3,C12,8,110,0.593,0.593,1.29,False,
5006,2025-03-08,1,T3,C13,7,101,1.543,1.543,1.49,False,
5007,2025-03-08,1,T2,C16,17,130,2.271,2.271,21.99,False,
5008,2025-03-08,1,T3,C16,14,127,1.71,1.71,8.99,False,
5009,2025-03-08,1,T5,C15,21,101,0.551,0.551,1.49,False,
5010,2025-03-08,1,T5,C16,15,110,1.128,1.128,1.29,False,
5011,2025-03-08,1,T1,C16,14,110,1.144,1.144,1.29,False,
5012,2025-03-08,1,T3,C14,13,159,2.193,2.193,12.99,False,
5013,2025-03-08,1,T3,C14,10,104,1.503,1.503,1.99,False,
5014,2025-03-08,1,T1,C12,20,130,2.744,2.744,21.99,False,
5015,2025-03-08,1,T2,C13,14,101,1.108,1.108,1.49,False,
5016,2025-03-08,1,T1,C13,12,128,0.903,0.903,10.99,False,
5017,2025-03-08,1,T5,C14,16,110,0.32,0.32,1.29,False,
5018,2025-03-08,1,T1,C13,20,110,1.038,1.038,1.29,False,
5019,2025-03-08,1,T2,C12,13,104,0.539,0.539,1.99,False,
5020,2025-03-08,1,T5,C12,13,129,0.476,0.476,9.49,False,
5021,2025-03-08,1,T4,C15,12,110,1.406,1.406,1.29,False,
5022,2025-03-08,1,T3,C13,13,130,3.057,3.057,21.99,False,
5023,2025-03-08,1,T5,C15,16,110,0.374,0.374,1.29,False,
5024,2025-03-08,1,T3,C13,16,128,0.494,0.494,10.99,False,
5025,2025-03-08,1,T4,C14,18,129,0.98,0.98,9.49,False,
5026,2025-03-08,1,T1,C16,18,106,0.948,0.948,3.99,False,
5027,2025-03-08,1,T3,C16,20,129,0.561,0.561,9.49,False,
5028,2025-03-08,1,T1,C13,9,111,0.503,0.503,1.59,False,
5029,2025-03-08,1,T4,C12,9,159,0.22,0.22,12.99,False,
5030,2025-03-08,1,T1,C11,13,111,1.364,1.364,1.59,False,
5031,2025-03-08,1,T5,C15,10,106,0.502,0.502,3.99,False,
5032,2025-03-08,1,T4,C14,10,130,0.656,0.656,21.99,False,
5033,2025-03-08,1,T2,C11,16,127,0.823,0.823,8.99,False,
5034,2025-03-08,1,T4,C12,12,128,0.885,0.885,10.99,False,
5035,2025-03-08,1,T2,C14,16,110,1.966,1.966,1.29,False,
5036,2025-03-08,1,T3,C14,12,110,0.775,0.775,1.29,False,
5037,2025-03-08,1,T2,C15,8,106,0.78,0.78,3.99,False,
5038,2025-03-08,1,T3,C14,17,128,0.302,0.302,10.99,False,
5039,2025-03-08,1,T2,C13,8,111,2.044,2.044,1.59,False,
5040,2025-03-08,1,T2,C12,13,105,1.023,1.023,3.49,False,
5041,2025-03-08,1,T2,C15,9,128,1.116,1.116,10.99,False,
5042,2025-03-08,1,T5,C16,9,130,1.223,1.223,21.99,False,
5043,2025-03-08,1,T3,C12,18,101,0.771,0.771,1.49,False,
5044,2025-03-08,1,T1,C13,10,111,0.884,0.884,1.59,False,
5045,2025-03-08,1,T4,C13,18,101,1.04,1.04,1.49,False,
5046,2025-03-08,1,T3,C14,11,111,2.16,2.16,1.59,False,
5047,2025-03-08,1,T3,C16,18,111,1.902,1.902,1.59,False,
5048,2025-03-08,1,T3,C11,14,106,1.539,1.539,3.99,False,
5049,2025-03-08,1,T1,C16,21,159,1.587,1.587,12.99,False,
5050,2025-03-08,1,T2,C12,21,128,1.632,1.632,10.99,False,
5051,2025-03-08,1,T2,C15,7,128,0.674,0.674,10.99,False,
5052,2025-03-08,1,T1,C11,17,111,1.375,1.375,1.59,False,
5053,2025-03-08,1,T3,C11,11,128,0.934,0.934,10.99,False,
5054,2025-03-08,1,T2,C14,21,106,0.689,0.689,3.99,False,
5055,2025-03-08,1,T5,C12,11,110,1.284,1.284,1.29,False,
5056,2025-03-08,1,T2,C14,9,110,2.376,2.376,1.29,False,
5057,2025-03-08,1,T1,C14,17,128,0.844,0.844,10.99,False,
5058,2025-03-08,1,T4,C12,20,104,2.145,2.145,1.99,False,
5059,2025-03-08,1,T2,C15,18,105,0.647,0.647,3.49,False,
5060,2025-03-08,1,T2,C12,10,101,0.419,0.419,1.49,False,
5061,2025-03-08,1,T1,C13,11,110,2.397,2.397,1.29,False,
5062,2025-03-08,1,T3,C12,7,111,0.872,0.872,1.59,False,
5063,2025-03-08,1,T3,C16,19,101,1.374,1.374,1.49,False,
5064,2025-03-08,1,T5,C15,17,110,0.758,0.758,1.29,False,
5065,2025-03-08,1,T3,C14,15,106,1.161,1.161,3.99,False,
5066,2025-03-08,1,T4,C12,17,128,0.135,0.135,10.99,False,
5067,2025-03-08,1,T2,C12,20,159,0.477,0.477,12.99,False,
5068,2025-03-08,1,T1,C14,13,127,0.629,0.629,8.99,False,
5069,2025-03-08,1,T3,C16,16,104,0.179,0.179,1.99,False,
5070,2025-03-08,1,T1,C11,18,130,0.691,0.691,21.99,False,
5071,2025-03-08,1,T2,C14,18,130,1.702,1.702,21.99,False,
5072,2025-03-08,1,T1,C13,21,130,0.22,0.22,21.99,False,
5073,2025-03-08,1,T1,C14,15,105,0.828,0.828,3.49,False,
5074,2025-03-08,1,T3,C15,13,128,0.865,0.865,10.99,False,
5075,2025-03-08,1,T2,C14,10,101,2.316,2.316,1.49,False,
5076,2025-03-08,1,T3,C12,10,129,0.964,0.964,9.49,False,
5077,2025-03-08,1,T4,C15,10,130,0.732,0.732,21.99,False,
5078,2025-03-08,1,T2,C16,18,129,1.508,1.508,9.49,False,
5079,2025-03-08,1,T2,C13,17,105,1.248,1.248,3.49,False,
5080,2025-03-08,1,T1,C12,18,159,1.215,1.215,12.99,False,
5081,2025-03-08,1,T3,C13,21,104,1.197,1.197,1.99,False,
5082,2025-03-08,1,T4,C13,11,128,1.79,1.79,10.99,False,
5083,2025-03-08,1,T4,C12,10,129,1.276,1.276,9.49,False,
5084,2025-03-08,1,T5,C13,21,105,0.528,0.528,3.49,False,
5085,2025-03-08,1,T2,C15,7,127,1.121,1.121,8.99,False,
5086,2025-03-08,1,T2,C14,19,159,0.456,0.456,12.99,False,
5087,2025-03-08,1,T5,C11,16,129,0.282,0.282,9.49,False,
5088,2025-03-08,1,T5,C11,19,106,0.503,0.503,3.99,False,
5089,2025-03-08,1,T3,C16,13,111,0.62,0.62,1.59,False,
5090,2025-03-08,1,T4,C14,13,110,2.056,2.056,1.29,False,
5091,2025-03-08,1,T4,C12,16,106,1.123,1.123,3.99,False,
5092,2025-03-08,1,T2,C14,20,110,1.324,1.324,1.29,True,wrong_plu
5093,2025-03-08,1,T4,C15,9,127,0.749,0.749,8.99,False,
5094,2025-03-08,1,T2,C11,10,129,0.635,0.76,9.49,True,no_tare
5095,2025-03-08,1,T3,C12,7,128,0.543,0.543,10.99,False,
5096,2025-03-08,1,T1,C14,15,104,0.446,0.446,1.99,False,
5097,2025-03-08,1,T3,C16,19,110,1.312,1.312,1.29,False,
5098,2025-03-08,1,T2,C16,12,106,1.912,1.912,3.99,False,
5099,2025-03-08,1,T5,C15,16,106,1.341,1.341,3.99,False,
5100,2025-03-08,1,T2,C13,17,106,2.224,2.224,3.99,False,
5101,2025-03-08,1,T4,C12,9,105,1.328,1.328,3.49,False,
5102,2025-03-08,1,T3,C12,17,111,1.65,1.65,1.59,False,
5103,2025-03-08,1,T5,C11,20,101,0.514,0.514,1.49,False,
5104,2025-03-08,1,T5,C12,16,111,1.347,1.347,1.59,False,
5105,2025-03-08,1,T1,C16,7,106,1.774,1.774,3.99,False,
5106,2025-03-08,1,T3,C11,13,105,0.888,0.888,3.49,False,
5107,2025-03-08,1,T2,C14,21,106,1.718,1.718,3.99,False,
5108,2025-03-08,1,T5,C13,17,159,0.598,0.598,12.99,False,
5109,2025-03-08,1,T2,C14,19,127,0.504,0.504,8.99,False,
5110,2025-03-08,1,T4,C15,15,129,0.606,0.606,9.49,False,
5111,2025-03-08,1,T2,C15,20,128,0.57,0.57,10.99,False,
5112,2025-03-08,1,T1,C12,18,130,0.979,0.979,21.99,False,
5113,2025-03-08,1,T3,C15,15,106,0.527,0.527,3.99,False,
5114,2025-03-08,1,T4,C15,16,101,0.49,0.49,1.49,False,
5115,2025-03-08,1,T3,C15,17,105,0.379,0.379,3.49,False,
5116,2025-03-08,1,T5,C13,19,159,0.176,0.176,12.99,False,
5117,2025-03-08,1,T4,C15,15,127,1.457,1.457,8.99,False,
5118,2025-03-08,1,T5,C15,19,128,1.854,1.854,10.99,False,
5119,2025-03-08,1,T2,C15,13,128,0.445,0.445,10.99,False,
5120,2025-03-08,1,T2,C11,20,111,0.793,0.793,1.59,False,
5121,2025-03-08,1,T5,C16,19,106,1.139,1.139,3.99,False,
5122,2025-03-08,1,T4,C13,17,129,0.685,0.685,9.49,False,
5123,2025-03-08,1,T4,C16,12,159,0.875,0.875,12.99,False,
5124,2025-03-08,1,T5,C12,15,129,1.174,1.174,9.49,False,
5125,2025-03-08,1,T1,C13,10,101,1.667,1.667,1.49,False,
5126,2025-03-08,1,T4,C14,21,130,0.709,0.709,21.99,False,
5127,2025-03-08,1,T2,C13,10,130,0.608,0.608,21.99,False,
5128,2025-03-08,1,T3,C12,16,106,2.095,2.095,3.99,False,
5129,2025-03-08,1,T1,C13,10,129,1.909,1.909,9.49,False,
5130,2025-03-08,1,T3,C12,7,110,0.648,0.648,1.29,False,
5131,2025-03-08,1,T4,C16,14,111,0.834,0.834,1.59,False,
5132,2025-03-08,1,T4,C15,20,129,0.888,0.888,9.49,False,
5133,2025-03-08,1,T1,C11,14,106,1.738,1.738,3.99,False,
5134,2025-03-08,1,T4,C16,7,130,0.958,0.958,21.99,False,
5135,2025-03-08,1,T1,C13,13,129,1.949,1.949,9.49,False,
5136,2025-03-08,1,T4,C13,20,104,0.621,0.621,1.99,False,
5137,2025-03-08,1,T3,C14,13,104,1.877,1.877,1.99,False,
5138,2025-03-08,1,T1,C16,21,129,0.868,0.868,9.49,False,
5139,2025-03-08,1,T1,C13,14,128,0.975,0.975,10.99,False,
5140,2025-03-08,1,T5,C13,11,106,2.071,2.071,3.99,False,
5141,2025-03-08,1,T3,C16,17,101,0.133,0.133,1.49,False,
5142,2025-03-08,1,T4,C16,13,159,1.732,1.732,12.99,False,
5143,2025-03-08,1,T1,C15,21,101,0.433,0.433,1.49,False,
5144,2025-03-08,1,T1,C16,9,105,1.654,1.654,3.49,False,
5145,2025-03-08,1,T3,C13,7,111,1.852,1.852,1.59,False,
5146,2025-03-08,1,T2,C12,21,105,0.513,0.513,3.49,False,
5147,2025-03-08,1,T4,C12,13,128,0.544,0.544,10.99,False,
5148,2025-03-08,1,T5,C13,11,130,2.17,2.17,21.99,False,
5722,2025-03-09,1,T4,C11,20,159,1.943,1.943,12.99,False,
5723,2025-03-09,1,T2,C13,18,130,0.893,0.893,21.99,False,
5724,2025-03-09,1,T1,C12,14,101,0.768,0.768,1.49,False,
5725,2025-03-09,1,T2,C16,12,111,1.04,1.04,1.59,False,
5726,2025-03-09,1,T3,C13,20,101,1.129,1.129,1.49,False,
5727,2025-03-09,1,T4,C15,14,105,1.146,1.146,3.49,False,
5728,2025-03-09,1,T2,C13,11,104,0.783,0.783,1.99,False,
5729,2025-03-09,1,T1,C14,16,105,0.848,0.848,3.49,False,
5730,2025-03-09,1,T4,C14,13,111,0.793,0.793,1.59,False,
5731,2025-03-09,1,T1,C13,18,101,0.903,0.903,1.49,False,
5732,2025-03-09,1,T1,C16,8,111,0.719,0.719,1.59,False,
5733,2025-03-09,1,T1,C12,15,104,0.405,0.405,1.99,False,
5734,2025-03-09,1,T3,C11,13,127,1.958,1.958,8.99,False,
5735,2025-03-09,1,T4,C13,12,128,1.016,1.016,10.99,False,
5736,2025-03-09,1,T5,C11,7,101,1.296,1.296,1.49,False,
5737,2025-03-09,1,T3,C12,10,159,0.867,0.867,12.99,False,
5738,2025-03-09,1,T5,C14,7,127,0.795,0.795,8.99,False,
5739,2025-03-09,1,T4,C12,17,129,0.806,0.806,9.49,False,
5740,2025-03-09,1,T4,C16,11,101,0.711,0.711,1.49,False,
5741,2025-03-09,1,T4,C13,9,128,2.258,2.258,10.99,False,
5742,2025-03-09,1,T4,C11,19,110,2.635,2.635,1.29,False,
5743,2025-03-09,1,T2,C11,21,129,0.768,0.768,9.49,False,
5744,2025-03-09,1,T4,C14,7,104,0.454,0.454,1.99,False,
5745,2025-03-09,1,T2,C15,19,129,0.726,0.726,9.49,False,
5746,2025-03-09,1,T3,C16,12,127,1.359,1.359,8.99,False,
5747,2025-03-09,1,T5,C13,9,101,0.999,0.999,1.49,False,
5748,2025-03-09,1,T5,C12,17,105,2.025,2.025,3.49,False,
5749,2025-03-09,1,T2,C16,7,101,1.355,1.355,1.49,False,
5750,2025-03-09,1,T1,C15,11,101,1.192,1.192,1.49,False,
5751,2025-03-09,1,T3,C14,8,101,1.775,1.775,1.49,False,
5752,2025-03-09,1,T2,C13,9,128,0.575,0.575,10.99,False,
5753,2025-03-09,1,T2,C13,10,127,0.377,0.377,8.99,False,
5754,2025-03-09,1,T5,C13,13,159,0.693,0.693,12.99,False,
5755,2025-03-09,1,T5,C15,16,110,0.475,0.475,1.29,False,
5756,2025-03-09,1,T5,C13,20,110,0.81,0.81,1.29,False,
5757,2025-03-09,1,T2,C16,8,128,2.426,2.426,10.99,False,
5758,2025-03-09,1,T2,C15,11,130,1.005,1.005,21.99,False,
5759,2025-03-09,1,T2,C12,15,128,0.889,0.889,10.99,False,
5760,2025-03-09,1,T1,C16,20,105,0.398,0.398,3.49,False,
5761,2025-03-09,1,T2,C16,7,128,0.643,0.643,10.99,False,
5762,2025-03-09,1,T4,C16,19,130,1.43,1.43,21.99,False,
5763,2025-03-09,1,T1,C16,15,106,0.747,0.747,3.99,False,
5764,2025-03-09,1,T4,C14,11,110,1.156,1.156,1.29,False,
5765,2025-03-09,1,T1,C16,16,104,0.617,0.617,1.99,False,
5766,2025-03-09,1,T2,C16,17,106,1.473,1.473,3.99,False,
5767,2025-03-09,1,T4,C13,16,129,0.669,0.669,9.49,False,
5768,2025-03-09,1,T2,C13,19,127,1.312,1.312,8.99,False,
5769,2025-03-09,1,T5,C12,16,111,0.569,0.569,1.59,False,
5770,2025-03-09,1,T4,C13,11,130,1.23,1.23,21.99,False,
5771,2025-03-09,1,T5,C12,15,106,4.425,4.425,3.99,False,
5772,2025-03-09,1,T5,C12,19,106,1.202,1.202,3.99,False,
5773,2025-03-09,1,T2,C14,11,129,0.657,0.657,9.49,False,
5774,2025-03-09,1,T4,C16,12,101,1.517,1.517,1.49,False,
5775,2025-03-09,1,T1,C15,9,130,0.811,0.811,21.99,False,
5776,2025-03-09,1,T2,C13,10,105,2.139,2.139,3.49,False,
5777,2025-03-09,1,T3,C12,8,128,0.604,0.604,10.99,False,
5778,2025-03-09,1,T4,C15,21,129,1.604,1.604,9.49,False,
5779,2025-03-09,1,T2,C16,20,101,0.673,0.673,1.49,False,
5780,2025-03-09,1,T2,C12,19,111,0.729,0.729,1.59,False,
5781,2025-03-09,1,T2,C11,7,101,2.201,2.201,1.49,False,
5782,2025-03-09,1,T3,C11,17,106,0.375,0.375,3.99,False,
5783,2025-03-09,1,T4,C13,19,106,0.86,0.86,3.99,False,
5784,2025-03-09,1,T3,C11,19,111,1.826,1.826,1.59,False,
5785,2025-03-09,1,T3,C15,14,106,0.819,0.819,3.99,False,
5786,2025-03-09,1,T2,C16,7,110,1.508,1.508,1.29,False,
5787,2025-03-09,1,T2,C11,8,101,1.191,1.191,1.49,False,
5788,2025-03-09,1,T5,C12,15,130,0.281,0.281,21.99,False,
5789,2025-03-09,1,T2,C14,18,104,2.102,2.102,1.99,False,
5790,2025-03-09,1,T3,C14,8,110,1.216,1.216,1.29,False,
5791,2025-03-09,1,T1,C12,8,110,0.591,0.591,1.29,False,
5792,2025-03-09,1,T2,C16,20,101,0.555,0.555,1.49,False,
5793,2025-03-09,1,T2,C14,10,130,1.439,1.439,21.99,False,
5794,2025-03-09,1,T1,C11,19,105,0.306,0.306,3.49,False,
5795,2025-03-09,1,T4,C16,14,129,0.546,0.546,9.49,False,
5796,2025-03-09,1,T4,C13,10,105,0.331,0.331,3.49,False,
5797,2025-03-09,1,T2,C12,16,110,1.826,1.826,1.29,False,
5798,2025-03-09,1,T3,C15,18,105,2.433,2.433,3.49,False,
5799,2025-03-09,1,T5,C15,12,104,0.975,0.975,1.99,False,
5800,2025-03-09,1,T1,C15,7,129,1.638,1.638,9.49,False,
5801,2025-03-09,1,T1,C15,14,128,1.47,1.47,10.99,False,
5802,2025-03-09,1,T3,C11,12,129,1.307,1.307,9.49,False,
5803,2025-03-09,1,T3,C15,13,129,1.858,1.858,9.49,False,
5804,2025-03-09,1,T4,C11,10,129,2.432,2.432,9.49,False,
5805,2025-03-09,1,T1,C16,14,159,0.8,0.8,12.99,False,
5806,2025-03-09,1,T2,C11,21,129,0.949,0.949,9.49,False,
5807,2025-03-09,1,T1,C15,12,130,2.554,2.554,21.99,False,
5808,2025-03-09,1,T2,C14,11,127,1.943,1.943,8.99,False,
5809,2025-03-09,1,T4,C16,18,101,0.591,0.591,1.49,False,
5810,2025-03-09,1,T1,C13,9,159,1.42,1.589,12.99,True,no_tare
5811,2025-03-09,1,T4,C14,16,104,1.252,1.252,1.99,False,
5812,2025-03-09,1,T4,C14,8,127,0.926,0.926,8.99,False,
5813,2025-03-09,1,T4,C13,21,110,1.585,1.585,1.29,False,
5814,2025-03-09,1,T2,C15,16,130,0.82,0.82,21.99,False,
5815,2025-03-09,1,T3,C11,16,105,1.053,1.053,3.49,False,
5816,2025-03-09,1,T2,C15,15,110,0.862,0.862,1.29,False,
5817,2025-03-09,1,T5,C11,14,127,0.788,0.788,8.99,False,
5818,2025-03-09,1,T5,C14,16,129,1.327,1.327,9.49,False,
5819,2025-03-09,1,T4,C16,18,105,0.297,0.297,3.49,False,
5820,2025-03-09,1,T5,C11,7,127,1.232,1.232,8.99,False,
5821,2025-03-09,1,T3,C13,20,105,0.314,0.314,3.49,False,
5822,2025-03-09,1,T4,C15,16,127,0.607,0.607,8.99,False,
5823,2025-03-09,1,T3,C14,7,106,3.352,3.352,3.99,False,
5824,2025-03-09,1,T2,C12,18,105,0.486,0.486,3.49,False,
5825,2025-03-09,1,T1,C16,17,159,0.599,0.599,12.99,False,
5826,2025-03-09,1,T3,C15,12,111,1.106,1.106,1.59,False,
5827,2025-03-09,1,T5,C12,8,127,0.975,0.975,8.99,False,
5828,2025-03-09,1,T4,C11,8,128,1.449,1.449,10.99,False,
5829,2025-03-09,1,T3,C14,17,105,2.361,2.361,3.49,False,
5830,2025-03-09,1,T5,C11,7,130,1.558,1.558,21.99,False,
5831,2025-03-09,1,T2,C14,10,159,1.106,1.106,12.99,False,
5832,2025-03-09,1,T5,C13,14,110,0.665,0.665,1.29,False,
5833,2025-03-09,1,T3,C12,13,130,1.186,1.186,21.99,False,
5834,2025-03-09,1,T5,C12,7,106,2.362,2.362,3.99,False,
5835,2025-03-09,1,T1,C15,8,110,1.181,1.181,1.29,False,
5836,2025-03-09,1,T3,C14,19,110,0.633,0.633,1.29,False,
5837,2025-03-09,1,T1,C12,18,101,0.836,0.836,1.49,False,
5838,2025-03-09,1,T1,C14,8,106,1.844,1.844,3.99,False,
5839,2025-03-09,1,T2,C11,10,104,0.676,0.676,1.99,False,
5840,2025-03-09,1,T4,C16,21,104,1.008,1.008,1.99,False,
5841,2025-03-09,1,T5,C12,14,105,0.913,0.913,3.49,False,
5842,2025-03-09,1,T4,C13,7,128,1.876,1.876,10.99,False,
5843,2025-03-09,1,T2,C15,19,105,0.904,0.904,3.49,False,
5844,2025-03-09,1,T5,C12,13,127,0.598,0.598,8.99,False,
5845,2025-03-09,1,T4,C15,9,129,1.491,1.491,9.49,False,
5846,2025-03-09,1,T4,C13,13,129,0.544,0.544,9.49,False,
5847,2025-03-09,1,T2,C11,14,129,0.708,0.708,9.49,False,
5848,2025-03-09,1,T3,C16,21,106,2.043,2.043,3.99,False,
5849,2025-03-09,1,T4,C11,15,106,0.656,0.656,3.99,False,
5850,2025-03-09,1,T2,C16,14,128,0.068,0.068,10.99,False,
5851,2025-03-09,1,T1,C15,17,111,1.53,1.53,1.59,False,
5852,2025-03-09,1,T2,C13,19,101,0.492,0.492,1.49,False,
5853,2025-03-09,1,T1,C15,17,111,1.698,1.698,1.59,False,
5854,2025-03-09,1,T3,C12,14,105,0.503,0.503,3.49,False,
5855,2025-03-09,1,T3,C16,7,111,0.325,0.325,1.59,False,
5856,2025-03-09,1,T5,C13,9,110,1.171,1.171,1.29,False,
5857,2025-03-09,1,T4,C11,8,128,1.293,1.293,10.99,False,
5858,2025-03-09,1,T5,C16,15,104,0.189,0.189,1.99,False,
5859,2025-03-09,1,T2,C15,13,127,0.802,0.802,8.99,False,
5860,2025-03-09,1,T2,C13,15,104,1.254,1.254,1.99,False,
5861,2025-03-09,1,T2,C16,11,104,0.571,0.571,1.99,False,
5862,2025-03-09,1,T3,C13,18,129,2.517,2.517,9.49,False,
5863,2025-03-09,1,T4,C16,17,128,1.027,1.027,10.99,False,
5864,2025-03-09,1,T2,C16,9,101,2.177,2.177,1.49,False,
5865,2025-03-09,1,T4,C11,16,159,1.407,1.407,12.99,False,
5866,2025-03-09,1,T3,C16,10,128,1.041,1.041,10.99,False,
5867,2025-03-09,1,T1,C12,11,111,0.511,0.511,1.59,False,
5868,2025-03-09,1,T5,C11,8,104,1.528,1.528,1.99,False,
5869,2025-03-09,1,T5,C14,19,129,1.238,1.238,9.49,False,
5870,2025-03-09,1,T5,C15,9,101,1.725,1.725,1.49,False,
5871,2025-03-09,1,T1,C11,14,128,0.415,0.415,10.99,False,
5872,2025-03-09,1,T4,C15,10,106,0.757,0.757,3.99,False,
5873,2025-03-09,1,T5,C14,10,159,1.121,1.244,12.99,True,no_tare
5874,2025-03-09,1,T2,C11,8,110,0.898,0.898,1.29,False,
5875,2025-03-09,1,T5,C11,17,101,0.727,0.727,1.49,False,
5876,2025-03-09,1,T2,C15,11,129,1.541,1.541,9.49,False,
5877,2025-03-09,1,T2,C11,13,159,1.329,1.329,12.99,False,
5878,2025-03-09,1,T5,C15,12,111,0.806,0.806,1.59,False,
5879,2025-03-09,1,T4,C12,11,128,2.184,2.184,10.99,False,
5880,2025-03-09,1,T1,C13,17,128,0.884,0.884,10.99,False,
5881,2025-03-09,1,T4,C12,7,130,1.501,1.501,21.99,False,
5882,2025-03-09,1,T4,C15,16,106,1.501,1.501,3.99,False,
5883,2025-03-09,1,T4,C12,10,101,0.95,0.95,1.49,False,
5884,2025-03-09,1,T4,C11,16,130,1.285,1.285,21.99,False,
5885,2025-03-09,1,T1,C13,12,129,1.708,1.708,9.49,False,
5886,2025-03-09,1,T4,C15,18,130,0.518,0.518,21.99,False,
5887,2025-03-09,1,T4,C12,15,111,0.962,0.962,1.59,False,
5888,2025-03-09,1,T1,C14,17,104,0.808,0.808,1.99,False,
5889,2025-03-09,1,T2,C15,8,101,0.593,0.593,1.49,False,
5890,2025-03-09,1,T3,C15,21,127,0.789,0.789,8.99,False,
5891,2025-03-09,1,T2,C12,7,129,0.348,0.348,9.49,False,
5892,2025-03-09,1,T3,C11,12,130,0.774,0.774,21.99,False,
5893,2025-03-09,1,T5,C16,9,130,0.39,0.39,21.99,False,
5894,2025-03-09,1,T3,C16,13,101,0.975,0.975,1.49,False,
5895,2025-03-09,1,T3,C13,16,105,2.12,2.12,3.49,False,
5896,2025-03-09,1,T4,C15,21,111,0.792,0.792,1.59,False,
5897,2025-03-09,1,T2,C13,21,101,0.787,0.787,1.49,False,
5898,2025-03-09,1,T2,C13,8,130,2.737,2.737,21.99,False,
5899,2025-03-09,1,T2,C12,20,104,1.252,1.252,1.99,False,
5900,2025-03-09,1,T3,C13,16,130,0.285,0.285,21.99,False,
5901,2025-03-09,1,T2,C13,18,127,0.783,0.783,8.99,False,
5902,2025-03-09,1,T3,C11,20,104,0.452,0.452,1.99,False,
6426,2025-03-10,1,T2,C12,21,104,0.437,0.437,1.99,False,
6427,2025-03-10,1,T5,C15,10,105,1.766,1.766,3.49,False,
6428,2025-03-10,1,T3,C12,21,159,1.173,1.173,12.99,False,
6429,2025-03-10,1,T3,C15,14,130,1.482,1.482,21.99,False,
6430,2025-03-10,1,T2,C11,9,101,0.496,0.496,1.49,False,
6431,2025-03-10,1,T1,C13,21,106,0.532,0.532,3.99,False,
6432,2025-03-10,1,T5,C14,15,101,1.065,1.065,1.49,False,
6433,2025-03-10,1,T5,C16,19,105,2.246,2.246,3.49,False,
6434,2025-03-10,1,T1,C14,19,128,0.192,0.192,10.99,False,
6435,2025-03-10,1,T1,C12,14,110,0.857,0.857,1.29,False,
6436,2025-03-10,1,T4,C12,16,159,0.823,0.823,12.99,False,
6437,2025-03-10,1,T5,C16,14,128,2.706,2.706,10.99,False,
6438,2025-03-10,1,T5,C11,13,110,0.706,0.706,1.29,False,
6439,2025-03-10,1,T4,C15,21,110,2.634,2.634,1.29,False,
6440,2025-03-10,1,T2,C15,17,106,1.412,1.412,3.99,False,
6441,2025-03-10,1,T1,C16,18,111,2.218,2.218,1.59,False,
6442,2025-03-10,1,T2,C14,15,104,2.124,2.124,1.99,False,
6443,2025-03-10,1,T1,C14,10,105,1.906,1.906,3.49,False,
6444,2025-03-10,1,T2,C16,17,101,1.096,1.096,1.49,False,
6445,2025-03-10,1,T3,C13,13,105,2.052,2.052,3.49,False,
6446,2025-03-10,1,T1,C15,10,111,0.831,0.831,1.59,False,
6447,2025-03-10,1,T2,C15,21,127,3.122,3.122,8.99,False,
6448,2025-03-10,1,T4,C11,8,106,0.965,0.965,3.99,False,
6449,2025-03-10,1,T4,C11,10,106,1.457,1.457,3.99,False,
6450,2025-03-10,1,T3,C16,9,105,0.784,0.784,3.49,False,
6451,2025-03-10,1,T4,C12,16,127,2.434,2.434,8.99,False,
6452,2025-03-10,1,T1,C12,17,105,0.682,0.682,3.49,False,
6453,2025-03-10,1,T3,C13,8,130,1.848,1.848,21.99,False,
6454,2025-03-10,1,T3,C14,10,128,1.835,1.835,10.99,False,
6455,2025-03-10,1,T1,C12,18,159,0.613,0.778,12.99,True,no_tare
6456,2025-03-10,1,T5,C12,7,106,2.102,2.102,3.99,False,
6457,2025-03-10,1,T1,C14,14,159,1.182,1.182,12.99,False,
6458,2025-03-10,1,T1,C16,18,159,1.596,1.596,12.99,False,
6459,2025-03-10,1,T4,C12,16,105,1.294,1.294,3.49,False,
6460,2025-03-10,1,T1,C15,12,106,0.946,0.946,3.99,False,
6461,2025-03-10,1,T3,C13,8,127,0.884,0.884,8.99,False,
6462,2025-03-10,1,T3,C15,15,130,1.045,1.045,21.99,False,
6463,2025-03-10,1,T3,C14,14,110,0.701,0.701,1.29,False,
6464,2025-03-10,1,T1,C12,13,105,0.936,0.936,3.49,False,
6465,2025-03-10,1,T1,C13,21,159,1.032,1.032,12.99,False,
6466,2025-03-10,1,T3,C13,17,127,0.826,0.826,8.99,False,
6467,2025-03-10,1,T3,C13,21,127,1.049,1.049,8.99,False,
6468,2025-03-10,1,T2,C16,21,106,2.319,2.319,3.99,False,
6469,2025-03-10,1,T1,C15,18,128,1.287,1.395,10.99,True,no_tare
6470,2025-03-10,1,T3,C15,14,106,3.062,3.062,3.99,False,
6471,2025-03-10,1,T1,C16,7,105,0.455,0.455,3.49,False,
6472,2025-03-10,1,T1,C16,21,159,2.248,2.248,12.99,False,
6473,2025-03-10,1,T1,C15,17,128,2.819,2.819,10.99,False,
6474,2025-03-10,1,T2,C15,21,110,1.105,1.105,1.29,False,
6475,2025-03-10,1,T1,C11,17,130,1.817,1.817,21.99,False,
6476,2025-03-10,1,T5,C13,7,129,1.429,1.429,9.49,False,
6477,2025-03-10,1,T3,C16,10,110,0.87,0.87,1.29,False,
6478,2025-03-10,1,T4,C14,9,101,1.011,1.011,1.49,False,
6479,2025-03-10,1,T1,C15,21,129,0.522,0.719,9.49,True,no_tare
6480,2025-03-10,1,T5,C15,9,127,0.053,0.053,8.99,False,
6481,2025-03-10,1,T3,C16,13,104,0.89,0.89,1.99,False,
6482,2025-03-10,1,T4,C13,18,159,0.252,0.252,12.99,False,
6483,2025-03-10,1,T3,C11,13,111,1.387,1.387,1.59,False,
6484,2025-03-10,1,T4,C16,21,129,0.907,0.907,9.49,False,
6485,2025-03-10,1,T5,C13,10,111,1.577,1.577,1.59,False,
6486,2025-03-10,1,T1,C14,13,101,2.612,2.612,1.49,False,
6487,2025-03-10,1,T1,C12,20,129,2.688,2.688,9.49,False,
6488,2025-03-10,1,T2,C13,18,104,1.236,1.236,1.99,False,
6489,2025-03-10,1,T3,C14,8,111,1.378,1.378,1.59,False,
6490,2025-03-10,1,T4,C13,18,127,1.013,1.013,8.99,False,
6491,2025-03-10,1,T2,C15,12,130,0.74,0.74,21.99,False,
6492,2025-03-10,1,T3,C14,16,111,0.857,0.857,1.59,False,
6493,2025-03-10,1,T4,C12,21,110,1.032,1.032,1.29,False,
6494,2025-03-10,1,T2,C12,9,130,0.815,0.815,21.99,False,
6495,2025-03-10,1,T1,C16,17,106,1.591,1.591,3.99,False,
6496,2025-03-10,1,T5,C11,7,101,2.167,2.167,1.49,False,
6497,2025-03-10,1,T1,C13,8,159,1.36,1.36,12.99,False,
6498,2025-03-10,1,T4,C11,13,159,1.528,1.528,12.99,False,
6499,2025-03-10,1,T2,C12,11,104,1.68,1.68,1.99,False,
6500,2025-03-10,1,T2,C14,17,105,1.015,1.015,3.49,False,
6501,2025-03-10,1,T4,C15,10,110,0.771,0.771,1.29,False,
6502,2025-03-10,1,T4,C14,19,128,0.739,0.739,10.99,False,
6503,2025-03-10,1,T4,C14,16,110,1.837,1.837,1.29,False,
6504,2025-03-10,1,T5,C14,19,130,0.64,0.64,21.99,False,
6505,2025-03-10,1,T1,C13,11,101,1.268,1.268,1.49,False,
6506,2025-03-10,1,T3,C11,19,127,0.723,0.723,8.99,False,
6507,2025-03-10,1,T3,C13,10,105,0.325,0.325,3.49,False,
6508,2025-03-10,1,T1,C11,19,111,0.135,0.135,1.59,False,
6509,2025-03-10,1,T3,C15,12,130,2.808,2.808,21.99,False,
6510,2025-03-10,1,T3,C16,16,106,0.544,0.544,3.99,False,
6511,2025-03-10,1,T4,C13,14,111,2.39,2.39,1.59,False,
6512,2025-03-10,1,T5,C15,12,159,0.722,0.722,12.99,False,
6513,2025-03-10,1,T3,C15,8,127,1.424,1.424,8.99,False,
6514,2025-03-10,1,T3,C14,13,110,2.173,2.173,1.29,False,
6515,2025-03-10,1,T2,C16,18,101,1.79,1.79,1.49,False,
6516,2025-03-10,1,T1,C16,19,110,0.844,0.844,1.29,False,
6517,2025-03-10,1,T2,C15,18,110,1.025,1.025,1.29,False,
6518,2025-03-10,1,T1,C12,8,129,0.88,0.88,9.49,False,
6519,2025-03-10,1,T3,C14,21,104,1.614,1.614,1.99,False,
6520,2025-03-10,1,T1,C12,12,111,1.689,1.689,1.59,False,
6521,2025-03-10,1,T4,C13,9,128,0.886,0.886,10.99,False,
6522,2025-03-10,1,T3,C15,11,129,0.692,0.692,9.49,False,
6523,2025-03-10,1,T3,C11,16,127,1.095,1.095,8.99,False,
6524,2025-03-10,1,T4,C15,21,105,0.451,0.451,3.49,False,
6525,2025-03-10,1,T1,C15,11,106,0.629,0.629,3.99,False,
6526,2025-03-10,1,T3,C14,15,106,2.56,2.56,3.99,False,
6527,2025-03-10,1,T2,C16,18,111,0.92,0.92,1.59,False,
6528,2025-03-10,1,T1,C15,18,111,0.474,0.474,1.59,False,
6529,2025-03-10,1,T5,C15,18,127,0.497,0.497,8.99,False,
6530,2025-03-10,1,T4,C11,18,104,0.895,0.895,1.99,False,
6531,2025-03-10,1,T1,C15,9,105,0.427,0.427,3.49,False,
6532,2025-03-10,1,T4,C13,9,111,0.574,0.574,1.59,False,
6533,2025-03-10,1,T1,C11,21,104,2.42,2.42,1.99,False,
6534,2025-03-10,1,T4,C15,14,101,1.861,1.861,1.49,False,
6535,2025-03-10,1,T4,C13,14,159,1.143,1.143,12.99,False,
6536,2025-03-10,1,T4,C11,21,104,1.24,1.24,1.99,False,
6537,2025-03-10,1,T3,C11,14,129,0.84,0.84,9.49,False,
6538,2025-03-10,1,T5,C15,19,106,1.116,1.116,3.99,False,
6539,2025-03-10,1,T3,C11,16,127,1.908,1.908,8.99,False,
6540,2025-03-10,1,T2,C12,15,127,1.219,1.219,8.99,False,
6541,2025-03-10,1,T3,C12,8,130,1.144,1.144,21.99,False,
6542,2025-03-10,1,T1,C15,12,111,0.839,0.839,1.59,False,
6543,2025-03-10,1,T5,C11,14,106,1.557,1.557,3.99,False,
6544,2025-03-10,1,T3,C16,13,129,0.539,0.539,9.49,False,
6545,2025-03-10,1,T1,C13,21,101,0.616,0.616,1.49,False,
6546,2025-03-10,1,T1,C13,21,101,1.142,1.142,1.49,False,
6547,2025-03-10,1,T3,C15,8,101,0.79,0.79,1.49,False,
6548,2025-03-10,1,T3,C15,21,127,3.172,3.172,8.99,False,
6549,2025-03-10,1,T1,C16,20,128,1.225,1.225,10.99,False,
6550,2025-03-10,1,T5,C12,15,110,0.523,0.523,1.29,False,
6551,2025-03-10,1,T2,C13,17,105,1.432,1.432,3.49,False,
6552,2025-03-10,1,T4,C11,11,104,0.664,0.664,1.99,False,
6553,2025-03-10,1,T2,C16,21,159,1.976,1.976,12.99,False,
6554,2025-03-10,1,T5,C13,17,129,2.568,2.568,9.49,False,
6555,2025-03-10,1,T2,C11,13,111,2.344,2.344,1.59,False,
6556,2025-03-10,1,T3,C12,11,111,2.219,2.219,1.59,False,
6557,2025-03-10,1,T5,C15,14,110,1.225,1.225,1.29,False,
6558,2025-03-10,1,T3,C15,8,106,1.063,1.063,3.99,False,
6559,2025-03-10,1,T3,C12,11,159,0.458,0.458,12.99,False,
6560,2025-03-10,1,T3,C11,19,104,1.136,1.136,1.99,False,
6561,2025-03-10,1,T2,C16,14,159,0.304,0.304,12.99,False,
6562,2025-03-10,1,T1,C16,12,104,0.967,0.967,1.99,False,
6563,2025-03-10,1,T2,C11,21,159,1.242,1.242,12.99,False,
6564,2025-03-10,1,T4,C15,15,105,0.759,0.759,3.49,False,
6565,2025-03-10,1,T2,C11,9,110,0.538,0.538,1.29,False,
6566,2025-03-10,1,T3,C14,11,127,1.195,1.195,8.99,False,
6567,2025-03-10,1,T4,C16,8,110,1.2,1.2,1.29,False,
6568,2025-03-10,1,T2,C11,13,129,1.104,1.104,9.49,False,
6569,2025-03-10,1,T4,C16,21,105,1.206,1.206,3.49,False,
6570,2025-03-10,1,T1,C14,15,129,1.025,1.025,9.49,False,
6571,2025-03-10,1,T3,C16,19,130,2.167,2.167,21.99,False,
6572,2025-03-10,1,T3,C16,12,101,1.986,1.986,1.49,False,
6573,2025-03-10,1,T3,C14,9,129,1.083,1.083,9.49,False,
6574,2025-03-10,1,T3,C11,19,159,0.783,0.783,12.99,False,
6575,2025-03-10,1,T3,C15,13,159,0.343,0.343,12.99,False,
6576,2025-03-10,1,T1,C13,15,101,1.414,1.414,1.49,False,
6577,2025-03-10,1,T3,C12,10,104,0.639,0.639,1.99,False,
6578,2025-03-10,1,T3,C15,9,130,0.647,0.647,21.99,False,
6579,2025-03-10,1,T2,C16,19,159,2.137,2.137,12.99,False,
6580,2025-03-10,1,T4,C15,20,101,2.12,2.12,1.49,False,
6581,2025-03-10,1,T5,C13,18,159,0.833,0.833,12.99,False,
6582,2025-03-10,1,T2,C16,15,129,1.37,1.37,9.49,False,
6583,2025-03-10,1,T5,C14,12,128,0.254,0.254,10.99,False,
6584,2025-03-10,1,T1,C15,7,128,0.58,0.58,10.99,False,
6585,2025-03-10,1,T4,C13,21,128,2.33,2.33,10.99,False,
6586,2025-03-10,1,T3,C16,18,101,0.949,0.949,1.49,False,
6587,2025-03-10,1,T1,C11,8,111,0.848,0.848,1.59,False,
6588,2025-03-10,1,T2,C13,9,104,1.16,1.16,1.99,False,
6589,2025-03-10,1,T1,C13,8,104,0.772,0.772,1.99,False,
6590,2025-03-10,1,T5,C14,8,159,1.543,1.694,12.99,True,no_tare
6591,2025-03-10,1,T4,C14,21,159,1.384,1.384,12.99,False,
6592,2025-03-10,1,T5,C16,10,106,0.615,0.615,3.99,False,
6593,2025-03-10,1,T2,C15,8,127,0.845,0.845,8.99,False,
6594,2025-03-10,1,T1,C15,10,101,2.008,2.008,1.49,False,
6595,2025-03-10,1,T1,C13,13,104,1.264,1.264,1.99,False,
6596,2025-03-10,1,T3,C11,13,111,0.602,0.602,1.59,False,
6597,2025-03-10,1,T1,C14,14,128,0.248,0.248,10.99,False,
6598,2025-03-10,1,T1,C11,17,106,0.197,0.197,3.99,False,
6599,2025-03-10,1,T4,C16,9,127,1.191,1.191,8.99,False,
6600,2025-03-10,1,T5,C15,18,129,0.456,0.456,9.49,False,
6601,2025-03-10,1,T2,C12,13,101,1.945,1.945,1.49,False,
6602,2025-03-10,1,T5,C11,19,111,3.201,3.201,1.59,False,
6603,2025-03-10,1,T4,C13,17,104,0.483,0.483,1.99,False,
6604,2025-03-10,1,T4,C13,12,106,1.67,1.67,3.99,False,
6605,2025-03-10,1,T5,C12,11,128,2.307,2.307,10.99,False,
6606,2025-03-10,1,T2,C14,16,105,0.343,0.343,3.49,False,
6607,2025-03-10,1,T1,C12,15,110,1.679,1.679,1.29,False,
6608,2025-03-10,1,T4,C13,15,130,1.338,1.338,21.99,False,
6609,2025-03-10,1,T1,C12,20,111,1.883,1.883,1.59,False,
6610,2025-03-10,1,T1,C16,14,129,1.181,1.181,9.49,False,
6611,2025-03-10,1,T3,C13,14,106,2.989,2.989,3.99,False,
6612,2025-03-10,1,T1,C14,14,110,1.068,1.068,1.29,False,
6613,2025-03-10,1,T5,C13,20,130,0.542,0.542,21.99,False,
6614,2025-03-10,1,T3,C16,13,110,0.868,0.868,1.29,False,
6615,2025-03-10,1,T2,C14,8,111,1.191,1.191,1.59,False,
6616,2025-03-10,1,T4,C11,8,129,0.622,0.622,9.49,False,
6617,2025-03-10,1,T4,C11,7,106,1.503,1.503,3.99,False,
6618,2025-03-10,1,T3,C13,18,111,1.832,1.832,1.59,False,
6619,2025-03-10,1,T1,C13,19,128,0.455,0.455,10.99,False,
6620,2025-03-10,1,T4,C15,8,159,0.702,0.702,12.99,False,
6621,2025-03-10,1,T5,C12,12,129,0.781,0.781,9.49,False,
6622,2025-03-10,1,T4,C16,15,159,2.569,2.691,12.99,True,no_tare
6623,2025-03-10,1,T2,C13,12,128,0.407,0.407,10.99,False,
6624,2025-03-10,1,T1,C15,9,101,1.648,1.648,1.49,False,
6625,2025-03-10,1,T4,C12,17,130,1.583,1.583,21.99,False,
6626,2025-03-10,1,T1,C16,12,128,1.818,1.818,10.99,False,
6627,2025-03-10,1,T5,C12,21,128,0.838,0.838,10.99,False,
6628,2025-03-10,1,T2,C13,8,159,1.011,1.011,12.99,False,
7161,2025-03-11,1,T4,C16,9,104,0.935,0.935,1.99,False,
7162,2025-03-11,1,T3,C14,14,104,0.244,0.244,1.99,False,
7163,2025-03-11,1,T2,C11,19,159,1.156,1.156,12.99,False,
7164,2025-03-11,1,T2,C12,21,111,1.114,1.114,1.59,False,
7165,2025-03-11,1,T5,C14,14,128,2.08,2.08,10.99,False,
7166,2025-03-11,1,T5,C16,11,111,0.416,0.416,1.59,False,
7167,2025-03-11,1,T3,C11,9,129,1.153,1.153,9.49,False,
7168,2025-03-11,1,T1,C11,10,127,0.602,0.602,8.99,False,
7169,2025-03-11,1,T1,C11,21,106,0.861,0.861,3.99,True,wrong_plu
7170,2025-03-11,1,T5,C13,15,104,1.298,1.298,1.99,False,
7171,2025-03-11,1,T2,C16,15,128,1.679,1.679,10.99,False,
7172,2025-03-11,1,T1,C15,11,105,0.38,0.38,3.49,False,
7173,2025-03-11,1,T2,C13,19,104,1.332,1.332,1.99,False,
7174,2025-03-11,1,T4,C13,7,127,1.092,1.092,8.99,False,
7175,2025-03-11,1,T2,C15,19,106,1.652,1.652,3.99,False,
7176,2025-03-11,1,T3,C15,8,127,1.318,1.318,8.99,False,
7177,2025-03-11,1,T3,C16,8,104,0.906,0.906,1.99,False,
7178,2025-03-11,1,T3,C16,16,110,1.352,1.352,1.29,False,
7179,2025-03-11,1,T5,C14,10,111,1.665,1.665,1.59,False,
7180,2025-03-11,1,T5,C14,20,106,0.751,0.751,3.99,False,
7181,2025-03-11,1,T5,C16,8,106,3.23,3.23,3.99,False,
7182,2025-03-11,1,T3,C16,16,105,1.285,1.285,3.49,False,
7183,2025-03-11,1,T2,C14,19,130,0.97,0.97,21.99,False,
7184,2025-03-11,1,T3,C13,18,111,0.917,0.917,1.59,False,
7185,2025-03-11,1,T2,C11,15,111,1.173,1.173,1.59,False,
7186,2025-03-11,1,T4,C13,15,130,1.206,1.206,21.99,False,
7187,2025-03-11,1,T2,C14,11,104,0.853,0.853,1.99,False,
7188,2025-03-11,1,T5,C14,12,128,1.803,1.803,10.99,False,
7189,2025-03-11,1,T4,C14,9,101,1.771,1.771,1.49,False,
7190,2025-03-11,1,T2,C14,10,129,4.207,4.207,9.49,False,
7191,2025-03-11,1,T3,C15,14,111,1.414,1.414,1.59,False,
7192,2025-03-11,1,T3,C11,15,159,0.265,0.265,12.99,False,
7193,2025-03-11,1,T5,C11,14,101,0.575,0.575,1.49,False,
7194,2025-03-11,1,T2,C15,21,105,1.689,1.689,3.49,False,
7195,2025-03-11,1,T3,C15,9,106,0.948,0.948,3.99,False,
7196,2025-03-11,1,T2,C13,21,127,0.695,0.695,8.99,False,
7197,2025-03-11,1,T5,C13,9,106,0.459,0.459,3.99,False,
7198,2025-03-11,1,T4,C11,8,130,0.991,0.991,21.99,False,
7199,2025-03-11,1,T1,C15,10,101,1.477,1.477,1.49,False,
7200,2025-03-11,1,T5,C15,8,128,1.037,1.037,10.99,False,
7201,2025-03-11,1,T2,C15,19,128,1.455,1.455,10.99,False,
7202,2025-03-11,1,T2,C12,14,159,2.182,2.182,12.99,False,
7203,2025-03-11,1,T4,C14,9,127,0.852,0.852,8.99,False,
7204,2025-03-11,1,T3,C13,20,130,0.993,0.993,21.99,False,
7205,2025-03-11,1,T2,C14,10,130,0.487,0.487,21.99,False,
7206,2025-03-11,1,T5,C16,14,159,1.765,1.935,12.99,True,no_tare
7207,2025-03-11,1,T2,C16,15,105,1.216,1.216,3.49,False,
7208,2025-03-11,1,T4,C14,18,130,1.344,1.344,21.99,False,
7209,2025-03-11,1,T2,C12,14,127,2.714,2.714,8.99,False,
7210,2025-03-11,1,T2,C15,8,128,0.75,0.75,10.99,False,
7211,2025-03-11,1,T3,C15,13,104,0.678,0.678,1.99,False,
7212,2025-03-11,1,T5,C13,12,105,0.558,0.558,3.49,False,
7213,2025-03-11,1,T5,C16,18,111,0.391,0.391,1.59,False,
7214,2025-03-11,1,T3,C14,10,101,3.226,3.226,1.49,False,
7215,2025-03-11,1,T5,C11,20,128,1.568,1.568,10.99,False,
7216,2025-03-11,1,T4,C16,19,104,0.515,0.515,1.99,False,
7217,2025-03-11,1,T4,C16,10,128,0.702,0.702,10.99,False,
7218,2025-03-11,1,T3,C12,20,111,1.343,1.343,1.59,False,
7219,2025-03-11,1,T1,C15,10,106,1.752,1.752,3.99,False,
7220,2025-03-11,1,T3,C14,9,101,2.03,2.03,1.49,False,
7221,2025-03-11,1,T4,C14,16,128,0.738,0.738,10.99,False,
7222,2025-03-11,1,T5,C11,17,129,0.868,0.868,9.49,False,
7223,2025-03-11,1,T3,C13,20,101,0.875,0.875,1.49,False,
7224,2025-03-11,1,T5,C11,20,159,0.624,0.624,12.99,False,
7225,2025-03-11,1,T4,C15,15,129,0.882,1.02,9.49,True,no_tare
7226,2025-03-11,1,T4,C14,9,110,1.647,1.647,1.29,False,
7227,2025-03-11,1,T5,C11,17,129,1.441,1.441,9.49,False,
7228,2025-03-11,1,T4,C15,14,159,1.342,1.342,12.99,False,
7229,2025-03-11,1,T4,C12,8,111,0.835,0.835,1.59,False,
7230,2025-03-11,1,T2,C13,17,104,0.967,0.967,1.99,False,
7231,2025-03-11,1,T3,C12,19,159,1.066,1.066,12.99,False,
7232,2025-03-11,1,T4,C16,19,104,0.513,0.513,1.99,False,
7233,2025-03-11,1,T2,C12,16,130,0.843,0.843,21.99,False,
7234,2025-03-11,1,T3,C14,14,129,1.917,1.917,9.49,False,
7235,2025-03-11,1,T3,C15,10,105,0.722,0.722,3.49,False,
7236,2025-03-11,1,T2,C14,8,159,1.197,1.197,12.99,False,
7237,2025-03-11,1,T1,C13,16,106,2.152,2.152,3.99,False,
7238,2025-03-11,1,T1,C12,12,110,1.373,1.373,1.29,False,
7239,2025-03-11,1,T4,C12,10,106,0.914,0.914,3.99,False,
7240,2025-03-11,1,T1,C12,21,159,0.995,0.995,12.99,False,
7241,2025-03-11,1,T2,C15,17,105,1.765,1.765,3.49,False,
7242,2025-03-11,1,T3,C11,21,104,0.509,0.509,1.99,False,
7243,2025-03-11,1,T3,C11,20,101,2.248,2.248,1.49,False,
7244,2025-03-11,1,T4,C14,8,104,1.461,1.461,1.99,False,
7245,2025-03-11,1,T1,C12,13,159,0.744,0.744,12.99,False,
7246,2025-03-11,1,T5,C14,8,111,1.71,1.71,1.59,False,
7247,2025-03-11,1,T2,C15,11,129,0.805,0.805,9.49,False,
7248,2025-03-11,1,T1,C15,15,101,0.739,0.739,1.49,False,
7249,2025-03-11,1,T2,C12,18,128,1.723,1.723,10.99,False,
7250,2025-03-11,1,T5,C11,21,159,2.688,2.688,12.99,False,
7251,2025-03-11,1,T5,C14,15,159,0.269,0.269,12.99,False,
7252,2025-03-11,1,T4,C13,10,127,1.415,1.415,8.99,False,
7253,2025-03-11,1,T2,C14,15,105,1.086,1.086,3.49,False,
7254,2025-03-11,1,T4,C16,8,111,0.938,0.938,1.59,False,
7255,2025-03-11,1,T4,C16,8,129,1.318,1.318,9.49,False,
7256,2025-03-11,1,T2,C15,9,111,0.43,0.43,1.59,False,
7257,2025-03-11,1,T4,C13,21,101,1.81,1.81,1.49,True,wrong_plu
7258,2025-03-11,1,T5,C15,7,101,2.282,2.282,1.49,False,
7259,2025-03-11,1,T3,C12,11,105,1.667,1.667,3.49,False,
7260,2025-03-11,1,T2,C11,14,101,3.563,3.563,1.49,False,
7261,2025-03-11,1,T2,C15,7,128,1.013,1.013,10.99,False,
7262,2025-03-11,1,T3,C11,18,111,1.742,1.742,1.59,False,
7263,2025-03-11,1,T1,C15,11,127,0.588,0.681,8.99,True,no_tare
7264,2025-03-11,1,T4,C11,16,159,2.538,2.538,12.99,False,
7265,2025-03-11,1,T3,C14,9,104,1.117,1.117,1.99,False,
7266,2025-03-11,1,T3,C12,18,101,0.327,0.327,1.49,False,
7267,2025-03-11,1,T2,C12,10,128,3.571,3.571,10.99,False,
7268,2025-03-11,1,T3,C13,20,101,1.117,1.117,1.49,False,
7269,2025-03-11,1,T1,C16,7,111,1.189,1.189,1.59,False,
7270,2025-03-11,1,T4,C15,15,111,1.175,1.175,1.59,False,
7271,2025-03-11,1,T1,C11,11,101,1.399,1.399,1.49,False,
7272,2025-03-11,1,T1,C16,17,105,0.723,0.723,3.49,False,
7273,2025-03-11,1,T3,C11,8,129,1.236,1.236,9.49,False,
7274,2025-03-11,1,T2,C16,19,128,1.21,1.21,10.99,False,
7275,2025-03-11,1,T4,C15,12,130,0.336,0.336,21.99,False,
7276,2025-03-11,1,T5,C12,11,128,1.061,1.239,10.99,True,no_tare
7277,2025-03-11,1,T3,C12,9,127,0.515,0.515,8.99,False,
7278,2025-03-11,1,T1,C16,17,104,0.779,0.779,1.99,False,
7279,2025-03-11,1,T1,C15,9,110,1.066,1.066,1.29,False,
7280,2025-03-11,1,T2,C12,14,127,2.175,2.175,8.99,False,
7281,2025-03-11,1,T5,C12,15,127,0.602,0.602,8.99,False,
7282,2025-03-11,1,T2,C14,13,127,1.297,1.297,8.99,False,
7283,2025-03-11,1,T1,C16,17,127,1.732,1.732,8.99,False,
7284,2025-03-11,1,T2,C12,19,104,0.724,0.724,1.99,False,
7285,2025-03-11,1,T3,C11,8,105,1.917,1.917,3.49,False,
7286,2025-03-11,1,T2,C14,14,105,2.108,2.108,3.49,False,
7287,2025-03-11,1,T2,C14,21,101,0.855,0.855,1.49,False,
7288,2025-03-11,1,T5,C12,19,130,0.985,0.985,21.99,False,
7289,2025-03-11,1,T2,C11,14,111,0.503,0.503,1.59,False,
7290,2025-03-11,1,T3,C13,10,127,1.242,1.242,8.99,False,
7291,2025-03-11,1,T5,C15,7,130,1.815,1.815,21.99,False,
7292,2025-03-11,1,T5,C15,18,104,2.07,2.07,1.99,False,
7293,2025-03-11,1,T1,C13,10,130,1.507,1.507,21.99,False,
7294,2025-03-11,1,T1,C16,8,110,0.817,0.817,1.29,False,
7295,2025-03-11,1,T1,C11,21,110,1.772,1.772,1.29,False,
7296,2025-03-11,1,T5,C16,21,129,0.981,0.981,9.49,False,
7297,2025-03-11,1,T5,C15,15,101,0.658,0.658,1.49,False,
7298,2025-03-11,1,T4,C14,13,128,1.914,1.914,10.99,False,
7299,2025-03-11,1,T1,C11,18,128,0.987,0.987,10.99,False,
7300,2025-03-11,1,T4,C12,11,110,0.979,0.979,1.29,False,
7301,2025-03-11,1,T3,C12,21,128,0.363,0.363,10.99,False,
7302,2025-03-11,1,T4,C16,8,111,1.195,1.195,1.59,False,
7303,2025-03-11,1,T1,C12,8,159,1.9,1.9,12.99,False,
7304,2025-03-11,1,T5,C12,14,105,1.117,1.117,3.49,False,
7305,2025-03-11,1,T5,C12,12,101,0.585,0.585,1.49,False,
7306,2025-03-11,1,T1,C16,10,129,0.602,0.602,9.49,False,
7307,2025-03-11,1,T2,C16,17,106,1.321,1.321,3.99,False,
7308,2025-03-11,1,T3,C16,11,159,0.989,0.989,12.99,False,
7309,2025-03-11,1,T4,C16,19,106,1.095,1.095,3.99,False,
7310,2025-03-11,1,T1,C15,13,128,0.82,0.82,10.99,False,
7311,2025-03-11,1,T4,C14,12,104,2.379,2.379,1.99,False,
7312,2025-03-11,1,T4,C13,8,106,0.438,0.438,3.99,False,
7313,2025-03-11,1,T3,C12,18,128,0.572,0.572,10.99,False,
7314,2025-03-11,1,T3,C14,8,127,1.016,1.016,8.99,False,
7315,2025-03-11,1,T2,C14,16,111,2.556,2.556,1.59,False,
7316,2025-03-11,1,T5,C13,7,159,0.435,0.435,12.99,False,
7317,2025-03-11,1,T3,C12,8,105,2.453,2.453,3.49,False,
7318,2025-03-11,1,T4,C11,20,129,0.863,0.863,9.49,False,
7319,2025-03-11,1,T4,C16,12,110,1.376,1.376,1.29,False,
7320,2025-03-11,1,T4,C14,10,159,1.223,1.223,12.99,False,
7321,2025-03-11,1,T4,C11,15,110,0.555,0.555,1.29,False,
7322,2025-03-11,1,T5,C16,21,110,1.447,1.447,1.29,False,
7323,2025-03-11,1,T4,C14,10,101,1.512,1.512,1.49,False,
7324,2025-03-11,1,T2,C16,17,101,2.115,2.115,1.49,False,
7325,2025-03-11,1,T1,C12,11,127,0.727,0.727,8.99,False,
7326,2025-03-11,1,T4,C11,13,104,0.875,0.875,1.99,False,
7327,2025-03-11,1,T2,C14,18,106,1.101,1.101,3.99,False,
7328,2025-03-11,1,T3,C14,8,111,0.13,0.13,1.59,False,
7329,2025-03-11,1,T4,C11,16,130,1.451,1.451,21.99,False,
7330,2025-03-11,1,T1,C16,9,127,1.392,1.392,8.99,False,
7331,2025-03-11,1,T1,C13,20,128,0.904,0.904,10.99,False,
7332,2025-03-11,1,T4,C16,11,130,1.143,1.143,21.99,False,
7333,2025-03-11,1,T5,C16,20,127,1.182,1.182,8.99,False,
7334,2025-03-11,1,T5,C13,9,110,2.507,2.507,1.29,False,
7335,2025-03-11,1,T4,C14,7,110,0.601,0.601,1.29,False,
7336,2025-03-11,1,T1,C15,21,110,0.344,0.344,1.29,False,
7337,2025-03-11,1,T1,C12,13,128,1.217,1.217,10.99,False,
7338,2025-03-11,1,T3,C12,14,104,1.051,1.051,1.99,False,
7339,2025-03-11,1,T5,C15,12,106,2.389,2.389,3.99,False,
7340,2025-03-11,1,T2,C14,21,127,0.612,0.612,8.99,False,
7341,2025-03-11,1,T5,C16,8,129,1.276,1.276,9.49,False,
7342,2025-03-11,1,T2,C13,8,110,0.471,0.471,1.29,False,
7343,2025-03-11,1,T3,C12,21,127,0.478,0.478,8.99,False,
7344,2025-03-11,1,T2,C16,9,104,0.714,0.714,1.99,False,
7345,2025-03-11,1,T4,C14,10,128,1.474,1.474,10.99,False,
7346,2025-03-11,1,T1,C14,21,106,1.085,1.085,3.99,False,
7347,2025-03-11,1,T5,C14,8,111,0.452,0.452,1.59,False,
7867,2025-03-12,1,T4,C13,17,110,0.282,0.282,1.29,False,
7868,2025-03-12,1,T2,C14,21,104,0.59,0.59,1.99,False,
7869,2025-03-12,1,T2,C11,11,128,0.388,0.388,10.99,False,
7870,2025-03-12,1,T3,C11,14,129,0.845,0.984,9.49,True,no_tare
7871,2025-03-12,1,T1,C16,18,130,2.477,2.477,21.99,False,
7872,2025-03-12,1,T4,C16,11,159,1.385,1.385,12.99,False,
7873,2025-03-12,1,T2,C13,19,110,0.719,0.719,1.29,False,
7874,2025-03-12,1,T1,C13,20,101,0.818,0.818,1.49,False,
7875,2025-03-12,1,T2,C13,20,104,0.793,0.793,1.99,False,
7876,2025-03-12,1,T2,C15,8,111,0.474,0.474,1.59,False,
7877,2025-03-12,1,T1,C14,12,159,3.001,3.001,12.99,False,
7878,2025-03-12,1,T4,C11,10,128,1.048,1.048,10.99,False,
7879,2025-03-12,1,T1,C15,17,128,1.342,1.342,10.99,False,
7880,2025-03-12,1,T3,C11,20,111,2.43,2.43,1.59,False,
7881,2025-03-12,1,T4,C13,10,128,1.029,1.029,10.99,False,
7882,2025-03-12,1,T2,C14,10,105,1.723,1.723,3.49,False,
7883,2025-03-12,1,T2,C16,9,106,1.012,1.012,3.99,False,
7884,2025-03-12,1,T5,C16,19,106,2.291,2.291,3.99,False,
7885,2025-03-12,1,T3,C15,10,104,1.419,1.419,1.99,False,
7886,2025-03-12,1,T5,C11,9,111,3.56,3.56,1.59,False,
7887,2025-03-12,1,T5,C13,10,106,0.564,0.564,3.99,False,
7888,2025-03-12,1,T5,C12,17,104,1.97,1.97,1.99,False,
7889,2025-03-12,1,T2,C15,16,128,0.555,0.555,10.99,False,
7890,2025-03-12,1,T3,C13,7,104,1.095,1.095,1.99,False,
7891,2025-03-12,1,T1,C15,11,110,0.705,0.705,1.29,False,
7892,2025-03-12,1,T5,C14,19,159,0.87,0.87,12.99,False,
7893,2025-03-12,1,T2,C11,7,127,0.624,0.624,8.99,False,
7894,2025-03-12,1,T5,C15,7,130,0.5,0.5,21.99,False,
7895,2025-03-12,1,T5,C13,13,128,2.042,2.042,10.99,False,
7896,2025-03-12,1,T4,C15,20,110,1.514,1.514,1.29,False,
7897,2025-03-12,1,T2,C14,17,111,0.948,0.948,1.59,False,
7898,2025-03-12,1,T3,C15,16,128,1.43,1.43,10.99,False,
7899,2025-03-12,1,T3,C14,13,127,0.429,0.429,8.99,False,
7900,2025-03-12,1,T3,C16,17,101,1.767,1.767,1.49,False,
7901,2025-03-12,1,T1,C15,8,159,1.304,1.304,12.99,False,
7902,2025-03-12,1,T4,C16,14,105,0.737,0.737,3.49,False,
7903,2025-03-12,1,T4,C13,10,101,1.589,1.589,1.49,False,
7904,2025-03-12,1,T1,C16,16,111,0.391,0.391,1.59,False,
7905,2025-03-12,1,T3,C12,8,128,0.467,0.467,10.99,False,
7906,2025-03-12,1,T5,C11,8,104,2.074,2.074,1.99,False,
7907,2025-03-12,1,T5,C15,17,130,1.284,1.284,21.99,False,
7908,2025-03-12,1,T2,C14,13,111,1.553,1.553,1.59,False,
7909,2025-03-12,1,T3,C11,15,105,1.098,1.098,3.49,False,
7910,2025-03-12,1,T4,C16,9,129,1.762,1.762,9.49,False,
7911,2025-03-12,1,T5,C13,20,130,0.532,0.532,21.99,False,
7912,2025-03-12,1,T4,C16,17,101,1.519,1.519,1.49,False,
7913,2025-03-12,1,T1,C16,14,130,1.248,1.248,21.99,False,
7914,2025-03-12,1,T4,C13,19,104,1.35,1.35,1.99,False,
7915,2025-03-12,1,T2,C16,12,127,1.02,1.02,8.99,False,
7916,2025-03-12,1,T2,C11,10,101,3.209,3.209,1.49,False,
7917,2025-03-12,1,T4,C15,15,106,0.608,0.608,3.99,False,
7918,2025-03-12,1,T3,C13,13,129,2.081,2.081,9.49,False,
7919,2025-03-12,1,T1,C16,8,101,0.474,0.474,1.49,False,
7920,2025-03-12,1,T5,C13,10,110,0.775,0.775,1.29,False,
7921,2025-03-12,1,T1,C13,21,111,0.407,0.407,1.59,False,
7922,2025-03-12,1,T5,C13,11,129,0.707,0.707,9.49,False,
7923,2025-03-12,1,T2,C16,13,127,0.893,1.085,8.99,True,no_tare
7924,2025-03-12,1,T4,C14,20,101,2.238,2.238,1.49,False,
7925,2025-03-12,1,T2,C15,15,110,1.58,1.58,1.29,False,
7926,2025-03-12,1,T2,C11,14,101,0.61,0.61,1.49,False,
7927,2025-03-12,1,T3,C16,7,127,1.334,1.334,8.99,False,
7928,2025-03-12,1,T1,C14,21,128,1.195,1.195,10.99,False,
7929,2025-03-12,1,T1,C12,8,129,2.109,2.109,9.49,False,
7930,2025-03-12,1,T5,C11,7,128,1.135,1.135,10.99,False,
7931,2025-03-12,1,T4,C16,19,111,1.247,1.247,1.59,False,
7932,2025-03-12,1,T5,C14,19,110,0.639,0.639,1.29,False,
7933,2025-03-12,1,T5,C13,21,128,1.082,1.082,10.99,False,
7934,2025-03-12,1,T3,C16,18,159,0.674,0.674,12.99,False,
7935,2025-03-12,1,T1,C15,15,129,1.319,1.319,9.49,False,
7936,2025-03-12,1,T2,C15,14,104,0.778,0.778,1.99,False,
7937,2025-03-12,1,T1,C14,17,111,1.42,1.42,1.59,False,
7938,2025-03-12,1,T1,C13,12,129,1.429,1.429,9.49,False,
7939,2025-03-12,1,T1,C12,18,111,0.492,0.492,1.59,False,
7940,2025-03-12,1,T2,C14,8,105,0.253,0.253,3.49,False,
7941,2025-03-12,1,T5,C15,15,106,1.369,1.369,3.99,False,
7942,2025-03-12,1,T4,C11,10,101,1.512,1.512,1.49,False,
7943,2025-03-12,1,T5,C12,7,101,1.495,1.495,1.49,False,
7944,2025-03-12,1,T3,C11,9,105,0.492,0.492,3.49,False,
7945,2025-03-12,1,T4,C14,13,106,0.134,0.134,3.99,False,
7946,2025-03-12,1,T2,C16,10,106,0.832,0.832,3.99,False,
7947,2025-03-12,1,T2,C15,20,101,1.934,1.934,1.49,False,
7948,2025-03-12,1,T4,C11,11,127,0.223,0.223,8.99,False,
7949,2025-03-12,1,T3,C11,9,111,3.397,3.397,1.59,False,
7950,2025-03-12,1,T3,C13,10,110,1.142,1.142,1.29,False,
7951,2025-03-12,1,T2,C16,11,111,1.155,1.155,1.59,False,
7952,2025-03-12,1,T3,C13,12,130,1.222,1.222,21.99,False,
7953,2025-03-12,1,T1,C16,10,104,1.424,1.424,1.99,False,
7954,2025-03-12,1,T5,C15,12,127,1.231,1.231,8.99,False,
7955,2025-03-12,1,T3,C14,18,128,1.608,1.608,10.99,False,
7956,2025-03-12,1,T5,C12,10,130,1.099,1.099,21.99,False,
7957,2025-03-12,1,T4,C12,17,129,0.555,0.555,9.49,False,
7958,2025-03-12,1,T5,C16,8,110,0.859,0.859,1.29,False,
7959,2025-03-12,1,T4,C14,12,159,0.61,0.61,12.99,False,
7960,2025-03-12,1,T4,C12,17,159,0.36,0.36,12.99,False,
7961,2025-03-12,1,T1,C12,12,127,0.417,0.417,8.99,False,
7962,2025-03-12,1,T2,C11,20,130,1.151,1.151,21.99,False,
7963,2025-03-12,1,T3,C14,21,129,0.928,0.928,9.49,False,
7964,2025-03-12,1,T3,C15,18,159,1.042,1.042,12.99,False,
7965,2025-03-12,1,T2,C15,15,101,0.693,0.693,1.49,False,
7966,2025-03-12,1,T4,C13,17,105,0.495,0.495,3.49,False,
7967,2025-03-12,1,T5,C12,8,127,0.841,0.841,8.99,False,
7968,2025-03-12,1,T4,C11,7,104,1.122,1.122,1.99,False,
7969,2025-03-12,1,T5,C14,13,105,1.547,1.547,3.49,False,
7970,2025-03-12,1,T1,C16,14,130,1.975,1.975,21.99,False,
7971,2025-03-12,1,T1,C14,14,129,0.566,0.566,9.49,False,
7972,2025-03-12,1,T4,C12,7,130,1.388,1.388,21.99,False,
7973,2025-03-12,1,T5,C11,10,105,1.049,1.049,3.49,False,
7974,2025-03-12,1,T4,C13,12,129,0.773,0.773,9.49,False,
7975,2025-03-12,1,T5,C12,19,128,0.625,0.625,10.99,False,
7976,2025-03-12,1,T3,C13,12,106,1.451,1.451,3.99,False,
7977,2025-03-12,1,T5,C14,7,105,1.103,1.103,3.49,False,
7978,2025-03-12,1,T1,C12,15,101,2.479,2.479,1.49,False,
7979,2025-03-12,1,T2,C12,16,104,0.832,0.832,1.99,False,
7980,2025-03-12,1,T1,C15,20,129,0.95,0.95,9.49,False,
7981,2025-03-12,1,T1,C13,19,110,2.506,2.506,1.29,False,
7982,2025-03-12,1,T2,C13,19,128,0.486,0.486,10.99,False,
7983,2025-03-12,1,T2,C14,15,127,1.028,1.028,8.99,False,
7984,2025-03-12,1,T5,C13,17,111,0.461,0.461,1.59,False,
7985,2025-03-12,1,T4,C15,11,104,1.725,1.725,1.99,False,
7986,2025-03-12,1,T2,C14,16,130,0.731,0.731,21.99,False,
7987,2025-03-12,1,T2,C13,12,101,0.612,0.612,1.49,False,
7988,2025-03-12,1,T2,C15,15,101,2.393,2.393,1.49,False,
7989,2025-03-12,1,T2,C11,21,128,0.443,0.575,10.99,True,no_tare
7990,2025-03-12,1,T4,C15,16,110,1.862,1.862,1.29,False,
7991,2025-03-12,1,T4,C11,8,106,1.349,1.349,3.99,False,
7992,2025-03-12,1,T4,C16,13,104,2.277,2.277,1.99,False,
7993,2025-03-12,1,T5,C12,8,127,0.958,0.958,8.99,False,
7994,2025-03-12,1,T3,C14,10,104,1.64,1.64,1.99,False,
7995,2025-03-12,1,T4,C12,8,110,1.177,1.177,1.29,False,
7996,2025-03-12,1,T5,C16,14,101,1.202,1.202,1.49,False,
7997,2025-03-12,1,T3,C11,18,110,1.902,1.902,1.29,False,
7998,2025-03-12,1,T5,C12,10,130,0.58,0.58,21.99,False,
7999,2025-03-12,1,T5,C11,21,110,0.597,0.597,1.29,False,
8000,2025-03-12,1,T2,C14,15,110,1.354,1.354,1.29,False,
8001,2025-03-12,1,T3,C12,14,128,0.797,0.915,10.99,True,no_tare
8002,2025-03-12,1,T5,C14,7,111,2.775,2.775,1.59,False,
8003,2025-03-12,1,T4,C15,9,130,0.848,0.848,21.99,False,
8004,2025-03-12,1,T5,C15,9,105,1.382,1.382,3.49,False,
8005,2025-03-12,1,T4,C16,15,106,2.428,2.428,3.99,False,
8006,2025-03-12,1,T5,C15,10,127,1.436,1.436,8.99,False,
8007,2025-03-12,1,T5,C11,21,159,0.578,0.578,12.99,False,
8008,2025-03-12,1,T4,C15,11,101,1.3,1.3,1.49,False,
8009,2025-03-12,1,T2,C16,11,111,1.392,1.392,1.59,False,
8010,2025-03-12,1,T2,C15,8,105,0.441,0.441,3.49,False,
8011,2025-03-12,1,T1,C15,19,127,0.926,0.926,8.99,False,
8012,2025-03-12,1,T3,C15,19,111,0.37,0.37,1.59,False,
8013,2025-03-12,1,T2,C13,9,110,0.54,0.54,1.29,False,
8014,2025-03-12,1,T3,C13,8,106,2.247,2.247,3.99,False,
8015,2025-03-12,1,T3,C14,12,128,2.262,2.262,10.99,False,
8016,2025-03-12,1,T2,C14,8,104,1.262,1.262,1.99,False,
8017,2025-03-12,1,T4,C14,12,105,0.814,0.814,3.49,False,
8018,2025-03-12,1,T2,C13,19,101,1.393,1.393,1.49,False,
8019,2025-03-12,1,T2,C14,20,159,0.768,0.768,12.99,False,
8020,2025-03-12,1,T4,C14,12,129,1.083,1.083,9.49,False,
8021,2025-03-12,1,T3,C15,11,106,0.853,0.853,3.99,False,
8022,2025-03-12,1,T4,C11,19,129,1.554,1.554,9.49,False,
8023,2025-03-12,1,T1,C14,16,106,0.638,0.638,3.99,False,
8024,2025-03-12,1,T2,C11,12,110,1.609,1.609,1.29,False,
8025,2025-03-12,1,T3,C14,19,101,0.578,0.578,1.49,False,
8026,2025-03-12,1,T1,C14,20,129,1.717,1.717,9.49,False,
8027,2025-03-12,1,T4,C16,17,127,1.265,1.265,8.99,False,
8028,2025-03-12,1,T2,C14,9,104,0.75,0.75,1.99,False,
8029,2025-03-12,1,T1,C13,8,101,0.566,0.566,1.49,False,
8030,2025-03-12,1,T5,C15,7,128,0.936,0.936,10.99,False,
8031,2025-03-12,1,T5,C11,7,130,0.898,0.898,21.99,False,
8032,2025-03-12,1,T4,C14,21,104,1.167,1.167,1.99,False,
8033,2025-03-12,1,T1,C11,20,101,2.061,2.061,1.49,False,
8034,2025-03-12,1,T5,C14,17,128,0.923,0.923,10.99,False,
8035,2025-03-12,1,T1,C14,11,101,1.125,1.125,1.49,False,
8036,2025-03-12,1,T3,C13,13,130,1.646,1.646,21.99,False,
8037,2025-03-12,1,T5,C13,14,106,0.291,0.291,3.99,False,
8038,2025-03-12,1,T2,C12,14,128,0.419,0.419,10.99,False,
8039,2025-03-12,1,T2,C13,20,130,1.794,1.794,21.99,False,
8040,2025-03-12,1,T4,C12,13,128,1.998,1.998,10.99,False,
8041,2025-03-12,1,T1,C13,21,129,0.721,0.721,9.49,False,
8042,2025-03-12,1,T4,C16,19,106,2.149,2.149,3.99,False,
8043,2025-03-12,1,T4,C14,13,159,1.31,1.31,12.99,False,
8044,2025-03-12,1,T2,C16,15,130,1.269,1.269,21.99,False,
8045,2025-03-12,1,T5,C13,7,127,0.727,0.727,8.99,False,
8544,2025-03-13,1,T3,C13,10,127,1.947,1.947,8.99,False,
8545,2025-03-13,1,T5,C14,8,128,0.537,0.537,10.99,False,
8546,2025-03-13,1,T2,C12,14,159,2.397,2.397,12.99,False,
8547,2025-03-13,1,T5,C15,9,105,0.395,0.395,3.49,False,
8548,2025-03-13,1,T1,C14,9,111,0.604,0.604,1.59,False,
8549,2025-03-13,1,T1,C16,14,130,1.053,1.053,21.99,False,
8550,2025-03-13,1,T1,C13,15,105,0.723,0.723,3.49,False,
8551,2025-03-13,1,T5,C14,20,105,2.776,2.776,3.49,False,
8552,2025-03-13,1,T2,C16,11,105,0.257,0.257,3.49,False,
8553,2025-03-13,1,T5,C15,10,106,0.913,0.913,3.99,False,
8554,2025-03-13,1,T1,C12,20,101,1.018,1.018,1.49,False,
8555,2025-03-13,1,T4,C14,14,129,1.097,1.097,9.49,False,
8556,2025-03-13,1,T3,C16,21,105,0.538,0.538,3.49,False,
8557,2025-03-13,1,T5,C14,9,105,1.127,1.127,3.49,False,
8558,2025-03-13,1,T2,C11,10,159,1.393,1.393,12.99,False,
8559,2025-03-13,1,T5,C15,13,128,2.851,2.851,10.99,False,
8560,2025-03-13,1,T4,C15,10,127,1.12,1.218,8.99,True,no_tare
8561,2025-03-13,1,T5,C16,15,101,1.939,1.939,1.49,False,
8562,2025-03-13,1,T5,C16,12,104,1.025,1.025,1.99,False,
8563,2025-03-13,1,T5,C13,19,129,1.157,1.157,9.49,False,
8564,2025-03-13,1,T5,C11,16,111,0.506,0.506,1.59,False,
8565,2025-03-13,1,T1,C11,18,111,0.412,0.412,1.59,False,
8566,2025-03-13,1,T3,C15,9,110,1.738,1.738,1.29,False,
8567,2025-03-13,1,T5,C12,13,130,2.054,2.054,21.99,False,
8568,2025-03-13,1,T1,C14,20,101,4.09,4.09,1.49,False,
8569,2025-03-13,1,T5,C11,17,104,0.472,0.472,1.99,False,
8570,2025-03-13,1,T3,C15,12,130,0.174,0.174,21.99,False,
8571,2025-03-13,1,T3,C15,20,130,1.524,1.524,21.99,False,
8572,2025-03-13,1,T4,C15,18,110,1.123,1.123,1.29,False,
8573,2025-03-13,1,T3,C12,14,105,0.355,0.355,3.49,False,
8574,2025-03-13,1,T5,C15,17,129,1.519,1.519,9.49,False,
8575,2025-03-13,1,T3,C12,20,127,2.197,2.197,8.99,False,
8576,2025-03-13,1,T4,C16,21,129,0.834,0.834,9.49,False,
8577,2025-03-13,1,T3,C15,11,104,0.632,0.632,1.99,False,
8578,2025-03-13,1,T4,C15,7,111,1.356,1.356,1.59,False,
8579,2025-03-13,1,T4,C15,18,111,1.187,1.187,1.59,False,
8580,2025-03-13,1,T4,C14,19,128,0.279,0.279,10.99,False,
8581,2025-03-13,1,T4,C16,19,127,2.193,2.193,8.99,False,
8582,2025-03-13,1,T5,C11,14,106,1.19,1.19,3.99,False,
8583,2025-03-13,1,T3,C14,14,101,0.954,0.954,1.49,False,
8584,2025-03-13,1,T5,C11,16,105,1.254,1.254,3.49,False,
8585,2025-03-13,1,T2,C13,18,101,1.176,1.176,1.49,False,
8586,2025-03-13,1,T2,C12,18,110,1.207,1.207,1.29,False,
8587,2025-03-13,1,T2,C12,17,130,0.367,0.367,21.99,False,
8588,2025-03-13,1,T3,C14,11,111,1.144,1.144,1.59,False,
8589,2025-03-13,1,T2,C15,13,128,0.905,0.905,10.99,False,
8590,2025-03-13,1,T2,C13,11,110,2.759,2.759,1.29,False,
8591,2025-03-13,1,T2,C12,15,106,1.661,1.661,3.99,False,
8592,2025-03-13,1,T5,C12,20,128,2.586,2.586,10.99,False,
8593,2025-03-13,1,T2,C15,9,159,2.064,2.064,12.99,False,
8594,2025-03-13,1,T1,C14,20,110,1.783,1.783,1.29,False,
8595,2025-03-13,1,T5,C15,19,127,1.128,1.128,8.99,False,
8596,2025-03-13,1,T1,C15,19,129,0.255,0.255,9.49,False,
8597,2025-03-13,1,T1,C15,16,105,1.854,1.854,3.49,False,
8598,2025-03-13,1,T3,C12,20,129,0.864,0.864,9.49,False,
8599,2025-03-13,1,T4,C15,10,129,1.23,1.23,9.49,False,
8600,2025-03-13,1,T5,C15,21,101,1.366,1.366,1.49,False,
8601,2025-03-13,1,T3,C13,14,130,0.807,0.807,21.99,False,
8602,2025-03-13,1,T3,C11,12,105,1.158,1.158,3.49,False,
8603,2025-03-13,1,T1,C13,14,127,0.889,0.889,8.99,False,
8604,2025-03-13,1,T4,C12,17,130,0.203,0.203,21.99,False,
8605,2025-03-13,1,T3,C12,19,127,2.38,2.38,8.99,False,
8606,2025-03-13,1,T3,C12,11,110,0.24,0.24,1.29,False,
8607,2025-03-13,1,T1,C12,8,127,1.424,1.424,8.99,False,
8608,2025-03-13,1,T5,C16,10,130,0.445,0.445,21.99,False,
8609,2025-03-13,1,T2,C11,11,159,2.948,2.948,12.99,False,
8610,2025-03-13,1,T5,C14,7,159,1.646,1.646,12.99,False,
8611,2025-03-13,1,T4,C14,14,105,1.546,1.546,3.49,False,
8612,2025-03-13,1,T4,C16,18,101,1.892,1.892,1.49,False,
8613,2025-03-13,1,T5,C13,20,159,0.69,0.69,12.99,False,
8614,2025-03-13,1,T3,C14,19,104,1.614,1.614,1.99,False,
8615,2025-03-13,1,T5,C14,16,128,0.393,0.393,10.99,False,
8616,2025-03-13,1,T1,C11,13,110,1.756,1.756,1.29,False,
8617,2025-03-13,1,T3,C14,21,159,0.593,0.593,12.99,False,
8618,2025-03-13,1,T2,C12,9,106,0.436,0.436,3.99,False,
8619,2025-03-13,1,T2,C13,18,127,0.591,0.591,8.99,False,
8620,2025-03-13,1,T1,C15,13,130,2.032,2.032,21.99,False,
8621,2025-03-13,1,T1,C13,10,129,0.461,0.461,9.49,False,
8622,2025-03-13,1,T4,C13,16,106,0.896,0.896,3.99,False,
8623,2025-03-13,1,T2,C11,18,101,0.555,0.555,1.49,False,
8624,2025-03-13,1,T3,C13,9,111,0.732,0.732,1.59,False,
8625,2025-03-13,1,T2,C14,19,111,0.541,0.541,1.59,False,
8626,2025-03-13,1,T4,C16,12,110,1.184,1.184,1.29,False,
8627,2025-03-13,1,T5,C12,10,105,1.864,1.864,3.49,False,
8628,2025-03-13,1,T2,C11,21,127,0.576,0.576,8.99,False,
8629,2025-03-13,1,T3,C14,13,101,0.569,0.569,1.49,False,
8630,2025-03-13,1,T1,C14,20,110,0.726,0.726,1.29,False,
8631,2025-03-13,1,T3,C14,15,127,0.044,0.044,8.99,False,
8632,2025-03-13,1,T1,C13,7,105,1.145,1.145,3.49,False,
8633,2025-03-13,1,T3,C16,18,127,0.556,0.556,8.99,False,
8634,2025-03-13,1,T4,C14,13,110,2.28,2.28,1.29,False,
8635,2025-03-13,1,T1,C15,18,104,0.789,0.789,1.99,False,
8636,2025-03-13,1,T4,C15,16,129,1.062,1.062,9.49,False,
8637,2025-03-13,1,T3,C16,12,128,2.375,2.375,10.99,False,
8638,2025-03-13,1,T3,C15,12,128,0.722,0.722,10.99,False,
8639,2025-03-13,1,T1,C11,20,104,0.533,0.533,1.99,False,
8640,2025-03-13,1,T2,C12,11,111,1.176,1.176,1.59,False,
8641,2025-03-13,1,T5,C16,11,106,1.153,1.153,3.99,False,
8642,2025-03-13,1,T1,C11,16,111,1.492,1.492,1.59,False,
8643,2025-03-13,1,T5,C11,11,105,0.372,0.372,3.49,False,
8644,2025-03-13,1,T1,C16,13,127,1.003,1.003,8.99,False,
8645,2025-03-13,1,T3,C13,11,111,0.67,0.67,1.59,False,
8646,2025-03-13,1,T1,C12,19,128,0.999,0.999,10.99,False,
8647,2025-03-13,1,T2,C12,16,105,0.583,0.583,3.49,False,
8648,2025-03-13,1,T3,C14,21,130,1.784,1.784,21.99,False,
8649,2025-03-13,1,T2,C13,20,101,2.492,2.492,1.49,False,
8650,2025-03-13,1,T4,C16,13,110,0.974,0.974,1.29,False,
8651,2025-03-13,1,T4,C14,19,104,0.575,0.575,1.99,False,
8652,2025-03-13,1,T2,C12,16,106,0.625,0.625,3.99,False,
8653,2025-03-13,1,T4,C13,20,129,1.112,1.112,9.49,False,
8654,2025-03-13,1,T2,C11,14,127,1.535,1.535,8.99,False,
8655,2025-03-13,1,T2,C15,10,111,1.399,1.399,1.59,False,
8656,2025-03-13,1,T2,C15,11,101,0.468,0.468,1.49,False,
8657,2025-03-13,1,T4,C11,18,129,3.393,3.393,9.49,False,
8658,2025-03-13,1,T2,C16,17,106,0.622,0.622,3.99,False,
8659,2025-03-13,1,T4,C15,19,127,1.176,1.176,8.99,False,
8660,2025-03-13,1,T2,C14,7,127,1.621,1.621,8.99,False,
8661,2025-03-13,1,T3,C11,11,130,1.342,1.342,21.99,False,
8662,2025-03-13,1,T4,C11,11,130,0.818,0.818,21.99,False,
8663,2025-03-13,1,T2,C15,20,130,0.346,0.346,21.99,False,
8664,2025-03-13,1,T4,C16,16,106,0.836,0.836,3.99,False,
8665,2025-03-13,1,T1,C15,15,128,0.31,0.43,10.99,True,no_tare
8666,2025-03-13,1,T3,C15,11,130,1.319,1.319,21.99,False,
8667,2025-03-13,1,T1,C16,7,128,2.381,2.381,10.99,False,
8668,2025-03-13,1,T3,C15,17,101,0.924,0.924,1.49,False,
8669,2025-03-13,1,T4,C14,16,101,1.006,1.006,1.49,False,
8670,2025-03-13,1,T2,C13,7,101,2.049,2.049,1.49,False,
8671,2025-03-13,1,T3,C11,11,110,1.847,1.847,1.29,False,
8672,2025-03-13,1,T4,C14,13,159,1.149,1.149,12.99,False,
8673,2025-03-13,1,T5,C15,19,104,2.172,2.172,1.99,False,
8674,2025-03-13,1,T4,C14,19,127,1.171,1.171,8.99,False,
8675,2025-03-13,1,T5,C13,12,105,0.888,0.888,3.49,False,
8676,2025-03-13,1,T1,C11,21,106,1.52,1.52,3.99,False,
8677,2025-03-13,1,T5,C13,11,159,1.013,1.013,12.99,False,
8678,2025-03-13,1,T4,C16,14,127,1.766,1.766,8.99,False,
8679,2025-03-13,1,T2,C15,13,159,1.463,1.463,12.99,False,
8680,2025-03-13,1,T5,C16,21,129,1.381,1.381,9.49,False,
8681,2025-03-13,1,T4,C14,16,104,1.47,1.47,1.99,False,
8682,2025-03-13,1,T5,C11,8,129,0.526,0.608,9.49,True,no_tare
8683,2025-03-13,1,T3,C16,9,105,1.27,1.27,3.49,False,
8684,2025-03-13,1,T4,C14,13,128,1.367,1.367,10.99,False,
8685,2025-03-13,1,T2,C15,7,159,0.285,0.285,12.99,False,
8686,2025-03-13,1,T1,C12,18,130,1.749,1.749,21.99,False,
8687,2025-03-13,1,T2,C15,10,101,1.593,1.593,1.49,False,
8688,2025-03-13,1,T3,C13,9,106,1.271,1.271,3.99,False,
8689,2025-03-13,1,T4,C11,21,110,0.932,0.932,1.29,False,
8690,2025-03-13,1,T3,C14,14,105,1.454,1.454,3.49,False,
8691,2025-03-13,1,T5,C15,11,111,0.618,0.618,1.59,False,
8692,2025-03-13,1,T5,C16,18,129,1.85,1.85,9.49,False,
8693,2025-03-13,1,T4,C12,17,105,1.007,1.007,3.49,False,
8694,2025-03-13,1,T2,C15,10,129,1.74,1.74,9.49,False,
8695,2025-03-13,1,T4,C13,19,106,0.734,0.734,3.99,False,
8696,2025-03-13,1,T1,C11,8,104,2.041,2.041,1.99,False,
8697,2025-03-13,1,T1,C13,7,111,0.428,0.428,1.59,False,
8698,2025-03-13,1,T3,C11,17,129,0.485,0.485,9.49,False,
8699,2025-03-13,1,T4,C13,9,159,1.708,1.708,12.99,False,
8700,2025-03-13,1,T1,C12,14,101,0.395,0.395,1.49,False,
8701,2025-03-13,1,T3,C12,8,110,0.229,0.229,1.29,False,
8702,2025-03-13,1,T3,C11,14,106,0.29,0.29,3.99,False,
8703,2025-03-13,1,T5,C15,16,104,1.886,1.886,1.99,False,
8704,2025-03-13,1,T5,C11,21,130,0.647,0.647,21.99,False,
8705,2025-03-13,1,T1,C13,12,106,0.938,0.938,3.99,False,
8706,2025-03-13,1,T2,C16,19,106,0.448,0.448,3.99,False,
8707,2025-03-13,1,T3,C12,15,104,1.648,1.648,1.99,False,
8708,2025-03-13,1,T5,C11,14,111,1.422,1.422,1.59,False,
8709,2025-03-13,1,T4,C12,19,106,0.316,0.316,3.99,False,
8710,2025-03-13,1,T3,C16,13,111,2.239,2.239,1.59,False,
8711,2025-03-13,1,T1,C15,14,104,0.927,0.927,1.99,False,
8712,2025-03-13,1,T3,C11,12,130,0.957,0.957,21.99,False,
8713,2025-03-13,1,T2,C12,20,129,1.494,1.494,9.49,False,
8714,2025-03-13,1,T5,C13,9,128,0.507,0.507,10.99,False,
8715,2025-03-13,1,T1,C16,9,101,1.966,1.966,1.49,False,
8716,2025-03-13,1,T1,C11,19,101,0.688,0.688,1.49,False,
8717,2025-03-13,1,T3,C16,12,129,0.127,0.127,9.49,False,
8718,2025-03-13,1,T3,C11,10,101,2.064,2.064,1.49,False,
8719,2025-03-13,1,T1,C16,9,101,0.972,0.972,1.49,False,
8720,2025-03-13,1,T2,C13,10,110,1.212,1.212,1.29,False,
8721,2025-03-13,1,T3,C15,18,127,1.48,1.48,8.99,False,
8722,2025-03-13,1,T1,C14,21,129,0.924,0.924,9.49,False,
8723,2025-03-13,1,T3,C11,11,130,0.745,0.745,21.99,False,
8724,2025-03-13,1,T4,C14,19,130,1.206,1.206,21.99,False,
8725,2025-03-13,1,T2,C11,15,110,1.581,1.581,1.29,False,
8726,2025-03-13,1,T1,C11,19,128,0.575,0.575,10.99,False,
8727,2025-03-13,1,T1,C12,15,127,0.351,0.351,8.99,False,
8728,2025-03-13,1,T1,C13,19,104,1.497,1.497,1.99,False,
8729,2025-03-13,1,T4,C12,20,101,0.109,0.109,1.49,False,
8730,2025-03-13,1,T3,C16,19,128,0.278,0.278,10.99,False,
8731,2025-03-13,1,T4,C11,16,105,0.61,0.61,3.49,False,
8732,2025-03-13,1,T3,C14,21,106,1.377,1.377,3.99,False,
8733,2025-03-13,1,T3,C16,21,105,1.735,1.735,3.49,False,
8734,2025-03-13,1,T4,C14,8,130,0.387,0.387,21.99,False,
8735,2025-03-13,1,T4,C16,17,128,0.607,0.607,10.99,False,
8736,2025-03-13,1,T3,C12,21,101,1.601,1.601,1.49,False,
8737,2025-03-13,1,T3,C14,9,159,0.268,0.268,12.99,False,
8738,2025-03-13,1,T1,C14,12,101,0.709,0.709,1.49,False,
8739,2025-03-13,1,T3,C12,7,110,0.174,0.174,1.29,False,
8740,2025-03-13,1,T2,C15,13,128,1.789,1.789,10.99,False,
9291,2025-03-14,1,T2,C16,20,128,0.881,0.881,10.99,False,
9292,2025-03-14,1,T3,C11,10,129,0.414,0.414,9.49,False,
9293,2025-03-14,1,T3,C14,18,105,1.036,1.036,3.49,False,
9294,2025-03-14,1,T5,C13,17,104,0.487,0.487,1.99,False,
9295,2025-03-14,1,T3,C15,7,128,0.492,0.492,10.99,False,
9296,2025-03-14,1,T3,C13,18,111,0.558,0.558,1.59,False,
9297,2025-03-14,1,T4,C13,12,105,0.682,0.682,3.49,False,
9298,2025-03-14,1,T4,C15,12,104,2.732,2.732,1.99,False,
9299,2025-03-14,1,T4,C14,18,129,1.97,1.97,9.49,False,
9300,2025-03-14,1,T1,C13,7,101,2.405,2.405,1.49,False,
9301,2025-03-14,1,T5,C11,16,128,1.437,1.437,10.99,False,
9302,2025-03-14,1,T5,C12,14,110,1.931,1.931,1.29,False,
9303,2025-03-14,1,T2,C14,19,127,1.469,1.469,8.99,False,
9304,2025-03-14,1,T3,C16,19,101,1.111,1.111,1.49,False,
9305,2025-03-14,1,T3,C16,13,106,0.994,0.994,3.99,False,
9306,2025-03-14,1,T5,C12,20,128,0.511,0.511,10.99,False,
9307,2025-03-14,1,T3,C14,11,101,1.292,1.292,1.49,False,
9308,2025-03-14,1,T1,C14,12,130,2.849,2.849,21.99,False,
9309,2025-03-14,1,T4,C12,14,110,0.407,0.407,1.29,False,
9310,2025-03-14,1,T1,C12,16,101,1.586,1.586,1.49,False,
9311,2025-03-14,1,T4,C13,10,130,1.377,1.377,21.99,False,
9312,2025-03-14,1,T4,C12,15,127,3.657,3.657,8.99,False,
9313,2025-03-14,1,T4,C14,21,104,0.498,0.498,1.99,False,
9314,2025-03-14,1,T1,C16,8,127,2.38,2.38,8.99,False,
9315,2025-03-14,1,T5,C12,11,159,0.626,0.626,12.99,False,
9316,2025-03-14,1,T2,C11,20,159,0.842,0.842,12.99,False,
9317,2025-03-14,1,T5,C14,21,130,1.691,1.691,21.99,False,
9318,2025-03-14,1,T5,C16,19,105,0.396,0.396,3.49,False,
9319,2025-03-14,1,T4,C14,11,129,1.21,1.21,9.49,False,
9320,2025-03-14,1,T1,C11,21,128,1.655,1.655,10.99,False,
9321,2025-03-14,1,T4,C12,12,101,1.014,1.014,1.49,False,
9322,2025-03-14,1,T3,C12,7,129,1.801,1.801,9.49,False,
9323,2025-03-14,1,T3,C16,16,130,0.578,0.578,21.99,False,
9324,2025-03-14,1,T3,C13,15,128,1.947,1.947,10.99,False,
9325,2025-03-14,1,T4,C16,14,105,1.205,1.205,3.49,False,
9326,2025-03-14,1,T2,C16,16,104,0.729,0.729,1.99,False,
9327,2025-03-14,1,T5,C15,10,128,0.5,0.5,10.99,False,
9328,2025-03-14,1,T2,C13,9,129,0.657,0.657,9.49,False,
9329,2025-03-14,1,T1,C14,21,105,1.609,1.609,3.49,False,
9330,2025-03-14,1,T2,C13,9,110,1.394,1.394,1.29,False,
9331,2025-03-14,1,T3,C15,13,127,0.675,0.675,8.99,False,
9332,2025-03-14,1,T3,C11,12,129,1.297,1.297,9.49,False,
9333,2025-03-14,1,T2,C15,8,127,1.219,1.219,8.99,False,
9334,2025-03-14,1,T3,C12,15,111,1.324,1.324,1.59,False,
9335,2025-03-14,1,T2,C14,13,106,2.125,2.125,3.99,False,
9336,2025-03-14,1,T1,C15,16,129,1.32,1.32,9.49,False,
9337,2025-03-14,1,T2,C13,16,111,2.055,2.055,1.59,False,
9338,2025-03-14,1,T2,C15,14,159,0.875,0.875,12.99,False,
9339,2025-03-14,1,T5,C15,16,105,1.612,1.612,3.49,False,
9340,2025-03-14,1,T5,C15,21,105,1.13,1.13,3.49,False,
9341,2025-03-14,1,T1,C16,20,104,0.914,0.914,1.99,False,
9342,2025-03-14,1,T2,C16,11,105,0.597,0.597,3.49,False,
9343,2025-03-14,1,T1,C11,16,110,1.357,1.357,1.29,False,
9344,2025-03-14,1,T3,C16,11,111,3.055,3.055,1.59,False,
9345,2025-03-14,1,T1,C12,11,104,1.553,1.553,1.99,False,
9346,2025-03-14,1,T1,C12,14,127,0.894,0.894,8.99,False,
9347,2025-03-14,1,T4,C13,8,110,4.077,4.077,1.29,False,
9348,2025-03-14,1,T4,C16,17,127,1.365,1.365,8.99,False,
9349,2025-03-14,1,T2,C15,13,128,1.102,1.102,10.99,False,
9350,2025-03-14,1,T5,C15,7,101,0.528,0.528,1.49,False,
9351,2025-03-14,1,T1,C13,16,127,1.455,1.455,8.99,False,
9352,2025-03-14,1,T2,C16,7,129,0.847,0.847,9.49,False,
9353,2025-03-14,1,T4,C12,9,105,1.765,1.765,3.49,False,
9354,2025-03-14,1,T1,C16,8,106,1.426,1.426,3.99,False,
9355,2025-03-14,1,T2,C12,18,127,0.994,0.994,8.99,False,
9356,2025-03-14,1,T4,C11,18,104,1.122,1.122,1.99,False,
9357,2025-03-14,1,T3,C13,9,127,2.404,2.404,8.99,False,
9358,2025-03-14,1,T4,C11,7,110,0.677,0.677,1.29,False,
9359,2025-03-14,1,T3,C16,9,129,0.796,0.796,9.49,False,
9360,2025-03-14,1,T1,C15,8,159,1.087,1.087,12.99,False,
9361,2025-03-14,1,T5,C15,7,128,0.523,0.523,10.99,False,
9362,2025-03-14,1,T4,C13,13,159,1.484,1.484,12.99,False,
9363,2025-03-14,1,T1,C11,11,105,2.281,2.281,3.49,False,
9364,2025-03-14,1,T3,C15,12,104,0.723,0.723,1.99,False,
9365,2025-03-14,1,T1,C15,15,104,1.092,1.092,1.99,False,
9366,2025-03-14,1,T1,C16,10,128,1.643,1.643,10.99,False,
9367,2025-03-14,1,T4,C16,21,130,0.556,0.556,21.99,False,
9368,2025-03-14,1,T3,C14,12,105,1.233,1.233,3.49,False,
9369,2025-03-14,1,T3,C13,11,106,2.023,2.023,3.99,False,
9370,2025-03-14,1,T1,C14,10,101,0.264,0.264,1.49,False,
9371,2025-03-14,1,T3,C15,13,101,0.66,0.66,1.49,False,
9372,2025-03-14,1,T2,C12,14,104,0.925,0.925,1.99,False,
9373,2025-03-14,1,T5,C13,8,130,1.969,1.969,21.99,False,
9374,2025-03-14,1,T4,C11,16,101,0.975,0.975,1.49,False,
9375,2025-03-14,1,T4,C11,14,130,0.93,0.93,21.99,False,
9376,2025-03-14,1,T3,C11,12,101,1.116,1.116,1.49,False,
9377,2025-03-14,1,T5,C16,16,130,0.438,0.438,21.99,False,
9378,2025-03-14,1,T2,C11,14,105,0.583,0.583,3.49,False,
9379,2025-03-14,1,T5,C12,12,110,2.455,2.455,1.29,False,
9380,2025-03-14,1,T5,C15,11,104,2.452,2.452,1.99,False,
9381,2025-03-14,1,T4,C15,19,159,0.424,0.424,12.99,False,
9382,2025-03-14,1,T2,C13,17,101,0.576,0.576,1.49,False,
9383,2025-03-14,1,T2,C15,21,130,0.635,0.635,21.99,False,
9384,2025-03-14,1,T3,C13,10,159,1.561,1.561,12.99,False,
9385,2025-03-14,1,T1,C14,14,128,2.784,2.784,10.99,False,
9386,2025-03-14,1,T4,C13,21,106,1.029,1.029,3.99,False,
9387,2025-03-14,1,T3,C12,8,111,0.66,0.66,1.59,False,
9388,2025-03-14,1,T5,C12,13,111,0.633,0.633,1.59,False,
9389,2025-03-14,1,T2,C16,19,110,0.805,0.805,1.29,False,
9390,2025-03-14,1,T1,C13,20,104,1.447,1.447,1.99,False,
9391,2025-03-14,1,T4,C13,7,104,0.56,0.56,1.99,False,
9392,2025-03-14,1,T1,C13,14,105,0.827,0.827,3.49,False,
9393,2025-03-14,1,T1,C11,21,129,1.133,1.133,9.49,False,
9394,2025-03-14,1,T3,C16,7,129,0.995,0.995,9.49,False,
9395,2025-03-14,1,T3,C13,21,111,0.283,0.283,1.59,False,
9396,2025-03-14,1,T1,C12,15,159,1.602,1.757,12.99,True,no_tare
9397,2025-03-14,1,T1,C13,8,127,0.967,0.967,8.99,False,
9398,2025-03-14,1,T4,C13,14,129,0.702,0.702,9.49,False,
9399,2025-03-14,1,T2,C16,10,101,1.156,1.156,1.49,False,
9400,2025-03-14,1,T1,C11,17,130,0.226,0.226,21.99,False,
9401,2025-03-14,1,T3,C12,11,105,0.355,0.355,3.49,False,
9402,2025-03-14,1,T5,C16,20,127,1.244,1.244,8.99,False,
9403,2025-03-14,1,T1,C15,7,104,1.472,1.472,1.99,False,
9404,2025-03-14,1,T2,C16,20,159,0.859,0.859,12.99,False,
9405,2025-03-14,1,T4,C16,15,159,0.66,0.66,12.99,False,
9406,2025-03-14,1,T2,C15,21,128,1.528,1.528,10.99,False,
9407,2025-03-14,1,T5,C12,11,105,0.964,0.964,3.49,False,
9408,2025-03-14,1,T5,C11,16,110,1.584,1.584,1.29,False,
9409,2025-03-14,1,T3,C15,12,105,0.871,0.871,3.49,False,
9410,2025-03-14,1,T2,C13,8,110,1.559,1.559,1.29,False,
9411,2025-03-14,1,T2,C13,18,111,1.441,1.441,1.59,False,
9412,2025-03-14,1,T1,C14,10,127,0.69,0.69,8.99,False,
9413,2025-03-14,1,T3,C12,12,104,0.909,0.909,1.99,False,
9414,2025-03-14,1,T1,C14,16,127,0.253,0.253,8.99,False,
9415,2025-03-14,1,T3,C14,18,130,1.44,1.44,21.99,False,
9416,2025-03-14,1,T5,C12,8,129,1.418,1.418,9.49,False,
9417,2025-03-14,1,T3,C12,14,106,1.162,1.162,3.99,False,
9418,2025-03-14,1,T5,C12,16,130,1.323,1.323,21.99,False,
9419,2025-03-14,1,T1,C12,10,105,1.145,1.145,3.49,False,
9420,2025-03-14,1,T5,C15,8,110,1.466,1.466,1.29,False,
9421,2025-03-14,1,T1,C11,21,159,1.624,1.624,12.99,False,
9422,2025-03-14,1,T5,C16,16,105,0.737,0.737,3.49,False,
9423,2025-03-14,1,T3,C15,13,104,2.362,2.362,1.99,False,
9424,2025-03-14,1,T1,C15,10,111,2.967,2.967,1.59,False,
9425,2025-03-14,1,T2,C16,14,105,2.21,2.21,3.49,False,
9426,2025-03-14,1,T1,C11,8,159,0.978,0.978,12.99,False,
9427,2025-03-14,1,T2,C11,13,159,1.9,1.9,12.99,False,
9428,2025-03-14,1,T5,C12,8,106,0.882,0.882,3.99,False,
9429,2025-03-14,1,T2,C11,20,129,1.037,1.037,9.49,False,
9430,2025-03-14,1,T1,C15,13,129,0.829,0.829,9.49,False,
9431,2025-03-14,1,T2,C15,20,110,1.987,1.987,1.29,False,
9432,2025-03-14,1,T3,C14,19,159,0.749,0.749,12.99,False,
9433,2025-03-14,1,T4,C11,11,128,0.742,0.742,10.99,False,
9434,2025-03-14,1,T2,C16,21,128,1.532,1.532,10.99,False,
9435,2025-03-14,1,T2,C12,19,129,0.848,0.848,9.49,False,
9436,2025-03-14,1,T4,C13,12,130,1.881,1.881,21.99,False,
9437,2025-03-14,1,T1,C14,9,128,0.567,0.567,10.99,False,
9438,2025-03-14,1,T5,C15,18,159,1.236,1.236,12.99,False,
9439,2025-03-14,1,T5,C15,16,111,0.486,0.486,1.59,False,
9440,2025-03-14,1,T2,C15,10,159,0.757,0.757,12.99,False,
9441,2025-03-14,1,T5,C16,18,127,0.877,0.877,8.99,False,
9442,2025-03-14,1,T5,C15,9,128,1.81,1.81,10.99,False,
9443,2025-03-14,1,T3,C11,12,159,0.894,0.894,12.99,False,
9444,2025-03-14,1,T5,C14,10,159,1.206,1.206,12.99,False,
9445,2025-03-14,1,T3,C13,12,104,0.587,0.587,1.99,False,
9446,2025-03-14,1,T1,C11,12,106,0.966,0.966,3.99,False,
9447,2025-03-14,1,T1,C15,13,106,1.79,1.79,3.99,False,
9448,2025-03-14,1,T2,C11,21,101,1.187,1.187,1.49,False,
9449,2025-03-14,1,T3,C12,10,104,1.325,1.325,1.99,False,
9450,2025-03-14,1,T2,C15,21,110,0.197,0.197,1.29,False,
9451,2025-03-14,1,T3,C14,9,104,2.467,2.467,1.99,False,
9452,2025-03-14,1,T2,C11,11,128,0.588,0.588,10.99,False,
9453,2025-03-14,1,T4,C14,20,127,0.928,0.928,8.99,False,
9454,2025-03-14,1,T4,C16,11,128,0.588,0.588,10.99,False,
9455,2025-03-14,1,T2,C14,21,104,1.474,1.474,1.99,False,
9456,2025-03-14,1,T3,C13,18,159,0.385,0.385,12.99,False,
9457,2025-03-14,1,T4,C11,14,127,1.097,1.097,8.99,False,
9458,2025-03-14,1,T1,C14,18,130,0.957,0.957,21.99,False,
9459,2025-03-14,1,T1,C14,13,105,2.11,2.11,3.49,False,
9460,2025-03-14,1,T3,C11,9,111,1.408,1.408,1.59,False,
9461,2025-03-14,1,T2,C13,17,105,1.031,1.031,3.49,False,
9462,2025-03-14,1,T1,C13,8,104,1.392,1.392,1.99,False,
9463,2025-03-14,1,T2,C13,19,105,0.59,0.59,3.49,False,
9464,2025-03-14,1,T5,C15,11,128,1.488,1.488,10.99,False,
9465,2025-03-14,1,T3,C16,16,104,1.066,1.066,1.99,False,
9466,2025-03-14,1,T3,C11,15,130,0.766,0.766,21.99,False,
9467,2025-03-14,1,T5,C11,17,127,1.751,1.751,8.99,False,
9468,2025-03-14,1,T3,C11,12,127,0.627,0.627,8.99,False,
9469,2025-03-14,1,T1,C13,16,104,0.5,0.5,1.99,False,
9470,2025-03-14,1,T1,C11,13,110,0.264,0.264,1.29,False,
9471,2025-03-14,1,T2,C13,11,129,0.68,0.861,9.49,True,no_tare
9472,2025-03-14,1,T2,C15,19,130,2.309,2.309,21.99,False,
9473,2025-03-14,1,T2,C15,12,105,2.396,2.396,3.49,False,
9474,2025-03-14,1,T4,C13,19,128,0.666,0.666,10.99,False,
9475,2025-03-14,1,T5,C12,20,106,0.775,0.775,3.99,False,
9476,2025-03-14,1,T5,C15,8,130,0.955,0.955,21.99,False,
9477,2025-03-14,1,T2,C15,15,127,2.633,2.633,8.99,False,
9478,2025-03-14,1,T3,C12,16,111,0.654,0.654,1.59,False,
9479,2025-03-14,1,T4,C12,21,101,0.563,0.563,1.49,False,
9480,2025-03-14,1,T3,C13,12,110,0.572,0.572,1.29,False,
9481,2025-03-14,1,T4,C11,15,127,1.289,1.289,8.99,False,
9482,2025-03-14,1,T4,C14,10,104,0.921,0.921,1.99,False,
10014,2025-03-15,1,T4,C14,11,128,2.742,2.742,10.99,False,
10015,2025-03-15,1,T1,C13,10,111,1.426,1.426,1.59,False,
10016,2025-03-15,1,T4,C16,18,130,1.678,1.678,21.99,False,
10017,2025-03-15,1,T4,C15,10,101,1.812,1.812,1.49,False,
10018,2025-03-15,1,T5,C16,16,127,0.765,0.765,8.99,False,
10019,2025-03-15,1,T4,C12,16,127,0.861,0.861,8.99,False,
10020,2025-03-15,1,T2,C15,21,128,0.225,0.225,10.99,False,
10021,2025-03-15,1,T4,C12,10,101,1.167,1.167,1.49,False,
10022,2025-03-15,1,T1,C11,15,111,0.33,0.33,1.59,False,
10023,2025-03-15,1,T3,C16,19,129,1.593,1.593,9.49,False,
10024,2025-03-15,1,T3,C11,17,130,0.44,0.44,21.99,False,
10025,2025-03-15,1,T5,C12,15,129,0.955,0.955,9.49,False,
10026,2025-03-15,1,T4,C15,14,106,1.827,1.827,3.99,False,
10027,2025-03-15,1,T2,C14,12,129,0.546,0.546,9.49,False,
10028,2025-03-15,1,T2,C16,17,104,1.807,1.807,1.99,False,
10029,2025-03-15,1,T5,C15,9,106,2.852,2.852,3.99,False,
10030,2025-03-15,1,T3,C14,15,105,0.915,0.915,3.49,False,
10031,2025-03-15,1,T4,C15,20,105,0.395,0.395,3.49,False,
10032,2025-03-15,1,T2,C14,17,159,2.498,2.498,12.99,False,
10033,2025-03-15,1,T1,C15,18,104,1.223,1.223,1.99,False,
10034,2025-03-15,1,T4,C15,21,129,2.37,2.37,9.49,False,
10035,2025-03-15,1,T3,C12,20,110,1.902,1.902,1.29,False,
10036,2025-03-15,1,T3,C13,16,110,0.602,0.602,1.29,False,
10037,2025-03-15,1,T1,C13,13,159,2.347,2.347,12.99,False,
10038,2025-03-15,1,T2,C16,10,159,1.656,1.656,12.99,False,
10039,2025-03-15,1,T5,C11,20,101,1.253,1.253,1.49,False,
10040,2025-03-15,1,T5,C14,11,130,0.447,0.447,21.99,False,
10041,2025-03-15,1,T2,C12,10,129,0.553,0.553,9.49,False,
10042,2025-03-15,1,T4,C13,19,127,0.674,0.674,8.99,False,
10043,2025-03-15,1,T3,C11,14,129,1.95,1.95,9.49,False,
10044,2025-03-15,1,T5,C14,9,111,1.685,1.685,1.59,False,
10045,2025-03-15,1,T3,C12,10,127,1.042,1.042,8.99,False,
10046,2025-03-15,1,T1,C15,8,106,1.356,1.356,3.99,False,
10047,2025-03-15,1,T3,C11,13,130,0.559,0.559,21.99,False,
10048,2025-03-15,1,T3,C16,8,111,0.662,0.662,1.59,False,
10049,2025-03-15,1,T3,C13,18,105,1.1,1.1,3.49,False,
10050,2025-03-15,1,T5,C11,16,111,0.944,0.944,1.59,False,
10051,2025-03-15,1,T5,C15,8,129,1.332,1.332,9.49,False,
10052,2025-03-15,1,T3,C11,19,106,1.598,1.598,3.99,False,
10053,2025-03-15,1,T5,C12,21,159,2.287,2.287,12.99,False,
10054,2025-03-15,1,T3,C14,9,104,1.042,1.042,1.99,False,
10055,2025-03-15,1,T3,C12,12,104,1.183,1.183,1.99,False,
10056,2025-03-15,1,T1,C16,11,127,0.566,0.566,8.99,False,
10057,2025-03-15,1,T3,C12,18,128,1.182,1.182,10.99,False,
10058,2025-03-15,1,T3,C12,17,129,1.09,1.09,9.49,False,
10059,2025-03-15,1,T4,C14,16,106,1.215,1.215,3.99,False,
10060,2025-03-15,1,T1,C16,14,101,1.444,1.444,1.49,False,
10061,2025-03-15,1,T1,C13,15,101,1.447,1.447,1.49,False,
10062,2025-03-15,1,T4,C13,19,129,1.361,1.361,9.49,False,
10063,2025-03-15,1,T4,C16,11,130,0.497,0.497,21.99,False,
10064,2025-03-15,1,T1,C11,14,128,1.194,1.194,10.99,False,
10065,2025-03-15,1,T3,C13,18,129,1.188,1.188,9.49,False,
10066,2025-03-15,1,T4,C13,19,129,2.027,2.027,9.49,False,
10067,2025-03-15,1,T3,C11,19,101,1.811,1.811,1.49,False,
10068,2025-03-15,1,T3,C13,9,111,0.774,0.774,1.59,False,
10069,2025-03-15,1,T3,C14,11,129,1.681,1.681,9.49,False,
10070,2025-03-15,1,T1,C14,7,106,1.206,1.206,3.99,False,
10071,2025-03-15,1,T3,C11,8,105,0.698,0.698,3.49,False,
10072,2025-03-15,1,T4,C14,8,130,0.387,0.387,21.99,False,
10073,2025-03-15,1,T5,C11,7,110,2.125,2.125,1.29,False,
10074,2025-03-15,1,T3,C13,21,159,0.182,0.182,12.99,False,
10075,2025-03-15,1,T5,C16,10,104,2.217,2.217,1.99,False,
10076,2025-03-15,1,T3,C14,8,127,0.354,0.354,8.99,False,
10077,2025-03-15,1,T2,C14,12,105,3.763,3.763,3.49,False,
10078,2025-03-15,1,T4,C13,11,129,1.166,1.166,9.49,False,
10079,2025-03-15,1,T3,C14,14,130,1.811,1.811,21.99,False,
10080,2025-03-15,1,T3,C15,14,111,2.11,2.11,1.59,False,
10081,2025-03-15,1,T3,C13,12,129,0.551,0.551,9.49,False,
10082,2025-03-15,1,T1,C12,12,110,0.291,0.291,1.29,False,
10083,2025-03-15,1,T4,C12,12,129,1.233,1.233,9.49,False,
10084,2025-03-15,1,T5,C15,17,128,0.146,0.146,10.99,False,
10085,2025-03-15,1,T1,C13,10,105,0.359,0.359,3.49,False,
10086,2025-03-15,1,T2,C15,12,159,0.488,0.488,12.99,False,
10087,2025-03-15,1,T2,C16,15,159,0.223,0.223,12.99,False,
10088,2025-03-15,1,T2,C16,10,101,1.683,1.683,1.49,False,
10089,2025-03-15,1,T2,C15,13,129,0.917,0.917,9.49,False,
10090,2025-03-15,1,T5,C13,19,105,1.173,1.173,3.49,False,
10091,2025-03-15,1,T3,C11,16,110,0.902,0.902,1.29,False,
10092,2025-03-15,1,T2,C13,11,127,0.249,0.249,8.99,False,
10093,2025-03-15,1,T3,C14,14,101,0.709,0.709,1.49,False,
10094,2025-03-15,1,T2,C13,12,104,1.806,1.806,1.99,False,
10095,2025-03-15,1,T5,C16,15,159,0.579,0.579,12.99,False,
10096,2025-03-15,1,T1,C15,15,129,0.594,0.594,9.49,False,
10097,2025-03-15,1,T5,C11,14,128,1.249,1.249,10.99,False,
10098,2025-03-15,1,T5,C12,8,110,1.676,1.676,1.29,False,
10099,2025-03-15,1,T3,C12,16,104,0.528,0.528,1.99,False,
10100,2025-03-15,1,T3,C13,14,127,1.553,1.553,8.99,False,
10101,2025-03-15,1,T3,C14,16,110,1.571,1.571,1.29,False,
10102,2025-03-15,1,T1,C14,10,129,0.434,0.434,9.49,False,
10103,2025-03-15,1,T1,C11,10,110,0.657,0.657,1.29,False,
10104,2025-03-15,1,T2,C16,12,128,0.676,0.676,10.99,False,
10105,2025-03-15,1,T3,C16,12,128,1.335,1.335,10.99,False,
10106,2025-03-15,1,T3,C15,11,129,0.895,0.895,9.49,False,
10107,2025-03-15,1,T1,C16,7,101,1.062,1.062,1.49,False,
10108,2025-03-15,1,T3,C12,21,104,0.791,0.791,1.99,False,
10109,2025-03-15,1,T3,C16,9,127,0.817,0.817,8.99,False,
10110,2025-03-15,1,T4,C16,14,129,0.847,0.847,9.49,False,
10111,2025-03-15,1,T5,C13,7,159,0.888,0.888,12.99,False,
10112,2025-03-15,1,T1,C13,14,101,2.39,2.39,1.49,False,
10113,2025-03-15,1,T3,C15,13,129,1.278,1.278,9.49,False,
10114,2025-03-15,1,T3,C14,17,129,0.985,0.985,9.49,False,
10115,2025-03-15,1,T4,C11,19,104,0.354,0.354,1.99,False,
10116,2025-03-15,1,T2,C13,14,106,1.161,1.161,3.99,False,
10117,2025-03-15,1,T5,C13,13,106,1.382,1.382,3.99,False,
10118,2025-03-15,1,T5,C13,10,128,0.402,0.402,10.99,False,
10119,2025-03-15,1,T4,C12,17,101,0.727,0.727,1.49,False,
10120,2025-03-15,1,T5,C14,13,129,0.891,0.891,9.49,False,
10121,2025-03-15,1,T5,C16,10,127,3.592,3.592,8.99,False,
10122,2025-03-15,1,T5,C15,17,128,1.8,1.939,10.99,True,no_tare
10123,2025-03-15,1,T5,C15,16,128,0.458,0.458,10.99,False,
10124,2025-03-15,1,T4,C13,15,129,0.762,0.762,9.49,False,
10125,2025-03-15,1,T3,C12,16,105,1.281,1.281,3.49,False,
10126,2025-03-15,1,T4,C15,10,159,1.094,1.094,12.99,False,
10127,2025-03-15,1,T1,C12,20,104,0.608,0.608,1.99,False,
10128,2025-03-15,1,T3,C15,15,159,1.364,1.364,12.99,False,
10129,2025-03-15,1,T4,C11,14,110,1.169,1.169,1.29,False,
10130,2025-03-15,1,T3,C16,7,127,0.388,0.388,8.99,False,
10131,2025-03-15,1,T3,C12,11,101,1.632,1.632,1.49,False,
10132,2025-03-15,1,T5,C12,13,127,2.278,2.278,8.99,False,
10133,2025-03-15,1,T2,C16,13,130,1.194,1.194,21.99,False,
10134,2025-03-15,1,T1,C15,15,104,0.771,0.771,1.99,False,
10135,2025-03-15,1,T2,C15,8,104,0.559,0.559,1.99,False,
10136,2025-03-15,1,T5,C15,7,159,1.221,1.221,12.99,False,
10137,2025-03-15,1,T4,C16,19,159,0.318,0.318,12.99,False,
10138,2025-03-15,1,T4,C16,19,127,1.716,1.716,8.99,False,
10139,2025-03-15,1,T2,C15,9,105,0.11,0.11,3.49,False,
10140,2025-03-15,1,T2,C14,10,104,0.495,0.495,1.99,False,
10141,2025-03-15,1,T5,C11,9,159,1.734,1.734,12.99,False,
10142,2025-03-15,1,T1,C15,16,104,0.295,0.295,1.99,False,
10143,2025-03-15,1,T5,C14,13,129,1.284,1.284,9.49,False,
10144,2025-03-15,1,T5,C14,7,130,0.433,0.433,21.99,False,
10145,2025-03-15,1,T5,C11,20,127,1.562,1.562,8.99,False,
10146,2025-03-15,1,T1,C12,8,128,1.855,1.855,10.99,False,
10147,2025-03-15,1,T5,C13,11,104,1.265,1.265,1.99,False,
10148,2025-03-15,1,T5,C14,8,105,0.24,0.24,3.49,False,
10149,2025-03-15,1,T1,C15,16,104,0.435,0.435,1.99,False,
10150,2025-03-15,1,T4,C15,19,101,0.643,0.643,1.49,False,
10151,2025-03-15,1,T2,C14,13,110,2.023,2.023,1.29,False,
10152,2025-03-15,1,T1,C15,14,159,0.695,0.695,12.99,False,
10153,2025-03-15,1,T2,C16,15,111,1.04,1.04,1.59,False,
10154,2025-03-15,1,T5,C12,20,130,0.699,0.699,21.99,False,
10155,2025-03-15,1,T2,C12,10,127,0.342,0.342,8.99,False,
10156,2025-03-15,1,T5,C15,14,130,1.555,1.555,21.99,False,
10157,2025-03-15,1,T2,C16,20,159,1.081,1.081,12.99,False,
10158,2025-03-15,1,T5,C16,17,104,1.915,1.915,1.99,False,
10159,2025-03-15,1,T2,C14,15,130,2.027,2.027,21.99,False,
10160,2025-03-15,1,T5,C16,11,105,0.755,0.755,3.49,False,
10161,2025-03-15,1,T5,C14,11,129,1.262,1.262,9.49,False,
10162,2025-03-15,1,T1,C14,19,129,0.813,0.813,9.49,False,
10163,2025-03-15,1,T5,C15,11,128,0.912,0.912,10.99,False,
10164,2025-03-15,1,T1,C14,14,129,0.92,0.92,9.49,False,
10165,2025-03-15,1,T4,C14,15,127,0.524,0.524,8.99,False,
10166,2025-03-15,1,T2,C12,11,104,1.282,1.282,1.99,False,
10167,2025-03-15,1,T2,C15,10,128,1.875,1.875,10.99,False,
10168,2025-03-15,1,T3,C14,14,104,1.175,1.175,1.99,False,
10169,2025-03-15,1,T4,C15,19,129,0.508,0.508,9.49,False,
10170,2025-03-15,1,T4,C11,8,127,0.571,0.571,8.99,False,
10171,2025-03-15,1,T1,C15,20,105,2.315,2.315,3.49,False,
10172,2025-03-15,1,T2,C12,15,130,0.571,0.571,21.99,False,
10173,2025-03-15,1,T5,C16,10,111,1.097,1.097,1.59,False,
10174,2025-03-15,1,T1,C12,8,105,1.762,1.762,3.49,False,
10175,2025-03-15,1,T3,C11,12,110,0.596,0.596,1.29,False,
10176,2025-03-15,1,T1,C12,20,106,0.949,0.949,3.99,False,
10177,2025-03-15,1,T1,C12,9,159,1.225,1.225,12.99,False,
10178,2025-03-15,1,T4,C12,10,106,1.881,1.881,3.99,False,
10179,2025-03-15,1,T5,C14,13,129,2.084,2.084,9.49,False,
10180,2025-03-15,1,T4,C12,13,104,0.898,0.898,1.99,False,
10181,2025-03-15,1,T4,C14,8,106,1.203,1.203,3.99,False,
10182,2025-03-15,1,T3,C13,20,127,0.406,0.406,8.99,False,
10183,2025-03-15,1,T4,C16,9,101,2.302,2.302,1.49,False,
10184,2025-03-15,1,T3,C16,17,105,1.044,1.044,3.49,False,
10185,2025-03-15,1,T2,C16,18,106,0.608,0.608,3.99,False,
10186,2025-03-15,1,T4,C12,12,104,0.629,0.629,1.99,False,
10187,2025-03-15,1,T3,C11,20,104,0.953,0.953,1.99,False,
10188,2025-03-15,1,T4,C15,12,106,1.969,1.969,3.99,False,
10189,2025-03-15,1,T4,C15,9,159,0.236,0.236,12.99,False,
10190,2025-03-15,1,T3,C14,7,104,0.71,0.71,1.99,False,
10722,2025-03-16,1,T5,C13,12,129,1.036,1.036,9.49,False,
10723,2025-03-16,1,T1,C15,16,129,0.883,0.883,9.49,False,
10724,2025-03-16,1,T3,C14,18,159,0.989,0.989,12.99,False,
10725,2025-03-16,1,T1,C13,8,130,0.896,0.896,21.99,False,
10726,2025-03-16,1,T4,C13,14,106,2.129,2.129,3.99,False,
10727,2025-03-16,1,T2,C12,13,128,0.928,0.928,10.99,False,
10728,2025-03-16,1,T2,C15,20,130,0.521,0.521,21.99,False,
10729,2025-03-16,1,T4,C11,21,128,2.955,2.955,10.99,False,
10730,2025-03-16,1,T5,C14,9,128,1.474,1.474,10.99,False,
10731,2025-03-16,1,T1,C16,7,104,0.235,0.235,1.99,False,
10732,2025-03-16,1,T2,C13,11,130,0.747,0.747,21.99,False,
10733,2025-03-16,1,T1,C12,17,129,1.586,1.586,9.49,False,
10734,2025-03-16,1,T2,C13,8,127,0.665,0.665,8.99,False,
10735,2025-03-16,1,T2,C12,20,104,0.631,0.631,1.99,False,
10736,2025-03-16,1,T5,C11,14,101,0.624,0.624,1.49,False,
10737,2025-03-16,1,T3,C16,10,129,3.042,3.042,9.49,False,
10738,2025-03-16,1,T1,C13,7,159,0.436,0.436,12.99,False,
10739,2025-03-16,1,T2,C16,17,105,0.254,0.254,3.49,False,
10740,2025-03-16,1,T3,C16,12,106,1.18,1.18,3.99,False,
10741,2025-03-16,1,T1,C12,13,130,0.562,0.562,21.99,False,
10742,2025-03-16,1,T3,C15,21,127,0.806,0.806,8.99,False,
10743,2025-03-16,1,T3,C15,9,104,1.355,1.355,1.99,False,
10744,2025-03-16,1,T2,C16,18,129,1.019,1.019,9.49,False,
10745,2025-03-16,1,T4,C16,18,110,0.681,0.681,1.29,False,
10746,2025-03-16,1,T2,C15,14,111,0.978,0.978,1.59,False,
10747,2025-03-16,1,T4,C16,7,106,1.282,1.282,3.99,False,
10748,2025-03-16,1,T1,C16,12,104,0.572,0.572,1.99,False,
10749,2025-03-16,1,T2,C15,14,111,0.65,0.65,1.59,False,
10750,2025-03-16,1,T2,C12,19,104,2.141,2.141,1.99,False,
10751,2025-03-16,1,T4,C12,20,159,0.443,0.443,12.99,False,
10752,2025-03-16,1,T5,C14,21,159,0.666,0.666,12.99,False,
10753,2025-03-16,1,T3,C12,10,129,1.297,1.297,9.49,False,
10754,2025-03-16,1,T4,C16,20,101,0.698,0.698,1.49,False,
10755,2025-03-16,1,T4,C12,8,128,0.398,0.398,10.99,False,
10756,2025-03-16,1,T2,C15,11,104,0.797,0.797,1.99,False,
10757,2025-03-16,1,T3,C15,18,159,0.575,0.575,12.99,False,
10758,2025-03-16,1,T3,C11,12,128,0.737,0.737,10.99,False,
10759,2025-03-16,1,T1,C15,18,101,2.208,2.208,1.49,False,
10760,2025-03-16,1,T4,C12,13,129,1.963,1.963,9.49,False,
10761,2025-03-16,1,T3,C11,14,127,3.131,3.131,8.99,False,
10762,2025-03-16,1,T4,C14,14,101,2.232,2.232,1.49,False,
10763,2025-03-16,1,T4,C13,12,101,1.072,1.072,1.49,False,
10764,2025-03-16,1,T1,C13,7,106,0.906,0.906,3.99,False,
10765,2025-03-16,1,T1,C11,10,111,0.728,0.728,1.59,False,
10766,2025-03-16,1,T5,C14,11,159,2.213,2.213,12.99,False,
10767,2025-03-16,1,T1,C16,9,105,1.176,1.176,3.49,False,
10768,2025-03-16,1,T3,C15,14,127,1.629,1.629,8.99,False,
10769,2025-03-16,1,T5,C15,7,129,0.438,0.438,9.49,False,
10770,2025-03-16,1,T5,C12,7,111,0.424,0.424,1.59,False,
10771,2025-03-16,1,T2,C15,21,106,1.249,1.249,3.99,False,
10772,2025-03-16,1,T5,C11,8,129,1.808,1.808,9.49,False,
10773,2025-03-16,1,T5,C13,8,127,0.828,0.828,8.99,False,
10774,2025-03-16,1,T5,C14,15,101,1.807,1.807,1.49,False,
10775,2025-03-16,1,T3,C13,17,127,2.393,2.393,8.99,False,
10776,2025-03-16,1,T1,C16,11,105,1.767,1.767,3.49,False,
10777,2025-03-16,1,T3,C13,14,104,1.343,1.343,1.99,False,
10778,2025-03-16,1,T3,C12,14,105,1.361,1.361,3.49,False,
10779,2025-03-16,1,T3,C15,14,105,0.92,0.92,3.49,False,
10780,2025-03-16,1,T2,C11,20,106,0.826,0.826,3.99,False,
10781,2025-03-16,1,T3,C13,10,128,2.143,2.143,10.99,False,
10782,2025-03-16,1,T5,C15,19,110,1.948,1.948,1.29,False,
10783,2025-03-16,1,T4,C16,18,104,1.319,1.319,1.99,False,
10784,2025-03-16,1,T5,C12,15,104,1.216,1.216,1.99,False,
10785,2025-03-16,1,T5,C13,7,130,0.859,0.859,21.99,False,
10786,2025-03-16,1,T4,C16,8,128,2.08,2.08,10.99,False,
10787,2025-03-16,1,T1,C14,18,106,1.16,1.16,3.99,False,
10788,2025-03-16,1,T1,C15,11,110,1.518,1.518,1.29,False,
10789,2025-03-16,1,T3,C13,16,106,0.69,0.69,3.99,False,
10790,2025-03-16,1,T3,C14,9,105,1.414,1.414,3.49,False,
10791,2025-03-16,1,T2,C12,11,106,0.652,0.652,3.99,False,
10792,2025-03-16,1,T3,C12,20,106,1.604,1.604,3.99,False,
10793,2025-03-16,1,T3,C12,14,111,1.356,1.356,1.59,False,
10794,2025-03-16,1,T1,C14,19,110,1.645,1.645,1.29,False,
10795,2025-03-16,1,T5,C11,14,104,0.876,0.876,1.99,False,
10796,2025-03-16,1,T3,C12,11,111,1.627,1.627,1.59,False,
10797,2025-03-16,1,T1,C12,14,127,0.819,0.819,8.99,False,
10798,2025-03-16,1,T5,C12,7,127,1.029,1.029,8.99,False,
10799,2025-03-16,1,T2,C13,21,129,2.168,2.168,9.49,False,
10800,2025-03-16,1,T5,C14,16,105,1.883,1.883,3.49,False,
10801,2025-03-16,1,T4,C15,16,104,1.168,1.168,1.99,False,
10802,2025-03-16,1,T3,C11,14,130,0.761,0.761,21.99,False,
10803,2025-03-16,1,T2,C15,9,110,1.164,1.164,1.29,False,
10804,2025-03-16,1,T5,C14,13,111,1.506,1.506,1.59,False,
10805,2025-03-16,1,T1,C12,21,105,1.32,1.32,3.49,False,
10806,2025-03-16,1,T4,C14,19,106,1.064,1.064,3.99,False,
10807,2025-03-16,1,T3,C11,17,127,2.435,2.435,8.99,False,
10808,2025-03-16,1,T1,C12,10,101,1.184,1.184,1.49,False,
10809,2025-03-16,1,T5,C14,11,129,0.904,0.904,9.49,False,
10810,2025-03-16,1,T2,C11,16,111,0.715,0.715,1.59,False,
10811,2025-03-16,1,T4,C15,11,101,0.237,0.237,1.49,False,
10812,2025-03-16,1,T2,C14,18,128,0.237,0.237,10.99,False,
10813,2025-03-16,1,T1,C13,10,159,0.522,0.522,12.99,False,
10814,2025-03-16,1,T3,C12,18,106,1.313,1.313,3.99,False,
10815,2025-03-16,1,T5,C13,16,104,0.397,0.397,1.99,False,
10816,2025-03-16,1,T2,C12,12,128,1.023,1.023,10.99,False,
10817,2025-03-16,1,T1,C13,19,159,0.213,0.213,12.99,False,
10818,2025-03-16,1,T5,C15,8,129,1.963,1.963,9.49,False,
10819,2025-03-16,1,T1,C12,20,104,0.556,0.556,1.99,False,
10820,2025-03-16,1,T3,C15,17,159,1.305,1.305,12.99,False,
10821,2025-03-16,1,T2,C11,13,111,0.864,0.864,1.59,False,
10822,2025-03-16,1,T3,C16,18,127,1.43,1.43,8.99,False,
10823,2025-03-16,1,T5,C15,9,101,1.112,1.112,1.49,False,
10824,2025-03-16,1,T3,C16,16,129,1.029,1.029,9.49,False,
10825,2025-03-16,1,T5,C11,17,101,1.343,1.343,1.49,False,
10826,2025-03-16,1,T3,C11,7,127,0.874,0.874,8.99,False,
10827,2025-03-16,1,T1,C13,13,104,1.306,1.306,1.99,False,
10828,2025-03-16,1,T4,C16,13,101,1.289,1.289,1.49,False,
10829,2025-03-16,1,T1,C12,15,110,0.786,0.786,1.29,False,
10830,2025-03-16,1,T3,C11,15,110,0.913,0.913,1.29,False,
10831,2025-03-16,1,T1,C12,19,110,1.919,1.919,1.29,False,
10832,2025-03-16,1,T2,C13,14,128,3.121,3.121,10.99,False,
10833,2025-03-16,1,T5,C15,18,111,1.392,1.392,1.59,False,
10834,2025-03-16,1,T3,C14,13,127,1.526,1.526,8.99,False,
10835,2025-03-16,1,T4,C11,7,128,0.599,0.599,10.99,False,
10836,2025-03-16,1,T5,C11,12,127,2.732,2.732,8.99,False,
10837,2025-03-16,1,T4,C12,9,127,0.869,0.869,8.99,False,
10838,2025-03-16,1,T3,C16,19,110,1.895,1.895,1.29,False,
10839,2025-03-16,1,T3,C14,11,104,1.788,1.788,1.99,False,
10840,2025-03-16,1,T2,C14,13,127,1.056,1.056,8.99,False,
10841,2025-03-16,1,T1,C16,8,128,0.473,0.473,10.99,False,
10842,2025-03-16,1,T1,C15,19,159,1.148,1.148,12.99,False,
10843,2025-03-16,1,T1,C15,14,105,1.565,1.565,3.49,False,
10844,2025-03-16,1,T5,C14,7,127,0.505,0.658,8.99,True,no_tare
10845,2025-03-16,1,T3,C16,9,101,1.647,1.647,1.49,False,
10846,2025-03-16,1,T5,C16,12,130,0.74,0.74,21.99,False,
10847,2025-03-16,1,T5,C16,13,110,1.183,1.183,1.29,False,
10848,2025-03-16,1,T3,C13,19,127,0.413,0.413,8.99,False,
10849,2025-03-16,1,T1,C11,19,105,1.129,1.129,3.49,False,
10850,2025-03-16,1,T2,C11,11,127,2.291,2.291,8.99,False,
10851,2025-03-16,1,T5,C11,19,106,1.776,1.776,3.99,False,
10852,2025-03-16,1,T3,C12,19,101,0.386,0.386,1.49,False,
10853,2025-03-16,1,T3,C11,19,128,1.468,1.468,10.99,False,
10854,2025-03-16,1,T4,C16,9,127,1.687,1.687,8.99,False,
10855,2025-03-16,1,T3,C11,12,159,1.363,1.363,12.99,False,
10856,2025-03-16,1,T5,C14,7,159,0.562,0.562,12.99,False,
10857,2025-03-16,1,T4,C11,18,105,1.082,1.082,3.49,False,
10858,2025-03-16,1,T1,C14,8,105,1.02,1.02,3.49,False,
10859,2025-03-16,1,T1,C16,8,128,1.038,1.038,10.99,False,
10860,2025-03-16,1,T1,C16,13,111,0.723,0.723,1.59,False,
10861,2025-03-16,1,T1,C16,19,101,0.433,0.433,1.49,False,
10862,2025-03-16,1,T2,C15,19,104,1.44,1.44,1.99,False,
10863,2025-03-16,1,T5,C14,21,129,1.249,1.249,9.49,False,
10864,2025-03-16,1,T1,C11,16,101,0.811,0.811,1.49,False,
10865,2025-03-16,1,T3,C14,21,105,1.05,1.05,3.49,False,
10866,2025-03-16,1,T1,C11,7,105,1.343,1.343,3.49,False,
10867,2025-03-16,1,T1,C16,8,110,0.779,0.779,1.29,False,
10868,2025-03-16,1,T1,C14,12,104,1.947,1.947,1.99,False,
10869,2025-03-16,1,T5,C11,7,159,1.267,1.267,12.99,False,
10870,2025-03-16,1,T5,C14,12,127,1.642,1.642,8.99,False,
10871,2025-03-16,1,T3,C12,18,127,1.522,1.522,8.99,False,
10872,2025-03-16,1,T1,C16,20,101,0.742,0.742,1.49,False,
10873,2025-03-16,1,T4,C14,21,105,1.897,1.897,3.49,False,
10874,2025-03-16,1,T5,C13,18,159,1.35,1.35,12.99,False,
10875,2025-03-16,1,T4,C12,15,128,0.267,0.267,10.99,False,
10876,2025-03-16,1,T2,C15,15,111,1.553,1.553,1.59,False,
10877,2025-03-16,1,T5,C11,18,130,1.443,1.443,21.99,False,
10878,2025-03-16,1,T1,C14,7,101,0.541,0.541,1.49,False,
10879,2025-03-16,1,T2,C12,15,159,1.668,1.668,12.99,False,
10880,2025-03-16,1,T2,C12,15,106,1.458,1.458,3.99,False,
10881,2025-03-16,1,T5,C14,15,104,1.524,1.524,1.99,False,
10882,2025-03-16,1,T5,C15,12,129,0.975,0.975,9.49,False,
10883,2025-03-16,1,T1,C15,17,130,0.734,0.734,21.99,False,
10884,2025-03-16,1,T4,C12,16,130,0.744,0.744,21.99,False,
10885,2025-03-16,1,T5,C14,8,110,1.35,1.35,1.29,False,
10886,2025-03-16,1,T1,C12,10,127,0.521,0.521,8.99,False,
10887,2025-03-16,1,T5,C11,13,129,0.545,0.545,9.49,False,
10888,2025-03-16,1,T3,C13,15,110,1.261,1.261,1.29,False,
10889,2025-03-16,1,T1,C12,14,129,0.601,0.601,9.49,False,
10890,2025-03-16,1,T4,C12,17,106,0.561,0.561,3.99,False,
10891,2025-03-16,1,T5,C15,19,106,2.016,2.016,3.99,False,
10892,2025-03-16,1,T5,C11,17,110,0.489,0.489,1.29,False,
10893,2025-03-16,1,T5,C15,17,105,1.127,1.127,3.49,False,
11450,2025-03-17,1,T2,C11,9,129,1.973,1.973,9.49,False,
11451,2025-03-17,1,T2,C16,14,110,0.534,0.534,1.29,False,
11452,2025-03-17,1,T5,C13,12,127,0.407,0.407,8.99,False,
11453,2025-03-17,1,T3,C15,11,130,1.517,1.517,21.99,False,
11454,2025-03-17,1,T2,C16,9,128,0.939,0.939,10.99,False,
11455,2025-03-17,1,T1,C14,12,127,1.163,1.163,8.99,False,
11456,2025-03-17,1,T4,C15,17,128,0.959,0.959,10.99,False,
11457,2025-03-17,1,T1,C12,13,110,0.915,0.915,1.29,False,
11458,2025-03-17,1,T1,C14,15,110,0.967,0.967,1.29,False,
11459,2025-03-17,1,T5,C15,17,159,2.402,2.402,12.99,False,
11460,2025-03-17,1,T3,C11,18,129,1.431,1.431,9.49,False,
11461,2025-03-17,1,T5,C12,10,105,0.158,0.158,3.49,False,
11462,2025-03-17,1,T1,C13,11,105,0.706,0.706,3.49,False,
11463,2025-03-17,1,T1,C12,11,128,0.937,0.937,10.99,False,
11464,2025-03-17,1,T2,C11,8,106,1.064,1.064,3.99,False,
11465,2025-03-17,1,T3,C15,16,159,1.165,1.165,12.99,False,
11466,2025-03-17,1,T5,C11,17,111,0.53,0.53,1.59,False,
11467,2025-03-17,1,T2,C16,13,130,0.766,0.766,21.99,False,
11468,2025-03-17,1,T3,C11,18,159,1.4,1.4,12.99,False,
11469,2025-03-17,1,T5,C13,8,130,0.767,0.767,21.99,False,
11470,2025-03-17,1,T1,C12,11,110,0.621,0.621,1.29,False,
11471,2025-03-17,1,T3,C13,9,129,1.094,1.094,9.49,False,
11472,2025-03-17,1,T4,C15,15,106,1.616,1.616,3.99,False,
11473,2025-03-17,1,T5,C12,9,101,0.889,0.889,1.49,False,
11474,2025-03-17,1,T5,C14,16,130,0.413,0.413,21.99,False,
11475,2025-03-17,1,T4,C16,9,101,1.626,1.626,1.49,False,
11476,2025-03-17,1,T3,C11,20,111,0.883,0.883,1.59,False,
11477,2025-03-17,1,T1,C16,20,130,1.0,1.0,21.99,False,
11478,2025-03-17,1,T2,C13,14,105,1.406,1.406,3.49,False,
11479,2025-03-17,1,T4,C16,15,159,0.851,0.851,12.99,False,
11480,2025-03-17,1,T1,C12,8,105,1.194,1.194,3.49,False,
11481,2025-03-17,1,T4,C15,11,127,0.91,0.91,8.99,False,
11482,2025-03-17,1,T3,C11,16,106,0.924,0.924,3.99,False,
11483,2025-03-17,1,T5,C13,17,127,0.565,0.694,8.99,True,no_tare
11484,2025-03-17,1,T3,C11,18,111,2.732,2.732,1.59,False,
11485,2025-03-17,1,T1,C15,7,104,1.516,1.516,1.99,False,
11486,2025-03-17,1,T1,C16,17,106,1.548,1.548,3.99,False,
11487,2025-03-17,1,T5,C12,12,104,0.565,0.565,1.99,False,
11488,2025-03-17,1,T2,C11,7,104,1.376,1.376,1.99,False,
11489,2025-03-17,1,T5,C14,11,159,1.469,1.469,12.99,False,
11490,2025-03-17,1,T5,C11,19,110,0.636,0.636,1.29,False,
11491,2025-03-17,1,T5,C11,18,104,0.947,0.947,1.99,False,
11492,2025-03-17,1,T3,C14,10,104,0.466,0.466,1.99,False,
11493,2025-03-17,1,T2,C11,15,104,0.77,0.77,1.99,False,
11494,2025-03-17,1,T1,C14,20,129,0.619,0.619,9.49,False,
11495,2025-03-17,1,T1,C12,8,130,0.276,0.276,21.99,False,
11496,2025-03-17,1,T1,C12,19,101,0.825,0.825,1.49,False,
11497,2025-03-17,1,T3,C12,12,129,0.152,0.152,9.49,False,
11498,2025-03-17,1,T4,C15,20,159,1.827,1.827,12.99,False,
11499,2025-03-17,1,T3,C13,13,101,0.677,0.677,1.49,False,
11500,2025-03-17,1,T3,C11,12,106,0.743,0.743,3.99,False,
11501,2025-03-17,1,T4,C16,18,129,1.104,1.104,9.49,False,
11502,2025-03-17,1,T5,C16,15,106,1.78,1.78,3.99,False,
11503,2025-03-17,1,T4,C16,15,101,1.438,1.438,1.49,False,
11504,2025-03-17,1,T2,C11,14,104,0.611,0.611,1.99,False,
11505,2025-03-17,1,T1,C14,17,130,0.974,0.974,21.99,False,
11506,2025-03-17,1,T3,C16,13,104,1.41,1.41,1.99,False,
11507,2025-03-17,1,T3,C12,14,101,1.356,1.356,1.49,False,
11508,2025-03-17,1,T1,C15,13,111,1.194,1.194,1.59,False,
11509,2025-03-17,1,T3,C16,9,128,0.595,0.595,10.99,False,
11510,2025-03-17,1,T5,C12,11,159,1.67,1.67,12.99,False,
11511,2025-03-17,1,T2,C15,13,110,1.676,1.676,1.29,False,
11512,2025-03-17,1,T4,C15,14,106,2.45,2.45,3.99,False,
11513,2025-03-17,1,T4,C12,12,106,1.694,1.694,3.99,False,
11514,2025-03-17,1,T4,C12,7,105,0.456,0.456,3.49,False,
11515,2025-03-17,1,T3,C11,16,159,0.756,0.756,12.99,False,
11516,2025-03-17,1,T4,C16,16,105,0.214,0.214,3.49,False,
11517,2025-03-17,1,T2,C16,11,101,1.466,1.466,1.49,False,
11518,2025-03-17,1,T2,C15,10,128,0.301,0.301,10.99,False,
11519,2025-03-17,1,T5,C15,21,128,0.409,0.409,10.99,False,
11520,2025-03-17,1,T5,C11,18,106,0.104,0.104,3.99,False,
11521,2025-03-17,1,T4,C13,8,105,1.519,1.519,3.49,False,
11522,2025-03-17,1,T4,C15,11,128,0.915,0.915,10.99,False,
11523,2025-03-17,1,T5,C11,15,111,2.238,2.238,1.59,False,
11524,2025-03-17,1,T5,C16,16,130,0.561,0.561,21.99,False,
11525,2025-03-17,1,T4,C11,15,159,1.395,1.395,12.99,False,
11526,2025-03-17,1,T1,C14,12,130,2.126,2.126,21.99,False,
11527,2025-03-17,1,T4,C14,12,127,1.831,1.831,8.99,False,
11528,2025-03-17,1,T3,C15,21,130,1.034,1.034,21.99,False,
11529,2025-03-17,1,T1,C14,17,111,1.76,1.76,1.59,False,
11530,2025-03-17,1,T3,C16,8,104,1.064,1.064,1.99,False,
11531,2025-03-17,1,T1,C11,18,128,1.504,1.504,10.99,False,
11532,2025-03-17,1,T4,C14,17,128,0.324,0.324,10.99,False,
11533,2025-03-17,1,T4,C15,20,130,1.172,1.172,21.99,False,
11534,2025-03-17,1,T5,C15,12,105,1.603,1.603,3.49,False,
11535,2025-03-17,1,T2,C12,11,129,0.321,0.321,9.49,False,
11536,2025-03-17,1,T3,C14,20,106,1.093,1.093,3.99,False,
11537,2025-03-17,1,T1,C16,15,129,0.202,0.202,9.49,False,
11538,2025-03-17,1,T2,C13,14,104,0.989,0.989,1.99,False,
11539,2025-03-17,1,T1,C12,9,128,0.932,0.932,10.99,False,
11540,2025-03-17,1,T1,C14,19,105,0.85,0.85,3.49,False,
11541,2025-03-17,1,T4,C13,17,104,0.728,0.728,1.99,False,
11542,2025-03-17,1,T1,C11,9,129,0.413,0.413,9.49,False,
11543,2025-03-17,1,T1,C12,12,110,1.216,1.216,1.29,False,
11544,2025-03-17,1,T3,C15,8,130,0.188,0.188,21.99,False,
11545,2025-03-17,1,T2,C14,17,110,0.873,0.873,1.29,False,
11546,2025-03-17,1,T3,C15,9,110,2.23,2.23,1.29,False,
11547,2025-03-17,1,T5,C14,12,159,0.524,0.524,12.99,False,
11548,2025-03-17,1,T5,C15,15,129,1.449,1.449,9.49,False,
11549,2025-03-17,1,T1,C14,21,129,0.315,0.315,9.49,False,
11550,2025-03-17,1,T5,C13,7,105,1.509,1.509,3.49,False,
11551,2025-03-17,1,T4,C11,12,159,1.179,1.179,12.99,False,
11552,2025-03-17,1,T5,C16,12,111,0.716,0.716,1.59,False,
11553,2025-03-17,1,T4,C11,12,101,0.929,0.929,1.49,False,
11554,2025-03-17,1,T2,C15,9,106,0.635,0.635,3.99,False,
11555,2025-03-17,1,T2,C12,11,101,1.075,1.075,1.49,False,
11556,2025-03-17,1,T1,C13,11,106,0.568,0.568,3.99,False,
11557,2025-03-17,1,T2,C14,12,130,1.11,1.11,21.99,False,
11558,2025-03-17,1,T1,C11,10,106,1.935,1.935,3.99,False,
11559,2025-03-17,1,T5,C13,8,129,0.189,0.189,9.49,False,
11560,2025-03-17,1,T3,C12,15,129,1.606,1.606,9.49,False,
11561,2025-03-17,1,T4,C11,14,106,0.218,0.218,3.99,False,
11562,2025-03-17,1,T1,C13,8,129,1.239,1.239,9.49,False,
11563,2025-03-17,1,T3,C16,16,104,1.827,1.827,1.99,False,
11564,2025-03-17,1,T4,C14,9,129,1.544,1.544,9.49,False,
11565,2025-03-17,1,T4,C11,18,101,0.702,0.702,1.49,False,
11566,2025-03-17,1,T1,C12,12,106,0.652,0.652,3.99,False,
11567,2025-03-17,1,T2,C14,11,111,0.527,0.527,1.59,False,
11568,2025-03-17,1,T2,C14,7,159,0.783,0.889,12.99,True,no_tare
11569,2025-03-17,1,T2,C15,21,111,0.561,0.561,1.59,False,
11570,2025-03-17,1,T3,C11,14,129,0.794,0.794,9.49,False,
11571,2025-03-17,1,T1,C12,14,130,1.862,1.862,21.99,False,
11572,2025-03-17,1,T1,C12,13,128,3.065,3.065,10.99,False,
11573,2025-03-17,1,T5,C16,16,128,1.398,1.398,10.99,False,
11574,2025-03-17,1,T2,C11,12,110,0.916,0.916,1.29,False,
11575,2025-03-17,1,T1,C15,17,105,3.013,3.013,3.49,False,
11576,2025-03-17,1,T5,C12,17,104,1.749,1.749,1.99,False,
11577,2025-03-17,1,T1,C12,9,129,0.807,0.807,9.49,False,
11578,2025-03-17,1,T5,C13,12,101,1.429,1.429,1.49,False,
11579,2025-03-17,1,T1,C12,9,127,2.059,2.059,8.99,False,
11580,2025-03-17,1,T1,C12,17,101,2.251,2.251,1.49,False,
11581,2025-03-17,1,T4,C14,8,111,0.519,0.519,1.59,False,
11582,2025-03-17,1,T3,C13,16,129,1.806,1.806,9.49,False,
11583,2025-03-17,1,T3,C16,7,110,1.792,1.792,1.29,False,
11584,2025-03-17,1,T4,C15,11,128,3.853,3.853,10.99,False,
11585,2025-03-17,1,T2,C11,13,105,1.11,1.11,3.49,False,
11586,2025-03-17,1,T2,C14,7,106,3.574,3.574,3.99,False,
11587,2025-03-17,1,T5,C16,21,111,1.365,1.365,1.59,False,
11588,2025-03-17,1,T4,C12,18,104,2.194,2.194,1.99,False,
11589,2025-03-17,1,T5,C11,19,129,0.13,0.13,9.49,False,
11590,2025-03-17,1,T2,C16,21,110,0.657,0.657,1.29,False,
11591,2025-03-17,1,T5,C13,9,159,0.701,0.701,12.99,False,
11592,2025-03-17,1,T4,C15,19,128,0.779,0.779,10.99,False,
11593,2025-03-17,1,T1,C16,14,127,0.553,0.69,8.99,True,no_tare
11594,2025-03-17,1,T5,C12,19,110,0.478,0.478,1.29,False,
11595,2025-03-17,1,T5,C16,13,130,0.824,0.824,21.99,False,
11596,2025-03-17,1,T2,C11,17,159,2.523,2.523,12.99,False,
11597,2025-03-17,1,T3,C16,14,111,1.451,1.451,1.59,False,
11598,2025-03-17,1,T1,C13,19,128,0.314,0.314,10.99,False,
11599,2025-03-17,1,T3,C12,10,101,0.582,0.582,1.49,False,
11600,2025-03-17,1,T3,C11,19,110,0.788,0.788,1.29,False,
11601,2025-03-17,1,T5,C15,17,130,0.207,0.207,21.99,False,
11602,2025-03-17,1,T1,C15,19,130,2.267,2.267,21.99,False,
11603,2025-03-17,1,T4,C11,8,130,1.403,1.403,21.99,False,
11604,2025-03-17,1,T5,C13,11,129,1.386,1.386,9.49,False,
11605,2025-03-17,1,T1,C13,8,106,0.766,0.766,3.99,False,
11606,2025-03-17,1,T1,C15,9,127,0.709,0.709,8.99,False,
11607,2025-03-17,1,T3,C15,21,129,1.55,1.55,9.49,False,
11608,2025-03-17,1,T4,C15,19,128,1.782,1.782,10.99,False,
11609,2025-03-17,1,T1,C14,9,127,2.187,2.187,8.99,False,
11610,2025-03-17,1,T5,C12,10,129,1.827,1.827,9.49,False,
11611,2025-03-17,1,T4,C12,14,159,1.578,1.578,12.99,False,
11612,2025-03-17,1,T2,C11,21,104,0.552,0.552,1.99,False,
11613,2025-03-17,1,T1,C16,18,106,1.574,1.574,3.99,False,
11614,2025-03-17,1,T1,C16,14,104,0.294,0.294,1.99,False,
11615,2025-03-17,1,T4,C12,15,101,1.188,1.188,1.49,False,
11616,2025-03-17,1,T3,C13,20,110,1.927,1.927,1.29,False,
11617,2025-03-17,1,T5,C16,17,129,1.355,1.355,9.49,False,
11618,2025-03-17,1,T1,C14,13,104,0.543,0.543,1.99,False,
11619,2025-03-17,1,T3,C16,21,104,1.203,1.203,1.99,False,
11620,2025-03-17,1,T2,C16,11,130,1.389,1.389,21.99,False,
11621,2025-03-17,1,T3,C12,15,104,0.551,0.551,1.99,False,
11622,2025-03-17,1,T5,C14,20,105,2.416,2.416,3.49,False,
11623,2025-03-17,1,T1,C12,12,111,0.404,0.404,1.59,False,
11624,2025-03-17,1,T1,C14,11,130,1.355,1.355,21.99,False,
11625,2025-03-17,1,T5,C16,14,128,1.007,1.007,10.99,False,
11626,2025-03-17,1,T2,C16,17,104,2.067,2.067,1.99,False,
11627,2025-03-17,1,T3,C16,10,106,0.902,0.902,3.99,False,
11628,2025-03-17,1,T2,C15,18,128,1.09,1.09,10.99,False,
11629,2025-03-17,1,T2,C15,21,111,0.814,0.814,1.59,False,
11630,2025-03-17,1,T1,C11,21,111,0.433,0.433,1.59,False,
12162,2025-03-18,1,T1,C13,15,130,1.374,1.374,21.99,False,
12163,2025-03-18,1,T4,C15,10,159,1.316,1.316,12.99,False,
12164,2025-03-18,1,T2,C11,16,111,1.593,1.593,1.59,False,
12165,2025-03-18,1,T1,C14,17,128,0.697,0.697,10.99,False,
12166,2025-03-18,1,T3,C14,8,129,0.213,0.213,9.49,False,
12167,2025-03-18,1,T2,C13,11,159,0.837,0.837,12.99,False,
12168,2025-03-18,1,T3,C12,18,130,0.988,0.988,21.99,False,
12169,2025-03-18,1,T2,C12,17,110,0.841,0.841,1.29,False,
12170,2025-03-18,1,T2,C11,15,105,0.604,0.604,3.49,False,
12171,2025-03-18,1,T1,C11,13,129,1.608,1.608,9.49,False,
12172,2025-03-18,1,T4,C12,10,105,1.788,1.788,3.49,False,
12173,2025-03-18,1,T1,C16,15,104,0.734,0.734,1.99,False,
12174,2025-03-18,1,T1,C12,11,129,0.315,0.315,9.49,False,
12175,2025-03-18,1,T2,C16,9,105,1.701,1.701,3.49,False,
12176,2025-03-18,1,T5,C14,11,106,2.412,2.412,3.99,False,
12177,2025-03-18,1,T4,C16,13,101,0.658,0.658,1.49,False,
12178,2025-03-18,1,T2,C15,17,101,2.748,2.748,1.49,False,
12179,2025-03-18,1,T2,C11,17,159,1.614,1.614,12.99,False,
12180,2025-03-18,1,T3,C16,17,129,1.305,1.305,9.49,False,
12181,2025-03-18,1,T5,C15,9,130,1.494,1.494,21.99,False,
12182,2025-03-18,1,T3,C15,15,159,1.098,1.098,12.99,False,
12183,2025-03-18,1,T2,C16,10,111,1.032,1.032,1.59,False,
12184,2025-03-18,1,T5,C12,20,110,1.967,1.967,1.29,False,
12185,2025-03-18,1,T2,C15,10,111,1.06,1.06,1.59,False,
12186,2025-03-18,1,T1,C12,12,104,1.335,1.335,1.99,False,
12187,2025-03-18,1,T4,C12,9,106,0.694,0.694,3.99,False,
12188,2025-03-18,1,T3,C15,17,104,2.142,2.142,1.99,False,
12189,2025-03-18,1,T5,C11,17,128,1.338,1.338,10.99,False,
12190,2025-03-18,1,T3,C14,12,104,1.102,1.102,1.99,False,
12191,2025-03-18,1,T5,C16,12,129,1.828,2.0,9.49,True,no_tare
12192,2025-03-18,1,T3,C15,13,128,2.817,2.817,10.99,False,
12193,2025-03-18,1,T1,C15,10,127,0.281,0.281,8.99,False,
12194,2025-03-18,1,T5,C15,20,111,0.832,0.832,1.59,False,
12195,2025-03-18,1,T3,C13,7,159,0.703,0.703,12.99,False,
12196,2025-03-18,1,T2,C14,11,111,2.498,2.498,1.59,False,
12197,2025-03-18,1,T1,C13,14,105,0.913,0.913,3.49,False,
12198,2025-03-18,1,T4,C15,21,101,0.304,0.304,1.49,False,
12199,2025-03-18,1,T3,C13,15,106,0.814,0.814,3.99,False,
12200,2025-03-18,1,T1,C11,12,110,1.836,1.836,1.29,False,
12201,2025-03-18,1,T2,C11,20,129,0.58,0.58,9.49,False,
12202,2025-03-18,1,T2,C14,21,130,1.038,1.038,21.99,False,
12203,2025-03-18,1,T2,C11,15,106,0.992,0.992,3.99,False,
12204,2025-03-18,1,T5,C13,16,128,0.953,0.953,10.99,False,
12205,2025-03-18,1,T3,C13,19,130,0.483,0.483,21.99,False,
12206,2025-03-18,1,T1,C14,11,129,3.775,3.775,9.49,False,
12207,2025-03-18,1,T4,C15,15,130,0.382,0.382,21.99,False,
12208,2025-03-18,1,T1,C15,17,128,1.152,1.152,10.99,False,
12209,2025-03-18,1,T1,C15,14,101,2.929,2.929,1.49,False,
12210,2025-03-18,1,T2,C16,17,106,2.313,2.313,3.99,False,
12211,2025-03-18,1,T1,C14,18,101,1.014,1.014,1.49,False,
12212,2025-03-18,1,T2,C13,18,106,0.875,0.875,3.99,False,
12213,2025-03-18,1,T2,C14,8,110,0.375,0.375,1.29,False,
12214,2025-03-18,1,T3,C12,13,110,0.57,0.57,1.29,False,
12215,2025-03-18,1,T1,C16,10,128,1.99,1.99,10.99,False,
12216,2025-03-18,1,T3,C16,8,101,2.015,2.015,1.49,False,
12217,2025-03-18,1,T1,C14,12,159,1.6,1.6,12.99,False,
12218,2025-03-18,1,T4,C14,15,130,0.523,0.523,21.99,False,
12219,2025-03-18,1,T4,C15,7,104,1.11,1.11,1.99,False,
12220,2025-03-18,1,T2,C14,18,128,0.781,0.781,10.99,False,
12221,2025-03-18,1,T3,C11,12,129,1.43,1.43,9.49,False,
12222,2025-03-18,1,T1,C11,21,110,1.628,1.628,1.29,False,
12223,2025-03-18,1,T4,C13,9,105,1.24,1.24,3.49,False,
12224,2025-03-18,1,T2,C12,16,159,0.64,0.64,12.99,False,
12225,2025-03-18,1,T1,C15,16,129,1.213,1.213,9.49,False,
12226,2025-03-18,1,T1,C12,8,106,1.051,1.051,3.99,False,
12227,2025-03-18,1,T3,C13,7,128,0.616,0.616,10.99,False,
12228,2025-03-18,1,T1,C14,13,104,0.762,0.762,1.99,False,
12229,2025-03-18,1,T1,C15,11,159,1.353,1.353,12.99,False,
12230,2025-03-18,1,T4,C14,14,101,0.405,0.405,1.49,False,
12231,2025-03-18,1,T1,C16,8,130,3.264,3.264,21.99,False,
12232,2025-03-18,1,T5,C13,21,110,0.773,0.773,1.29,False,
12233,2025-03-18,1,T4,C16,13,104,0.499,0.499,1.99,False,
12234,2025-03-18,1,T5,C14,16,159,0.363,0.363,12.99,False,
12235,2025-03-18,1,T1,C13,15,129,1.349,1.494,9.49,True,no_tare
12236,2025-03-18,1,T3,C15,9,159,0.808,0.808,12.99,False,
12237,2025-03-18,1,T3,C11,16,130,0.744,0.744,21.99,False,
12238,2025-03-18,1,T3,C13,7,129,1.248,1.248,9.49,False,
12239,2025-03-18,1,T1,C15,8,159,0.537,0.537,12.99,False,
12240,2025-03-18,1,T1,C11,17,129,0.524,0.524,9.49,False,
12241,2025-03-18,1,T5,C14,14,127,1.013,1.013,8.99,False,
12242,2025-03-18,1,T1,C14,20,159,1.005,1.005,12.99,False,
12243,2025-03-18,1,T3,C11,18,106,1.67,1.67,3.99,False,
12244,2025-03-18,1,T1,C12,21,105,1.098,1.098,3.49,False,
12245,2025-03-18,1,T4,C15,8,129,0.282,0.282,9.49,False,
12246,2025-03-18,1,T5,C16,9,130,0.638,0.638,21.99,False,
12247,2025-03-18,1,T4,C16,19,130,1.191,1.191,21.99,False,
12248,2025-03-18,1,T3,C15,20,101,1.842,1.842,1.49,False,
12249,2025-03-18,1,T1,C13,7,105,2.767,2.767,3.49,False,
12250,2025-03-18,1,T5,C15,11,101,3.41,3.41,1.49,False,
12251,2025-03-18,1,T4,C16,9,106,1.856,1.856,3.99,False,
12252,2025-03-18,1,T3,C15,16,110,0.347,0.347,1.29,False,
12253,2025-03-18,1,T2,C15,20,128,0.867,1.03,10.99,True,no_tare
12254,2025-03-18,1,T3,C15,16,128,1.177,1.177,10.99,False,
12255,2025-03-18,1,T4,C16,20,159,0.722,0.722,12.99,False,
12256,2025-03-18,1,T1,C11,11,106,0.751,0.751,3.99,False,
12257,2025-03-18,1,T4,C14,17,127,1.33,1.33,8.99,False,
12258,2025-03-18,1,T1,C15,21,105,2.155,2.155,3.49,False,
12259,2025-03-18,1,T3,C11,13,127,0.379,0.379,8.99,False,
12260,2025-03-18,1,T5,C12,9,104,0.451,0.451,1.99,False,
12261,2025-03-18,1,T1,C13,14,129,0.542,0.542,9.49,False,
12262,2025-03-18,1,T4,C13,19,129,2.17,2.17,9.49,False,
12263,2025-03-18,1,T5,C15,16,106,2.072,2.072,3.99,False,
12264,2025-03-18,1,T4,C11,20,159,0.848,0.848,12.99,False,
12265,2025-03-18,1,T4,C12,19,159,1.252,1.252,12.99,False,
12266,2025-03-18,1,T2,C12,10,101,1.231,1.231,1.49,False,
12267,2025-03-18,1,T1,C16,20,159,0.753,0.753,12.99,False,
12268,2025-03-18,1,T4,C15,9,101,1.509,1.509,1.49,False,
12269,2025-03-18,1,T4,C13,16,130,1.806,1.806,21.99,False,
12270,2025-03-18,1,T5,C16,21,159,3.205,3.295,12.99,True,no_tare
12271,2025-03-18,1,T2,C16,16,105,0.422,0.422,3.49,False,
12272,2025-03-18,1,T3,C13,17,101,2.049,2.049,1.49,False,
12273,2025-03-18,1,T5,C11,10,104,4.838,4.838,1.99,False,
12274,2025-03-18,1,T3,C12,10,101,3.035,3.035,1.49,False,
12275,2025-03-18,1,T1,C15,12,105,1.353,1.353,3.49,False,
12276,2025-03-18,1,T5,C15,10,110,0.348,0.348,1.29,False,
12277,2025-03-18,1,T1,C14,12,159,2.222,2.222,12.99,False,
12278,2025-03-18,1,T3,C16,17,159,1.167,1.167,12.99,False,
12279,2025-03-18,1,T3,C11,7,106,0.956,0.956,3.99,False,
12280,2025-03-18,1,T5,C12,17,159,0.892,0.892,12.99,False,
12281,2025-03-18,1,T2,C16,21,104,0.366,0.366,1.99,False,
12282,2025-03-18,1,T3,C14,17,111,1.641,1.641,1.59,False,
12283,2025-03-18,1,T4,C16,17,130,1.537,1.537,21.99,False,
12284,2025-03-18,1,T2,C13,9,105,0.539,0.539,3.49,False,
12285,2025-03-18,1,T5,C12,7,130,0.778,0.778,21.99,False,
12286,2025-03-18,1,T2,C16,20,104,0.319,0.319,1.99,False,
12287,2025-03-18,1,T2,C15,17,127,0.685,0.685,8.99,False,
12288,2025-03-18,1,T5,C12,19,106,0.242,0.242,3.99,False,
12289,2025-03-18,1,T4,C14,10,159,1.121,1.121,12.99,False,
12290,2025-03-18,1,T4,C13,20,110,1.665,1.665,1.29,False,
12291,2025-03-18,1,T1,C16,21,105,1.16,1.16,3.49,False,
12292,2025-03-18,1,T1,C14,7,130,1.359,1.359,21.99,False,
12293,2025-03-18,1,T2,C13,18,101,0.36,0.36,1.49,False,
12294,2025-03-18,1,T4,C13,16,130,0.477,0.477,21.99,False,
12295,2025-03-18,1,T5,C13,10,106,1.612,1.612,3.99,False,
12296,2025-03-18,1,T2,C14,8,127,1.076,1.076,8.99,False,
12297,2025-03-18,1,T2,C13,9,159,0.613,0.613,12.99,False,
12298,2025-03-18,1,T5,C14,9,101,0.434,0.434,1.49,False,
12299,2025-03-18,1,T1,C13,7,111,1.599,1.599,1.59,False,
12300,2025-03-18,1,T4,C14,7,101,1.0,1.0,1.49,False,
12301,2025-03-18,1,T2,C13,12,159,0.793,0.793,12.99,False,
12302,2025-03-18,1,T4,C11,16,130,0.879,0.879,21.99,False,
12303,2025-03-18,1,T1,C12,13,130,1.873,1.873,21.99,False,
12304,2025-03-18,1,T1,C15,19,101,2.403,2.403,1.49,False,
12305,2025-03-18,1,T1,C12,10,128,1.282,1.282,10.99,False,
12306,2025-03-18,1,T4,C14,17,159,1.712,1.712,12.99,False,
12307,2025-03-18,1,T4,C15,16,110,1.465,1.465,1.29,False,
12308,2025-03-18,1,T3,C12,8,104,1.643,1.643,1.99,False,
12309,2025-03-18,1,T4,C15,15,128,0.647,0.647,10.99,False,
12310,2025-03-18,1,T5,C14,10,101,0.758,0.758,1.49,False,
12311,2025-03-18,1,T1,C16,9,105,1.058,1.058,3.49,False,
12312,2025-03-18,1,T5,C16,11,159,1.142,1.142,12.99,False,
12313,2025-03-18,1,T3,C15,11,106,0.531,0.531,3.99,False,
12314,2025-03-18,1,T3,C14,13,105,0.596,0.596,3.49,False,
12315,2025-03-18,1,T1,C13,15,110,1.329,1.329,1.29,False,
12316,2025-03-18,1,T2,C11,18,130,0.933,0.933,21.99,False,
12317,2025-03-18,1,T5,C14,12,105,1.32,1.32,3.49,False,
12318,2025-03-18,1,T2,C14,19,127,1.393,1.393,8.99,False,
12319,2025-03-18,1,T5,C15,16,129,1.164,1.164,9.49,False,
12320,2025-03-18,1,T4,C15,8,159,1.258,1.438,12.99,True,no_tare
12321,2025-03-18,1,T3,C14,16,127,1.799,1.799,8.99,False,
12322,2025-03-18,1,T3,C12,9,101,0.239,0.239,1.49,False,
12323,2025-03-18,1,T3,C16,16,101,0.193,0.193,1.49,False,
12324,2025-03-18,1,T5,C11,8,159,0.654,0.654,12.99,False,
12325,2025-03-18,1,T1,C11,8,127,0.758,0.758,8.99,False,
12326,2025-03-18,1,T5,C13,21,104,1.08,1.08,1.99,False,
12327,2025-03-18,1,T5,C12,10,159,1.75,1.75,12.99,False,
12328,2025-03-18,1,T2,C15,15,111,2.235,2.235,1.59,False,
12329,2025-03-18,1,T2,C14,8,129,0.784,0.784,9.49,False,
12330,2025-03-18,1,T1,C12,17,159,2.64,2.64,12.99,False,
12331,2025-03-18,1,T3,C16,8,111,0.273,0.273,1.59,False,
12332,2025-03-18,1,T5,C13,18,159,1.597,1.597,12.99,False,
12333,2025-03-18,1,T5,C12,18,101,1.111,1.111,1.49,False,
12334,2025-03-18,1,T5,C11,11,104,0.44,0.44,1.99,False,
12335,2025-03-18,1,T1,C14,18,129,1.786,1.786,9.49,False,
12336,2025-03-18,1,T4,C13,16,106,0.482,0.482,3.99,False,
12922,2025-03-19,1,T4,C15,7,110,1.201,1.201,1.29,False,
12923,2025-03-19,1,T1,C16,7,104,1.49,1.49,1.99,False,
12924,2025-03-19,1,T1,C16,20,111,0.821,0.821,1.59,False,
12925,2025-03-19,1,T3,C11,21,101,0.755,0.755,1.49,False,
12926,2025-03-19,1,T1,C16,20,104,0.528,0.528,1.99,False,
12927,2025-03-19,1,T5,C12,9,106,1.771,1.771,3.99,False,
12928,2025-03-19,1,T1,C15,12,128,1.456,1.456,10.99,False,
12929,2025-03-19,1,T3,C11,14,127,1.269,1.269,8.99,False,
12930,2025-03-19,1,T1,C16,16,129,0.557,0.557,9.49,False,
12931,2025-03-19,1,T2,C14,10,129,1.368,1.368,9.49,False,
12932,2025-03-19,1,T4,C15,20,106,1.581,1.581,3.99,False,
12933,2025-03-19,1,T5,C15,9,129,1.188,1.188,9.49,False,
12934,2025-03-19,1,T3,C12,8,129,0.648,0.648,9.49,False,
12935,2025-03-19,1,T4,C13,11,130,1.487,1.487,21.99,False,
12936,2025-03-19,1,T3,C14,19,111,0.549,0.549,1.59,False,
12937,2025-03-19,1,T4,C13,15,129,2.228,2.228,9.49,False,
12938,2025-03-19,1,T1,C13,16,129,1.521,1.521,9.49,False,
12939,2025-03-19,1,T4,C13,13,104,1.942,1.942,1.99,False,
12940,2025-03-19,1,T1,C11,13,101,0.523,0.523,1.49,False,
12941,2025-03-19,1,T5,C16,9,127,0.88,0.88,8.99,False,
12942,2025-03-19,1,T5,C15,10,110,1.614,1.614,1.29,False,
12943,2025-03-19,1,T4,C11,14,130,1.408,1.408,21.99,False,
12944,2025-03-19,1,T4,C13,19,110,1.066,1.066,1.29,False,
12945,2025-03-19,1,T4,C11,18,110,0.521,0.521,1.29,False,
12946,2025-03-19,1,T2,C13,11,105,0.644,0.644,3.49,False,
12947,2025-03-19,1,T5,C15,19,129,1.295,1.295,9.49,False,
12948,2025-03-19,1,T1,C15,8,104,4.034,4.034,1.99,False,
12949,2025-03-19,1,T3,C13,9,104,2.519,2.519,1.99,False,
12950,2025-03-19,1,T3,C14,21,128,1.352,1.352,10.99,False,
12951,2025-03-19,1,T1,C11,7,105,1.813,1.813,3.49,False,
12952,2025-03-19,1,T3,C12,20,127,1.59,1.59,8.99,False,
12953,2025-03-19,1,T1,C11,13,104,0.494,0.494,1.99,False,
12954,2025-03-19,1,T3,C14,14,130,0.92,0.92,21.99,False,
12955,2025-03-19,1,T2,C15,7,104,0.519,0.519,1.99,False,
12956,2025-03-19,1,T4,C12,8,128,1.277,1.277,10.99,False,
12957,2025-03-19,1,T4,C16,14,128,1.031,1.031,10.99,False,
12958,2025-03-19,1,T1,C16,11,105,1.453,1.453,3.49,False,
12959,2025-03-19,1,T5,C14,14,127,1.492,1.492,8.99,False,
12960,2025-03-19,1,T4,C16,21,128,1.514,1.514,10.99,False,
12961,2025-03-19,1,T5,C14,16,110,0.661,0.661,1.29,False,
12962,2025-03-19,1,T3,C13,12,159,0.77,0.77,12.99,False,
12963,2025-03-19,1,T2,C11,21,104,1.954,1.954,1.99,False,
12964,2025-03-19,1,T3,C14,7,110,1.753,1.753,1.29,False,
12965,2025-03-19,1,T1,C16,16,129,0.96,0.96,9.49,False,
12966,2025-03-19,1,T1,C13,8,110,0.66,0.66,1.29,False,
12967,2025-03-19,1,T5,C14,20,128,0.713,0.713,10.99,False,
12968,2025-03-19,1,T1,C11,10,130,1.436,1.436,21.99,False,
12969,2025-03-19,1,T1,C15,14,101,1.726,1.726,1.49,False,
12970,2025-03-19,1,T4,C15,16,111,0.405,0.405,1.59,False,
12971,2025-03-19,1,T1,C16,18,111,1.567,1.567,1.59,False,
12972,2025-03-19,1,T1,C16,10,129,2.05,2.05,9.49,False,
12973,2025-03-19,1,T3,C12,17,130,1.488,1.488,21.99,False,
12974,2025-03-19,1,T2,C12,7,104,0.971,0.971,1.99,False,
12975,2025-03-19,1,T1,C11,7,105,1.931,1.931,3.49,False,
12976,2025-03-19,1,T2,C13,7,129,0.557,0.557,9.49,False,
12977,2025-03-19,1,T5,C15,13,127,1.827,1.827,8.99,False,
12978,2025-03-19,1,T5,C14,14,106,2.008,2.008,3.99,False,
12979,2025-03-19,1,T2,C15,19,128,2.12,2.12,10.99,False,
12980,2025-03-19,1,T5,C15,21,128,1.025,1.025,10.99,False,
12981,2025-03-19,1,T2,C13,8,129,1.107,1.107,9.49,False,
12982,2025-03-19,1,T2,C11,18,130,1.329,1.329,21.99,False,
12983,2025-03-19,1,T3,C15,16,106,0.516,0.516,3.99,False,
12984,2025-03-19,1,T1,C16,15,106,1.484,1.484,3.99,False,
12985,2025-03-19,1,T1,C14,15,129,0.494,0.494,9.49,False,
12986,2025-03-19,1,T3,C14,9,105,0.69,0.69,3.49,False,
12987,2025-03-19,1,T1,C11,14,127,0.456,0.456,8.99,False,
12988,2025-03-19,1,T3,C16,8,128,1.643,1.643,10.99,False,
12989,2025-03-19,1,T5,C13,21,105,0.937,0.937,3.49,False,
12990,2025-03-19,1,T2,C13,18,111,0.476,0.476,1.59,False,
12991,2025-03-19,1,T2,C12,8,106,0.822,0.822,3.99,False,
12992,2025-03-19,1,T5,C16,8,111,4.168,4.168,1.59,False,
12993,2025-03-19,1,T3,C12,20,159,0.969,0.969,12.99,False,
12994,2025-03-19,1,T1,C12,17,104,0.341,0.341,1.99,False,
12995,2025-03-19,1,T5,C15,16,110,0.93,0.93,1.29,False,
12996,2025-03-19,1,T4,C13,9,129,1.2,1.2,9.49,False,
12997,2025-03-19,1,T1,C12,16,159,1.024,1.024,12.99,False,
12998,2025-03-19,1,T5,C15,14,111,0.875,0.875,1.59,False,
12999,2025-03-19,1,T1,C15,19,129,0.839,0.839,9.49,False,
13000,2025-03-19,1,T1,C12,21,106,1.949,1.949,3.99,False,
13001,2025-03-19,1,T2,C16,20,127,1.141,1.141,8.99,False,
13002,2025-03-19,1,T1,C16,11,105,1.363,1.363,3.49,False,
13003,2025-03-19,1,T4,C16,10,104,1.39,1.39,1.99,False,
13004,2025-03-19,1,T5,C15,20,127,1.902,1.902,8.99,False,
13005,2025-03-19,1,T3,C15,18,101,2.116,2.116,1.49,False,
13006,2025-03-19,1,T1,C11,17,101,0.755,0.755,1.49,False,
13007,2025-03-19,1,T2,C15,10,110,0.453,0.453,1.29,False,
13008,2025-03-19,1,T2,C13,14,111,0.815,0.815,1.59,False,
13009,2025-03-19,1,T2,C12,17,129,0.269,0.269,9.49,False,
13010,2025-03-19,1,T5,C14,20,127,2.326,2.326,8.99,False,
13011,2025-03-19,1,T4,C13,18,130,1.24,1.24,21.99,False,
13012,2025-03-19,1,T5,C13,16,106,2.514,2.514,3.99,False,
13013,2025-03-19,1,T2,C13,12,101,0.716,0.716,1.49,False,
13014,2025-03-19,1,T5,C13,11,101,1.937,1.937,1.49,False,
13015,2025-03-19,1,T5,C11,7,101,1.851,1.851,1.49,False,
13016,2025-03-19,1,T1,C14,19,106,0.776,0.776,3.99,False,
13017,2025-03-19,1,T4,C13,13,101,1.24,1.24,1.49,False,
13018,2025-03-19,1,T5,C13,14,111,1.054,1.054,1.59,False,
13019,2025-03-19,1,T4,C12,7,159,0.526,0.526,12.99,False,
13020,2025-03-19,1,T2,C15,20,104,0.401,0.401,1.99,False,
13021,2025-03-19,1,T4,C12,10,110,1.61,1.61,1.29,False,
13022,2025-03-19,1,T5,C14,17,110,3.197,3.197,1.29,False,
13023,2025-03-19,1,T5,C12,13,130,1.11,1.11,21.99,False,
13024,2025-03-19,1,T1,C11,16,130,0.761,0.761,21.99,False,
13025,2025-03-19,1,T1,C16,11,111,0.759,0.759,1.59,False,
13026,2025-03-19,1,T1,C13,19,111,0.276,0.276,1.59,False,
13027,2025-03-19,1,T3,C15,13,129,1.354,1.354,9.49,False,
13028,2025-03-19,1,T1,C11,9,104,2.026,2.026,1.99,False,
13029,2025-03-19,1,T2,C15,19,105,0.462,0.462,3.49,False,
13030,2025-03-19,1,T2,C14,13,105,0.455,0.455,3.49,False,
13031,2025-03-19,1,T5,C16,11,110,1.113,1.113,1.29,False,
13032,2025-03-19,1,T4,C12,21,104,0.881,0.881,1.99,False,
13033,2025-03-19,1,T5,C14,18,159,1.725,1.725,12.99,False,
13034,2025-03-19,1,T4,C13,19,101,0.402,0.402,1.49,False,
13035,2025-03-19,1,T4,C11,7,106,0.264,0.264,3.99,False,
13036,2025-03-19,1,T2,C11,15,159,1.864,1.864,12.99,False,
13037,2025-03-19,1,T3,C11,13,105,1.044,1.044,3.49,False,
13038,2025-03-19,1,T2,C14,20,101,2.055,2.055,1.49,False,
13039,2025-03-19,1,T4,C11,10,159,0.404,0.404,12.99,False,
13040,2025-03-19,1,T2,C13,16,105,0.274,0.274,3.49,False,
13041,2025-03-19,1,T1,C12,11,159,0.433,0.433,12.99,False,
13042,2025-03-19,1,T2,C12,10,127,0.802,0.802,8.99,False,
13043,2025-03-19,1,T2,C16,9,127,1.327,1.327,8.99,False,
13044,2025-03-19,1,T4,C16,20,105,0.91,0.91,3.49,False,
13045,2025-03-19,1,T1,C16,20,110,1.574,1.574,1.29,False,
13046,2025-03-19,1,T5,C11,15,127,1.788,1.788,8.99,False,
13047,2025-03-19,1,T5,C16,15,130,0.65,0.65,21.99,False,
13048,2025-03-19,1,T5,C12,19,129,0.969,0.969,9.49,False,
13049,2025-03-19,1,T1,C11,14,129,0.591,0.591,9.49,False,
13050,2025-03-19,1,T2,C16,18,110,1.046,1.046,1.29,False,
13051,2025-03-19,1,T1,C14,10,101,2.628,2.628,1.49,False,
13052,2025-03-19,1,T1,C15,11,104,1.392,1.392,1.99,False,
13053,2025-03-19,1,T5,C14,18,105,0.363,0.363,3.49,False,
13054,2025-03-19,1,T1,C15,8,128,1.194,1.194,10.99,False,
13055,2025-03-19,1,T3,C11,14,128,0.87,0.87,10.99,False,
13056,2025-03-19,1,T3,C11,21,101,1.13,1.13,1.49,False,
13057,2025-03-19,1,T5,C13,10,105,1.345,1.345,3.49,False,
13058,2025-03-19,1,T3,C16,8,110,1.547,1.547,1.29,False,
13059,2025-03-19,1,T5,C11,21,127,0.71,0.71,8.99,False,
13060,2025-03-19,1,T3,C11,9,101,0.578,0.578,1.49,False,
13061,2025-03-19,1,T3,C15,20,130,1.238,1.238,21.99,False,
13062,2025-03-19,1,T4,C12,15,104,0.876,0.876,1.99,False,
13063,2025-03-19,1,T2,C13,17,129,2.646,2.736,9.49,True,no_tare
13064,2025-03-19,1,T2,C11,14,129,0.592,0.592,9.49,False,
13065,2025-03-19,1,T1,C11,20,128,1.52,1.52,10.99,False,
13066,2025-03-19,1,T3,C16,15,128,1.203,1.203,10.99,False,
13067,2025-03-19,1,T2,C14,14,101,1.257,1.257,1.49,False,
13068,2025-03-19,1,T1,C11,11,111,2.066,2.066,1.59,False,
13069,2025-03-19,1,T4,C15,19,101,1.499,1.499,1.49,False,
13070,2025-03-19,1,T5,C14,17,130,0.889,0.889,21.99,False,
13071,2025-03-19,1,T3,C14,11,159,1.521,1.521,12.99,False,
13072,2025-03-19,1,T5,C16,10,111,0.445,0.445,1.59,False,
13073,2025-03-19,1,T1,C13,19,130,0.536,0.536,21.99,False,
13074,2025-03-19,1,T3,C14,11,111,0.646,0.646,1.59,False,
13075,2025-03-19,1,T4,C12,9,101,0.938,0.938,1.49,False,
13076,2025-03-19,1,T5,C14,7,127,1.022,1.139,8.99,True,no_tare
13077,2025-03-19,1,T5,C16,19,111,1.666,1.666,1.59,False,
13078,2025-03-19,1,T2,C12,11,128,0.322,0.322,10.99,False,
13079,2025-03-19,1,T1,C13,17,127,2.614,2.614,8.99,False,
13080,2025-03-19,1,T2,C15,10,110,1.292,1.292,1.29,False,
13081,2025-03-19,1,T5,C12,19,104,1.438,1.438,1.99,False,
13082,2025-03-19,1,T5,C14,16,111,0.534,0.534,1.59,False,
13616,2025-03-20,1,T2,C11,20,101,0.993,0.993,1.49,False,
13617,2025-03-20,1,T3,C12,10,105,1.505,1.505,3.49,False,
13618,2025-03-20,1,T4,C15,19,106,1.033,1.033,3.99,False,
13619,2025-03-20,1,T4,C12,20,105,0.617,0.617,3.49,False,
13620,2025-03-20,1,T3,C11,18,130,0.843,0.843,21.99,False,
13621,2025-03-20,1,T3,C15,8,104,1.344,1.344,1.99,False,
13622,2025-03-20,1,T5,C13,12,159,1.494,1.494,12.99,False,
13623,2025-03-20,1,T2,C13,13,110,1.032,1.032,1.29,False,
13624,2025-03-20,1,T5,C14,12,101,0.111,0.111,1.49,False,
13625,2025-03-20,1,T5,C12,17,105,0.482,0.482,3.49,False,
13626,2025-03-20,1,T4,C14,19,128,2.173,2.173,10.99,False,
13627,2025-03-20,1,T4,C16,21,101,2.548,2.548,1.49,False,
13628,2025-03-20,1,T1,C11,16,127,0.676,0.676,8.99,False,
13629,2025-03-20,1,T2,C14,20,128,1.236,1.339,10.99,True,no_tare
13630,2025-03-20,1,T5,C15,16,105,0.957,0.957,3.49,False,
13631,2025-03-20,1,T5,C14,10,130,0.593,0.593,21.99,False,
13632,2025-03-20,1,T4,C14,8,129,0.913,0.913,9.49,False,
13633,2025-03-20,1,T5,C16,21,129,0.545,0.545,9.49,False,
13634,2025-03-20,1,T5,C15,20,130,0.989,0.989,21.99,False,
13635,2025-03-20,1,T1,C12,18,130,0.703,0.703,21.99,False,
13636,2025-03-20,1,T1,C16,9,127,0.975,0.975,8.99,False,
13637,2025-03-20,1,T4,C11,10,129,0.406,0.406,9.49,False,
13638,2025-03-20,1,T1,C12,14,130,0.562,0.562,21.99,False,
13639,2025-03-20,1,T2,C12,7,129,0.145,0.145,9.49,False,
13640,2025-03-20,1,T4,C13,20,101,0.908,0.908,1.49,False,
13641,2025-03-20,1,T5,C11,8,105,1.051,1.051,3.49,False,
13642,2025-03-20,1,T5,C13,18,127,2.016,2.016,8.99,False,
13643,2025-03-20,1,T1,C14,9,106,1.683,1.683,3.99,False,
13644,2025-03-20,1,T4,C14,16,159,0.24,0.24,12.99,False,
13645,2025-03-20,1,T1,C16,16,104,1.352,1.352,1.99,False,
13646,2025-03-20,1,T1,C15,13,104,0.996,0.996,1.99,False,
13647,2025-03-20,1,T1,C16,15,104,1.304,1.304,1.99,False,
13648,2025-03-20,1,T3,C15,16,130,0.621,0.621,21.99,False,
13649,2025-03-20,1,T4,C16,10,110,0.154,0.154,1.29,False,
13650,2025-03-20,1,T4,C16,7,129,0.313,0.313,9.49,False,
13651,2025-03-20,1,T5,C13,10,159,2.046,2.046,12.99,False,
13652,2025-03-20,1,T4,C12,13,128,0.696,0.696,10.99,False,
13653,2025-03-20,1,T1,C14,8,127,1.865,1.865,8.99,False,
13654,2025-03-20,1,T5,C15,11,127,0.884,0.884,8.99,False,
13655,2025-03-20,1,T1,C12,20,110,1.544,1.544,1.29,False,
13656,2025-03-20,1,T1,C13,20,130,1.403,1.403,21.99,False,
13657,2025-03-20,1,T3,C11,16,127,2.201,2.201,8.99,False,
13658,2025-03-20,1,T1,C14,7,130,0.893,0.893,21.99,False,
13659,2025-03-20,1,T1,C12,15,159,1.71,1.71,12.99,False,
13660,2025-03-20,1,T4,C14,13,104,0.293,0.293,1.99,False,
13661,2025-03-20,1,T2,C16,7,130,1.429,1.429,21.99,False,
13662,2025-03-20,1,T2,C15,19,101,1.935,1.935,1.49,False,
13663,2025-03-20,1,T4,C12,19,127,0.783,0.783,8.99,False,
13664,2025-03-20,1,T5,C16,20,159,0.345,0.345,12.99,False,
13665,2025-03-20,1,T4,C13,20,106,1.302,1.302,3.99,False,
13666,2025-03-20,1,T4,C12,15,130,0.71,0.71,21.99,False,
13667,2025-03-20,1,T1,C15,14,101,0.639,0.639,1.49,False,
13668,2025-03-20,1,T5,C15,14,130,2.171,2.171,21.99,False,
13669,2025-03-20,1,T1,C13,10,106,0.607,0.607,3.99,False,
13670,2025-03-20,1,T4,C14,21,130,1.323,1.323,21.99,False,
13671,2025-03-20,1,T3,C15,16,106,1.342,1.342,3.99,False,
13672,2025-03-20,1,T5,C15,9,110,0.748,0.748,1.29,False,
13673,2025-03-20,1,T3,C14,12,106,2.152,2.152,3.99,False,
13674,2025-03-20,1,T5,C14,9,105,0.613,0.613,3.49,False,
13675,2025-03-20,1,T5,C13,13,128,2.1,2.1,10.99,False,
13676,2025-03-20,1,T5,C11,16,128,1.587,1.587,10.99,False,
13677,2025-03-20,1,T1,C13,16,128,1.224,1.224,10.99,False,
13678,2025-03-20,1,T4,C16,20,104,0.293,0.293,1.99,False,
13679,2025-03-20,1,T2,C16,10,159,2.241,2.241,12.99,False,
13680,2025-03-20,1,T4,C12,19,159,1.405,1.405,12.99,False,
13681,2025-03-20,1,T5,C12,11,159,0.852,0.852,12.99,False,
13682,2025-03-20,1,T5,C14,15,104,0.372,0.372,1.99,False,
13683,2025-03-20,1,T2,C12,20,110,1.49,1.49,1.29,False,
13684,2025-03-20,1,T4,C13,7,129,0.9,0.9,9.49,False,
13685,2025-03-20,1,T2,C12,17,127,1.618,1.618,8.99,False,
13686,2025-03-20,1,T4,C15,10,105,0.26,0.26,3.49,False,
13687,2025-03-20,1,T4,C15,19,110,0.188,0.188,1.29,False,
13688,2025-03-20,1,T3,C16,16,129,2.647,2.647,9.49,False,
13689,2025-03-20,1,T1,C14,18,110,0.646,0.646,1.29,False,
13690,2025-03-20,1,T4,C12,21,105,0.424,0.424,3.49,False,
13691,2025-03-20,1,T2,C15,16,127,0.798,0.798,8.99,False,
13692,2025-03-20,1,T3,C14,17,130,1.598,1.598,21.99,False,
13693,2025-03-20,1,T4,C14,18,106,1.061,1.061,3.99,False,
13694,2025-03-20,1,T5,C13,20,105,1.773,1.773,3.49,False,
13695,2025-03-20,1,T3,C16,8,111,1.122,1.122,1.59,False,
13696,2025-03-20,1,T1,C14,20,106,0.964,0.964,3.99,False,
13697,2025-03-20,1,T2,C12,8,129,1.005,1.005,9.49,False,
13698,2025-03-20,1,T1,C13,12,159,1.86,1.86,12.99,False,
13699,2025-03-20,1,T3,C16,15,110,0.358,0.358,1.29,False,
13700,2025-03-20,1,T5,C16,19,130,2.572,2.572,21.99,False,
13701,2025-03-20,1,T4,C11,17,110,0.579,0.579,1.29,False,
13702,2025-03-20,1,T4,C16,15,111,1.074,1.074,1.59,False,
13703,2025-03-20,1,T2,C11,12,111,2.023,2.023,1.59,False,
13704,2025-03-20,1,T3,C15,15,106,1.02,1.02,3.99,False,
13705,2025-03-20,1,T3,C16,15,106,3.021,3.021,3.99,False,
13706,2025-03-20,1,T2,C15,8,127,1.035,1.035,8.99,False,
13707,2025-03-20,1,T1,C13,17,104,0.934,0.934,1.99,False,
13708,2025-03-20,1,T4,C14,12,106,3.078,3.078,3.99,False,
13709,2025-03-20,1,T3,C14,21,111,2.574,2.574,1.59,False,
13710,2025-03-20,1,T4,C11,7,101,0.647,0.647,1.49,False,
13711,2025-03-20,1,T2,C12,19,129,1.049,1.049,9.49,False,
13712,2025-03-20,1,T5,C16,16,127,0.949,1.056,8.99,True,no_tare
13713,2025-03-20,1,T4,C14,8,128,0.739,0.739,10.99,False,
13714,2025-03-20,1,T3,C14,18,159,0.2,0.2,12.99,False,
13715,2025-03-20,1,T1,C12,20,159,1.257,1.257,12.99,False,
13716,2025-03-20,1,T5,C13,10,110,0.743,0.743,1.29,False,
13717,2025-03-20,1,T2,C15,17,128,2.366,2.515,10.99,True,no_tare
13718,2025-03-20,1,T5,C14,9,127,2.229,2.229,8.99,False,
13719,2025-03-20,1,T3,C15,12,159,1.927,1.927,12.99,False,
13720,2025-03-20,1,T4,C11,17,127,0.704,0.704,8.99,False,
13721,2025-03-20,1,T1,C15,19,101,1.776,1.776,1.49,False,
13722,2025-03-20,1,T4,C15,18,130,1.078,1.078,21.99,False,
13723,2025-03-20,1,T1,C16,19,111,0.345,0.345,1.59,False,
13724,2025-03-20,1,T4,C11,14,111,1.751,1.751,1.59,False,
13725,2025-03-20,1,T2,C16,18,127,1.625,1.625,8.99,False,
13726,2025-03-20,1,T2,C14,8,106,0.436,0.436,3.99,False,
13727,2025-03-20,1,T5,C15,21,159,0.703,0.703,12.99,False,
13728,2025-03-20,1,T3,C13,13,106,1.699,1.699,3.99,False,
13729,2025-03-20,1,T5,C16,17,106,1.477,1.477,3.99,False,
13730,2025-03-20,1,T4,C15,20,159,0.844,0.844,12.99,False,
13731,2025-03-20,1,T2,C16,21,105,0.609,0.609,3.49,False,
13732,2025-03-20,1,T5,C15,15,101,0.449,0.449,1.49,False,
13733,2025-03-20,1,T5,C15,10,159,0.579,0.579,12.99,False,
13734,2025-03-20,1,T1,C14,16,104,0.299,0.299,1.99,False,
13735,2025-03-20,1,T3,C13,21,128,0.759,0.759,10.99,False,
13736,2025-03-20,1,T1,C16,7,129,0.439,0.439,9.49,False,
13737,2025-03-20,1,T3,C11,15,130,0.565,0.565,21.99,False,
13738,2025-03-20,1,T1,C14,14,128,1.024,1.024,10.99,False,
13739,2025-03-20,1,T4,C14,19,101,0.968,0.968,1.49,False,
13740,2025-03-20,1,T2,C13,12,127,1.072,1.264,8.99,True,no_tare
13741,2025-03-20,1,T4,C15,7,129,1.065,1.065,9.49,False,
13742,2025-03-20,1,T1,C14,13,104,1.382,1.382,1.99,False,
13743,2025-03-20,1,T4,C12,10,130,1.11,1.11,21.99,False,
13744,2025-03-20,1,T5,C15,16,101,1.914,1.914,1.49,False,
13745,2025-03-20,1,T3,C15,13,104,1.591,1.591,1.99,False,
13746,2025-03-20,1,T1,C15,17,106,1.316,1.316,3.99,False,
13747,2025-03-20,1,T1,C16,18,110,1.706,1.706,1.29,False,
13748,2025-03-20,1,T2,C14,7,111,0.778,0.778,1.59,False,
13749,2025-03-20,1,T3,C15,19,105,0.556,0.556,3.49,False,
13750,2025-03-20,1,T4,C15,16,105,1.521,1.521,3.49,False,
13751,2025-03-20,1,T4,C14,12,105,2.338,2.338,3.49,False,
13752,2025-03-20,1,T1,C16,17,127,1.075,1.075,8.99,False,
13753,2025-03-20,1,T4,C14,8,111,0.563,0.563,1.59,False,
13754,2025-03-20,1,T2,C16,21,104,1.079,1.079,1.99,False,
13755,2025-03-20,1,T2,C11,10,101,0.752,0.752,1.49,False,
13756,2025-03-20,1,T1,C13,9,110,3.226,3.226,1.29,False,
13757,2025-03-20,1,T5,C12,15,106,0.818,0.818,3.99,False,
13758,2025-03-20,1,T4,C14,20,128,0.873,0.873,10.99,False,
13759,2025-03-20,1,T2,C11,12,159,1.172,1.172,12.99,False,
13760,2025-03-20,1,T4,C16,11,105,1.036,1.036,3.49,False,
13761,2025-03-20,1,T4,C15,17,129,1.346,1.346,9.49,False,
13762,2025-03-20,1,T5,C16,8,159,2.293,2.293,12.99,False,
13763,2025-03-20,1,T3,C12,16,105,1.344,1.344,3.49,False,
13764,2025-03-20,1,T5,C12,21,105,0.921,0.921,3.49,False,
13765,2025-03-20,1,T4,C13,7,128,0.51,0.51,10.99,False,
13766,2025-03-20,1,T1,C16,20,106,0.484,0.484,3.99,False,
13767,2025-03-20,1,T1,C12,14,129,2.302,2.302,9.49,False,
13768,2025-03-20,1,T5,C11,7,127,1.093,1.093,8.99,False,
13769,2025-03-20,1,T2,C11,13,130,1.699,1.699,21.99,False,
13770,2025-03-20,1,T1,C13,14,101,0.261,0.261,1.49,False,
13771,2025-03-20,1,T3,C15,21,105,0.956,0.956,3.49,False,
13772,2025-03-20,1,T1,C16,11,159,1.632,1.632,12.99,False,
13773,2025-03-20,1,T5,C13,16,110,0.907,0.907,1.29,False,
13774,2025-03-20,1,T3,C11,21,104,2.07,2.07,1.99,False,
13775,2025-03-20,1,T2,C12,16,159,0.773,0.773,12.99,False,
14330,2025-03-21,1,T2,C11,9,110,0.708,0.708,1.29,False,
14331,2025-03-21,1,T5,C15,18,106,1.046,1.046,3.99,False,
14332,2025-03-21,1,T2,C14,11,129,1.099,1.099,9.49,False,
14333,2025-03-21,1,T4,C16,16,106,0.973,0.973,3.99,False,
14334,2025-03-21,1,T2,C12,19,104,2.83,2.83,1.99,False,
14335,2025-03-21,1,T5,C16,9,111,2.247,2.247,1.59,False,
14336,2025-03-21,1,T3,C11,18,101,0.889,0.889,1.49,False,
14337,2025-03-21,1,T3,C15,16,130,0.482,0.482,21.99,False,
14338,2025-03-21,1,T3,C12,19,130,1.154,1.154,21.99,False,
14339,2025-03-21,1,T2,C14,17,130,2.463,2.463,21.99,False,
14340,2025-03-21,1,T1,C13,21,130,1.048,1.048,21.99,False,
14341,2025-03-21,1,T2,C14,15,130,0.641,0.641,21.99,False,
14342,2025-03-21,1,T2,C11,12,106,0.187,0.187,3.99,False,
14343,2025-03-21,1,T4,C16,14,101,2.243,2.243,1.49,False,
14344,2025-03-21,1,T2,C14,19,128,2.16,2.16,10.99,False,
14345,2025-03-21,1,T3,C14,15,127,3.038,3.038,8.99,False,
14346,2025-03-21,1,T3,C16,12,111,1.182,1.182,1.59,False,
14347,2025-03-21,1,T2,C11,18,159,0.666,0.666,12.99,False,
14348,2025-03-21,1,T3,C13,14,104,1.046,1.046,1.99,False,
14349,2025-03-21,1,T4,C11,18,101,1.78,1.78,1.49,False,
14350,2025-03-21,1,T1,C16,10,128,2.081,2.081,10.99,False,
14351,2025-03-21,1,T3,C11,7,106,1.399,1.399,3.99,False,
14352,2025-03-21,1,T4,C14,15,130,1.902,1.902,21.99,False,
14353,2025-03-21,1,T5,C13,17,110,1.46,1.46,1.29,False,
14354,2025-03-21,1,T3,C16,12,130,1.233,1.233,21.99,False,
14355,2025-03-21,1,T1,C15,15,104,1.263,1.263,1.99,False,
14356,2025-03-21,1,T1,C12,13,101,1.656,1.656,1.49,False,
14357,2025-03-21,1,T2,C14,21,130,1.836,1.836,21.99,False,
14358,2025-03-21,1,T2,C14,18,110,0.948,0.948,1.29,False,
14359,2025-03-21,1,T3,C12,21,106,0.95,0.95,3.99,False,
14360,2025-03-21,1,T3,C14,14,127,1.218,1.218,8.99,False,
14361,2025-03-21,1,T1,C11,13,104,0.319,0.319,1.99,False,
14362,2025-03-21,1,T5,C11,7,105,0.702,0.702,3.49,False,
14363,2025-03-21,1,T2,C11,8,127,0.762,0.762,8.99,False,
14364,2025-03-21,1,T4,C15,7,159,2.396,2.396,12.99,False,
14365,2025-03-21,1,T1,C14,20,130,1.103,1.103,21.99,False,
14366,2025-03-21,1,T1,C12,14,127,2.429,2.429,8.99,False,
14367,2025-03-21,1,T3,C11,11,130,0.81,0.81,21.99,False,
14368,2025-03-21,1,T2,C16,13,101,0.664,0.664,1.49,False,
14369,2025-03-21,1,T4,C16,21,159,0.552,0.552,12.99,False,
14370,2025-03-21,1,T5,C12,11,111,0.923,0.923,1.59,False,
14371,2025-03-21,1,T5,C13,13,128,1.216,1.216,10.99,False,
14372,2025-03-21,1,T2,C16,11,128,0.532,0.645,10.99,True,no_tare
14373,2025-03-21,1,T4,C12,19,128,1.214,1.214,10.99,False,
14374,2025-03-21,1,T1,C14,16,130,0.809,0.809,21.99,False,
14375,2025-03-21,1,T4,C12,9,101,1.778,1.778,1.49,False,
14376,2025-03-21,1,T2,C11,17,111,1.329,1.329,1.59,False,
14377,2025-03-21,1,T1,C15,13,106,0.957,0.957,3.99,False,
14378,2025-03-21,1,T3,C14,19,104,0.69,0.69,1.99,False,
14379,2025-03-21,1,T5,C14,11,130,0.421,0.421,21.99,False,
14380,2025-03-21,1,T2,C12,8,127,1.649,1.649,8.99,False,
14381,2025-03-21,1,T1,C11,16,130,3.228,3.228,21.99,False,
14382,2025-03-21,1,T2,C15,11,101,0.384,0.384,1.49,False,
14383,2025-03-21,1,T2,C11,10,105,0.896,0.896,3.49,False,
14384,2025-03-21,1,T4,C14,20,128,0.978,0.978,10.99,False,
14385,2025-03-21,1,T3,C12,21,159,1.046,1.046,12.99,False,
14386,2025-03-21,1,T2,C14,8,111,1.699,1.699,1.59,False,
14387,2025-03-21,1,T5,C14,18,106,4.703,4.703,3.99,False,
14388,2025-03-21,1,T4,C11,17,127,0.811,0.811,8.99,False,
14389,2025-03-21,1,T4,C13,11,101,1.24,1.24,1.49,False,
14390,2025-03-21,1,T4,C12,20,101,0.983,0.983,1.49,False,
14391,2025-03-21,1,T2,C16,13,159,1.865,1.865,12.99,False,
14392,2025-03-21,1,T5,C12,14,110,0.907,0.907,1.29,False,
14393,2025-03-21,1,T5,C16,10,101,0.422,0.422,1.49,False,
14394,2025-03-21,1,T5,C14,7,106,1.507,1.507,3.99,False,
14395,2025-03-21,1,T2,C12,14,127,0.37,0.37,8.99,False,
14396,2025-03-21,1,T1,C14,7,128,0.991,0.991,10.99,False,
14397,2025-03-21,1,T1,C11,14,101,0.255,0.255,1.49,False,
14398,2025-03-21,1,T2,C16,8,106,1.755,1.755,3.99,False,
14399,2025-03-21,1,T2,C12,9,159,1.553,1.553,12.99,False,
14400,2025-03-21,1,T5,C12,15,129,0.983,0.983,9.49,False,
14401,2025-03-21,1,T5,C12,12,127,0.43,0.43,8.99,False,
14402,2025-03-21,1,T3,C12,21,111,0.729,0.729,1.59,False,
14403,2025-03-21,1,T1,C15,19,106,0.615,0.615,3.99,False,
14404,2025-03-21,1,T3,C14,19,101,0.954,0.954,1.49,False,
14405,2025-03-21,1,T5,C11,10,106,2.617,2.617,3.99,False,
14406,2025-03-21,1,T5,C14,10,111,1.216,1.216,1.59,False,
14407,2025-03-21,1,T2,C11,16,159,3.113,3.113,12.99,False,
14408,2025-03-21,1,T3,C12,16,104,1.944,1.944,1.99,False,
14409,2025-03-21,1,T1,C16,8,105,0.582,0.582,3.49,False,
14410,2025-03-21,1,T5,C15,17,111,2.724,2.724,1.59,False,
14411,2025-03-21,1,T4,C16,13,128,0.641,0.641,10.99,False,
14412,2025-03-21,1,T2,C13,13,128,0.335,0.335,10.99,False,
14413,2025-03-21,1,T4,C16,19,101,0.238,0.238,1.49,False,
14414,2025-03-21,1,T1,C16,19,130,1.388,1.388,21.99,False,
14415,2025-03-21,1,T3,C12,9,101,1.987,1.987,1.49,False,
14416,2025-03-21,1,T3,C11,14,111,0.901,0.901,1.59,False,
14417,2025-03-21,1,T1,C11,10,111,0.925,0.925,1.59,False,
14418,2025-03-21,1,T1,C12,13,129,1.127,1.127,9.49,False,
14419,2025-03-21,1,T1,C14,15,106,0.368,0.368,3.99,False,
14420,2025-03-21,1,T2,C15,20,159,2.321,2.321,12.99,False,
14421,2025-03-21,1,T1,C11,19,104,0.605,0.605,1.99,False,
14422,2025-03-21,1,T1,C12,21,104,2.17,2.17,1.99,False,
14423,2025-03-21,1,T5,C16,19,110,0.216,0.216,1.29,False,
14424,2025-03-21,1,T4,C13,16,127,1.831,1.831,8.99,False,
14425,2025-03-21,1,T1,C14,19,127,1.141,1.141,8.99,False,
14426,2025-03-21,1,T4,C14,19,127,0.411,0.411,8.99,False,
14427,2025-03-21,1,T4,C12,11,129,1.399,1.497,9.49,True,no_tare
14428,2025-03-21,1,T1,C14,19,127,2.219,2.219,8.99,False,
14429,2025-03-21,1,T4,C16,11,130,0.995,0.995,21.99,False,
14430,2025-03-21,1,T1,C16,7,101,1.181,1.181,1.49,False,
14431,2025-03-21,1,T5,C11,19,129,0.996,0.996,9.49,False,
14432,2025-03-21,1,T4,C11,14,111,0.249,0.249,1.59,False,
14433,2025-03-21,1,T5,C13,8,111,0.995,0.995,1.59,False,
14434,2025-03-21,1,T4,C11,20,127,1.726,1.726,8.99,False,
14435,2025-03-21,1,T4,C14,18,105,1.441,1.441,3.49,False,
14436,2025-03-21,1,T2,C15,14,128,0.938,0.938,10.99,False,
14437,2025-03-21,1,T4,C11,16,106,1.038,1.038,3.99,False,
14438,2025-03-21,1,T4,C13,12,111,1.732,1.732,1.59,False,
14439,2025-03-21,1,T1,C14,20,129,0.869,0.869,9.49,False,
14440,2025-03-21,1,T2,C11,12,127,2.323,2.323,8.99,False,
14441,2025-03-21,1,T4,C16,13,110,1.078,1.078,1.29,False,
14442,2025-03-21,1,T1,C14,10,130,1.549,1.549,21.99,False,
14443,2025-03-21,1,T3,C13,18,159,0.408,0.408,12.99,False,
14444,2025-03-21,1,T3,C11,20,101,1.818,1.818,1.49,False,
14445,2025-03-21,1,T1,C13,20,101,1.331,1.331,1.49,False,
14446,2025-03-21,1,T1,C13,8,127,0.789,0.789,8.99,False,
14447,2025-03-21,1,T4,C12,9,130,0.492,0.492,21.99,False,
14448,2025-03-21,1,T2,C14,16,159,1.648,1.648,12.99,False,
14449,2025-03-21,1,T1,C11,11,129,3.48,3.48,9.49,False,
14450,2025-03-21,1,T4,C15,20,104,1.212,1.212,1.99,False,
14451,2025-03-21,1,T2,C14,12,130,2.381,2.381,21.99,False,
14452,2025-03-21,1,T3,C13,10,159,1.274,1.274,12.99,False,
14453,2025-03-21,1,T5,C14,7,111,1.499,1.499,1.59,False,
14454,2025-03-21,1,T5,C13,8,105,0.961,0.961,3.49,False,
14455,2025-03-21,1,T1,C15,13,129,0.791,0.791,9.49,False,
14456,2025-03-21,1,T2,C11,10,106,0.637,0.637,3.99,False,
14457,2025-03-21,1,T1,C12,19,128,1.649,1.649,10.99,False,
14458,2025-03-21,1,T2,C15,21,105,1.374,1.374,3.49,False,
14459,2025-03-21,1,T5,C15,11,127,1.338,1.338,8.99,False,
14460,2025-03-21,1,T3,C14,17,104,1.473,1.473,1.99,False,
14461,2025-03-21,1,T1,C13,7,128,1.125,1.125,10.99,False,
14462,2025-03-21,1,T5,C16,9,105,1.041,1.041,3.49,False,
14463,2025-03-21,1,T4,C14,17,111,1.498,1.498,1.59,False,
14464,2025-03-21,1,T5,C11,13,105,1.417,1.417,3.49,False,
14465,2025-03-21,1,T2,C13,14,104,0.46,0.46,1.99,False,
14466,2025-03-21,1,T4,C15,21,110,1.374,1.374,1.29,False,
14467,2025-03-21,1,T5,C11,7,110,2.585,2.585,1.29,False,
14468,2025-03-21,1,T2,C15,18,106,0.888,0.888,3.99,False,
14469,2025-03-21,1,T2,C14,19,101,0.377,0.377,1.49,False,
14470,2025-03-21,1,T5,C11,17,129,1.535,1.535,9.49,False,
14471,2025-03-21,1,T4,C16,10,159,0.656,0.656,12.99,False,
14472,2025-03-21,1,T1,C14,16,130,1.051,1.051,21.99,False,
14473,2025-03-21,1,T2,C16,7,106,0.634,0.634,3.99,False,
14474,2025-03-21,1,T3,C13,13,130,2.35,2.35,21.99,False,
14475,2025-03-21,1,T5,C13,12,111,0.71,0.71,1.59,False,
14476,2025-03-21,1,T2,C11,19,104,0.43,0.43,1.99,False,
14477,2025-03-21,1,T4,C15,18,129,0.643,0.643,9.49,False,
14478,2025-03-21,1,T1,C15,10,111,1.107,1.107,1.59,False,
14479,2025-03-21,1,T4,C16,7,111,0.37,0.37,1.59,False,
14480,2025-03-21,1,T2,C12,15,127,0.869,0.869,8.99,False,
14481,2025-03-21,1,T3,C12,13,111,1.753,1.753,1.59,False,
14482,2025-03-21,1,T3,C16,12,104,1.405,1.405,1.99,False,
14483,2025-03-21,1,T5,C11,9,159,0.764,0.764,12.99,False,
14484,2025-03-21,1,T5,C16,13,104,2.09,2.09,1.99,False,
14485,2025-03-21,1,T4,C13,9,159,2.95,2.95,12.99,False,
14486,2025-03-21,1,T3,C16,21,159,1.961,1.961,12.99,False,
14487,2025-03-21,1,T3,C15,16,111,2.588,2.588,1.59,False,
14488,2025-03-21,1,T2,C16,8,130,2.194,2.194,21.99,False,
14489,2025-03-21,1,T1,C12,7,128,1.313,1.313,10.99,False,
14490,2025-03-21,1,T3,C11,17,130,1.151,1.151,21.99,False,
14491,2025-03-21,1,T2,C13,16,127,1.033,1.033,8.99,False,
14492,2025-03-21,1,T2,C11,12,104,0.969,0.969,1.99,False,
14493,2025-03-21,1,T4,C11,8,129,1.227,1.227,9.49,False,
14494,2025-03-21,1,T4,C13,16,159,0.54,0.54,12.99,False,
14495,2025-03-21,1,T2,C14,11,101,1.47,1.47,1.49,False,
14496,2025-03-21,1,T5,C11,15,111,0.161,0.161,1.59,False,
14497,2025-03-21,1,T2,C15,14,105,1.912,1.912,3.49,False,
14498,2025-03-21,1,T2,C15,11,128,1.063,1.063,10.99,False,
14499,2025-03-21,1,T1,C15,8,101,1.439,1.439,1.49,False,
14500,2025-03-21,1,T3,C12,17,130,2.097,2.097,21.99,False,
14501,2025-03-21,1,T3,C15,12,101,0.283,0.283,1.49,False,
14502,2025-03-21,1,T3,C13,12,127,0.693,0.693,8.99,False,
14503,2025-03-21,1,T4,C13,9,101,0.673,0.673,1.49,False,
14504,2025-03-21,1,T4,C16,12,110,0.718,0.718,1.29,False,
15034,2025-03-22,1,T5,C14,17,128,0.764,0.764,10.99,False,
15035,2025-03-22,1,T2,C13,20,111,1.045,1.045,1.59,False,
15036,2025-03-22,1,T1,C15,11,111,0.252,0.252,1.59,False,
15037,2025-03-22,1,T4,C12,7,127,0.565,0.565,8.99,False,
15038,2025-03-22,1,T3,C11,9,104,0.477,0.477,1.99,False,
15039,2025-03-22,1,T5,C16,14,127,0.636,0.636,8.99,False,
15040,2025-03-22,1,T4,C11,11,104,0.629,0.629,1.99,False,
15041,2025-03-22,1,T4,C13,8,106,1.778,1.778,3.99,False,
15042,2025-03-22,1,T5,C16,17,130,1.913,1.913,21.99,False,
15043,2025-03-22,1,T2,C16,10,127,0.508,0.508,8.99,False,
15044,2025-03-22,1,T4,C11,12,104,0.361,0.361,1.99,False,
15045,2025-03-22,1,T3,C15,20,129,0.982,0.982,9.49,False,
15046,2025-03-22,1,T3,C16,18,130,0.928,0.928,21.99,False,
15047,2025-03-22,1,T5,C12,18,104,2.461,2.461,1.99,False,
15048,2025-03-22,1,T3,C12,20,128,1.469,1.469,10.99,False,
15049,2025-03-22,1,T3,C13,16,127,1.68,1.68,8.99,False,
15050,2025-03-22,1,T3,C14,8,159,0.534,0.534,12.99,False,
15051,2025-03-22,1,T1,C12,10,101,1.207,1.207,1.49,False,
15052,2025-03-22,1,T1,C13,9,111,1.712,1.712,1.59,False,
15053,2025-03-22,1,T5,C16,18,129,1.049,1.049,9.49,False,
15054,2025-03-22,1,T1,C13,13,110,2.09,2.09,1.29,False,
15055,2025-03-22,1,T3,C15,15,105,1.031,1.031,3.49,False,
15056,2025-03-22,1,T3,C16,13,128,0.574,0.574,10.99,False,
15057,2025-03-22,1,T4,C13,12,105,2.117,2.117,3.49,False,
15058,2025-03-22,1,T5,C14,15,106,0.383,0.383,3.99,False,
15059,2025-03-22,1,T2,C11,9,111,1.796,1.796,1.59,False,
15060,2025-03-22,1,T5,C16,13,110,0.948,0.948,1.29,False,
15061,2025-03-22,1,T2,C13,14,101,0.774,0.774,1.49,False,
15062,2025-03-22,1,T4,C11,17,105,2.054,2.054,3.49,False,
15063,2025-03-22,1,T4,C11,16,127,1.306,1.306,8.99,False,
15064,2025-03-22,1,T1,C16,17,101,1.295,1.295,1.49,False,
15065,2025-03-22,1,T2,C12,17,111,2.465,2.465,1.59,False,
15066,2025-03-22,1,T2,C16,17,110,2.573,2.573,1.29,False,
15067,2025-03-22,1,T2,C11,7,130,1.827,1.827,21.99,False,
15068,2025-03-22,1,T1,C12,8,111,0.772,0.772,1.59,False,
15069,2025-03-22,1,T3,C12,14,105,0.605,0.605,3.49,False,
15070,2025-03-22,1,T2,C15,17,106,2.076,2.076,3.99,False,
15071,2025-03-22,1,T3,C13,20,130,1.882,1.882,21.99,False,
15072,2025-03-22,1,T3,C11,9,129,1.437,1.437,9.49,False,
15073,2025-03-22,1,T4,C15,20,130,0.722,0.722,21.99,False,
15074,2025-03-22,1,T3,C15,15,111,1.785,1.785,1.59,False,
15075,2025-03-22,1,T2,C13,19,159,2.412,2.412,12.99,False,
15076,2025-03-22,1,T4,C15,21,105,0.655,0.655,3.49,False,
15077,2025-03-22,1,T1,C12,16,110,0.4,0.4,1.29,False,
15078,2025-03-22,1,T3,C16,21,130,1.175,1.175,21.99,False,
15079,2025-03-22,1,T1,C11,8,128,0.962,0.962,10.99,False,
15080,2025-03-22,1,T1,C15,17,130,1.295,1.295,21.99,False,
15081,2025-03-22,1,T1,C16,19,111,0.587,0.587,1.59,False,
15082,2025-03-22,1,T1,C14,12,110,1.007,1.007,1.29,False,
15083,2025-03-22,1,T5,C13,21,128,0.301,0.301,10.99,False,
15084,2025-03-22,1,T4,C12,9,129,0.247,0.247,9.49,False,
15085,2025-03-22,1,T5,C11,21,127,1.552,1.552,8.99,False,
15086,2025-03-22,1,T4,C16,11,127,1.167,1.167,8.99,False,
15087,2025-03-22,1,T2,C13,14,104,0.643,0.643,1.99,False,
15088,2025-03-22,1,T2,C14,9,110,1.219,1.219,1.29,False,
15089,2025-03-22,1,T4,C13,11,104,1.372,1.372,1.99,False,
15090,2025-03-22,1,T1,C15,14,128,1.058,1.058,10.99,False,
15091,2025-03-22,1,T4,C15,9,101,1.031,1.031,1.49,False,
15092,2025-03-22,1,T2,C13,18,110,1.459,1.459,1.29,False,
15093,2025-03-22,1,T5,C11,7,130,0.682,0.682,21.99,False,
15094,2025-03-22,1,T4,C15,7,106,1.551,1.551,3.99,False,
15095,2025-03-22,1,T4,C13,19,129,1.228,1.228,9.49,False,
15096,2025-03-22,1,T3,C12,15,105,0.64,0.64,3.49,False,
15097,2025-03-22,1,T1,C11,14,104,1.612,1.612,1.99,False,
15098,2025-03-22,1,T4,C14,14,127,0.337,0.337,8.99,False,
15099,2025-03-22,1,T2,C12,7,104,1.038,1.038,1.99,False,
15100,2025-03-22,1,T5,C12,19,130,1.368,1.368,21.99,False,
15101,2025-03-22,1,T3,C11,15,130,1.932,1.932,21.99,False,
15102,2025-03-22,1,T4,C13,21,127,0.691,0.691,8.99,False,
15103,2025-03-22,1,T5,C16,21,104,0.071,0.071,1.99,False,
15104,2025-03-22,1,T5,C15,20,130,1.137,1.137,21.99,False,
15105,2025-03-22,1,T1,C15,21,130,0.799,0.799,21.99,False,
15106,2025-03-22,1,T5,C14,10,101,0.808,0.808,1.49,False,
15107,2025-03-22,1,T1,C12,14,105,2.341,2.341,3.49,False,
15108,2025-03-22,1,T5,C14,13,101,0.957,0.957,1.49,False,
15109,2025-03-22,1,T5,C14,16,101,1.429,1.429,1.49,False,
15110,2025-03-22,1,T2,C13,20,104,0.79,0.79,1.99,False,
15111,2025-03-22,1,T2,C13,15,111,1.522,1.522,1.59,False,
15112,2025-03-22,1,T4,C13,20,104,1.819,1.819,1.99,False,
15113,2025-03-22,1,T3,C13,15,127,1.179,1.179,8.99,False,
15114,2025-03-22,1,T3,C12,15,104,2.375,2.375,1.99,False,
15115,2025-03-22,1,T3,C11,14,105,1.28,1.28,3.49,False,
15116,2025-03-22,1,T4,C16,8,101,0.876,0.876,1.49,False,
15117,2025-03-22,1,T5,C11,11,101,0.527,0.527,1.49,False,
15118,2025-03-22,1,T2,C11,20,159,0.574,0.574,12.99,False,
15119,2025-03-22,1,T2,C16,19,105,0.499,0.499,3.49,False,
15120,2025-03-22,1,T1,C14,10,101,1.42,1.42,1.49,False,
15121,2025-03-22,1,T1,C13,11,159,0.052,0.052,12.99,False,
15122,2025-03-22,1,T3,C12,20,105,1.328,1.328,3.49,False,
15123,2025-03-22,1,T1,C11,11,110,0.479,0.479,1.29,False,
15124,2025-03-22,1,T2,C15,14,111,1.485,1.485,1.59,False,
15125,2025-03-22,1,T5,C11,21,111,1.857,1.857,1.59,False,
15126,2025-03-22,1,T2,C11,9,159,1.558,1.558,12.99,False,
15127,2025-03-22,1,T2,C11,17,128,0.314,0.314,10.99,False,
15128,2025-03-22,1,T2,C14,16,104,1.575,1.575,1.99,False,
15129,2025-03-22,1,T1,C13,8,127,1.08,1.08,8.99,False,
15130,2025-03-22,1,T1,C15,7,101,0.303,0.303,1.49,False,
15131,2025-03-22,1,T3,C11,16,128,1.89,1.89,10.99,False,
15132,2025-03-22,1,T5,C13,20,127,2.394,2.394,8.99,False,
15133,2025-03-22,1,T4,C13,17,110,0.881,0.881,1.29,False,
15134,2025-03-22,1,T1,C13,19,128,1.321,1.321,10.99,False,
15135,2025-03-22,1,T4,C15,14,110,0.507,0.507,1.29,False,
15136,2025-03-22,1,T2,C13,14,106,2.098,2.098,3.99,False,
15137,2025-03-22,1,T3,C14,11,106,1.755,1.755,3.99,False,
15138,2025-03-22,1,T4,C15,15,130,1.151,1.151,21.99,False,
15139,2025-03-22,1,T1,C12,15,104,0.151,0.151,1.99,False,
15140,2025-03-22,1,T5,C12,16,129,0.257,0.257,9.49,False,
15141,2025-03-22,1,T2,C13,9,105,1.747,1.747,3.49,False,
15142,2025-03-22,1,T4,C12,7,127,1.117,1.117,8.99,False,
15143,2025-03-22,1,T3,C12,17,106,0.373,0.373,3.99,False,
15144,2025-03-22,1,T5,C16,13,127,1.137,1.137,8.99,False,
15145,2025-03-22,1,T5,C11,17,101,3.495,3.495,1.49,False,
15146,2025-03-22,1,T4,C12,17,105,0.713,0.713,3.49,False,
15147,2025-03-22,1,T4,C12,15,128,1.097,1.097,10.99,False,
15148,2025-03-22,1,T4,C15,11,105,1.893,1.893,3.49,False,
15149,2025-03-22,1,T5,C16,11,127,0.562,0.562,8.99,False,
15150,2025-03-22,1,T3,C16,9,129,0.469,0.469,9.49,False,
15151,2025-03-22,1,T3,C12,21,159,2.362,2.362,12.99,False,
15152,2025-03-22,1,T3,C15,19,130,1.072,1.072,21.99,False,
15153,2025-03-22,1,T2,C12,7,128,1.9,1.9,10.99,False,
15154,2025-03-22,1,T5,C14,10,127,0.91,0.91,8.99,False,
15155,2025-03-22,1,T4,C16,17,111,0.713,0.713,1.59,False,
15156,2025-03-22,1,T4,C15,7,111,2.295,2.295,1.59,False,
15157,2025-03-22,1,T1,C13,16,111,1.822,1.822,1.59,False,
15158,2025-03-22,1,T5,C14,10,111,1.912,1.912,1.59,False,
15159,2025-03-22,1,T5,C16,21,130,0.846,0.846,21.99,False,
15160,2025-03-22,1,T4,C16,9,128,1.259,1.259,10.99,False,
15161,2025-03-22,1,T2,C13,9,110,1.116,1.116,1.29,False,
15162,2025-03-22,1,T1,C11,20,128,0.533,0.533,10.99,False,
15163,2025-03-22,1,T4,C15,13,110,0.916,0.916,1.29,False,
15164,2025-03-22,1,T5,C15,14,127,0.95,0.95,8.99,False,
15165,2025-03-22,1,T1,C13,14,159,0.891,1.035,12.99,True,no_tare
15166,2025-03-22,1,T2,C12,13,128,1.47,1.47,10.99,False,
15167,2025-03-22,1,T5,C13,12,129,0.628,0.628,9.49,False,
15168,2025-03-22,1,T4,C16,17,110,0.489,0.489,1.29,False,
15169,2025-03-22,1,T2,C14,10,130,0.851,0.851,21.99,False,
15170,2025-03-22,1,T3,C15,21,104,1.489,1.489,1.99,False,
15171,2025-03-22,1,T4,C13,7,105,0.799,0.799,3.49,False,
15172,2025-03-22,1,T2,C14,12,101,1.694,1.694,1.49,False,
15173,2025-03-22,1,T1,C11,19,104,1.025,1.025,1.99,False,
15174,2025-03-22,1,T2,C11,12,106,1.137,1.137,3.99,False,
15175,2025-03-22,1,T1,C14,21,159,1.862,1.862,12.99,False,
15176,2025-03-22,1,T5,C14,20,159,2.449,2.449,12.99,False,
15177,2025-03-22,1,T5,C11,18,111,1.367,1.367,1.59,False,
15178,2025-03-22,1,T2,C16,13,104,1.147,1.147,1.99,False,
15179,2025-03-22,1,T3,C15,8,104,0.997,0.997,1.99,False,
15749,2025-03-23,1,T5,C15,21,128,1.061,1.061,10.99,False,
15750,2025-03-23,1,T4,C14,9,128,1.046,1.046,10.99,False,
15751,2025-03-23,1,T3,C13,15,130,2.574,2.574,21.99,False,
15752,2025-03-23,1,T5,C15,14,110,1.442,1.442,1.29,False,
15753,2025-03-23,1,T1,C16,14,127,1.46,1.46,8.99,False,
15754,2025-03-23,1,T2,C11,21,105,1.065,1.065,3.49,False,
15755,2025-03-23,1,T4,C15,13,130,1.452,1.452,21.99,False,
15756,2025-03-23,1,T4,C15,14,106,1.052,1.052,3.99,False,
15757,2025-03-23,1,T5,C13,11,128,2.35,2.35,10.99,False,
15758,2025-03-23,1,T3,C12,13,104,1.507,1.507,1.99,False,
15759,2025-03-23,1,T1,C14,11,101,1.021,1.021,1.49,False,
15760,2025-03-23,1,T5,C14,21,159,0.366,0.366,12.99,False,
15761,2025-03-23,1,T1,C15,18,101,2.129,2.129,1.49,False,
15762,2025-03-23,1,T4,C12,17,130,0.335,0.335,21.99,False,
15763,2025-03-23,1,T4,C16,11,127,0.333,0.333,8.99,False,
15764,2025-03-23,1,T1,C14,20,111,1.279,1.279,1.59,False,
15765,2025-03-23,1,T1,C16,21,129,0.861,0.861,9.49,False,
15766,2025-03-23,1,T3,C12,18,105,0.746,0.746,3.49,False,
15767,2025-03-23,1,T5,C14,17,130,0.571,0.571,21.99,False,
15768,2025-03-23,1,T4,C13,15,159,0.83,0.83,12.99,False,
15769,2025-03-23,1,T3,C16,20,128,0.357,0.357,10.99,False,
15770,2025-03-23,1,T2,C11,21,106,2.11,2.11,3.99,False,
15771,2025-03-23,1,T4,C15,18,128,1.273,1.273,10.99,False,
15772,2025-03-23,1,T5,C14,16,130,2.506,2.506,21.99,False,
15773,2025-03-23,1,T3,C13,10,129,0.724,0.724,9.49,False,
15774,2025-03-23,1,T1,C16,12,128,0.706,0.706,10.99,False,
15775,2025-03-23,1,T4,C11,8,110,0.899,0.899,1.29,False,
15776,2025-03-23,1,T4,C14,20,101,0.711,0.711,1.49,False,
15777,2025-03-23,1,T3,C12,21,129,0.196,0.196,9.49,False,
15778,2025-03-23,1,T5,C14,7,105,1.936,1.936,3.49,False,
15779,2025-03-23,1,T2,C11,10,106,1.115,1.115,3.99,False,
15780,2025-03-23,1,T3,C13,11,159,0.855,0.855,12.99,False,
15781,2025-03-23,1,T3,C12,11,105,0.277,0.277,3.49,False,
15782,2025-03-23,1,T4,C14,18,130,1.279,1.279,21.99,False,
15783,2025-03-23,1,T1,C15,15,105,0.464,0.464,3.49,False,
15784,2025-03-23,1,T2,C12,14,110,1.237,1.237,1.29,False,
15785,2025-03-23,1,T2,C15,14,128,1.762,1.762,10.99,False,
15786,2025-03-23,1,T5,C11,8,127,1.236,1.236,8.99,False,
15787,2025-03-23,1,T1,C12,8,127,0.279,0.279,8.99,False,
15788,2025-03-23,1,T3,C12,7,106,4.164,4.164,3.99,False,
15789,2025-03-23,1,T4,C13,13,110,0.747,0.747,1.29,False,
15790,2025-03-23,1,T3,C15,12,130,0.758,0.758,21.99,False,
15791,2025-03-23,1,T5,C12,18,101,1.006,1.006,1.49,False,
15792,2025-03-23,1,T2,C13,8,111,0.276,0.276,1.59,False,
15793,2025-03-23,1,T2,C15,18,130,0.505,0.505,21.99,False,
15794,2025-03-23,1,T4,C11,7,110,1.131,1.131,1.29,False,
15795,2025-03-23,1,T4,C14,16,110,0.544,0.544,1.29,False,
15796,2025-03-23,1,T5,C11,11,127,1.779,1.779,8.99,False,
15797,2025-03-23,1,T2,C12,11,110,1.281,1.281,1.29,False,
15798,2025-03-23,1,T2,C13,16,106,1.531,1.531,3.99,False,
15799,2025-03-23,1,T4,C16,20,106,0.291,0.291,3.99,False,
15800,2025-03-23,1,T5,C13,11,111,0.545,0.545,1.59,False,
15801,2025-03-23,1,T4,C12,21,110,0.656,0.656,1.29,False,
15802,2025-03-23,1,T1,C15,16,104,1.12,1.12,1.99,False,
15803,2025-03-23,1,T5,C15,10,159,1.391,1.391,12.99,False,
15804,2025-03-23,1,T3,C15,16,130,0.398,0.398,21.99,False,
15805,2025-03-23,1,T5,C16,8,101,1.517,1.517,1.49,False,
15806,2025-03-23,1,T5,C14,7,110,2.351,2.351,1.29,False,
15807,2025-03-23,1,T1,C14,12,106,0.809,0.809,3.99,False,
15808,2025-03-23,1,T2,C12,19,111,0.409,0.409,1.59,False,
15809,2025-03-23,1,T4,C16,21,130,1.587,1.587,21.99,False,
15810,2025-03-23,1,T1,C11,13,105,1.025,1.025,3.49,False,
15811,2025-03-23,1,T5,C13,7,127,2.115,2.115,8.99,False,
15812,2025-03-23,1,T5,C12,13,128,1.512,1.512,10.99,False,
15813,2025-03-23,1,T1,C14,11,128,0.747,0.747,10.99,False,
15814,2025-03-23,1,T2,C14,16,159,0.756,0.887,12.99,True,no_tare
15815,2025-03-23,1,T3,C11,11,130,1.554,1.554,21.99,False,
15816,2025-03-23,1,T1,C14,16,159,0.985,0.985,12.99,False,
15817,2025-03-23,1,T3,C15,20,110,1.03,1.03,1.29,False,
15818,2025-03-23,1,T2,C14,17,127,1.044,1.044,8.99,False,
15819,2025-03-23,1,T1,C16,18,128,0.874,0.874,10.99,False,
15820,2025-03-23,1,T4,C12,14,128,1.007,1.007,10.99,False,
15821,2025-03-23,1,T2,C15,9,104,0.817,0.817,1.99,False,
15822,2025-03-23,1,T3,C14,15,130,0.288,0.288,21.99,False,
15823,2025-03-23,1,T5,C15,8,110,1.536,1.536,1.29,False,
15824,2025-03-23,1,T2,C12,7,111,1.048,1.048,1.59,False,
15825,2025-03-23,1,T5,C16,11,105,2.469,2.469,3.49,False,
15826,2025-03-23,1,T3,C14,13,128,1.855,1.855,10.99,False,
15827,2025-03-23,1,T3,C11,8,101,0.754,0.754,1.49,False,
15828,2025-03-23,1,T1,C16,8,129,0.274,0.274,9.49,False,
15829,2025-03-23,1,T1,C14,18,110,0.792,0.792,1.29,False,
15830,2025-03-23,1,T5,C15,14,104,2.621,2.621,1.99,False,
15831,2025-03-23,1,T2,C11,19,111,0.768,0.768,1.59,False,
15832,2025-03-23,1,T5,C14,9,111,0.777,0.777,1.59,False,
15833,2025-03-23,1,T1,C11,21,129,1.335,1.335,9.49,False,
15834,2025-03-23,1,T4,C13,9,111,0.365,0.365,1.59,False,
15835,2025-03-23,1,T5,C13,12,111,0.979,0.979,1.59,False,
15836,2025-03-23,1,T1,C14,11,111,0.505,0.505,1.59,False,
15837,2025-03-23,1,T5,C11,13,130,1.362,1.362,21.99,False,
15838,2025-03-23,1,T2,C14,8,110,3.765,3.765,1.29,False,
15839,2025-03-23,1,T4,C11,19,159,0.548,0.548,12.99,False,
15840,2025-03-23,1,T1,C14,17,128,1.844,1.844,10.99,False,
15841,2025-03-23,1,T4,C12,17,128,1.083,1.083,10.99,False,
15842,2025-03-23,1,T4,C13,18,128,1.553,1.553,10.99,False,
15843,2025-03-23,1,T5,C12,21,128,1.684,1.684,10.99,False,
15844,2025-03-23,1,T4,C11,14,110,0.981,0.981,1.29,False,
15845,2025-03-23,1,T2,C15,8,110,1.141,1.141,1.29,False,
15846,2025-03-23,1,T3,C12,19,110,0.796,0.796,1.29,False,
15847,2025-03-23,1,T3,C13,9,127,1.926,1.926,8.99,False,
15848,2025-03-23,1,T2,C13,15,127,1.958,1.958,8.99,False,
15849,2025-03-23,1,T5,C11,21,105,1.413,1.413,3.49,False,
15850,2025-03-23,1,T3,C13,19,127,1.048,1.048,8.99,False,
15851,2025-03-23,1,T2,C13,16,128,0.508,0.508,10.99,False,
15852,2025-03-23,1,T2,C13,15,101,1.114,1.114,1.49,False,
15853,2025-03-23,1,T1,C16,18,128,3.322,3.322,10.99,False,
15854,2025-03-23,1,T2,C11,18,128,0.602,0.602,10.99,False,
15855,2025-03-23,1,T3,C14,20,128,0.173,0.173,10.99,False,
15856,2025-03-23,1,T4,C15,17,111,1.491,1.491,1.59,False,
15857,2025-03-23,1,T1,C13,14,128,1.065,1.065,10.99,False,
15858,2025-03-23,1,T1,C14,12,159,1.783,1.783,12.99,False,
15859,2025-03-23,1,T5,C14,21,105,0.399,0.399,3.49,False,
15860,2025-03-23,1,T1,C15,16,104,4.442,4.442,1.99,False,
15861,2025-03-23,1,T1,C16,21,110,1.488,1.488,1.29,False,
15862,2025-03-23,1,T1,C16,10,106,1.135,1.135,3.99,False,
15863,2025-03-23,1,T5,C14,17,110,1.297,1.297,1.29,False,
15864,2025-03-23,1,T3,C12,14,128,0.462,0.462,10.99,False,
15865,2025-03-23,1,T2,C15,15,129,3.668,3.668,9.49,False,
15866,2025-03-23,1,T4,C11,15,128,1.417,1.417,10.99,False,
15867,2025-03-23,1,T2,C14,14,106,0.795,0.795,3.99,False,
15868,2025-03-23,1,T2,C13,10,110,1.081,1.081,1.29,False,
15869,2025-03-23,1,T3,C14,19,105,0.285,0.285,3.49,False,
15870,2025-03-23,1,T2,C12,7,127,1.528,1.528,8.99,False,
15871,2025-03-23,1,T4,C11,21,104,1.345,1.345,1.99,False,
15872,2025-03-23,1,T3,C16,12,110,0.512,0.512,1.29,False,
15873,2025-03-23,1,T2,C11,8,106,1.09,1.09,3.99,False,
15874,2025-03-23,1,T3,C12,7,159,0.719,0.719,12.99,False,
15875,2025-03-23,1,T2,C13,21,130,0.985,0.985,21.99,False,
15876,2025-03-23,1,T1,C16,10,101,0.442,0.442,1.49,False,
15877,2025-03-23,1,T4,C12,20,128,0.592,0.592,10.99,False,
15878,2025-03-23,1,T3,C16,18,105,0.452,0.452,3.49,False,
15879,2025-03-23,1,T5,C14,11,106,2.121,2.121,3.99,False,
15880,2025-03-23,1,T3,C15,20,106,2.093,2.093,3.99,False,
15881,2025-03-23,1,T5,C14,11,130,1.169,1.169,21.99,False,
15882,2025-03-23,1,T3,C15,21,101,2.605,2.605,1.49,False,
15883,2025-03-23,1,T4,C11,13,104,0.884,0.884,1.99,False,
15884,2025-03-23,1,T2,C11,13,159,0.171,0.171,12.99,False,
15885,2025-03-23,1,T4,C15,7,104,0.913,0.913,1.99,False,
15886,2025-03-23,1,T3,C12,8,105,1.924,1.924,3.49,False,
15887,2025-03-23,1,T1,C16,17,111,0.469,0.469,1.59,False,
15888,2025-03-23,1,T2,C13,14,101,2.168,2.168,1.49,False,
15889,2025-03-23,1,T2,C14,9,104,1.11,1.11,1.99,False,
15890,2025-03-23,1,T4,C11,11,101,1.505,1.505,1.49,False,
15891,2025-03-23,1,T3,C11,11,110,0.773,0.773,1.29,False,
15892,2025-03-23,1,T1,C12,9,129,0.493,0.493,9.49,False,
15893,2025-03-23,1,T1,C13,7,130,1.807,1.807,21.99,False,
15894,2025-03-23,1,T2,C12,12,129,1.043,1.043,9.49,False,
15895,2025-03-23,1,T5,C11,8,129,0.225,0.225,9.49,False,
15896,2025-03-23,1,T3,C12,15,105,1.258,1.258,3.49,False,
15897,2025-03-23,1,T5,C14,14,130,0.805,0.805,21.99,False,
15898,2025-03-23,1,T4,C16,11,106,0.248,0.248,3.99,False,
15899,2025-03-23,1,T5,C16,16,127,0.687,0.687,8.99,False,
15900,2025-03-23,1,T3,C12,12,111,0.256,0.256,1.59,False,
15901,2025-03-23,1,T1,C14,19,105,1.028,1.028,3.49,False,
15902,2025-03-23,1,T2,C12,19,130,0.191,0.191,21.99,False,
15903,2025-03-23,1,T2,C15,16,159,1.633,1.633,12.99,False,
15904,2025-03-23,1,T4,C12,17,106,0.735,0.735,3.99,False,
15905,2025-03-23,1,T1,C12,15,129,0.686,0.686,9.49,False,
15906,2025-03-23,1,T4,C15,12,159,3.262,3.262,12.99,False,
15907,2025-03-23,1,T3,C14,9,128,2.043,2.043,10.99,False,
15908,2025-03-23,1,T1,C12,16,101,1.85,1.85,1.49,False,
15909,2025-03-23,1,T3,C14,9,128,1.441,1.441,10.99,False,
15910,2025-03-23,1,T5,C15,9,127,2.116,2.116,8.99,False,
15911,2025-03-23,1,T1,C14,21,101,1.313,1.313,1.49,False,
15912,2025-03-23,1,T1,C11,13,128,1.188,1.188,10.99,False,
15913,2025-03-23,1,T4,C15,20,128,0.534,0.534,10.99,False,
15914,2025-03-23,1,T1,C15,19,159,1.244,1.244,12.99,False,
15915,2025-03-23,1,T5,C15,17,110,0.786,0.786,1.29,False,
15916,2025-03-23,1,T2,C13,18,105,1.9,1.9,3.49,False,
15917,2025-03-23,1,T2,C11,8,104,3.201,3.201,1.99,False,
15918,2025-03-23,1,T1,C14,9,106,1.547,1.547,3.99,False,
15919,2025-03-23,1,T3,C15,18,106,0.921,0.921,3.99,False,
15920,2025-03-23,1,T1,C11,8,128,0.314,0.314,10.99,False,
15921,2025-03-23,1,T3,C14,16,128,1.163,1.163,10.99,False,
15922,2025-03-23,1,T3,C14,12,106,0.89,0.89,3.99,False,
15923,2025-03-23,1,T2,C11,15,111,0.876,0.876,1.59,False,
15924,2025-03-23,1,T1,C14,11,130,1.481,1.481,21.99,False,
15925,2025-03-23,1,T2,C16,18,128,1.238,1.238,10.99,False,
15926,2025-03-23,1,T5,C14,8,101,1.269,1.269,1.49,False,
15927,2025-03-23,1,T5,C13,9,127,2.296,2.296,8.99,False,
15928,2025-03-23,1,T4,C16,12,106,0.881,0.881,3.99,False,
15929,2025-03-23,1,T5,C16,9,129,0.994,1.124,9.49,True,no_tare
15930,2025-03-23,1,T1,C15,11,105,0.682,0.682,3.49,False,
15931,2025-03-23,1,T4,C13,21,129,1.109,1.109,9.49,False,
15932,2025-03-23,1,T1,C12,21,110,1.919,1.919,1.29,False,
15933,2025-03-23,1,T2,C13,14,159,0.734,0.734,12.99,False,
15934,2025-03-23,1,T5,C11,20,105,0.848,0.848,3.49,False,
15935,2025-03-23,1,T4,C15,8,101,1.429,1.429,1.49,False,
15936,2025-03-23,1,T3,C14,8,106,0.396,0.396,3.99,False,
15937,2025-03-23,1,T4,C13,12,106,0.533,0.533,3.99,False,
16484,2025-03-24,1,T4,C15,11,127,2.177,2.177,8.99,False,
16485,2025-03-24,1,T4,C16,15,104,1.865,1.865,1.99,False,
16486,2025-03-24,1,T3,C16,17,111,0.675,0.675,1.59,False,
16487,2025-03-24,1,T2,C11,15,105,0.404,0.404,3.49,False,
16488,2025-03-24,1,T2,C14,18,159,0.789,0.789,12.99,False,
16489,2025-03-24,1,T2,C12,16,111,2.712,2.712,1.59,False,
16490,2025-03-24,1,T1,C16,15,159,0.974,0.974,12.99,False,
16491,2025-03-24,1,T4,C14,18,159,0.584,0.584,12.99,False,
16492,2025-03-24,1,T5,C11,10,101,1.484,1.484,1.49,False,
16493,2025-03-24,1,T5,C12,15,129,0.68,0.68,9.49,False,
16494,2025-03-24,1,T5,C14,13,127,0.777,0.777,8.99,False,
16495,2025-03-24,1,T1,C16,17,128,1.116,1.25,10.99,True,no_tare
16496,2025-03-24,1,T5,C15,16,128,1.502,1.502,10.99,False,
16497,2025-03-24,1,T4,C15,16,130,1.275,1.275,21.99,False,
16498,2025-03-24,1,T5,C14,10,159,0.683,0.683,12.99,False,
16499,2025-03-24,1,T2,C15,12,129,1.038,1.038,9.49,False,
16500,2025-03-24,1,T5,C13,18,104,0.306,0.306,1.99,False,
16501,2025-03-24,1,T5,C13,16,129,0.908,0.908,9.49,False,
16502,2025-03-24,1,T1,C14,11,128,1.366,1.366,10.99,False,
16503,2025-03-24,1,T3,C14,11,104,1.269,1.269,1.99,False,
16504,2025-03-24,1,T3,C15,9,106,1.76,1.76,3.99,False,
16505,2025-03-24,1,T4,C16,14,129,1.307,1.307,9.49,False,
16506,2025-03-24,1,T2,C13,16,159,0.656,0.656,12.99,False,
16507,2025-03-24,1,T3,C14,8,105,0.474,0.474,3.49,False,
16508,2025-03-24,1,T3,C15,11,111,1.629,1.629,1.59,False,
16509,2025-03-24,1,T1,C13,21,101,2.557,2.557,1.49,False,
16510,2025-03-24,1,T5,C16,8,105,1.511,1.511,3.49,False,
16511,2025-03-24,1,T2,C14,16,110,1.338,1.338,1.29,False,
16512,2025-03-24,1,T1,C16,7,101,1.387,1.387,1.49,False,
16513,2025-03-24,1,T4,C14,10,105,2.573,2.573,3.49,False,
16514,2025-03-24,1,T2,C11,7,105,0.947,0.947,3.49,False,
16515,2025-03-24,1,T3,C15,13,101,1.029,1.029,1.49,False,
16516,2025-03-24,1,T3,C15,15,105,0.347,0.347,3.49,False,
16517,2025-03-24,1,T3,C15,19,128,0.516,0.516,10.99,False,
16518,2025-03-24,1,T1,C15,11,111,0.687,0.687,1.59,False,
16519,2025-03-24,1,T3,C11,18,127,1.049,1.049,8.99,False,
16520,2025-03-24,1,T1,C11,8,101,0.243,0.243,1.49,False,
16521,2025-03-24,1,T4,C13,9,130,0.869,0.869,21.99,False,
16522,2025-03-24,1,T5,C11,17,127,2.289,2.289,8.99,False,
16523,2025-03-24,1,T4,C11,7,129,0.752,0.752,9.49,False,
16524,2025-03-24,1,T4,C14,16,105,0.498,0.498,3.49,False,
16525,2025-03-24,1,T4,C14,18,105,2.368,2.368,3.49,False,
16526,2025-03-24,1,T3,C11,8,128,1.315,1.315,10.99,False,
16527,2025-03-24,1,T1,C16,18,106,1.371,1.371,3.99,False,
16528,2025-03-24,1,T3,C11,12,106,1.247,1.247,3.99,False,
16529,2025-03-24,1,T4,C16,12,128,0.326,0.326,10.99,False,
16530,2025-03-24,1,T1,C11,11,130,0.284,0.284,21.99,False,
16531,2025-03-24,1,T4,C11,10,101,1.84,1.84,1.49,False,
16532,2025-03-24,1,T1,C11,21,129,1.308,1.308,9.49,False,
16533,2025-03-24,1,T4,C14,19,105,0.833,0.833,3.49,False,
16534,2025-03-24,1,T2,C13,20,101,0.739,0.739,1.49,False,
16535,2025-03-24,1,T3,C13,7,159,0.7,0.7,12.99,False,
16536,2025-03-24,1,T2,C11,14,127,0.632,0.632,8.99,False,
16537,2025-03-24,1,T2,C11,19,104,0.905,0.905,1.99,False,
16538,2025-03-24,1,T2,C13,14,110,1.298,1.298,1.29,False,
16539,2025-03-24,1,T1,C13,18,101,1.359,1.359,1.49,False,
16540,2025-03-24,1,T4,C12,8,111,1.136,1.136,1.59,False,
16541,2025-03-24,1,T1,C16,8,128,1.237,1.237,10.99,False,
16542,2025-03-24,1,T4,C11,8,128,0.91,0.91,10.99,False,
16543,2025-03-24,1,T1,C15,20,111,0.74,0.74,1.59,False,
16544,2025-03-24,1,T5,C16,8,105,1.947,1.947,3.49,False,
16545,2025-03-24,1,T3,C14,11,105,0.823,0.823,3.49,False,
16546,2025-03-24,1,T5,C14,12,128,0.529,0.529,10.99,False,
16547,2025-03-24,1,T2,C14,9,159,1.714,1.714,12.99,False,
16548,2025-03-24,1,T3,C14,19,130,0.695,0.695,21.99,False,
16549,2025-03-24,1,T5,C15,13,106,1.828,1.828,3.99,False,
16550,2025-03-24,1,T3,C13,19,111,0.578,0.578,1.59,False,
16551,2025-03-24,1,T4,C16,20,101,0.281,0.281,1.49,False,
16552,2025-03-24,1,T1,C16,7,106,1.499,1.499,3.99,False,
16553,2025-03-24,1,T3,C14,10,127,2.689,2.689,8.99,False,
16554,2025-03-24,1,T1,C13,12,106,2.042,2.042,3.99,False,
16555,2025-03-24,1,T1,C14,19,105,1.671,1.671,3.49,False,
16556,2025-03-24,1,T1,C12,17,129,2.395,2.395,9.49,False,
16557,2025-03-24,1,T2,C14,21,128,1.476,1.476,10.99,False,
16558,2025-03-24,1,T1,C12,8,104,1.198,1.198,1.99,False,
16559,2025-03-24,1,T1,C14,14,130,0.816,0.816,21.99,False,
16560,2025-03-24,1,T5,C16,19,127,0.55,0.55,8.99,False,
16561,2025-03-24,1,T1,C13,14,101,1.943,1.943,1.49,False,
16562,2025-03-24,1,T5,C14,13,129,1.005,1.005,9.49,False,
16563,2025-03-24,1,T3,C15,18,159,1.101,1.101,12.99,False,
16564,2025-03-24,1,T4,C15,14,128,1.448,1.448,10.99,False,
16565,2025-03-24,1,T5,C12,12,101,1.009,1.009,1.49,False,
16566,2025-03-24,1,T5,C14,9,159,0.967,0.967,12.99,False,
16567,2025-03-24,1,T4,C12,12,106,2.035,2.035,3.99,False,
16568,2025-03-24,1,T3,C14,10,111,0.389,0.389,1.59,False,
16569,2025-03-24,1,T5,C14,19,129,1.51,1.51,9.49,False,
16570,2025-03-24,1,T1,C11,21,106,1.283,1.283,3.99,False,
16571,2025-03-24,1,T5,C15,14,159,1.238,1.238,12.99,False,
16572,2025-03-24,1,T3,C11,7,110,1.534,1.534,1.29,False,
16573,2025-03-24,1,T5,C11,14,110,3.247,3.247,1.29,False,
16574,2025-03-24,1,T2,C11,21,128,0.619,0.619,10.99,False,
16575,2025-03-24,1,T4,C16,21,106,0.776,0.776,3.99,False,
16576,2025-03-24,1,T1,C12,16,159,1.145,1.145,12.99,False,
16577,2025-03-24,1,T5,C14,18,104,0.61,0.61,1.99,False,
16578,2025-03-24,1,T4,C15,7,105,1.377,1.377,3.49,False,
16579,2025-03-24,1,T3,C15,21,129,0.402,0.402,9.49,False,
16580,2025-03-24,1,T1,C13,8,111,1.222,1.222,1.59,False,
16581,2025-03-24,1,T4,C14,15,105,2.562,2.562,3.49,False,
16582,2025-03-24,1,T2,C14,10,159,0.409,0.409,12.99,False,
16583,2025-03-24,1,T4,C12,20,127,1.116,1.116,8.99,False,
16584,2025-03-24,1,T3,C13,8,159,3.321,3.321,12.99,False,
16585,2025-03-24,1,T5,C13,7,130,0.256,0.256,21.99,False,
16586,2025-03-24,1,T1,C11,12,111,0.38,0.38,1.59,False,
16587,2025-03-24,1,T1,C16,19,104,1.935,1.935,1.99,False,
16588,2025-03-24,1,T4,C15,21,104,0.806,0.806,1.99,False,
16589,2025-03-24,1,T3,C15,15,129,1.087,1.087,9.49,False,
16590,2025-03-24,1,T1,C14,11,130,0.592,0.592,21.99,False,
16591,2025-03-24,1,T3,C11,10,101,0.523,0.523,1.49,False,
16592,2025-03-24,1,T1,C15,9,105,1.275,1.275,3.49,False,
16593,2025-03-24,1,T5,C14,15,106,0.287,0.287,3.99,False,
16594,2025-03-24,1,T1,C14,17,130,0.838,0.838,21.99,False,
16595,2025-03-24,1,T4,C14,13,105,0.611,0.611,3.49,False,
16596,2025-03-24,1,T5,C12,15,159,1.308,1.308,12.99,False,
16597,2025-03-24,1,T1,C11,17,104,0.765,0.765,1.99,False,
16598,2025-03-24,1,T1,C15,20,105,1.946,1.946,3.49,False,
16599,2025-03-24,1,T1,C16,9,106,1.255,1.255,3.99,False,
16600,2025-03-24,1,T3,C11,18,111,1.214,1.214,1.59,False,
16601,2025-03-24,1,T3,C16,17,127,1.174,1.174,8.99,False,
16602,2025-03-24,1,T4,C11,20,129,0.441,0.441,9.49,False,
16603,2025-03-24,1,T1,C14,15,130,0.661,0.661,21.99,False,
16604,2025-03-24,1,T4,C11,16,130,1.068,1.068,21.99,False,
16605,2025-03-24,1,T5,C13,14,104,1.003,1.003,1.99,False,
16606,2025-03-24,1,T1,C16,12,106,0.69,0.69,3.99,False,
16607,2025-03-24,1,T4,C16,14,101,0.588,0.588,1.49,False,
16608,2025-03-24,1,T1,C16,14,106,0.57,0.57,3.99,False,
16609,2025-03-24,1,T5,C12,20,130,0.232,0.232,21.99,False,
16610,2025-03-24,1,T5,C11,13,101,0.954,0.954,1.49,False,
16611,2025-03-24,1,T1,C11,10,159,0.722,0.722,12.99,False,
16612,2025-03-24,1,T1,C14,19,130,0.141,0.141,21.99,False,
16613,2025-03-24,1,T4,C12,10,105,0.735,0.735,3.49,False,
16614,2025-03-24,1,T4,C16,9,130,1.076,1.076,21.99,False,
16615,2025-03-24,1,T5,C13,14,127,1.186,1.186,8.99,False,
16616,2025-03-24,1,T5,C16,17,129,0.725,0.725,9.49,False,
16617,2025-03-24,1,T2,C13,16,159,0.604,0.604,12.99,False,
16618,2025-03-24,1,T1,C13,21,104,2.364,2.364,1.99,False,
16619,2025-03-24,1,T1,C13,20,110,2.855,2.855,1.29,False,
16620,2025-03-24,1,T5,C14,12,127,0.824,0.824,8.99,False,
16621,2025-03-24,1,T2,C11,15,104,1.258,1.258,1.99,False,
16622,2025-03-24,1,T2,C13,11,104,1.133,1.133,1.99,False,
16623,2025-03-24,1,T4,C13,20,159,1.078,1.078,12.99,False,
16624,2025-03-24,1,T1,C11,16,128,1.373,1.373,10.99,False,
16625,2025-03-24,1,T4,C16,10,106,2.494,2.494,3.99,False,
16626,2025-03-24,1,T1,C13,17,101,0.529,0.529,1.49,False,
16627,2025-03-24,1,T3,C11,19,101,0.735,0.735,1.49,False,
16628,2025-03-24,1,T1,C12,16,110,0.23,0.23,1.29,False,
16629,2025-03-24,1,T5,C13,17,130,1.225,1.225,21.99,False,
16630,2025-03-24,1,T4,C14,10,129,0.596,0.596,9.49,False,
16631,2025-03-24,1,T1,C16,16,159,0.567,0.567,12.99,False,
16632,2025-03-24,1,T5,C12,12,104,1.449,1.449,1.99,False,
16633,2025-03-24,1,T3,C11,21,128,0.915,0.915,10.99,False,
16634,2025-03-24,1,T1,C15,11,130,1.678,1.678,21.99,False,
16635,2025-03-24,1,T5,C12,20,101,0.865,0.865,1.49,False,
16636,2025-03-24,1,T1,C15,8,101,0.309,0.309,1.49,False,
16637,2025-03-24,1,T1,C16,20,101,2.187,2.187,1.49,False,
16638,2025-03-24,1,T1,C12,7,129,1.534,1.534,9.49,False,
16639,2025-03-24,1,T3,C11,13,127,1.226,1.226,8.99,False,
16640,2025-03-24,1,T1,C13,13,128,0.929,0.929,10.99,False,
16641,2025-03-24,1,T2,C11,11,101,0.854,0.854,1.49,False,
16642,2025-03-24,1,T2,C14,10,129,0.542,0.542,9.49,False,
16643,2025-03-24,1,T4,C15,14,129,0.368,0.368,9.49,False,
16644,2025-03-24,1,T5,C15,8,129,1.903,1.903,9.49,False,
16645,2025-03-24,1,T5,C14,7,101,0.813,0.813,1.49,False,
16646,2025-03-24,1,T4,C15,7,105,0.908,0.908,3.49,False,
16647,2025-03-24,1,T2,C11,8,130,2.437,2.437,21.99,False,
16648,2025-03-24,1,T3,C16,12,127,1.186,1.186,8.99,False,
16649,2025-03-24,1,T4,C14,21,127,1.431,1.431,8.99,False,
16650,2025-03-24,1,T4,C12,13,106,0.5,0.5,3.99,False,
16651,2025-03-24,1,T2,C14,17,129,2.037,2.037,9.49,False,
16652,2025-03-24,1,T1,C12,10,101,1.674,1.674,1.49,False,
16653,2025-03-24,1,T2,C15,18,106,1.516,1.516,3.99,False,
16654,2025-03-24,1,T4,C13,18,127,0.284,0.284,8.99,False,
16655,2025-03-24,1,T1,C12,10,129,1.679,1.679,9.49,False,
16656,2025-03-24,1,T1,C16,14,130,0.578,0.578,21.99,False,
16657,2025-03-24,1,T2,C14,14,111,0.311,0.311,1.59,False,
16658,2025-03-24,1,T4,C15,9,106,1.454,1.454,3.99,False,
16659,2025-03-24,1,T1,C14,13,106,1.13,1.13,3.99,False,
16660,2025-03-24,1,T4,C11,20,128,1.041,1.041,10.99,False,
16661,2025-03-24,1,T5,C16,9,128,2.162,2.162,10.99,False,
16662,2025-03-24,1,T5,C11,7,110,0.53,0.53,1.29,False,
16663,2025-03-24,1,T3,C12,20,104,2.26,2.26,1.99,False,
16664,2025-03-24,1,T3,C16,14,104,2.302,2.302,1.99,False,
16665,2025-03-24,1,T4,C15,18,110,0.955,0.955,1.29,False,
17162,2025-03-25,1,T3,C15,14,111,1.431,1.431,1.59,False,
17163,2025-03-25,1,T4,C12,19,101,0.628,0.628,1.49,False,
17164,2025-03-25,1,T3,C14,14,111,1.024,1.024,1.59,False,
17165,2025-03-25,1,T2,C11,16,129,1.332,1.332,9.49,False,
17166,2025-03-25,1,T3,C13,19,106,1.928,1.928,3.99,False,
17167,2025-03-25,1,T3,C15,21,105,2.811,2.811,3.49,False,
17168,2025-03-25,1,T1,C13,20,105,0.542,0.542,3.49,False,
17169,2025-03-25,1,T3,C14,15,130,0.347,0.347,21.99,False,
17170,2025-03-25,1,T1,C12,20,110,1.283,1.283,1.29,False,
17171,2025-03-25,1,T1,C12,19,106,1.867,1.867,3.99,False,
17172,2025-03-25,1,T1,C14,15,127,1.968,1.968,8.99,False,
17173,2025-03-25,1,T5,C11,13,110,1.287,1.287,1.29,False,
17174,2025-03-25,1,T5,C12,13,111,2.606,2.606,1.59,False,
17175,2025-03-25,1,T3,C15,15,105,2.046,2.046,3.49,False,
17176,2025-03-25,1,T2,C14,8,111,1.759,1.759,1.59,False,
17177,2025-03-25,1,T3,C15,9,106,1.158,1.158,3.99,False,
17178,2025-03-25,1,T1,C16,18,110,1.499,1.499,1.29,False,
17179,2025-03-25,1,T2,C16,16,110,0.872,0.872,1.29,False,
17180,2025-03-25,1,T3,C11,9,128,1.131,1.131,10.99,False,
17181,2025-03-25,1,T5,C16,21,105,1.292,1.292,3.49,False,
17182,2025-03-25,1,T1,C13,18,129,2.106,2.106,9.49,False,
17183,2025-03-25,1,T2,C11,13,101,1.01,1.01,1.49,False,
17184,2025-03-25,1,T5,C12,14,130,0.955,0.955,21.99,False,
17185,2025-03-25,1,T3,C15,19,111,1.919,1.919,1.59,False,
17186,2025-03-25,1,T2,C13,14,111,3.081,3.081,1.59,False,
17187,2025-03-25,1,T5,C11,16,130,3.878,3.878,21.99,False,
17188,2025-03-25,1,T3,C13,9,105,0.777,0.777,3.49,False,
17189,2025-03-25,1,T1,C11,16,104,0.771,0.771,1.99,False,
17190,2025-03-25,1,T2,C12,20,111,1.147,1.147,1.59,False,
17191,2025-03-25,1,T1,C16,18,128,0.549,0.549,10.99,False,
17192,2025-03-25,1,T5,C12,10,101,0.269,0.269,1.49,False,
17193,2025-03-25,1,T5,C12,20,159,0.45,0.45,12.99,False,
17194,2025-03-25,1,T3,C11,12,127,0.43,0.43,8.99,False,
17195,2025-03-25,1,T2,C13,20,127,0.737,0.737,8.99,False,
17196,2025-03-25,1,T1,C15,15,127,0.394,0.394,8.99,False,
17197,2025-03-25,1,T5,C13,16,105,1.738,1.738,3.49,False,
17198,2025-03-25,1,T4,C11,7,101,0.297,0.297,1.49,False,
17199,2025-03-25,1,T2,C12,19,127,0.425,0.425,8.99,False,
17200,2025-03-25,1,T1,C11,14,101,3.51,3.51,1.49,False,
17201,2025-03-25,1,T1,C15,16,105,1.476,1.476,3.49,False,
17202,2025-03-25,1,T5,C11,7,106,1.157,1.157,3.99,False,
17203,2025-03-25,1,T1,C11,20,130,0.46,0.46,21.99,False,
17204,2025-03-25,1,T4,C16,7,104,1.255,1.255,1.99,False,
17205,2025-03-25,1,T5,C15,16,128,0.36,0.36,10.99,False,
17206,2025-03-25,1,T1,C14,17,127,0.83,0.83,8.99,False,
17207,2025-03-25,1,T4,C16,9,128,0.658,0.658,10.99,False,
17208,2025-03-25,1,T2,C14,13,106,0.359,0.359,3.99,False,
17209,2025-03-25,1,T2,C16,20,129,0.774,0.774,9.49,False,
17210,2025-03-25,1,T4,C15,9,129,2.081,2.081,9.49,False,
17211,2025-03-25,1,T1,C11,12,129,1.292,1.292,9.49,False,
17212,2025-03-25,1,T3,C11,17,110,1.166,1.166,1.29,False,
17213,2025-03-25,1,T5,C15,14,159,0.563,0.563,12.99,False,
17214,2025-03-25,1,T3,C11,16,129,0.582,0.582,9.49,False,
17215,2025-03-25,1,T2,C12,18,101,2.202,2.202,1.49,False,
17216,2025-03-25,1,T3,C11,9,104,0.163,0.163,1.99,False,
17217,2025-03-25,1,T1,C11,15,127,0.901,0.901,8.99,False,
17218,2025-03-25,1,T1,C16,16,101,0.844,0.844,1.49,False,
17219,2025-03-25,1,T5,C16,12,105,0.745,0.745,3.49,False,
17220,2025-03-25,1,T2,C13,13,101,1.942,1.942,1.49,False,
17221,2025-03-25,1,T5,C15,18,111,0.657,0.657,1.59,False,
17222,2025-03-25,1,T1,C13,20,127,0.886,0.886,8.99,False,
17223,2025-03-25,1,T3,C15,16,101,2.151,2.151,1.49,False,
17224,2025-03-25,1,T3,C14,20,130,0.839,0.839,21.99,False,
17225,2025-03-25,1,T3,C14,11,159,1.348,1.348,12.99,False,
17226,2025-03-25,1,T5,C14,16,105,0.65,0.65,3.49,False,
17227,2025-03-25,1,T1,C14,16,106,1.292,1.292,3.99,False,
17228,2025-03-25,1,T2,C11,19,129,2.602,2.602,9.49,False,
17229,2025-03-25,1,T3,C11,17,106,1.54,1.54,3.99,False,
17230,2025-03-25,1,T5,C14,18,159,2.383,2.383,12.99,False,
17231,2025-03-25,1,T1,C11,10,127,3.625,3.625,8.99,False,
17232,2025-03-25,1,T5,C13,18,105,1.694,1.694,3.49,False,
17233,2025-03-25,1,T4,C15,17,128,1.544,1.544,10.99,False,
17234,2025-03-25,1,T5,C15,9,104,1.652,1.652,1.99,False,
17235,2025-03-25,1,T3,C16,20,130,0.372,0.372,21.99,False,
17236,2025-03-25,1,T5,C13,15,129,0.555,0.555,9.49,False,
17237,2025-03-25,1,T1,C15,20,106,0.341,0.341,3.99,False,
17238,2025-03-25,1,T3,C16,16,106,2.055,2.055,3.99,False,
17239,2025-03-25,1,T2,C12,8,110,1.04,1.04,1.29,False,
17240,2025-03-25,1,T5,C16,16,128,0.833,0.833,10.99,False,
17241,2025-03-25,1,T5,C13,15,127,0.734,0.734,8.99,False,
17242,2025-03-25,1,T1,C12,10,127,0.524,0.524,8.99,False,
17243,2025-03-25,1,T1,C11,8,106,2.22,2.22,3.99,False,
17244,2025-03-25,1,T2,C11,15,104,1.218,1.218,1.99,False,
17245,2025-03-25,1,T2,C15,16,128,3.453,3.453,10.99,False,
17246,2025-03-25,1,T5,C13,17,127,1.331,1.331,8.99,False,
17247,2025-03-25,1,T5,C16,8,110,0.933,0.933,1.29,False,
17248,2025-03-25,1,T5,C15,20,110,0.582,0.582,1.29,False,
17249,2025-03-25,1,T4,C11,16,159,0.514,0.514,12.99,False,
17250,2025-03-25,1,T5,C14,12,159,2.377,2.377,12.99,False,
17251,2025-03-25,1,T4,C16,19,111,0.112,0.112,1.59,False,
17252,2025-03-25,1,T1,C14,13,106,2.322,2.322,3.99,False,
17253,2025-03-25,1,T3,C12,13,129,1.579,1.579,9.49,False,
17254,2025-03-25,1,T1,C14,9,104,0.948,0.948,1.99,False,
17255,2025-03-25,1,T2,C11,12,111,0.766,0.766,1.59,False,
17256,2025-03-25,1,T2,C11,16,111,0.686,0.686,1.59,False,
17257,2025-03-25,1,T1,C13,14,111,1.68,1.68,1.59,False,
17258,2025-03-25,1,T5,C16,10,105,0.918,0.918,3.49,False,
17259,2025-03-25,1,T2,C13,20,111,0.741,0.741,1.59,False,
17260,2025-03-25,1,T3,C11,12,111,0.429,0.429,1.59,False,
17261,2025-03-25,1,T5,C15,16,106,0.549,0.549,3.99,False,
17262,2025-03-25,1,T3,C15,16,111,0.248,0.248,1.59,False,
17263,2025-03-25,1,T5,C11,7,129,0.809,0.809,9.49,False,
17264,2025-03-25,1,T2,C13,17,130,0.618,0.618,21.99,False,
17265,2025-03-25,1,T3,C12,16,101,0.374,0.374,1.49,False,
17266,2025-03-25,1,T2,C16,8,110,0.767,0.767,1.29,False,
17267,2025-03-25,1,T4,C12,17,130,3.271,3.271,21.99,False,
17268,2025-03-25,1,T3,C11,8,159,1.921,1.921,12.99,False,
17269,2025-03-25,1,T1,C12,10,159,1.574,1.574,12.99,False,
17270,2025-03-25,1,T4,C12,20,128,1.242,1.242,10.99,False,
17271,2025-03-25,1,T1,C12,8,104,1.212,1.212,1.99,False,
17272,2025-03-25,1,T2,C15,16,101,0.805,0.805,1.49,False,
17273,2025-03-25,1,T4,C11,21,130,1.909,1.909,21.99,False,
17274,2025-03-25,1,T3,C14,20,129,1.073,1.073,9.49,False,
17275,2025-03-25,1,T4,C12,13,110,1.675,1.675,1.29,False,
17276,2025-03-25,1,T1,C15,17,104,0.189,0.189,1.99,False,
17277,2025-03-25,1,T3,C12,13,105,0.885,0.885,3.49,False,
17278,2025-03-25,1,T4,C15,17,128,3.142,3.142,10.99,False,
17279,2025-03-25,1,T4,C12,16,128,0.713,0.713,10.99,False,
17280,2025-03-25,1,T4,C13,14,101,0.525,0.525,1.49,False,
17281,2025-03-25,1,T4,C15,15,111,1.452,1.452,1.59,False,
17282,2025-03-25,1,T1,C16,14,130,0.86,0.86,21.99,False,
17283,2025-03-25,1,T3,C14,11,130,1.876,1.876,21.99,False,
17284,2025-03-25,1,T3,C14,7,104,0.844,0.844,1.99,False,
17285,2025-03-25,1,T1,C16,12,129,1.258,1.258,9.49,False,
17286,2025-03-25,1,T5,C15,11,159,0.579,0.579,12.99,False,
17287,2025-03-25,1,T4,C11,20,101,0.199,0.199,1.49,False,
17288,2025-03-25,1,T2,C15,10,101,2.771,2.771,1.49,False,
17289,2025-03-25,1,T5,C14,10,106,0.695,0.695,3.99,False,
17290,2025-03-25,1,T4,C12,12,104,0.654,0.654,1.99,False,
17291,2025-03-25,1,T5,C11,14,110,2.151,2.151,1.29,False,
17292,2025-03-25,1,T4,C15,8,106,0.359,0.359,3.99,False,
17293,2025-03-25,1,T2,C14,12,110,0.813,0.813,1.29,False,
17294,2025-03-25,1,T2,C15,8,106,0.743,0.743,3.99,False,
17295,2025-03-25,1,T4,C14,12,129,0.552,0.552,9.49,False,
17296,2025-03-25,1,T2,C16,19,104,0.708,0.708,1.99,False,
17297,2025-03-25,1,T5,C12,7,127,1.011,1.011,8.99,False,
17298,2025-03-25,1,T2,C12,15,106,1.128,1.128,3.99,False,
17299,2025-03-25,1,T2,C16,20,129,1.563,1.563,9.49,False,
17300,2025-03-25,1,T1,C11,11,129,0.869,0.869,9.49,False,
17301,2025-03-25,1,T4,C15,13,129,1.404,1.404,9.49,False,
17302,2025-03-25,1,T3,C11,9,106,0.65,0.65,3.99,False,
17303,2025-03-25,1,T3,C16,21,130,0.928,0.928,21.99,False,
17304,2025-03-25,1,T5,C14,20,104,1.578,1.578,1.99,False,
17305,2025-03-25,1,T1,C13,13,106,2.322,2.322,3.99,False,
17306,2025-03-25,1,T3,C12,18,130,0.671,0.671,21.99,False,
17307,2025-03-25,1,T1,C16,9,130,2.087,2.087,21.99,False,
17308,2025-03-25,1,T4,C15,10,110,1.496,1.496,1.29,False,
17309,2025-03-25,1,T3,C13,10,129,3.741,3.741,9.49,False,
17310,2025-03-25,1,T5,C12,17,130,1.79,1.79,21.99,False,
17311,2025-03-25,1,T4,C12,20,128,0.758,0.758,10.99,False,
17312,2025-03-25,1,T4,C15,11,130,0.517,0.517,21.99,False,
17313,2025-03-25,1,T1,C15,9,105,1.298,1.298,3.49,False,
17314,2025-03-25,1,T3,C11,12,128,0.267,0.267,10.99,False,
17315,2025-03-25,1,T1,C12,17,105,0.617,0.617,3.49,False,
17316,2025-03-25,1,T1,C16,21,105,0.725,0.725,3.49,False,
17317,2025-03-25,1,T1,C16,20,105,0.626,0.626,3.49,False,
17318,2025-03-25,1,T5,C12,11,111,2.7,2.7,1.59,False,
17319,2025-03-25,1,T3,C15,20,105,0.747,0.747,3.49,False,
17320,2025-03-25,1,T5,C15,21,111,0.57,0.57,1.59,False,
17321,2025-03-25,1,T3,C16,17,105,1.117,1.117,3.49,False,
17322,2025-03-25,1,T2,C12,16,105,1.865,1.865,3.49,False,
17323,2025-03-25,1,T2,C16,14,128,2.193,2.193,10.99,False,
17324,2025-03-25,1,T4,C11,11,101,1.112,1.112,1.49,False,
17325,2025-03-25,1,T4,C11,12,130,1.223,1.223,21.99,False,
17326,2025-03-25,1,T2,C11,17,101,0.381,0.381,1.49,False,
17327,2025-03-25,1,T5,C12,8,130,1.204,1.204,21.99,False,
17328,2025-03-25,1,T3,C12,8,101,1.676,1.676,1.49,False,
17329,2025-03-25,1,T1,C16,16,111,0.862,0.862,1.59,False,
17330,2025-03-25,1,T2,C12,16,101,0.611,0.611,1.49,False,
17331,2025-03-25,1,T2,C12,13,129,0.931,0.931,9.49,False,
17332,2025-03-25,1,T2,C15,8,129,0.725,0.725,9.49,False,
17333,2025-03-25,1,T4,C13,21,104,0.594,0.594,1.99,False,
17334,2025-03-25,1,T1,C15,18,106,0.264,0.264,3.99,False,
17335,2025-03-25,1,T5,C15,15,159,1.476,1.476,12.99,False,
17336,2025-03-25,1,T5,C16,8,106,0.67,0.67,3.99,False,
17337,2025-03-25,1,T1,C11,14,128,0.618,0.618,10.99,False,
17338,2025-03-25,1,T1,C16,16,128,0.809,0.809,10.99,False,
17339,2025-03-25,1,T4,C12,18,130,0.376,0.376,21.99,False,
17340,2025-03-25,1,T2,C11,8,101,0.886,0.886,1.49,False,
17341,2025-03-25,1,T3,C16,14,104,1.857,1.857,1.99,False,
17342,2025-03-25,1,T4,C15,13,106,1.112,1.112,3.99,False,
17343,2025-03-25,1,T5,C11,15,104,2.331,2.331,1.99,False,
17344,2025-03-25,1,T2,C15,8,159,1.434,1.434,12.99,False,
17345,2025-03-25,1,T1,C14,9,104,0.855,0.855,1.99,False,
17346,2025-03-25,1,T4,C16,20,106,0.986,0.986,3.99,False,
17347,2025-03-25,1,T5,C12,10,105,1.76,1.76,3.49,False,
17348,2025-03-25,1,T4,C12,7,111,1.486,1.486,1.59,False,
17349,2025-03-25,1,T2,C15,16,104,2.08,2.08,1.99,False,
17350,2025-03-25,1,T5,C14,9,128,0.661,0.661,10.99,False,
17351,2025-03-25,1,T3,C11,17,101,0.622,0.622,1.49,False,
17352,2025-03-25,1,T5,C16,8,104,0.957,0.957,1.99,False,
17353,2025-03-25,1,T1,C13,19,110,1.245,1.245,1.29,False,
17354,2025-03-25,1,T5,C11,18,105,0.1,0.1,3.49,False,
17355,2025-03-25,1,T2,C12,11,110,0.785,0.785,1.29,False,
17356,2025-03-25,1,T3,C13,11,129,1.111,1.111,9.49,False,
17357,2025-03-25,1,T1,C16,18,111,0.738,0.738,1.59,False,
17929,2025-03-26,1,T5,C15,15,130,2.103,2.103,21.99,False,
17930,2025-03-26,1,T2,C15,12,110,0.445,0.445,1.29,False,
17931,2025-03-26,1,T3,C16,20,130,1.327,1.327,21.99,False,
17932,2025-03-26,1,T5,C15,7,105,0.997,0.997,3.49,False,
17933,2025-03-26,1,T2,C15,12,106,0.829,0.829,3.99,False,
17934,2025-03-26,1,T1,C11,19,105,1.436,1.436,3.49,False,
17935,2025-03-26,1,T5,C15,8,128,1.786,1.786,10.99,False,
17936,2025-03-26,1,T5,C13,21,127,0.836,0.836,8.99,False,
17937,2025-03-26,1,T1,C14,16,127,1.464,1.64,8.99,True,no_tare
17938,2025-03-26,1,T4,C14,21,101,1.251,1.251,1.49,False,
17939,2025-03-26,1,T1,C11,17,129,1.542,1.542,9.49,False,
17940,2025-03-26,1,T5,C14,21,101,2.882,2.882,1.49,False,
17941,2025-03-26,1,T3,C15,8,105,2.316,2.316,3.49,False,
17942,2025-03-26,1,T4,C16,16,106,0.501,0.501,3.99,False,
17943,2025-03-26,1,T1,C11,14,127,0.46,0.46,8.99,False,
17944,2025-03-26,1,T2,C14,12,110,0.412,0.412,1.29,False,
17945,2025-03-26,1,T5,C13,7,130,0.896,0.896,21.99,False,
17946,2025-03-26,1,T4,C12,10,129,1.382,1.382,9.49,False,
17947,2025-03-26,1,T3,C12,21,105,1.554,1.554,3.49,False,
17948,2025-03-26,1,T1,C13,7,104,0.773,0.773,1.99,False,
17949,2025-03-26,1,T4,C12,13,110,1.312,1.312,1.29,False,
17950,2025-03-26,1,T3,C15,11,110,1.44,1.44,1.29,False,
17951,2025-03-26,1,T3,C16,14,159,1.314,1.314,12.99,False,
17952,2025-03-26,1,T5,C12,11,130,0.716,0.716,21.99,False,
17953,2025-03-26,1,T4,C15,10,104,1.172,1.172,1.99,False,
17954,2025-03-26,1,T1,C11,16,111,1.08,1.08,1.59,False,
17955,2025-03-26,1,T1,C14,17,101,2.75,2.75,1.49,False,
17956,2025-03-26,1,T3,C14,13,104,2.626,2.626,1.99,False,
17957,2025-03-26,1,T4,C12,17,104,0.656,0.656,1.99,False,
17958,2025-03-26,1,T2,C12,13,110,1.07,1.07,1.29,False,
17959,2025-03-26,1,T4,C11,16,129,0.98,0.98,9.49,False,
17960,2025-03-26,1,T5,C15,11,104,0.959,0.959,1.99,False,
17961,2025-03-26,1,T4,C14,18,105,1.311,1.311,3.49,False,
17962,2025-03-26,1,T1,C13,19,130,0.677,0.677,21.99,False,
17963,2025-03-26,1,T5,C14,8,127,0.668,0.668,8.99,False,
17964,2025-03-26,1,T1,C12,16,127,1.291,1.402,8.99,True,no_tare
17965,2025-03-26,1,T2,C11,8,127,0.975,0.975,8.99,False,
17966,2025-03-26,1,T5,C12,16,159,1.957,1.957,12.99,False,
17967,2025-03-26,1,T4,C14,11,127,0.593,0.593,8.99,False,
17968,2025-03-26,1,T4,C16,8,104,0.568,0.568,1.99,False,
17969,2025-03-26,1,T5,C14,7,130,0.76,0.76,21.99,False,
17970,2025-03-26,1,T1,C11,19,105,1.108,1.108,3.49,False,
17971,2025-03-26,1,T5,C16,19,110,1.793,1.793,1.29,False,
17972,2025-03-26,1,T3,C16,17,104,0.742,0.742,1.99,False,
17973,2025-03-26,1,T2,C13,8,129,1.383,1.383,9.49,False,
17974,2025-03-26,1,T3,C12,21,101,1.635,1.635,1.49,False,
17975,2025-03-26,1,T3,C15,7,127,0.608,0.608,8.99,False,
17976,2025-03-26,1,T5,C16,12,127,0.11,0.11,8.99,False,
17977,2025-03-26,1,T2,C13,14,104,0.614,0.614,1.99,False,
17978,2025-03-26,1,T4,C13,16,130,0.603,0.603,21.99,False,
17979,2025-03-26,1,T5,C15,14,128,0.371,0.371,10.99,False,
17980,2025-03-26,1,T3,C13,8,110,4.04,4.04,1.29,False,
17981,2025-03-26,1,T2,C12,17,105,1.664,1.664,3.49,False,
17982,2025-03-26,1,T3,C12,20,159,0.508,0.508,12.99,False,
17983,2025-03-26,1,T5,C15,7,110,2.505,2.505,1.29,False,
17984,2025-03-26,1,T4,C14,16,105,0.426,0.426,3.49,False,
17985,2025-03-26,1,T5,C12,15,127,1.75,1.75,8.99,False,
17986,2025-03-26,1,T5,C14,17,110,0.519,0.519,1.29,False,
17987,2025-03-26,1,T5,C15,10,127,1.693,1.693,8.99,False,
17988,2025-03-26,1,T4,C16,9,111,0.944,0.944,1.59,False,
17989,2025-03-26,1,T4,C16,8,128,1.052,1.052,10.99,False,
17990,2025-03-26,1,T5,C15,16,106,0.907,0.907,3.99,False,
17991,2025-03-26,1,T5,C15,13,159,1.917,1.917,12.99,False,
17992,2025-03-26,1,T5,C15,10,128,2.433,2.433,10.99,False,
17993,2025-03-26,1,T4,C15,15,111,0.772,0.772,1.59,False,
17994,2025-03-26,1,T2,C11,21,128,0.323,0.462,10.99,True,no_tare
17995,2025-03-26,1,T2,C13,18,128,1.261,1.261,10.99,False,
17996,2025-03-26,1,T1,C12,18,129,1.392,1.392,9.49,False,
17997,2025-03-26,1,T5,C16,13,128,1.397,1.397,10.99,False,
17998,2025-03-26,1,T3,C16,20,130,1.189,1.189,21.99,False,
17999,2025-03-26,1,T4,C12,13,129,1.364,1.364,9.49,False,
18000,2025-03-26,1,T2,C14,8,101,1.195,1.195,1.49,False,
18001,2025-03-26,1,T5,C11,20,110,0.839,0.839,1.29,False,
18002,2025-03-26,1,T3,C14,21,129,1.56,1.56,9.49,False,
18003,2025-03-26,1,T4,C15,9,127,1.301,1.301,8.99,False,
18004,2025-03-26,1,T3,C12,11,159,0.724,0.724,12.99,False,
18005,2025-03-26,1,T3,C11,20,128,1.206,1.206,10.99,False,
18006,2025-03-26,1,T5,C12,20,129,2.321,2.441,9.49,True,no_tare
18007,2025-03-26,1,T2,C11,11,104,0.712,0.712,1.99,False,
18008,2025-03-26,1,T3,C16,16,105,0.38,0.38,3.49,False,
18009,2025-03-26,1,T5,C11,14,127,0.932,0.932,8.99,False,
18010,2025-03-26,1,T2,C13,14,130,1.081,1.081,21.99,False,
18011,2025-03-26,1,T5,C15,7,105,0.495,0.495,3.49,False,
18012,2025-03-26,1,T2,C13,18,106,1.643,1.643,3.99,False,
18013,2025-03-26,1,T4,C13,20,128,1.247,1.247,10.99,False,
18014,2025-03-26,1,T5,C12,12,105,0.452,0.452,3.49,False,
18015,2025-03-26,1,T4,C11,18,110,1.147,1.147,1.29,False,
18016,2025-03-26,1,T3,C15,15,127,1.553,1.553,8.99,False,
18017,2025-03-26,1,T3,C14,21,110,0.955,0.955,1.29,False,
18018,2025-03-26,1,T2,C13,9,127,0.617,0.617,8.99,False,
18019,2025-03-26,1,T5,C11,17,130,1.048,1.048,21.99,False,
18020,2025-03-26,1,T2,C11,15,128,1.152,1.152,10.99,False,
18021,2025-03-26,1,T4,C13,12,106,1.82,1.82,3.99,False,
18022,2025-03-26,1,T3,C16,18,159,0.593,0.593,12.99,False,
18023,2025-03-26,1,T5,C12,11,128,0.853,0.853,10.99,False,
18024,2025-03-26,1,T4,C12,13,105,0.896,0.896,3.49,False,
18025,2025-03-26,1,T4,C16,14,128,0.627,0.627,10.99,False,
18026,2025-03-26,1,T2,C15,7,110,1.005,1.005,1.29,False,
18027,2025-03-26,1,T4,C15,13,105,1.595,1.595,3.49,False,
18028,2025-03-26,1,T4,C15,15,111,2.065,2.065,1.59,False,
18029,2025-03-26,1,T1,C11,18,104,1.995,1.995,1.99,False,
18030,2025-03-26,1,T5,C11,10,110,1.971,1.971,1.29,False,
18031,2025-03-26,1,T2,C13,7,129,1.939,1.939,9.49,False,
18032,2025-03-26,1,T4,C14,19,110,1.463,1.463,1.29,False,
18033,2025-03-26,1,T4,C15,11,129,1.239,1.239,9.49,False,
18034,2025-03-26,1,T5,C12,14,106,0.363,0.363,3.99,False,
18035,2025-03-26,1,T1,C11,8,110,0.683,0.683,1.29,False,
18036,2025-03-26,1,T5,C16,21,130,1.247,1.247,21.99,False,
18037,2025-03-26,1,T4,C11,15,159,1.174,1.174,12.99,False,
18038,2025-03-26,1,T3,C15,16,129,1.091,1.091,9.49,False,
18039,2025-03-26,1,T2,C14,9,128,2.895,2.895,10.99,False,
18040,2025-03-26,1,T5,C13,7,130,1.38,1.38,21.99,False,
18041,2025-03-26,1,T5,C15,15,106,0.572,0.572,3.99,False,
18042,2025-03-26,1,T4,C16,9,127,1.35,1.35,8.99,False,
18043,2025-03-26,1,T2,C11,9,159,2.313,2.313,12.99,False,
18044,2025-03-26,1,T2,C14,21,129,0.745,0.745,9.49,False,
18045,2025-03-26,1,T5,C12,11,111,0.436,0.436,1.59,False,
18046,2025-03-26,1,T1,C16,13,101,0.807,0.807,1.49,False,
18047,2025-03-26,1,T4,C11,7,129,1.687,1.687,9.49,False,
18048,2025-03-26,1,T1,C12,17,130,1.129,1.129,21.99,False,
18049,2025-03-26,1,T1,C14,10,104,2.143,2.143,1.99,False,
18050,2025-03-26,1,T3,C16,8,105,1.774,1.774,3.49,False,
18051,2025-03-26,1,T3,C12,20,104,0.483,0.483,1.99,False,
18052,2025-03-26,1,T3,C15,16,101,1.416,1.416,1.49,False,
18053,2025-03-26,1,T4,C11,13,105,1.383,1.383,3.49,False,
18054,2025-03-26,1,T5,C14,13,104,1.588,1.588,1.99,False,
18055,2025-03-26,1,T3,C11,18,110,2.79,2.79,1.29,False,
18056,2025-03-26,1,T4,C12,13,110,1.072,1.072,1.29,False,
18057,2025-03-26,1,T1,C16,7,110,1.357,1.357,1.29,False,
18058,2025-03-26,1,T4,C14,16,130,0.578,0.578,21.99,False,
18059,2025-03-26,1,T5,C12,8,111,2.285,2.285,1.59,False,
18060,2025-03-26,1,T4,C14,20,110,0.365,0.365,1.29,False,
18061,2025-03-26,1,T5,C12,11,105,1.157,1.157,3.49,False,
18062,2025-03-26,1,T1,C15,15,104,3.038,3.038,1.99,False,
18063,2025-03-26,1,T3,C12,19,101,1.278,1.278,1.49,False,
18064,2025-03-26,1,T4,C12,20,106,0.34,0.34,3.99,False,
18065,2025-03-26,1,T2,C14,8,106,1.619,1.619,3.99,False,
18066,2025-03-26,1,T4,C16,7,128,0.495,0.495,10.99,False,
18067,2025-03-26,1,T1,C13,14,106,2.734,2.734,3.99,False,
18068,2025-03-26,1,T5,C15,12,101,1.03,1.03,1.49,False,
18069,2025-03-26,1,T1,C13,9,105,1.872,1.872,3.49,False,
18070,2025-03-26,1,T5,C16,20,130,1.503,1.503,21.99,False,
18071,2025-03-26,1,T4,C11,11,106,0.929,0.929,3.99,False,
18072,2025-03-26,1,T1,C16,21,106,0.758,0.758,3.99,False,
18073,2025-03-26,1,T4,C13,9,104,2.849,2.849,1.99,False,
18074,2025-03-26,1,T4,C16,20,129,2.162,2.162,9.49,False,
18075,2025-03-26,1,T3,C13,10,111,1.04,1.04,1.59,False,
18076,2025-03-26,1,T3,C15,13,159,0.93,0.93,12.99,False,
18077,2025-03-26,1,T1,C16,12,106,0.383,0.383,3.99,False,
18078,2025-03-26,1,T2,C14,11,129,0.79,0.79,9.49,False,
18079,2025-03-26,1,T3,C16,19,104,0.718,0.718,1.99,False,
18080,2025-03-26,1,T5,C15,13,104,0.872,0.872,1.99,False,
18081,2025-03-26,1,T5,C15,19,159,1.927,1.927,12.99,False,
18082,2025-03-26,1,T4,C16,13,128,2.393,2.393,10.99,False,
18083,2025-03-26,1,T1,C14,11,101,2.818,2.818,1.49,False,
18084,2025-03-26,1,T5,C13,15,106,0.654,0.654,3.99,False,
18085,2025-03-26,1,T4,C14,9,127,0.707,0.707,8.99,False,
18086,2025-03-26,1,T5,C16,12,105,0.691,0.691,3.49,False,
18087,2025-03-26,1,T4,C15,20,128,0.594,0.594,10.99,False,
18088,2025-03-26,1,T5,C16,9,127,2.032,2.032,8.99,False,
18089,2025-03-26,1,T5,C16,19,106,0.392,0.392,3.99,False,
18090,2025-03-26,1,T2,C15,18,159,0.732,0.732,12.99,False,
18091,2025-03-26,1,T5,C11,21,129,1.124,1.124,9.49,False,
18092,2025-03-26,1,T3,C13,7,111,0.627,0.627,1.59,False,
18093,2025-03-26,1,T3,C12,10,128,1.338,1.338,10.99,False,
18094,2025-03-26,1,T1,C13,13,111,1.469,1.469,1.59,False,
18095,2025-03-26,1,T2,C15,21,110,1.189,1.189,1.29,False,
18096,2025-03-26,1,T2,C16,10,105,1.997,1.997,3.49,False,
18097,2025-03-26,1,T5,C12,12,104,0.959,0.959,1.99,False,
18098,2025-03-26,1,T4,C11,9,130,0.897,0.897,21.99,False,
18099,2025-03-26,1,T2,C11,18,101,1.603,1.603,1.49,False,
18100,2025-03-26,1,T1,C13,14,128,3.295,3.295,10.99,False,
18101,2025-03-26,1,T3,C14,15,104,1.282,1.282,1.99,False,
18102,2025-03-26,1,T3,C14,14,130,1.03,1.03,21.99,False,
18103,2025-03-26,1,T1,C13,14,105,2.159,2.159,3.49,False,
18104,2025-03-26,1,T1,C16,12,110,1.286,1.286,1.29,False,
18105,2025-03-26,1,T5,C15,12,101,1.903,1.903,1.49,False,
18106,2025-03-26,1,T1,C15,20,128,0.342,0.342,10.99,False,
18107,2025-03-26,1,T2,C16,12,127,1.344,1.344,8.99,False,
18108,2025-03-26,1,T4,C12,7,104,1.155,1.155,1.99,False,
18109,2025-03-26,1,T4,C14,20,127,2.112,2.112,8.99,False,
18110,2025-03-26,1,T2,C11,12,130,1.211,1.211,21.99,False,
18111,2025-03-26,1,T2,C12,7,111,1.007,1.007,1.59,False,
18112,2025-03-26,1,T4,C11,19,129,0.657,0.657,9.49,False,
18113,2025-03-26,1,T3,C15,18,110,0.583,0.583,1.29,False,
18114,2025-03-26,1,T1,C13,10,110,1.59,1.59,1.29,False,
18115,2025-03-26,1,T4,C14,9,111,1.509,1.509,1.59,False,
18116,2025-03-26,1,T4,C14,8,110,2.074,2.074,1.29,False,
18117,2025-03-26,1,T1,C15,13,159,0.315,0.315,12.99,False,
18118,2025-03-26,1,T3,C15,14,105,1.328,1.328,3.49,False,
18119,2025-03-26,1,T3,C11,16,130,2.439,2.439,21.99,False,
18120,2025-03-26,1,T2,C15,14,105,0.338,0.338,3.49,False,
18652,2025-03-27,1,T1,C12,14,110,2.394,2.394,1.29,False,
18653,2025-03-27,1,T5,C16,14,110,1.136,1.136,1.29,False,
18654,2025-03-27,1,T2,C16,16,101,1.976,1.976,1.49,False,
18655,2025-03-27,1,T1,C14,7,159,1.02,1.02,12.99,False,
18656,2025-03-27,1,T4,C11,8,105,1.984,1.984,3.49,False,
18657,2025-03-27,1,T1,C16,16,106,2.313,2.313,3.99,False,
18658,2025-03-27,1,T1,C12,17,130,0.602,0.602,21.99,False,
18659,2025-03-27,1,T5,C11,19,106,1.746,1.746,3.99,False,
18660,2025-03-27,1,T5,C11,20,106,0.999,0.999,3.99,False,
18661,2025-03-27,1,T1,C16,11,111,1.08,1.08,1.59,False,
18662,2025-03-27,1,T2,C14,21,159,1.198,1.198,12.99,False,
18663,2025-03-27,1,T2,C14,10,128,1.999,1.999,10.99,False,
18664,2025-03-27,1,T4,C11,15,128,1.267,1.267,10.99,False,
18665,2025-03-27,1,T3,C12,18,106,1.247,1.247,3.99,False,
18666,2025-03-27,1,T5,C16,14,159,1.013,1.013,12.99,False,
18667,2025-03-27,1,T5,C15,15,111,0.839,0.839,1.59,False,
18668,2025-03-27,1,T2,C14,19,111,1.52,1.52,1.59,False,
18669,2025-03-27,1,T3,C16,14,101,0.357,0.357,1.49,False,
18670,2025-03-27,1,T2,C11,19,129,0.965,0.965,9.49,False,
18671,2025-03-27,1,T1,C12,9,159,0.619,0.619,12.99,False,
18672,2025-03-27,1,T5,C16,9,104,0.336,0.336,1.99,False,
18673,2025-03-27,1,T2,C14,13,104,1.17,1.17,1.99,False,
18674,2025-03-27,1,T2,C15,11,128,1.517,1.517,10.99,False,
18675,2025-03-27,1,T2,C14,13,106,1.713,1.713,3.99,False,
18676,2025-03-27,1,T5,C12,9,111,0.873,0.873,1.59,False,
18677,2025-03-27,1,T5,C14,10,101,2.925,2.925,1.49,False,
18678,2025-03-27,1,T2,C15,12,127,0.394,0.394,8.99,False,
18679,2025-03-27,1,T1,C11,11,104,0.489,0.489,1.99,False,
18680,2025-03-27,1,T5,C14,19,106,0.517,0.517,3.99,False,
18681,2025-03-27,1,T5,C15,12,111,0.716,0.716,1.59,False,
18682,2025-03-27,1,T4,C12,15,111,0.265,0.265,1.59,False,
18683,2025-03-27,1,T3,C16,16,106,0.106,0.106,3.99,False,
18684,2025-03-27,1,T5,C16,17,159,0.342,0.342,12.99,False,
18685,2025-03-27,1,T3,C11,15,129,2.027,2.027,9.49,False,
18686,2025-03-27,1,T1,C14,15,129,0.966,0.966,9.49,False,
18687,2025-03-27,1,T4,C14,15,106,1.002,1.002,3.99,False,
18688,2025-03-27,1,T3,C13,8,159,0.666,0.666,12.99,False,
18689,2025-03-27,1,T2,C16,15,101,0.624,0.624,1.49,False,
18690,2025-03-27,1,T5,C16,20,127,1.275,1.275,8.99,False,
18691,2025-03-27,1,T1,C11,20,111,0.393,0.393,1.59,False,
18692,2025-03-27,1,T2,C12,14,101,1.039,1.039,1.49,False,
18693,2025-03-27,1,T3,C16,13,129,1.868,1.868,9.49,False,
18694,2025-03-27,1,T3,C11,8,105,2.387,2.387,3.49,False,
18695,2025-03-27,1,T4,C15,9,110,1.283,1.283,1.29,False,
18696,2025-03-27,1,T1,C14,9,106,3.502,3.502,3.99,False,
18697,2025-03-27,1,T2,C15,17,105,0.457,0.457,3.49,False,
18698,2025-03-27,1,T4,C13,20,110,2.127,2.127,1.29,False,
18699,2025-03-27,1,T2,C11,20,129,1.002,1.002,9.49,False,
18700,2025-03-27,1,T4,C12,12,104,0.843,0.843,1.99,False,
18701,2025-03-27,1,T4,C16,15,129,0.235,0.235,9.49,False,
18702,2025-03-27,1,T4,C15,17,105,1.687,1.687,3.49,False,
18703,2025-03-27,1,T3,C16,17,110,1.669,1.669,1.29,False,
18704,2025-03-27,1,T3,C14,11,111,0.207,0.207,1.59,False,
18705,2025-03-27,1,T1,C13,17,106,0.747,0.747,3.99,False,
18706,2025-03-27,1,T1,C13,12,111,0.598,0.598,1.59,False,
18707,2025-03-27,1,T5,C13,11,127,0.377,0.377,8.99,False,
18708,2025-03-27,1,T3,C12,15,105,0.732,0.732,3.49,False,
18709,2025-03-27,1,T4,C16,7,111,1.488,1.488,1.59,False,
18710,2025-03-27,1,T1,C12,8,104,1.099,1.099,1.99,False,
18711,2025-03-27,1,T4,C15,13,130,1.587,1.587,21.99,False,
18712,2025-03-27,1,T4,C14,21,129,0.784,0.784,9.49,False,
18713,2025-03-27,1,T4,C16,21,110,1.476,1.476,1.29,False,
18714,2025-03-27,1,T5,C13,20,129,1.224,1.224,9.49,False,
18715,2025-03-27,1,T4,C13,21,111,0.633,0.633,1.59,False,
18716,2025-03-27,1,T1,C12,7,130,1.91,1.91,21.99,False,
18717,2025-03-27,1,T2,C11,16,130,0.75,0.75,21.99,False,
18718,2025-03-27,1,T4,C13,16,101,0.877,0.877,1.49,False,
18719,2025-03-27,1,T5,C12,21,129,1.099,1.099,9.49,False,
18720,2025-03-27,1,T1,C14,12,129,1.269,1.269,9.49,False,
18721,2025-03-27,1,T5,C15,7,130,0.789,0.789,21.99,False,
18722,2025-03-27,1,T1,C14,12,127,1.283,1.283,8.99,False,
18723,2025-03-27,1,T5,C15,11,129,3.786,3.786,9.49,False,
18724,2025-03-27,1,T1,C15,20,128,1.808,1.912,10.99,True,no_tare
18725,2025-03-27,1,T4,C15,20,105,0.704,0.704,3.49,False,
18726,2025-03-27,1,T4,C16,13,111,1.761,1.761,1.59,False,
18727,2025-03-27,1,T3,C16,12,127,1.515,1.515,8.99,False,
18728,2025-03-27,1,T2,C11,14,129,1.512,1.512,9.49,False,
18729,2025-03-27,1,T3,C13,15,101,2.05,2.05,1.49,False,
18730,2025-03-27,1,T1,C16,14,127,0.729,0.729,8.99,False,
18731,2025-03-27,1,T1,C14,19,104,1.892,1.892,1.99,False,
18732,2025-03-27,1,T5,C16,11,127,1.661,1.661,8.99,False,
18733,2025-03-27,1,T3,C12,11,129,1.358,1.358,9.49,False,
18734,2025-03-27,1,T2,C14,15,101,1.58,1.58,1.49,False,
18735,2025-03-27,1,T1,C15,12,110,0.692,0.692,1.29,False,
18736,2025-03-27,1,T5,C15,14,104,1.047,1.047,1.99,False,
18737,2025-03-27,1,T3,C16,16,110,0.739,0.739,1.29,False,
18738,2025-03-27,1,T1,C13,8,110,1.551,1.551,1.29,False,
18739,2025-03-27,1,T2,C14,7,159,1.749,1.749,12.99,False,
18740,2025-03-27,1,T5,C12,8,104,1.551,1.551,1.99,False,
18741,2025-03-27,1,T1,C11,20,130,0.85,0.85,21.99,False,
18742,2025-03-27,1,T5,C15,11,129,2.896,2.896,9.49,False,
18743,2025-03-27,1,T4,C13,15,128,1.056,1.056,10.99,False,
18744,2025-03-27,1,T3,C16,19,110,1.84,1.84,1.29,False,
18745,2025-03-27,1,T2,C15,8,129,1.228,1.228,9.49,False,
18746,2025-03-27,1,T3,C14,11,159,0.579,0.579,12.99,False,
18747,2025-03-27,1,T3,C14,12,159,0.277,0.277,12.99,False,
18748,2025-03-27,1,T4,C11,19,130,0.842,0.842,21.99,False,
18749,2025-03-27,1,T3,C16,19,129,1.478,1.478,9.49,False,
18750,2025-03-27,1,T2,C16,8,105,0.738,0.738,3.49,False,
18751,2025-03-27,1,T5,C11,17,104,0.75,0.75,1.99,False,
18752,2025-03-27,1,T5,C16,11,129,2.502,2.502,9.49,False,
18753,2025-03-27,1,T1,C11,12,127,1.417,1.417,8.99,False,
18754,2025-03-27,1,T3,C12,17,130,2.109,2.109,21.99,False,
18755,2025-03-27,1,T4,C15,9,106,1.884,1.884,3.99,False,
18756,2025-03-27,1,T4,C11,16,105,1.152,1.152,3.49,False,
18757,2025-03-27,1,T4,C13,9,128,2.14,2.14,10.99,False,
18758,2025-03-27,1,T2,C15,13,101,2.226,2.226,1.49,False,
18759,2025-03-27,1,T4,C15,21,129,2.312,2.312,9.49,False,
18760,2025-03-27,1,T2,C14,15,105,1.858,1.858,3.49,False,
18761,2025-03-27,1,T1,C13,19,159,2.775,2.956,12.99,True,no_tare
18762,2025-03-27,1,T1,C13,18,128,1.439,1.439,10.99,False,
18763,2025-03-27,1,T2,C11,16,104,0.747,0.747,1.99,False,
18764,2025-03-27,1,T5,C13,13,111,0.765,0.765,1.59,False,
18765,2025-03-27,1,T3,C13,14,130,0.358,0.358,21.99,False,
18766,2025-03-27,1,T3,C14,18,101,2.097,2.097,1.49,False,
18767,2025-03-27,1,T4,C16,17,159,1.591,1.591,12.99,False,
18768,2025-03-27,1,T2,C11,18,105,0.894,0.894,3.49,False,
18769,2025-03-27,1,T3,C15,8,104,0.465,0.465,1.99,False,
18770,2025-03-27,1,T2,C13,17,159,0.56,0.56,12.99,False,
18771,2025-03-27,1,T1,C16,16,104,1.087,1.087,1.99,False,
18772,2025-03-27,1,T1,C15,17,110,0.41,0.41,1.29,False,
18773,2025-03-27,1,T3,C14,16,104,2.265,2.265,1.99,False,
18774,2025-03-27,1,T1,C12,10,111,0.513,0.513,1.59,False,
18775,2025-03-27,1,T4,C14,14,105,0.48,0.48,3.49,False,
18776,2025-03-27,1,T5,C12,11,111,0.609,0.609,1.59,False,
18777,2025-03-27,1,T1,C13,13,127,1.663,1.663,8.99,False,
18778,2025-03-27,1,T3,C14,18,110,1.345,1.345,1.29,False,
18779,2025-03-27,1,T5,C16,12,106,1.206,1.206,3.99,False,
18780,2025-03-27,1,T2,C14,16,130,1.033,1.033,21.99,False,
18781,2025-03-27,1,T2,C14,10,127,3.24,3.24,8.99,False,
18782,2025-03-27,1,T2,C16,7,110,0.152,0.152,1.29,False,
18783,2025-03-27,1,T2,C13,7,105,2.031,2.031,3.49,False,
18784,2025-03-27,1,T1,C13,14,110,1.581,1.581,1.29,False,
18785,2025-03-27,1,T1,C14,7,104,2.085,2.085,1.99,False,
18786,2025-03-27,1,T2,C15,18,159,0.699,0.699,12.99,False,
18787,2025-03-27,1,T2,C13,14,128,1.07,1.07,10.99,False,
18788,2025-03-27,1,T3,C15,16,130,1.01,1.01,21.99,False,
18789,2025-03-27,1,T2,C12,17,104,2.162,2.162,1.99,False,
18790,2025-03-27,1,T2,C14,17,128,1.471,1.471,10.99,False,
18791,2025-03-27,1,T3,C13,16,110,2.723,2.723,1.29,False,
18792,2025-03-27,1,T4,C16,14,159,0.363,0.363,12.99,False,
18793,2025-03-27,1,T1,C12,19,105,1.862,1.862,3.49,False,
18794,2025-03-27,1,T4,C14,14,105,0.458,0.458,3.49,False,
18795,2025-03-27,1,T1,C14,21,128,1.905,1.905,10.99,False,
18796,2025-03-27,1,T3,C12,18,101,0.898,0.898,1.49,False,
18797,2025-03-27,1,T3,C13,14,101,0.649,0.649,1.49,False,
18798,2025-03-27,1,T2,C15,10,129,1.57,1.57,9.49,False,
18799,2025-03-27,1,T4,C15,10,105,0.757,0.757,3.49,False,
18800,2025-03-27,1,T4,C16,9,129,1.122,1.122,9.49,False,
18801,2025-03-27,1,T3,C14,9,106,0.501,0.501,3.99,False,
18802,2025-03-27,1,T5,C16,14,128,0.617,0.617,10.99,False,
18803,2025-03-27,1,T3,C12,20,101,0.561,0.561,1.49,False,
18804,2025-03-27,1,T4,C11,21,129,0.772,0.772,9.49,False,
18805,2025-03-27,1,T1,C14,19,128,2.225,2.225,10.99,False,
18806,2025-03-27,1,T1,C14,7,127,1.804,1.804,8.99,False,
18807,2025-03-27,1,T5,C12,20,105,0.277,0.277,3.49,False,
18808,2025-03-27,1,T1,C14,18,127,0.882,0.882,8.99,False,
18809,2025-03-27,1,T2,C12,7,104,0.384,0.384,1.99,False,
18810,2025-03-27,1,T2,C13,15,159,1.188,1.188,12.99,False,
18811,2025-03-27,1,T1,C11,7,130,0.909,0.909,21.99,False,
18812,2025-03-27,1,T1,C14,18,128,1.27,1.27,10.99,False,
18813,2025-03-27,1,T2,C14,19,127,1.041,1.041,8.99,False,
18814,2025-03-27,1,T2,C14,10,104,0.298,0.298,1.99,False,
18815,2025-03-27,1,T2,C16,10,130,1.328,1.328,21.99,False,
18816,2025-03-27,1,T5,C15,20,159,0.881,0.881,12.99,False,
18817,2025-03-27,1,T5,C15,18,129,0.953,0.953,9.49,False,
18818,2025-03-27,1,T5,C12,17,110,0.899,0.899,1.29,False,
18819,2025-03-27,1,T2,C13,21,105,0.299,0.299,3.49,False,
18820,2025-03-27,1,T5,C12,10,105,0.998,0.998,3.49,False,
18821,2025-03-27,1,T3,C11,17,106,0.408,0.408,3.99,False,
18822,2025-03-27,1,T5,C11,9,104,0.936,0.936,1.99,False,
18823,2025-03-27,1,T2,C12,17,128,0.503,0.503,10.99,False,
19359,2025-03-28,1,T2,C14,10,111,0.678,0.678,1.59,False,
19360,2025-03-28,1,T4,C11,8,101,2.612,2.612,1.49,False,
19361,2025-03-28,1,T2,C11,16,128,0.941,0.941,10.99,False,
19362,2025-03-28,1,T2,C13,19,106,0.542,0.542,3.99,False,
19363,2025-03-28,1,T2,C12,12,110,0.143,0.143,1.29,False,
19364,2025-03-28,1,T2,C11,17,101,1.08,1.08,1.49,False,
19365,2025-03-28,1,T1,C12,7,127,1.415,1.415,8.99,False,
19366,2025-03-28,1,T4,C11,21,101,0.434,0.434,1.49,False,
19367,2025-03-28,1,T1,C16,21,104,0.735,0.735,1.99,False,
19368,2025-03-28,1,T1,C15,21,110,1.928,1.928,1.29,False,
19369,2025-03-28,1,T3,C11,21,110,0.632,0.632,1.29,False,
19370,2025-03-28,1,T3,C15,10,104,0.936,0.936,1.99,False,
19371,2025-03-28,1,T5,C11,20,106,1.066,1.066,3.99,False,
19372,2025-03-28,1,T5,C11,16,129,0.904,0.904,9.49,False,
19373,2025-03-28,1,T2,C16,11,129,1.128,1.128,9.49,False,
19374,2025-03-28,1,T1,C16,16,101,0.649,0.649,1.49,False,
19375,2025-03-28,1,T1,C11,12,127,0.759,0.759,8.99,False,
19376,2025-03-28,1,T2,C13,16,104,0.096,0.096,1.99,False,
19377,2025-03-28,1,T5,C12,11,159,0.618,0.618,12.99,False,
19378,2025-03-28,1,T2,C15,16,104,0.862,0.862,1.99,False,
19379,2025-03-28,1,T2,C14,12,105,2.294,2.294,3.49,False,
19380,2025-03-28,1,T3,C12,8,110,2.838,2.838,1.29,False,
19381,2025-03-28,1,T5,C16,21,105,1.229,1.229,3.49,False,
19382,2025-03-28,1,T2,C14,16,111,0.708,0.708,1.59,False,
19383,2025-03-28,1,T4,C14,12,101,1.439,1.439,1.49,False,
19384,2025-03-28,1,T3,C16,20,104,2.363,2.363,1.99,False,
19385,2025-03-28,1,T5,C14,7,104,1.696,1.696,1.99,False,
19386,2025-03-28,1,T4,C15,16,111,0.586,0.586,1.59,False,
19387,2025-03-28,1,T3,C16,11,111,1.373,1.373,1.59,False,
19388,2025-03-28,1,T3,C13,9,127,0.242,0.242,8.99,False,
19389,2025-03-28,1,T5,C13,9,106,0.773,0.773,3.99,False,
19390,2025-03-28,1,T5,C13,10,130,1.193,1.193,21.99,False,
19391,2025-03-28,1,T5,C13,13,104,1.476,1.476,1.99,False,
19392,2025-03-28,1,T4,C15,8,129,0.519,0.519,9.49,False,
19393,2025-03-28,1,T2,C15,16,101,0.501,0.501,1.49,False,
19394,2025-03-28,1,T2,C13,14,105,0.228,0.228,3.49,False,
19395,2025-03-28,1,T2,C15,16,104,3.891,3.891,1.99,False,
19396,2025-03-28,1,T2,C14,7,106,1.41,1.41,3.99,False,
19397,2025-03-28,1,T5,C11,19,110,2.349,2.349,1.29,False,
19398,2025-03-28,1,T3,C11,20,101,0.931,0.931,1.49,False,
19399,2025-03-28,1,T3,C12,12,159,1.923,2.112,12.99,True,no_tare
19400,2025-03-28,1,T5,C16,18,101,0.242,0.242,1.49,False,
19401,2025-03-28,1,T4,C16,8,106,0.961,0.961,3.99,False,
19402,2025-03-28,1,T3,C12,20,106,0.503,0.503,3.99,False,
19403,2025-03-28,1,T4,C15,13,130,0.877,0.877,21.99,False,
19404,2025-03-28,1,T1,C11,18,129,0.452,0.452,9.49,False,
19405,2025-03-28,1,T4,C12,14,127,1.261,1.261,8.99,False,
19406,2025-03-28,1,T1,C13,18,159,0.363,0.363,12.99,False,
19407,2025-03-28,1,T1,C12,17,110,0.979,0.979,1.29,False,
19408,2025-03-28,1,T3,C13,13,159,1.381,1.381,12.99,False,
19409,2025-03-28,1,T1,C14,16,104,0.681,0.681,1.99,False,
19410,2025-03-28,1,T5,C14,8,110,2.92,2.92,1.29,False,
19411,2025-03-28,1,T1,C13,12,111,0.897,0.897,1.59,False,
19412,2025-03-28,1,T5,C14,7,128,1.885,1.885,10.99,False,
19413,2025-03-28,1,T4,C16,10,110,0.818,0.818,1.29,False,
19414,2025-03-28,1,T5,C13,14,106,1.49,1.49,3.99,False,
19415,2025-03-28,1,T5,C12,11,130,1.535,1.535,21.99,False,
19416,2025-03-28,1,T4,C14,11,130,0.266,0.266,21.99,False,
19417,2025-03-28,1,T4,C11,14,111,1.369,1.369,1.59,False,
19418,2025-03-28,1,T1,C11,21,104,0.676,0.676,1.99,False,
19419,2025-03-28,1,T4,C11,21,104,1.761,1.761,1.99,False,
19420,2025-03-28,1,T4,C15,18,101,2.678,2.678,1.49,False,
19421,2025-03-28,1,T2,C16,7,127,1.354,1.354,8.99,False,
19422,2025-03-28,1,T5,C13,7,127,0.92,0.92,8.99,False,
19423,2025-03-28,1,T4,C15,21,104,1.093,1.093,1.99,False,
19424,2025-03-28,1,T5,C13,8,159,0.441,0.441,12.99,False,
19425,2025-03-28,1,T2,C11,11,111,1.533,1.533,1.59,False,
19426,2025-03-28,1,T1,C11,11,110,0.891,0.891,1.29,False,
19427,2025-03-28,1,T3,C14,7,105,1.291,1.291,3.49,False,
19428,2025-03-28,1,T3,C15,10,130,0.715,0.715,21.99,False,
19429,2025-03-28,1,T4,C14,9,105,0.826,0.826,3.49,False,
19430,2025-03-28,1,T1,C15,12,106,1.82,1.82,3.99,False,
19431,2025-03-28,1,T4,C15,8,111,1.192,1.192,1.59,False,
19432,2025-03-28,1,T2,C13,15,106,0.877,0.877,3.99,False,
19433,2025-03-28,1,T1,C13,13,128,1.305,1.305,10.99,False,
19434,2025-03-28,1,T3,C11,13,128,0.412,0.412,10.99,False,
19435,2025-03-28,1,T5,C11,8,111,1.111,1.111,1.59,False,
19436,2025-03-28,1,T4,C11,11,106,0.802,0.802,3.99,False,
19437,2025-03-28,1,T1,C16,20,159,0.741,0.741,12.99,False,
19438,2025-03-28,1,T4,C15,12,129,1.339,1.339,9.49,False,
19439,2025-03-28,1,T5,C14,16,104,0.881,0.881,1.99,False,
19440,2025-03-28,1,T1,C16,20,110,1.397,1.397,1.29,False,
19441,2025-03-28,1,T3,C14,13,106,0.502,0.502,3.99,False,
19442,2025-03-28,1,T1,C13,20,105,1.743,1.743,3.49,False,
19443,2025-03-28,1,T5,C15,12,106,0.62,0.62,3.99,False,
19444,2025-03-28,1,T5,C13,15,104,2.552,2.552,1.99,False,
19445,2025-03-28,1,T5,C14,21,159,0.794,0.794,12.99,False,
19446,2025-03-28,1,T1,C12,17,106,0.826,0.826,3.99,False,
19447,2025-03-28,1,T1,C14,9,111,0.387,0.387,1.59,False,
19448,2025-03-28,1,T4,C14,19,128,0.709,0.709,10.99,False,
19449,2025-03-28,1,T3,C16,8,101,1.278,1.278,1.49,False,
19450,2025-03-28,1,T5,C14,21,105,0.668,0.668,3.49,False,
19451,2025-03-28,1,T3,C13,8,104,0.507,0.507,1.99,False,
19452,2025-03-28,1,T3,C11,7,159,0.574,0.574,12.99,False,
19453,2025-03-28,1,T3,C11,8,159,2.104,2.104,12.99,False,
19454,2025-03-28,1,T4,C15,7,111,0.683,0.683,1.59,False,
19455,2025-03-28,1,T4,C15,13,130,0.448,0.448,21.99,False,
19456,2025-03-28,1,T1,C11,7,159,0.324,0.324,12.99,False,
19457,2025-03-28,1,T1,C16,13,110,0.622,0.622,1.29,False,
19458,2025-03-28,1,T3,C11,14,110,0.964,0.964,1.29,False,
19459,2025-03-28,1,T1,C11,20,130,1.363,1.363,21.99,False,
19460,2025-03-28,1,T1,C13,21,110,0.559,0.559,1.29,False,
19461,2025-03-28,1,T1,C14,9,104,0.544,0.544,1.99,False,
19462,2025-03-28,1,T1,C11,19,127,0.686,0.686,8.99,False,
19463,2025-03-28,1,T3,C14,15,110,3.253,3.253,1.29,False,
19464,2025-03-28,1,T1,C15,15,127,0.538,0.538,8.99,False,
19465,2025-03-28,1,T1,C14,17,128,1.439,1.439,10.99,False,
19466,2025-03-28,1,T5,C13,17,110,1.328,1.328,1.29,False,
19467,2025-03-28,1,T2,C14,19,159,1.6,1.6,12.99,False,
19468,2025-03-28,1,T3,C13,13,127,1.12,1.12,8.99,False,
19469,2025-03-28,1,T1,C16,11,101,0.714,0.714,1.49,False,
19470,2025-03-28,1,T5,C13,12,110,0.581,0.581,1.29,False,
19471,2025-03-28,1,T3,C13,8,101,0.382,0.382,1.49,False,
19472,2025-03-28,1,T2,C12,8,110,1.303,1.303,1.29,False,
19473,2025-03-28,1,T5,C12,21,104,2.084,2.084,1.99,False,
19474,2025-03-28,1,T3,C15,11,111,1.028,1.028,1.59,False,
19475,2025-03-28,1,T4,C15,8,127,0.723,0.723,8.99,False,
19476,2025-03-28,1,T2,C15,16,111,1.695,1.695,1.59,False,
19477,2025-03-28,1,T1,C15,14,129,1.713,1.713,9.49,False,
19478,2025-03-28,1,T5,C11,21,128,1.691,1.691,10.99,False,
19479,2025-03-28,1,T2,C16,14,110,1.537,1.537,1.29,False,
19480,2025-03-28,1,T2,C12,7,101,2.901,2.901,1.49,False,
19481,2025-03-28,1,T3,C11,12,101,0.617,0.617,1.49,False,
19482,2025-03-28,1,T4,C13,8,130,0.902,0.902,21.99,False,
19483,2025-03-28,1,T5,C13,19,130,0.618,0.618,21.99,False,
19484,2025-03-28,1,T5,C12,15,101,1.666,1.666,1.49,False,
19485,2025-03-28,1,T1,C11,16,110,2.413,2.413,1.29,False,
19486,2025-03-28,1,T5,C16,14,101,1.761,1.761,1.49,False,
19487,2025-03-28,1,T4,C12,16,128,0.205,0.205,10.99,False,
19488,2025-03-28,1,T3,C11,13,130,0.227,0.227,21.99,False,
19489,2025-03-28,1,T4,C14,10,106,0.576,0.576,3.99,False,
19490,2025-03-28,1,T3,C13,7,128,2.057,2.057,10.99,False,
19491,2025-03-28,1,T2,C15,9,106,0.422,0.422,3.99,False,
19492,2025-03-28,1,T5,C11,16,111,0.91,0.91,1.59,False,
19493,2025-03-28,1,T1,C13,17,128,1.199,1.199,10.99,False,
19494,2025-03-28,1,T5,C13,18,130,1.51,1.51,21.99,False,
19495,2025-03-28,1,T5,C12,21,101,1.57,1.57,1.49,False,
19496,2025-03-28,1,T3,C12,10,110,0.47,0.47,1.29,False,
19497,2025-03-28,1,T1,C13,17,111,0.907,0.907,1.59,False,
19498,2025-03-28,1,T5,C14,20,110,1.443,1.443,1.29,False,
19499,2025-03-28,1,T1,C12,17,104,0.603,0.603,1.99,False,
19500,2025-03-28,1,T5,C12,7,110,0.948,0.948,1.29,False,
19501,2025-03-28,1,T4,C16,20,111,0.658,0.658,1.59,False,
19502,2025-03-28,1,T3,C14,19,128,1.793,1.793,10.99,False,
19503,2025-03-28,1,T2,C16,18,128,1.081,1.081,10.99,False,
19504,2025-03-28,1,T3,C16,18,106,2.633,2.633,3.99,False,
19505,2025-03-28,1,T1,C14,11,110,2.41,2.41,1.29,False,
19506,2025-03-28,1,T4,C15,15,129,0.941,0.941,9.49,False,
19507,2025-03-28,1,T5,C15,7,159,0.686,0.686,12.99,False,
19508,2025-03-28,1,T3,C11,16,106,1.865,1.865,3.99,False,
19509,2025-03-28,1,T1,C12,9,111,0.947,0.947,1.59,False,
19510,2025-03-28,1,T2,C14,14,159,0.419,0.419,12.99,False,
19511,2025-03-28,1,T4,C15,21,110,0.4,0.4,1.29,False,
19512,2025-03-28,1,T2,C13,12,110,0.61,0.61,1.29,False,
19513,2025-03-28,1,T5,C16,8,110,0.355,0.355,1.29,False,
19514,2025-03-28,1,T4,C13,8,106,0.54,0.54,3.99,False,
19515,2025-03-28,1,T1,C16,14,129,1.413,1.413,9.49,False,
19516,2025-03-28,1,T4,C16,12,110,1.198,1.198,1.29,False,
19517,2025-03-28,1,T3,C14,13,111,0.564,0.564,1.59,False,
19518,2025-03-28,1,T3,C15,12,104,2.245,2.245,1.99,False,
19519,2025-03-28,1,T3,C13,21,110,0.259,0.259,1.29,False,
19520,2025-03-28,1,T4,C15,20,129,0.136,0.136,9.49,False,
19521,2025-03-28,1,T3,C15,8,128,1.369,1.369,10.99,False,
19522,2025-03-28,1,T1,C16,18,110,2.417,2.417,1.29,False,
20088,2025-03-29,1,T5,C12,20,105,1.853,1.853,3.49,False,
20089,2025-03-29,1,T5,C11,18,130,0.392,0.392,21.99,False,
20090,2025-03-29,1,T2,C12,15,110,0.576,0.576,1.29,False,
20091,2025-03-29,1,T2,C16,18,111,1.618,1.618,1.59,False,
20092,2025-03-29,1,T3,C14,17,106,0.833,0.833,3.99,False,
20093,2025-03-29,1,T3,C14,9,111,1.576,1.576,1.59,False,
20094,2025-03-29,1,T3,C13,9,130,1.667,1.667,21.99,False,
20095,2025-03-29,1,T2,C16,16,128,0.822,0.822,10.99,False,
20096,2025-03-29,1,T2,C13,8,130,0.632,0.632,21.99,False,
20097,2025-03-29,1,T2,C13,13,101,1.294,1.294,1.49,False,
20098,2025-03-29,1,T4,C16,21,106,0.652,0.652,3.99,False,
20099,2025-03-29,1,T4,C16,19,127,1.343,1.343,8.99,False,
20100,2025-03-29,1,T5,C13,18,130,0.615,0.615,21.99,False,
20101,2025-03-29,1,T2,C13,12,127,2.048,2.048,8.99,False,
20102,2025-03-29,1,T3,C12,15,128,0.61,0.61,10.99,False,
20103,2025-03-29,1,T4,C15,16,129,0.965,0.965,9.49,False,
20104,2025-03-29,1,T4,C11,16,159,0.452,0.452,12.99,False,
20105,2025-03-29,1,T2,C16,10,159,0.14,0.14,12.99,False,
20106,2025-03-29,1,T3,C13,10,110,2.112,2.112,1.29,False,
20107,2025-03-29,1,T5,C15,8,159,0.817,0.817,12.99,False,
20108,2025-03-29,1,T2,C14,11,106,1.147,1.147,3.99,False,
20109,2025-03-29,1,T4,C13,10,159,1.427,1.427,12.99,False,
20110,2025-03-29,1,T5,C12,13,130,0.641,0.641,21.99,False,
20111,2025-03-29,1,T4,C11,17,104,0.564,0.564,1.99,False,
20112,2025-03-29,1,T1,C15,17,104,1.802,1.802,1.99,False,
20113,2025-03-29,1,T1,C11,14,111,1.189,1.189,1.59,False,
20114,2025-03-29,1,T1,C14,9,129,1.017,1.017,9.49,False,
20115,2025-03-29,1,T5,C13,18,101,0.725,0.725,1.49,False,
20116,2025-03-29,1,T3,C15,10,106,2.015,2.015,3.99,False,
20117,2025-03-29,1,T1,C12,7,130,0.992,0.992,21.99,False,
20118,2025-03-29,1,T1,C12,14,129,0.986,0.986,9.49,False,
20119,2025-03-29,1,T2,C16,17,159,2.03,2.03,12.99,False,
20120,2025-03-29,1,T3,C13,18,159,0.565,0.565,12.99,False,
20121,2025-03-29,1,T1,C15,12,159,1.634,1.634,12.99,False,
20122,2025-03-29,1,T1,C15,7,127,0.226,0.226,8.99,False,
20123,2025-03-29,1,T5,C14,17,128,0.573,0.768,10.99,True,no_tare
20124,2025-03-29,1,T3,C11,7,106,1.196,1.196,3.99,False,
20125,2025-03-29,1,T3,C14,12,110,1.788,1.788,1.29,False,
20126,2025-03-29,1,T4,C16,20,111,1.399,1.399,1.59,True,wrong_plu
20127,2025-03-29,1,T1,C15,11,101,0.8,0.8,1.49,False,
20128,2025-03-29,1,T4,C14,15,127,0.876,0.876,8.99,False,
20129,2025-03-29,1,T1,C12,7,106,1.181,1.181,3.99,False,
20130,2025-03-29,1,T3,C12,9,129,0.288,0.288,9.49,False,
20131,2025-03-29,1,T4,C16,9,106,0.479,0.479,3.99,False,
20132,2025-03-29,1,T2,C16,10,111,0.475,0.475,1.59,False,
20133,2025-03-29,1,T1,C12,21,159,2.424,2.424,12.99,False,
20134,2025-03-29,1,T5,C16,15,127,1.076,1.076,8.99,False,
20135,2025-03-29,1,T3,C14,10,129,1.201,1.201,9.49,False,
20136,2025-03-29,1,T1,C11,12,104,2.064,2.064,1.99,False,
20137,2025-03-29,1,T1,C12,17,101,1.62,1.62,1.49,False,
20138,2025-03-29,1,T3,C12,9,159,0.561,0.561,12.99,False,
20139,2025-03-29,1,T3,C11,11,128,2.144,2.144,10.99,False,
20140,2025-03-29,1,T2,C13,15,130,1.063,1.063,21.99,False,
20141,2025-03-29,1,T1,C16,10,106,1.606,1.606,3.99,False,
20142,2025-03-29,1,T1,C12,16,111,0.996,0.996,1.59,False,
20143,2025-03-29,1,T3,C12,11,105,3.43,3.43,3.49,False,
20144,2025-03-29,1,T4,C15,8,106,0.754,0.754,3.99,False,
20145,2025-03-29,1,T4,C12,11,101,0.425,0.425,1.49,False,
20146,2025-03-29,1,T2,C15,18,127,0.833,0.833,8.99,False,
20147,2025-03-29,1,T3,C12,10,128,0.71,0.71,10.99,False,
20148,2025-03-29,1,T5,C12,13,106,0.683,0.683,3.99,False,
20149,2025-03-29,1,T1,C11,15,104,0.922,0.922,1.99,False,
20150,2025-03-29,1,T4,C12,18,105,0.815,0.815,3.49,False,
20151,2025-03-29,1,T5,C13,11,159,1.176,1.176,12.99,False,
20152,2025-03-29,1,T2,C13,20,127,1.14,1.14,8.99,False,
20153,2025-03-29,1,T4,C11,17,110,2.203,2.203,1.29,False,
20154,2025-03-29,1,T4,C15,16,111,0.927,0.927,1.59,False,
20155,2025-03-29,1,T3,C16,18,106,0.772,0.772,3.99,False,
20156,2025-03-29,1,T3,C15,14,130,1.407,1.407,21.99,False,
20157,2025-03-29,1,T4,C14,16,105,0.872,0.872,3.49,False,
20158,2025-03-29,1,T4,C12,17,111,0.619,0.619,1.59,False,
20159,2025-03-29,1,T2,C14,9,106,1.324,1.324,3.99,False,
20160,2025-03-29,1,T4,C13,18,104,1.51,1.51,1.99,False,
20161,2025-03-29,1,T1,C14,11,105,0.564,0.564,3.49,False,
20162,2025-03-29,1,T2,C14,10,129,1.238,1.238,9.49,False,
20163,2025-03-29,1,T1,C15,7,128,0.67,0.67,10.99,False,
20164,2025-03-29,1,T3,C14,12,130,2.946,2.946,21.99,False,
20165,2025-03-29,1,T2,C14,7,130,0.508,0.508,21.99,False,
20166,2025-03-29,1,T1,C11,19,110,0.368,0.368,1.29,False,
20167,2025-03-29,1,T2,C15,10,128,0.969,0.969,10.99,False,
20168,2025-03-29,1,T2,C11,8,129,0.366,0.366,9.49,False,
20169,2025-03-29,1,T1,C16,14,111,0.358,0.358,1.59,False,
20170,2025-03-29,1,T1,C16,8,129,0.845,0.845,9.49,False,
20171,2025-03-29,1,T5,C13,15,106,0.806,0.806,3.99,False,
20172,2025-03-29,1,T1,C13,8,106,1.814,1.814,3.99,False,
20173,2025-03-29,1,T2,C15,10,104,1.828,1.828,1.99,False,
20174,2025-03-29,1,T5,C11,20,129,0.574,0.574,9.49,False,
20175,2025-03-29,1,T2,C13,11,130,2.384,2.384,21.99,False,
20176,2025-03-29,1,T4,C16,15,127,1.365,1.365,8.99,False,
20177,2025-03-29,1,T2,C14,16,106,4.183,4.183,3.99,False,
20178,2025-03-29,1,T2,C14,17,129,1.25,1.25,9.49,False,
20179,2025-03-29,1,T3,C14,10,104,0.652,0.652,1.99,False,
20180,2025-03-29,1,T4,C11,11,106,1.863,1.863,3.99,False,
20181,2025-03-29,1,T5,C14,8,127,2.559,2.559,8.99,False,
20182,2025-03-29,1,T2,C16,21,104,1.013,1.013,1.99,False,
20183,2025-03-29,1,T5,C12,16,110,1.735,1.735,1.29,False,
20184,2025-03-29,1,T3,C13,8,130,0.657,0.657,21.99,False,
20185,2025-03-29,1,T1,C15,18,104,0.695,0.695,1.99,False,
20186,2025-03-29,1,T1,C16,21,105,1.043,1.043,3.49,True,wrong_plu
20187,2025-03-29,1,T3,C11,8,101,1.086,1.086,1.49,False,
20188,2025-03-29,1,T2,C15,21,101,0.943,0.943,1.49,False,
20189,2025-03-29,1,T4,C11,8,104,0.707,0.707,1.99,False,
20190,2025-03-29,1,T5,C12,9,159,0.417,0.417,12.99,False,
20191,2025-03-29,1,T3,C12,17,110,2.39,2.39,1.29,False,
20192,2025-03-29,1,T4,C11,15,106,0.78,0.78,3.99,False,
20193,2025-03-29,1,T5,C12,19,130,0.838,0.838,21.99,False,
20194,2025-03-29,1,T3,C12,21,106,2.69,2.69,3.99,False,
20195,2025-03-29,1,T1,C12,7,111,1.986,1.986,1.59,False,
20196,2025-03-29,1,T3,C13,15,127,3.005,3.005,8.99,False,
20197,2025-03-29,1,T1,C12,8,110,0.992,0.992,1.29,False,
20198,2025-03-29,1,T3,C14,8,101,0.394,0.394,1.49,False,
20199,2025-03-29,1,T5,C16,13,159,1.022,1.022,12.99,False,
20200,2025-03-29,1,T4,C11,13,104,1.595,1.595,1.99,False,
20201,2025-03-29,1,T2,C15,18,110,0.548,0.548,1.29,False,
20202,2025-03-29,1,T3,C12,13,106,0.939,0.939,3.99,False,
20203,2025-03-29,1,T3,C11,21,110,1.318,1.318,1.29,False,
20204,2025-03-29,1,T5,C13,9,127,0.963,0.963,8.99,False,
20205,2025-03-29,1,T2,C16,9,110,2.118,2.118,1.29,False,
20206,2025-03-29,1,T2,C15,12,111,0.245,0.245,1.59,False,
20207,2025-03-29,1,T1,C14,21,101,4.509,4.509,1.49,False,
20208,2025-03-29,1,T2,C15,16,129,1.526,1.526,9.49,False,
20209,2025-03-29,1,T4,C14,19,106,0.718,0.718,3.99,False,
20210,2025-03-29,1,T2,C14,7,105,1.192,1.192,3.49,False,
20211,2025-03-29,1,T4,C16,10,110,1.506,1.506,1.29,False,
20212,2025-03-29,1,T2,C13,12,127,2.625,2.625,8.99,False,
20213,2025-03-29,1,T5,C11,21,111,0.647,0.647,1.59,False,
20214,2025-03-29,1,T5,C16,10,130,1.634,1.634,21.99,False,
20215,2025-03-29,1,T2,C14,9,104,0.636,0.636,1.99,False,
20216,2025-03-29,1,T4,C11,12,159,0.371,0.371,12.99,False,
20217,2025-03-29,1,T2,C13,15,130,1.076,1.076,21.99,False,
20218,2025-03-29,1,T1,C11,13,106,1.462,1.462,3.99,False,
20219,2025-03-29,1,T1,C14,9,111,2.118,2.118,1.59,False,
20220,2025-03-29,1,T5,C13,9,128,2.724,2.724,10.99,False,
20221,2025-03-29,1,T5,C16,13,128,1.332,1.332,10.99,False,
20222,2025-03-29,1,T5,C14,19,130,1.123,1.123,21.99,False,
20223,2025-03-29,1,T2,C11,15,129,0.414,0.414,9.49,False,
20224,2025-03-29,1,T4,C11,20,130,1.574,1.574,21.99,False,
20225,2025-03-29,1,T2,C12,18,101,0.59,0.59,1.49,False,
20226,2025-03-29,1,T3,C11,8,105,0.455,0.455,3.49,False,
20227,2025-03-29,1,T3,C14,11,130,1.268,1.268,21.99,False,
20228,2025-03-29,1,T4,C14,15,127,1.27,1.27,8.99,False,
20229,2025-03-29,1,T2,C13,8,110,0.914,0.914,1.29,False,
20230,2025-03-29,1,T2,C15,19,130,1.923,1.923,21.99,False,
20231,2025-03-29,1,T1,C12,7,128,3.714,3.714,10.99,False,
20232,2025-03-29,1,T4,C11,20,129,1.816,1.816,9.49,False,
20233,2025-03-29,1,T5,C13,9,106,0.263,0.263,3.99,False,
20234,2025-03-29,1,T1,C11,16,128,1.642,1.642,10.99,False,
20235,2025-03-29,1,T3,C11,8,127,1.24,1.373,8.99,True,no_tare
20236,2025-03-29,1,T3,C11,19,104,0.636,0.636,1.99,False,
20237,2025-03-29,1,T5,C16,15,159,0.481,0.481,12.99,False,
20238,2025-03-29,1,T4,C13,13,104,0.424,0.424,1.99,False,
20239,2025-03-29,1,T5,C11,8,110,0.449,0.449,1.29,False,
20240,2025-03-29,1,T4,C16,7,104,0.656,0.656,1.99,False,
20241,2025-03-29,1,T5,C14,10,110,2.019,2.019,1.29,False,
20242,2025-03-29,1,T3,C15,17,101,1.562,1.562,1.49,False,
20243,2025-03-29,1,T4,C12,8,101,0.342,0.342,1.49,False,
20244,2025-03-29,1,T2,C14,14,105,1.853,1.853,3.49,False,
20245,2025-03-29,1,T4,C11,15,106,1.351,1.351,3.99,False,
20246,2025-03-29,1,T4,C12,9,159,1.744,1.744,12.99,False,
20247,2025-03-29,1,T5,C16,13,110,1.601,1.601,1.29,False,
20248,2025-03-29,1,T1,C16,14,105,2.574,2.574,3.49,False,
20249,2025-03-29,1,T2,C13,21,159,1.292,1.292,12.99,False,
20250,2025-03-29,1,T2,C11,14,105,1.134,1.134,3.49,False,
20251,2025-03-29,1,T5,C11,20,127,2.024,2.024,8.99,False,
20252,2025-03-29,1,T1,C15,9,159,0.674,0.674,12.99,False,
20253,2025-03-29,1,T2,C16,17,159,0.715,0.715,12.99,False,
20254,2025-03-29,1,T2,C14,20,104,1.288,1.288,1.99,False,
20255,2025-03-29,1,T1,C12,17,105,1.502,1.502,3.49,False,
20256,2025-03-29,1,T1,C14,12,101,0.393,0.393,1.49,False,
20257,2025-03-29,1,T3,C15,18,104,1.79,1.79,1.99,False,
20258,2025-03-29,1,T1,C12,7,128,1.376,1.376,10.99,False,
20259,2025-03-29,1,T2,C12,17,110,1.621,1.621,1.29,False,
20260,2025-03-29,1,T3,C14,18,159,0.505,0.505,12.99,False,
20261,2025-03-29,1,T2,C15,18,111,0.505,0.505,1.59,False,
20262,2025-03-29,1,T3,C13,9,104,1.097,1.097,1.99,False,
20263,2025-03-29,1,T2,C15,21,101,1.932,1.932,1.49,False,
20264,2025-03-29,1,T4,C12,8,130,0.999,0.999,21.99,False,
20265,2025-03-29,1,T2,C13,21,129,0.563,0.563,9.49,False,
20266,2025-03-29,1,T1,C12,15,106,0.521,0.521,3.99,False,
20267,2025-03-29,1,T1,C14,21,127,1.13,1.13,8.99,False,
20268,2025-03-29,1,T1,C14,15,101,1.118,1.118,1.49,False,
20269,2025-03-29,1,T1,C14,20,127,1.111,1.111,8.99,False,
20270,2025-03-29,1,T3,C11,19,111,1.409,1.409,1.59,False,
20271,2025-03-29,1,T2,C14,18,105,2.784,2.784,3.49,False,
20272,2025-03-29,1,T3,C16,14,106,1.483,1.483,3.99,False,
20273,2025-03-29,1,T3,C14,10,111,0.84,0.84,1.59,False,
20274,2025-03-29,1,T5,C14,12,104,2.396,2.396,1.99,False,
20275,2025-03-29,1,T4,C16,12,105,2.495,2.495,3.49,False,
20799,2025-03-30,1,T5,C11,17,111,2.036,2.036,1.59,False,
20800,2025-03-30,1,T4,C14,15,106,1.151,1.151,3.99,False,
20801,2025-03-30,1,T5,C15,11,130,1.708,1.708,21.99,False,
20802,2025-03-30,1,T5,C12,18,105,0.86,0.86,3.49,False,
20803,2025-03-30,1,T4,C11,9,159,2.051,2.051,12.99,False,
20804,2025-03-30,1,T1,C16,8,127,0.44,0.44,8.99,False,
20805,2025-03-30,1,T5,C16,15,128,2.372,2.372,10.99,False,
20806,2025-03-30,1,T4,C11,14,110,0.485,0.485,1.29,False,
20807,2025-03-30,1,T3,C11,21,106,0.212,0.212,3.99,False,
20808,2025-03-30,1,T4,C11,10,106,0.536,0.536,3.99,False,
20809,2025-03-30,1,T2,C11,13,130,0.401,0.401,21.99,False,
20810,2025-03-30,1,T1,C15,11,101,0.814,0.814,1.49,False,
20811,2025-03-30,1,T1,C11,21,110,1.204,1.204,1.29,False,
20812,2025-03-30,1,T2,C14,20,101,1.562,1.562,1.49,False,
20813,2025-03-30,1,T1,C15,10,105,0.649,0.649,3.49,False,
20814,2025-03-30,1,T2,C14,16,111,1.755,1.755,1.59,False,
20815,2025-03-30,1,T4,C15,15,104,2.018,2.018,1.99,False,
20816,2025-03-30,1,T2,C15,10,130,1.146,1.146,21.99,False,
20817,2025-03-30,1,T5,C12,19,106,0.976,0.976,3.99,False,
20818,2025-03-30,1,T3,C11,15,110,0.861,0.861,1.29,False,
20819,2025-03-30,1,T1,C14,14,127,1.578,1.578,8.99,False,
20820,2025-03-30,1,T3,C15,7,159,1.136,1.136,12.99,False,
20821,2025-03-30,1,T4,C14,16,101,0.191,0.191,1.49,False,
20822,2025-03-30,1,T2,C12,20,159,1.148,1.148,12.99,False,
20823,2025-03-30,1,T3,C14,12,129,1.915,1.915,9.49,False,
20824,2025-03-30,1,T5,C16,8,106,0.321,0.321,3.99,False,
20825,2025-03-30,1,T2,C15,12,111,1.301,1.301,1.59,False,
20826,2025-03-30,1,T2,C12,12,101,0.992,0.992,1.49,False,
20827,2025-03-30,1,T1,C16,21,129,1.185,1.185,9.49,False,
20828,2025-03-30,1,T2,C15,11,159,0.821,1.013,12.99,True,no_tare
20829,2025-03-30,1,T2,C13,14,129,0.921,0.921,9.49,False,
20830,2025-03-30,1,T5,C16,14,128,0.685,0.685,10.99,False,
20831,2025-03-30,1,T1,C16,8,110,1.401,1.401,1.29,False,
20832,2025-03-30,1,T2,C11,20,105,2.654,2.654,3.49,False,
20833,2025-03-30,1,T1,C11,18,130,0.49,0.49,21.99,False,
20834,2025-03-30,1,T2,C13,11,110,0.979,0.979,1.29,False,
20835,2025-03-30,1,T4,C15,12,111,1.774,1.774,1.59,False,
20836,2025-03-30,1,T4,C12,17,104,1.738,1.738,1.99,False,
20837,2025-03-30,1,T4,C14,16,127,0.249,0.249,8.99,False,
20838,2025-03-30,1,T5,C16,15,105,0.704,0.704,3.49,False,
20839,2025-03-30,1,T2,C12,16,129,1.016,1.016,9.49,False,
20840,2025-03-30,1,T1,C16,7,105,0.59,0.59,3.49,False,
20841,2025-03-30,1,T4,C11,20,101,2.655,2.655,1.49,False,
20842,2025-03-30,1,T4,C11,11,106,1.806,1.806,3.99,False,
20843,2025-03-30,1,T2,C15,12,104,0.996,0.996,1.99,False,
20844,2025-03-30,1,T5,C12,17,101,1.433,1.433,1.49,False,
20845,2025-03-30,1,T4,C14,20,127,0.948,0.948,8.99,False,
20846,2025-03-30,1,T3,C12,19,105,1.005,1.005,3.49,False,
20847,2025-03-30,1,T2,C13,9,128,1.443,1.443,10.99,False,
20848,2025-03-30,1,T1,C15,16,111,1.333,1.333,1.59,False,
20849,2025-03-30,1,T4,C13,9,128,0.674,0.674,10.99,False,
20850,2025-03-30,1,T5,C15,20,101,1.227,1.227,1.49,False,
20851,2025-03-30,1,T5,C13,9,111,1.86,1.86,1.59,False,
20852,2025-03-30,1,T4,C11,21,127,0.642,0.642,8.99,False,
20853,2025-03-30,1,T2,C14,11,159,1.579,1.579,12.99,False,
20854,2025-03-30,1,T4,C13,19,128,0.907,0.907,10.99,False,
20855,2025-03-30,1,T4,C14,17,104,0.344,0.344,1.99,False,
20856,2025-03-30,1,T2,C12,14,127,1.897,1.897,8.99,False,
20857,2025-03-30,1,T5,C11,21,128,0.745,0.745,10.99,False,
20858,2025-03-30,1,T1,C16,13,110,0.677,0.677,1.29,False,
20859,2025-03-30,1,T1,C15,11,128,1.024,1.024,10.99,False,
20860,2025-03-30,1,T1,C11,19,106,0.782,0.782,3.99,False,
20861,2025-03-30,1,T5,C15,7,110,0.885,0.885,1.29,False,
20862,2025-03-30,1,T4,C16,12,105,0.877,0.877,3.49,False,
20863,2025-03-30,1,T4,C16,21,104,0.879,0.879,1.99,False,
20864,2025-03-30,1,T2,C14,14,127,1.411,1.411,8.99,False,
20865,2025-03-30,1,T4,C11,16,127,1.375,1.375,8.99,False,
20866,2025-03-30,1,T5,C13,7,130,1.825,1.825,21.99,False,
20867,2025-03-30,1,T3,C14,12,110,1.187,1.187,1.29,False,
20868,2025-03-30,1,T3,C12,12,111,0.889,0.889,1.59,False,
20869,2025-03-30,1,T1,C14,18,111,2.317,2.317,1.59,False,
20870,2025-03-30,1,T5,C13,16,111,1.525,1.525,1.59,False,
20871,2025-03-30,1,T4,C15,16,130,2.069,2.069,21.99,False,
20872,2025-03-30,1,T4,C15,7,110,0.87,0.87,1.29,False,
20873,2025-03-30,1,T5,C15,9,130,0.661,0.661,21.99,False,
20874,2025-03-30,1,T5,C15,18,110,0.246,0.246,1.29,False,
20875,2025-03-30,1,T2,C16,15,105,1.236,1.236,3.49,False,
20876,2025-03-30,1,T4,C16,14,128,0.424,0.424,10.99,False,
20877,2025-03-30,1,T2,C14,10,106,1.339,1.339,3.99,False,
20878,2025-03-30,1,T5,C16,14,110,2.353,2.353,1.29,False,
20879,2025-03-30,1,T1,C13,12,128,1.589,1.589,10.99,False,
20880,2025-03-30,1,T4,C15,20,101,2.236,2.236,1.49,False,
20881,2025-03-30,1,T2,C15,15,130,0.627,0.627,21.99,False,
20882,2025-03-30,1,T1,C11,18,111,0.721,0.721,1.59,False,
20883,2025-03-30,1,T5,C13,13,129,1.173,1.173,9.49,False,
20884,2025-03-30,1,T1,C15,21,159,0.63,0.63,12.99,False,
20885,2025-03-30,1,T1,C15,16,101,3.397,3.397,1.49,False,
20886,2025-03-30,1,T3,C13,7,127,0.515,0.515,8.99,False,
20887,2025-03-30,1,T2,C12,16,111,0.932,0.932,1.59,False,
20888,2025-03-30,1,T1,C13,7,130,0.496,0.496,21.99,False,
20889,2025-03-30,1,T2,C15,10,111,2.202,2.202,1.59,False,
20890,2025-03-30,1,T1,C14,21,130,2.322,2.322,21.99,False,
20891,2025-03-30,1,T5,C11,15,129,2.215,2.215,9.49,False,
20892,2025-03-30,1,T5,C13,20,106,0.763,0.763,3.99,False,
20893,2025-03-30,1,T2,C13,21,111,1.768,1.768,1.59,False,
20894,2025-03-30,1,T4,C16,18,128,0.544,0.544,10.99,False,
20895,2025-03-30,1,T4,C12,20,104,0.901,0.901,1.99,False,
20896,2025-03-30,1,T2,C16,14,128,0.322,0.322,10.99,False,
20897,2025-03-30,1,T4,C16,14,128,0.848,0.848,10.99,False,
20898,2025-03-30,1,T5,C16,10,106,1.053,1.053,3.99,False,
20899,2025-03-30,1,T4,C16,15,106,0.732,0.732,3.99,False,
20900,2025-03-30,1,T1,C15,19,159,2.013,2.013,12.99,False,
20901,2025-03-30,1,T4,C11,16,128,1.774,1.774,10.99,False,
20902,2025-03-30,1,T3,C14,15,104,0.778,0.778,1.99,False,
20903,2025-03-30,1,T4,C15,17,159,0.858,0.858,12.99,False,
20904,2025-03-30,1,T3,C16,18,159,0.717,0.717,12.99,False,
20905,2025-03-30,1,T5,C12,12,105,0.956,0.956,3.49,False,
20906,2025-03-30,1,T4,C16,9,130,1.405,1.405,21.99,False,
20907,2025-03-30,1,T4,C15,16,101,0.653,0.653,1.49,False,
20908,2025-03-30,1,T1,C13,8,129,1.466,1.466,9.49,False,
20909,2025-03-30,1,T2,C13,15,129,1.759,1.759,9.49,False,
20910,2025-03-30,1,T5,C15,13,127,0.658,0.658,8.99,False,
20911,2025-03-30,1,T2,C13,13,159,0.087,0.087,12.99,False,
20912,2025-03-30,1,T4,C12,13,105,0.923,0.923,3.49,False,
20913,2025-03-30,1,T2,C16,20,127,1.178,1.178,8.99,False,
20914,2025-03-30,1,T2,C14,19,130,1.437,1.437,21.99,False,
20915,2025-03-30,1,T3,C16,9,130,0.275,0.275,21.99,False,
20916,2025-03-30,1,T5,C15,17,130,1.039,1.039,21.99,False,
20917,2025-03-30,1,T5,C13,8,159,0.808,0.808,12.99,False,
20918,2025-03-30,1,T4,C12,19,105,0.483,0.483,3.49,False,
20919,2025-03-30,1,T4,C16,12,159,1.751,1.751,12.99,False,
20920,2025-03-30,1,T5,C12,9,105,1.453,1.453,3.49,False,
20921,2025-03-30,1,T4,C11,14,105,0.472,0.472,3.49,False,
20922,2025-03-30,1,T2,C11,11,105,1.081,1.081,3.49,False,
20923,2025-03-30,1,T2,C11,13,101,1.223,1.223,1.49,False,
20924,2025-03-30,1,T1,C11,18,106,0.408,0.408,3.99,False,
20925,2025-03-30,1,T2,C13,15,101,0.472,0.472,1.49,False,
20926,2025-03-30,1,T4,C11,18,106,0.367,0.367,3.99,False,
20927,2025-03-30,1,T3,C14,11,129,0.864,0.864,9.49,False,
20928,2025-03-30,1,T5,C14,13,127,0.401,0.401,8.99,False,
20929,2025-03-30,1,T1,C14,20,106,2.043,2.043,3.99,True,wrong_plu
20930,2025-03-30,1,T3,C12,8,101,1.914,1.914,1.49,False,
20931,2025-03-30,1,T5,C12,14,111,1.408,1.408,1.59,False,
20932,2025-03-30,1,T4,C16,20,111,1.097,1.097,1.59,False,
20933,2025-03-30,1,T3,C14,19,104,0.175,0.175,1.99,False,
20934,2025-03-30,1,T1,C13,15,104,3.033,3.033,1.99,False,
20935,2025-03-30,1,T4,C11,11,105,1.165,1.165,3.49,False,
20936,2025-03-30,1,T4,C12,12,104,0.652,0.652,1.99,False,
20937,2025-03-30,1,T4,C12,11,106,0.691,0.691,3.99,False,
20938,2025-03-30,1,T1,C16,9,159,0.615,0.615,12.99,False,
20939,2025-03-30,1,T1,C14,8,159,1.637,1.637,12.99,False,
20940,2025-03-30,1,T1,C13,9,130,0.352,0.352,21.99,False,
20941,2025-03-30,1,T4,C13,17,130,1.427,1.427,21.99,False,
20942,2025-03-30,1,T3,C11,16,128,0.575,0.575,10.99,False,
20943,2025-03-30,1,T3,C12,18,101,1.33,1.33,1.49,False,
20944,2025-03-30,1,T4,C11,19,130,2.255,2.255,21.99,False,
20945,2025-03-30,1,T1,C11,21,159,1.603,1.603,12.99,False,
20946,2025-03-30,1,T4,C11,10,127,2.726,2.726,8.99,False,
20947,2025-03-30,1,T3,C11,11,128,1.817,1.817,10.99,False,
20948,2025-03-30,1,T5,C12,14,110,3.022,3.022,1.29,False,
20949,2025-03-30,1,T4,C16,14,129,2.067,2.067,9.49,False,
20950,2025-03-30,1,T3,C12,13,111,0.291,0.291,1.59,False,
20951,2025-03-30,1,T4,C16,17,130,0.863,0.863,21.99,False,
20952,2025-03-30,1,T1,C11,9,105,1.264,1.264,3.49,False,
20953,2025-03-30,1,T5,C13,18,106,0.334,0.334,3.99,False,
20954,2025-03-30,1,T5,C11,21,110,1.27,1.27,1.29,False,
20955,2025-03-30,1,T5,C14,18,127,1.373,1.373,8.99,False,
20956,2025-03-30,1,T4,C12,8,106,1.487,1.487,3.99,False,
20957,2025-03-30,1,T2,C13,19,104,0.612,0.612,1.99,False,
20958,2025-03-30,1,T1,C14,16,130,2.472,2.472,21.99,False,
20959,2025-03-30,1,T1,C12,12,111,0.286,0.286,1.59,False,
20960,2025-03-30,1,T5,C13,10,106,0.781,0.781,3.99,False,
20961,2025-03-30,1,T5,C12,7,127,1.731,1.731,8.99,False,
20962,2025-03-30,1,T3,C16,9,106,0.726,0.726,3.99,False,
20963,2025-03-30,1,T2,C16,16,128,1.805,1.805,10.99,False,
20964,2025-03-30,1,T4,C12,16,105,1.335,1.335,3.49,False,
20965,2025-03-30,1,T4,C11,8,106,0.694,0.694,3.99,False,
20966,2025-03-30,1,T3,C11,14,159,0.697,0.697,12.99,False,
20967,2025-03-30,1,T5,C14,11,105,1.131,1.131,3.49,False,
20968,2025-03-30,1,T5,C14,12,129,1.071,1.071,9.49,False,
20969,2025-03-30,1,T4,C13,12,104,1.301,1.301,1.99,False,
20970,2025-03-30,1,T5,C14,16,106,1.089,1.089,3.99,False,
20971,2025-03-30,1,T1,C12,15,159,1.75,1.75,12.99,False,
20972,2025-03-30,1,T1,C16,16,127,0.58,0.58,8.99,False,
20973,2025-03-30,1,T4,C13,21,111,1.759,1.759,1.59,False,
20974,2025-03-30,1,T4,C13,13,128,0.908,0.908,10.99,False,
20975,2025-03-30,1,T5,C13,11,104,2.462,2.462,1.99,False,
20976,2025-03-30,1,T4,C14,11,110,0.525,0.525,1.29,False,
20977,2025-03-30,1,T5,C14,7,105,0.72,0.72,3.49,False,
20978,2025-03-30,1,T4,C11,12,101,0.846,0.846,1.49,False,
20979,2025-03-30,1,T3,C13,11,159,0.993,0.993,12.99,False,
20980,2025-03-30,1,T4,C12,20,104,1.186,1.186,1.99,False,
20981,2025-03-30,1,T5,C13,17,105,0.555,0.555,3.49,False,
20982,2025-03-30,1,T3,C11,21,101,0.183,0.183,1.49,False,
20983,2025-03-30,1,T1,C14,8,106,1.676,1.676,3.99,False,
20984,2025-03-30,1,T1,C15,19,110,0.619,0.619,1.29,False,
20985,2025-03-30,1,T2,C14,11,127,1.831,1.831,8.99,False,
20986,2025-03-30,1,T1,C12,10,129,0.594,0.594,9.49,False,
20987,2025-03-30,1,T1,C16,13,127,2.4,2.4,8.99,False,
20988,2025-03-30,1,T1,C16,10,130,1.2,1.2,21.99,False,
20989,2025-03-30,1,T1,C16,7,104,2.402,2.402,1.99,False,
20990,2025-03-30,1,T2,C12,14,110,0.548,0.548,1.29,False,
20991,2025-03-30,1,T3,C14,18,104,1.54,1.54,1.99,False,
20992,2025-03-30,1,T1,C11,7,104,0.64,0.64,1.99,False,
20993,2025-03-30,1,T1,C13,21,128,0.912,0.912,10.99,False,
20994,2025-03-30,1,T3,C16,10,127,1.961,1.961,8.99,False,
