event_id,store_id,product_id,quantity,unit,unit_price,promo,event_time,terminal_id,ingested_at
2-20250602-01295,2,128,0.584,kg,10.99,False,2025-06-02 11:02:33.822808798+00:00,T1,2025-06-02 11:02:33.864733074+00:00
1-20250602-00000,1,107,1.0,count,1.89,False,2025-06-02 11:03:26.083512239+00:00,T2,2025-06-02 11:03:26.452479273+00:00
1-20250602-00001,1,101,0.387,kg,1.49,False,2025-06-02 11:05:09.656292421+00:00,T3,2025-06-02 11:05:10.434086984+00:00
3-20250602-02366,3,109,3.0,count,1.99,False,2025-06-02 11:05:47.404023636+00:00,T3,2025-06-02 11:05:47.517322621+00:00
1-20250602-00002,1,154,0.839,liter,3.99,False,2025-06-02 11:06:03.950083148+00:00,T5,2025-06-02 11:06:04.961164524+00:00
1-20250602-00003,1,112,2.0,count,3.99,False,2025-06-02 11:07:06.662526519+00:00,T2,2025-06-02 11:07:06.745708898+00:00
1-20250602-00004,1,116,2.0,count,2.49,False,2025-06-02 11:07:32.970513223+00:00,T5,2025-06-02 11:07:36.856517601+00:00
1-20250602-00005,1,141,3.0,count,5.99,False,2025-06-02 11:10:52.007736643+00:00,T1,2025-06-02 11:10:53.428360580+00:00
1-20250602-00006,1,150,1.0,count,8.99,False,2025-06-02 11:11:18.738906148+00:00,T4,2025-06-02 11:11:18.936338783+00:00
3-20250602-02367,3,138,2.0,count,1.49,False,2025-06-02 11:13:31.190897220+00:00,T1,2025-06-02 11:13:31.784401346+00:00
1-20250602-00007,1,102,1.0,count,0.79,False,2025-06-02 11:14:29.648827318+00:00,T4,2025-06-02 11:14:32.170911667+00:00
2-20250602-01296,2,118,1.0,count,3.29,False,2025-06-02 11:16:16.374655736+00:00,T3,2025-06-02 11:16:24.335134738+00:00
2-20250602-01297,2,140,2.0,count,2.79,False,2025-06-02 11:16:40.473853436+00:00,T2,2025-06-02 11:16:40.848794983+00:00
2-20250602-01298,2,124,1.0,count,3.49,False,2025-06-02 11:18:17.077423400+00:00,T1,2025-06-02 11:18:18.224850888+00:00
1-20250602-00008,1,113,2.0,count,0.55,True,2025-06-02 11:18:18.233117297+00:00,T1,2025-06-02 11:18:19.097932745+00:00
2-20250602-01299,2,147,2.0,count,5.99,False,2025-06-02 15:18:48.117377929+00:00,T4,2025-06-02 11:18:48.374637876+00:00
2-20250602-01300,2,110,0.165,kg,1.29,False,2025-06-02 15:20:09.270179690+00:00,T4,2025-06-02 11:20:13.350868063+00:00
2-20250602-01301,2,109,2.0,count,1.99,False,2025-06-02 11:20:20.586076376+00:00,T1,2025-06-02 11:20:21.736724334+00:00
3-20250602-02368,3,102,1.0,count,0.79,False,2025-06-02 11:20:27.565266102+00:00,T1,2025-06-02 11:20:30.093365796+00:00
3-20250602-02369,3,123,2.0,count,2.99,False,2025-06-02 11:21:11.970614010+00:00,T3,2025-06-02 11:21:12.703406047+00:00
3-20250602-02370,3,121,1.0,count,4.99,False,2025-06-02 11:21:19.511005989+00:00,T3,2025-06-02 11:21:21.218613689+00:00
2-20250602-01302,2,111,1.385,kg,1.59,False,2025-06-02 11:23:38.873981072+00:00,T5,2025-06-02 11:23:42.512032271+00:00
2-20250602-01303,2,118,2.0,count,3.29,False,2025-06-02 11:24:45.512144434+00:00,T3,2025-06-02 11:24:47.324911095+00:00
1-20250602-00009,1,151,1.0,count,9.99,False,2025-06-02 11:25:38.216868227+00:00,T2,2025-06-02 11:25:40.536996074+00:00
1-20250602-00010,1,109,1.0,count,1.99,False,2025-06-02 11:25:39.619527109+00:00,T3,2025-06-02 11:25:41.002626406+00:00
3-20250602-02371,3,147,1.0,count,5.99,False,2025-06-02 11:27:15.110519729+00:00,T3,2025-06-02 11:27:15.297198580+00:00
3-20250602-02372,3,142,1.0,count,3.49,False,2025-06-02 11:27:40.083978790+00:00,T2,2025-06-02 11:27:42.327811746+00:00
3-20250602-02373,3,134,3.0,count,6.99,False,2025-06-02 11:28:42.288592194+00:00,T4,2025-06-02 11:28:48.566080421+00:00
3-20250602-02374,3,155,0.07,liter,3.49,False,2025-06-02 11:28:53.626803640+00:00,T1,2025-06-02 11:28:53.666286380+00:00
2-20250602-01304,2,110,1.074,kg,1.29,False,2025-06-02 11:29:56.121839088+00:00,T2,2025-06-02 11:29:57.556381136+00:00
2-20250602-01305,2,139,1.0,count,2.99,False,2025-06-02 11:31:35.215278140+00:00,T3,2025-06-02 11:31:36.318364519+00:00
1-20250602-00011,1,150,1.0,count,8.99,False,2025-06-02 11:31:40.006773406+00:00,T4,2025-06-02 11:31:42.152602962+00:00
2-20250602-01306,2,113,1.0,count,0.55,True,2025-06-02 11:31:51.406672167+00:00,T2,2025-06-02 11:31:55.358737965+00:00
1-20250602-00012,1,131,1.0,count,9.99,False,2025-06-02 11:33:30.387520718+00:00,T1,2025-06-02 11:33:31.711655774+00:00
3-20250602-02375,3,101,1.473,kg,1.49,False,2025-06-02 11:33:32.779048323+00:00,T2,2025-06-02 11:33:41.852294536+00:00
1-20250602-00013,1,115,3.0,count,3.49,False,2025-06-02 11:34:26.562468531+00:00,T1,2025-06-02 11:34:28.968641529+00:00
2-20250602-01307,2,116,3.0,count,2.49,False,2025-06-02 11:35:56.873748151+00:00,T5,2025-06-02 11:35:57.258465548+00:00
3-20250602-02376,3,114,1.0,count,5.99,False,2025-06-02 11:39:18.230367336+00:00,T4,2025-06-02 11:39:18.412000752+00:00
1-20250602-00014,1,146,1.0,count,4.99,False,2025-06-02 11:41:34.870864899+00:00,T1,2025-06-02 11:41:35.228751813+00:00
2-20250602-01308,2,102,3.0,count,0.79,False,2025-06-02 11:43:16.179930789+00:00,T2,2025-06-02 11:43:19.692841413+00:00
1-20250602-00015,1,127,0.968,kg,8.99,False,2025-06-02 11:43:57.168140902+00:00,T4,2025-06-02 11:43:58.711372027+00:00
3-20250602-02377,3,121,2.0,count,4.99,False,2025-06-02 11:44:32.790970878+00:00,T2,2025-06-02 11:44:33.067541470+00:00
1-20250602-00016,1,140,2.0,count,2.79,False,2025-06-02 11:46:27.774909956+00:00,T5,2025-06-02 11:46:28.283162478+00:00
2-20250602-01309,2,136,1.0,count,8.99,False,2025-06-02 11:46:48.173392491+00:00,T1,2025-06-02 11:46:48.872055916+00:00
1-20250602-00017,1,107,2.0,count,1.89,False,2025-06-02 11:47:48.397370256+00:00,T1,2025-06-02 11:47:48.517943851+00:00
2-20250602-01310,2,111,1.066,kg,1.59,False,2025-06-02 11:48:28.645321515+00:00,T1,2025-06-02 11:48:31.607792445+00:00
1-20250602-00018,1,160,1.0,count,3.99,False,2025-06-02 11:49:09.569648294+00:00,T3,2025-06-02 11:49:10.300948507+00:00
2-20250602-01311,2,115,2.0,count,3.49,False,2025-06-02 11:50:46.076827325+00:00,T2,2025-06-02 11:50:50.516112466+00:00
1-20250602-00019,1,144,1.0,count,4.29,False,2025-06-02 11:51:04.800448810+00:00,T3,2025-06-02 11:51:08.831980117+00:00
1-20250602-00020,1,113,1.0,count,0.55,True,2025-06-02 11:52:11.554622415+00:00,T5,2025-06-02 11:52:12.127953112+00:00
1-20250602-00021,1,125,1.0,count,3.99,False,2025-06-02 11:52:41.818957715+00:00,T2,2025-06-02 11:52:45.247478178+00:00
2-20250602-01312,2,114,1.0,count,5.99,False,2025-06-02 11:53:54.920639975+00:00,T1,2025-06-02 11:53:56.848639689+00:00
1-20250602-00022,1,105,2.036,kg,3.49,False,2025-06-02 11:55:26.628352559+00:00,T5,2025-06-02 11:55:28.508043400+00:00
2-20250602-01313,2,150,2.0,count,8.99,False,2025-06-02 15:55:27.938586212+00:00,T4,2025-06-02 11:55:29.068730010+00:00
3-20250602-02378,3,117,3.0,count,3.79,False,2025-06-02 11:55:31.407326998+00:00,T1,2025-06-02 11:55:33.963571506+00:00
1-20250602-00023,1,140,1.0,count,2.79,False,2025-06-02 11:58:24.146799374+00:00,T2,2025-06-02 11:58:25.376719290+00:00
2-20250602-01315,2,128,1.479,kg,10.99,False,2025-06-02 12:00:50.196339080+00:00,T5,2025-06-02 12:00:50.728217542+00:00
2-20250602-01314,2,131,1.0,count,9.99,False,2025-06-02 12:00:46.880690115+00:00,T3,2025-06-02 12:00:50.852961216+00:00
1-20250602-00024,1,143,1.0,count,1.19,False,2025-06-02 12:00:59.427197110+00:00,T1,2025-06-02 12:01:03.187066765+00:00
1-20250602-00025,1,149,1.0,count,2.39,True,2025-06-02 12:01:37.401312988+00:00,T3,2025-06-02 12:01:39.321938683+00:00
1-20250602-00026,1,127,1.16,kg,8.99,False,2025-06-02 12:02:43.221920351+00:00,T3,2025-06-02 12:02:44.905478369+00:00
1-20250602-00028,1,133,3.0,count,3.99,False,2025-06-02 12:04:06.109090434+00:00,T4,2025-06-02 12:04:06.822888246+00:00
1-20250602-00027,1,118,1.0,count,3.29,False,2025-06-02 12:04:05.474766989+00:00,T4,2025-06-02 12:04:06.975933888+00:00
1-20250602-00029,1,151,1.0,count,9.99,False,2025-06-02 12:04:13.988877213+00:00,T4,2025-06-02 12:04:15.937082944+00:00
2-20250602-01316,2,152,1.0,count,2.99,False,2025-06-02 12:04:40.552804070+00:00,T2,2025-06-02 12:04:41.264805061+00:00
2-20250602-01317,2,118,2.0,count,3.29,False,2025-06-02 12:06:20.265781286+00:00,T2,2025-06-02 12:06:21.895075967+00:00
2-20250602-01318,2,153,1.0,count,12.99,False,2025-06-02 12:07:45.912881221+00:00,T5,2025-06-02 12:07:49.894558743+00:00
1-20250602-00030,1,118,1.0,count,3.29,False,2025-06-02 12:08:00.875320333+00:00,T2,2025-06-02 12:08:01.634462105+00:00
3-20250602-02379,3,128,0.312,kg,10.99,False,2025-06-02 12:12:25.865790106+00:00,T1,2025-06-02 12:12:26.515330467+00:00
1-20250602-00031,1,105,0.766,kg,3.49,False,2025-06-02 12:15:17.414924354+00:00,T2,2025-06-02 12:15:17.826890478+00:00
1-20250602-00032,1,135,1.0,count,4.99,False,2025-06-02 12:15:31.508079230+00:00,T4,2025-06-02 12:15:31.645693946+00:00
1-20250602-00033,1,104,1.001,kg,1.99,False,2025-06-02 12:17:40.987256588+00:00,T5,2025-06-02 12:17:42.270665604+00:00
1-20250602-00034,1,156,1.443,liter,11.99,False,2025-06-02 12:17:55.600693328+00:00,T1,2025-06-02 12:17:55.625194986+00:00
3-20250602-02380,3,110,2.916,kg,1.29,False,2025-06-02 12:17:59.145960691+00:00,T5,2025-06-02 12:17:59.494561160+00:00
1-20250602-00033,1,104,1.001,kg,1.99,False,2025-06-02 12:17:40.987256588+00:00,T5,2025-06-02 12:18:07.079752345+00:00
2-20250602-01319,2,122,1.0,count,4.29,False,2025-06-02 12:18:36.698782065+00:00,T3,2025-06-02 12:18:38.586389081+00:00
1-20250602-00035,1,124,3.0,count,3.49,False,2025-06-02 12:19:13.589391406+00:00,T3,2025-06-02 12:19:13.679663209+00:00
2-20250602-01320,2,104,0.982,kg,1.99,False,2025-06-02 12:19:15.153213708+00:00,T1,2025-06-02 12:19:21.919882039+00:00
1-20250602-00036,1,151,1.0,count,9.99,False,2025-06-02 12:19:33.141147747+00:00,T4,2025-06-02 12:19:35.624344449+00:00
2-20250602-01321,2,102,3.0,count,0.79,False,2025-06-02 12:23:14.030683804+00:00,T5,2025-06-02 12:23:14.783519475+00:00
2-20250602-01322,2,117,2.0,count,3.79,False,2025-06-02 16:23:23.381066997+00:00,T4,2025-06-02 12:23:23.582211707+00:00
2-20250602-01323,2,142,2.0,count,3.49,False,2025-06-02 12:23:29.807036752+00:00,T2,2025-06-02 12:23:32.606736886+00:00
3-20250602-02381,3,104,2.298,kg,1.99,False,2025-06-02 12:24:45.717134054+00:00,T2,2025-06-02 12:24:45.845151502+00:00
2-20250602-01324,2,136,1.0,count,8.99,False,2025-06-02 16:24:50.039398171+00:00,T4,2025-06-02 12:24:50.049063954+00:00
2-20250602-01325,2,147,1.0,count,5.99,False,2025-06-02 12:25:17.637179612+00:00,T2,2025-06-02 12:25:17.780370003+00:00
1-20250602-00037,1,150,1.0,count,8.99,False,2025-06-02 12:26:14.451673579+00:00,T4,2025-06-02 12:26:21.362938983+00:00
2-20250602-01326,2,109,2.0,count,1.99,False,2025-06-02 12:26:53.159908090+00:00,T1,2025-06-02 12:26:53.635832974+00:00
3-20250602-02382,3,107,1.0,count,1.89,False,2025-06-02 12:27:08.346053455+00:00,T5,2025-06-02 12:27:13.281373428+00:00
3-20250602-02383,3,119,1.0,count,5.49,False,2025-06-02 12:30:04.212798830+00:00,T1,2025-06-02 12:30:04.253769981+00:00
1-20250602-00038,1,137,1.0,count,3.29,False,2025-06-02 12:31:34.600098917+00:00,T2,2025-06-02 12:31:34.652056379+00:00
3-20250602-02384,3,125,2.0,count,3.99,False,2025-06-02 12:32:19.115542743+00:00,T3,2025-06-02 12:32:21.353199699+00:00
1-20250602-00039,1,103,1.0,count,2.99,False,2025-06-02 12:33:04.351736565+00:00,T1,2025-06-02 12:33:06.669039563+00:00
2-20250602-01327,2,128,1.259,kg,10.99,False,2025-06-02 12:33:26.873859988+00:00,T3,2025-06-02 12:33:30.679622560+00:00
3-20250602-02385,3,125,1.0,count,3.99,False,2025-06-02 12:34:14.692663986+00:00,T1,2025-06-02 12:34:24.501639832+00:00
1-20250602-00040,1,127,0.681,kg,8.99,False,2025-06-02 12:34:34.657388269+00:00,T2,2025-06-02 12:34:37.742473435+00:00
1-20250602-00041,1,123,2.0,count,2.99,False,2025-06-02 12:36:53.217483805+00:00,T1,2025-06-02 12:36:56.365101029+00:00
2-20250602-01328,2,109,2.0,count,1.99,False,2025-06-02 12:37:00.669651817+00:00,T2,2025-06-02 12:37:01.114582509+00:00
1-20250602-00042,1,145,2.0,count,9.99,False,2025-06-02 12:37:54.556126839+00:00,T5,2025-06-02 12:38:00.016211560+00:00
2-20250602-01329,2,117,1.0,count,3.79,False,2025-06-02 12:38:24.341392446+00:00,T1,2025-06-02 12:38:25.269917356+00:00
1-20250602-00043,1,117,2.0,count,3.79,False,2025-06-02 12:39:02.964601326+00:00,T5,2025-06-02 12:39:04.827851403+00:00
1-20250602-00044,1,108,1.0,count,1.25,False,2025-06-02 12:39:04.605087115+00:00,T4,2025-06-02 12:39:09.178673708+00:00
1-20250602-00045,1,146,1.0,count,4.99,False,2025-06-02 12:39:24.205328391+00:00,T4,2025-06-02 12:39:24.765660048+00:00
1-20250602-00046,1,105,1.683,kg,3.49,False,2025-06-02 12:40:00.417098134+00:00,T3,2025-06-02 12:40:02.405221203+00:00
2-20250602-01330,2,149,1.0,count,2.39,True,2025-06-02 12:41:11.527426712+00:00,T3,2025-06-02 12:41:12.119743716+00:00
1-20250602-00047,1,158,1.0,count,2.49,False,2025-06-02 12:41:18.843642431+00:00,T1,2025-06-02 12:41:21.687859691+00:00
1-20250602-00048,1,129,1.293,kg,9.49,False,2025-06-02 12:41:44.452997865+00:00,T2,2025-06-02 12:41:47.818027989+00:00
2-20250602-01331,2,123,1.0,count,2.99,False,2025-06-02 12:43:42.048711828+00:00,T5,2025-06-02 12:43:44.036389528+00:00
1-20250602-00049,1,135,2.0,count,4.99,False,2025-06-02 12:44:07.224245489+00:00,T1,2025-06-02 12:44:07.365772430+00:00
3-20250602-02386,3,142,1.0,count,3.49,False,2025-06-02 12:44:42.138929431+00:00,T5,2025-06-02 12:44:44.627788893+00:00
1-20250602-00050,1,114,1.0,count,5.99,False,2025-06-02 12:45:43.643226811+00:00,T5,2025-06-02 12:45:43.651259301+00:00
3-20250602-02387,3,146,2.0,count,4.99,False,2025-06-02 12:45:52.647741099+00:00,T4,2025-06-02 12:45:52.842389469+00:00
1-20250602-00051,1,122,2.0,count,4.29,False,2025-06-02 12:46:11.414564575+00:00,T2,2025-06-02 12:46:14.698747372+00:00
2-20250602-01332,2,105,0.302,kg,3.49,False,2025-06-02 12:48:01.553840055+00:00,T2,2025-06-02 12:48:03.240768404+00:00
3-20250602-02388,3,152,1.0,count,2.99,False,2025-06-02 12:48:23.976379451+00:00,T3,2025-06-02 12:48:24.928052273+00:00
2-20250602-01333,2,127,1.733,kg,8.99,False,2025-06-02 12:49:41.991473886+00:00,T3,2025-06-02 12:49:42.740395629+00:00
3-20250602-02389,3,116,1.0,count,2.49,False,2025-06-02 12:50:14.230019318+00:00,T3,2025-06-02 12:50:16.173757350+00:00
2-20250602-01334,2,109,1.0,count,1.99,False,2025-06-02 12:50:27.666605797+00:00,T1,2025-06-02 12:50:27.785424435+00:00
1-20250602-00052,1,143,2.0,count,1.19,False,2025-06-02 12:51:13.746277862+00:00,T2,2025-06-02 12:51:18.032816755+00:00
2-20250602-01335,2,158,1.0,count,2.49,False,2025-06-02 12:52:08.719415669+00:00,T3,2025-06-02 12:52:08.809463712+00:00
2-20250602-01336,2,105,0.266,kg,3.49,False,2025-06-02 12:53:38.210553733+00:00,T3,2025-06-02 12:53:39.621004549+00:00
1-20250602-00053,1,107,1.0,count,1.89,False,2025-06-02 12:53:58.254686161+00:00,T3,2025-06-02 12:53:58.464583348+00:00
1-20250602-00054,1,118,3.0,count,3.29,False,2025-06-02 12:54:09.013616512+00:00,T2,2025-06-02 12:54:09.121643217+00:00
1-20250602-00055,1,101,1.243,kg,1.49,False,2025-06-02 12:54:51.708620582+00:00,T3,2025-06-02 12:54:54.997797399+00:00
3-20250602-02390,3,118,2.0,count,3.29,False,2025-06-02 12:55:40.086757212+00:00,T1,2025-06-02 12:55:45.330655353+00:00
3-20250602-02391,3,137,1.0,count,3.29,False,2025-06-02 12:57:49.663752379+00:00,T2,2025-06-02 12:57:50.577516186+00:00
2-20250602-01337,2,133,2.0,count,3.99,False,2025-06-02 16:57:57.227558912+00:00,T4,2025-06-02 12:57:57.698024536+00:00
2-20250602-01338,2,139,1.0,count,2.99,False,2025-06-02 12:59:13.310319517+00:00,T3,2025-06-02 12:59:13.353389611+00:00
2-20250602-01339,2,112,2.0,count,3.99,False,2025-06-02 13:00:13.779717304+00:00,T2,2025-06-02 13:00:17.592725606+00:00
1-20250602-00056,1,102,1.0,count,0.79,False,2025-06-02 13:00:20.686599568+00:00,T3,2025-06-02 13:00:21.751470967+00:00
1-20250602-00057,1,139,1.0,count,2.99,False,2025-06-02 13:00:23.798418218+00:00,T2,2025-06-02 13:00:24.399886920+00:00
2-20250602-01340,2,122,3.0,count,4.29,False,2025-06-02 13:02:39.663525646+00:00,T2,2025-06-02 13:02:39.935440237+00:00
2-20250602-01341,2,143,2.0,count,1.19,False,2025-06-02 13:02:45.428239153+00:00,T3,2025-06-02 13:02:48.244062152+00:00
1-20250602-00058,1,110,2.101,kg,1.29,False,2025-06-02 13:03:55.471061721+00:00,T2,2025-06-02 13:03:58.665927027+00:00
2-20250602-01342,2,117,1.0,count,3.79,False,2025-06-02 13:04:48.874606793+00:00,T2,2025-06-02 13:04:51.550578317+00:00
3-20250602-02392,3,102,1.0,count,0.79,False,2025-06-02 13:04:47.709616709+00:00,T3,2025-06-02 13:04:53.776934661+00:00
1-20250602-00059,1,133,1.0,count,3.99,False,2025-06-02 13:05:42.602101402+00:00,T1,2025-06-02 13:05:43.229755134+00:00
2-20250602-01343,2,101,1.601,kg,1.49,False,2025-06-02 17:06:39.771169893+00:00,T4,2025-06-02 13:06:40.440428720+00:00
3-20250602-02393,3,120,3.0,count,3.99,False,2025-06-02 13:07:12.840841882+00:00,T4,2025-06-02 13:07:13.028030654+00:00
3-20250602-02394,3,107,1.0,count,1.89,False,2025-06-02 13:08:26.734613671+00:00,T2,2025-06-02 13:08:29.356592248+00:00
3-20250602-02395,3,133,2.0,count,3.99,False,2025-06-02 13:08:41.310700126+00:00,T4,2025-06-02 13:08:52.240184349+00:00
2-20250602-01344,2,154,0.531,liter,3.99,False,2025-06-02 13:09:34.519577947+00:00,T2,2025-06-02 13:09:34.742727728+00:00
3-20250602-02396,3,101,0.383,kg,1.49,False,2025-06-02 13:09:36.245803034+00:00,T5,2025-06-02 13:09:40.483379348+00:00
3-20250602-02397,3,122,1.0,count,4.29,False,2025-06-02 13:10:26.472537898+00:00,T2,2025-06-02 13:10:30.651927057+00:00
1-20250602-00060,1,123,3.0,count,2.99,False,2025-06-02 13:12:02.305274046+00:00,T3,2025-06-02 13:12:02.394594409+00:00
2-20250602-01345,2,135,2.0,count,4.99,False,2025-06-02 13:13:40.975044688+00:00,T3,2025-06-02 13:13:41.168157582+00:00
1-20250602-00061,1,123,1.0,count,2.99,False,2025-06-02 13:14:36.197199415+00:00,T4,2025-06-02 13:14:37.248186986+00:00
3-20250602-02398,3,160,1.0,count,3.99,False,2025-06-02 13:15:56.730321727+00:00,T2,2025-06-02 13:15:57.656978905+00:00
1-20250602-00062,1,101,1.865,kg,1.49,False,2025-06-02 13:15:58.075719618+00:00,T2,2025-06-02 13:16:00.549069028+00:00
2-20250602-01346,2,154,1.982,liter,3.99,False,2025-06-02 13:16:53.010125874+00:00,T2,2025-06-02 13:16:59.326546990+00:00
3-20250602-02399,3,150,1.0,count,8.99,False,2025-06-02 13:17:16.548817131+00:00,T2,2025-06-02 13:17:16.980649436+00:00
1-20250602-00063,1,137,1.0,count,3.29,False,2025-06-02 13:17:20.567725870+00:00,T5,2025-06-02 13:17:20.686097778+00:00
3-20250602-02400,3,133,1.0,count,3.99,False,2025-06-02 13:19:13.470481341+00:00,T5,2025-06-02 13:19:14.290837218+00:00
3-20250602-02401,3,101,1.108,kg,1.49,False,2025-06-02 13:19:31.831357285+00:00,T4,2025-06-02 13:19:32.935829177+00:00
3-20250602-02402,3,124,2.0,count,3.49,False,2025-06-02 13:19:57.442394509+00:00,T3,2025-06-02 13:20:01.171006434+00:00
2-20250602-01347,2,134,1.0,count,6.99,False,2025-06-02 17:20:05.994872556+00:00,T4,2025-06-02 13:20:07.940025208+00:00
2-20250602-01348,2,155,0.971,liter,3.49,False,2025-06-02 13:20:26.588398620+00:00,T3,2025-06-02 13:20:28.032039371+00:00
3-20250602-02403,3,138,3.0,count,1.49,False,2025-06-02 13:21:06.326435391+00:00,T1,2025-06-02 13:21:06.898350124+00:00
3-20250602-02404,3,133,1.0,count,3.99,False,2025-06-02 13:21:42.839115001+00:00,T5,2025-06-02 13:21:44.458792287+00:00
1-20250602-00064,1,101,2.323,kg,1.49,False,2025-06-02 13:21:54.815144642+00:00,T4,2025-06-02 13:21:54.888212322+00:00
3-20250602-02405,3,153,1.0,count,12.99,False,2025-06-02 13:22:37.647116099+00:00,T3,2025-06-02 13:22:38.356554135+00:00
2-20250602-01349,2,105,0.341,kg,3.49,False,2025-06-02 13:23:08.662067414+00:00,T3,2025-06-02 13:23:12.056033399+00:00
2-20250602-01350,2,116,3.0,count,2.49,False,2025-06-02 13:23:13.187884860+00:00,T1,2025-06-02 13:23:17.189458233+00:00
2-20250602-01349,2,105,0.341,kg,3.49,False,2025-06-02 13:23:08.662067414+00:00,T3,2025-06-02 13:23:22.798913162+00:00
3-20250602-02406,3,123,3.0,count,2.99,False,2025-06-02 13:23:37.669223990+00:00,T5,2025-06-02 13:23:38.031298866+00:00
2-20250602-01351,2,101,1.012,kg,1.49,False,2025-06-02 13:24:31.595613127+00:00,T5,2025-06-02 13:24:40.140500113+00:00
2-20250602-01352,2,101,0.485,kg,1.49,False,2025-06-02 13:24:58.195793284+00:00,T2,2025-06-02 13:24:58.551512778+00:00
1-20250602-00065,1,110,1.061,kg,1.29,False,2025-06-02 13:26:40.706435244+00:00,T2,2025-06-02 13:26:41.558706020+00:00
2-20250602-01353,2,113,3.0,count,0.55,True,2025-06-02 17:27:32.322045375+00:00,T4,2025-06-02 13:27:33.442546162+00:00
3-20250602-02407,3,133,1.0,count,3.99,False,2025-06-02 13:29:31.468084142+00:00,T2,2025-06-02 13:29:38.374208388+00:00
2-20250602-01354,2,138,1.0,count,1.49,False,2025-06-02 13:29:55.053825943+00:00,T5,2025-06-02 13:29:56.865727989+00:00
2-20250602-01355,2,132,3.0,count,5.99,False,2025-06-02 13:30:15.873105010+00:00,T2,2025-06-02 13:30:19.010476523+00:00
2-20250602-01356,2,128,0.91,kg,10.99,False,2025-06-02 13:30:24.474195910+00:00,T2,2025-06-02 13:30:25.121814274+00:00
1-20250602-00066,1,101,1.867,kg,1.49,False,2025-06-02 13:34:06.827401744+00:00,T4,2025-06-02 13:34:06.911081916+00:00
1-20250602-00067,1,108,2.0,count,1.25,False,2025-06-02 13:34:40.645574524+00:00,T2,2025-06-02 13:34:41.496967957+00:00
3-20250602-02408,3,121,1.0,count,4.99,False,2025-06-02 13:35:14.041375288+00:00,T2,2025-06-02 13:35:14.737635338+00:00
1-20250602-00068,1,127,0.082,kg,8.99,False,2025-06-02 13:35:54.498447047+00:00,T1,2025-06-02 13:35:55.012452542+00:00
3-20250602-02409,3,129,0.448,kg,9.49,False,2025-06-02 13:37:51.777456287+00:00,T4,2025-06-02 13:37:55.083789244+00:00
2-20250602-01357,2,111,1.219,kg,1.59,False,2025-06-02 13:39:54.696838754+00:00,T1,2025-06-02 13:39:55.120264040+00:00
1-20250602-00069,1,126,3.0,count,1.29,False,2025-06-02 13:40:18.438416928+00:00,T3,2025-06-02 13:40:19.318785455+00:00
1-20250602-00070,1,117,2.0,count,3.79,False,2025-06-02 13:41:14.807829345+00:00,T5,2025-06-02 13:41:15.934935071+00:00
2-20250602-01358,2,125,2.0,count,3.99,False,2025-06-02 17:41:41.052099449+00:00,T4,2025-06-02 13:41:41.435344654+00:00
3-20250602-02410,3,146,2.0,count,4.99,False,2025-06-02 13:41:53.128946642+00:00,T3,2025-06-02 13:41:53.131693572+00:00
1-20250602-00071,1,101,0.179,kg,1.49,False,2025-06-02 13:42:42.365114721+00:00,T2,2025-06-02 13:42:43.871417252+00:00
1-20250602-00072,1,118,1.0,count,3.29,False,2025-06-02 13:43:26.509437096+00:00,T1,2025-06-02 13:43:26.560650712+00:00
3-20250602-02411,3,150,1.0,count,8.99,False,2025-06-02 13:44:14.316275540+00:00,T1,2025-06-02 13:44:16.615214126+00:00
1-20250602-00073,1,139,3.0,count,2.99,False,2025-06-02 13:44:16.275309423+00:00,T5,2025-06-02 13:44:18.154272488+00:00
3-20250602-02412,3,102,1.0,count,0.79,False,2025-06-02 13:44:47.727965709+00:00,T5,2025-06-02 13:44:54.288702072+00:00
1-20250602-00074,1,112,1.0,count,3.99,False,2025-06-02 13:45:51.307767246+00:00,T2,2025-06-02 13:45:53.311014092+00:00
1-20250602-00075,1,121,1.0,count,4.99,False,2025-06-02 13:47:38.390790726+00:00,T3,2025-06-02 13:47:39.052871336+00:00
3-20250602-02413,3,143,1.0,count,1.19,False,2025-06-02 13:47:41.521969005+00:00,T2,2025-06-02 13:47:42.052752754+00:00
1-20250602-00076,1,148,1.0,count,1.99,False,2025-06-02 13:48:21.238514785+00:00,T2,2025-06-02 13:48:21.634133720+00:00
1-20250602-00077,1,103,1.0,count,2.99,False,2025-06-02 13:49:25.796517925+00:00,T5,2025-06-02 13:49:26.830019538+00:00
1-20250602-00078,1,102,2.0,count,0.79,False,2025-06-02 13:50:39.039714515+00:00,T3,2025-06-02 13:50:39.410825301+00:00
2-20250602-01359,2,118,2.0,count,3.29,False,2025-06-02 13:50:40.148130303+00:00,T2,2025-06-02 13:50:42.160926313+00:00
3-20250602-02414,3,134,1.0,count,6.99,False,2025-06-02 13:51:07.145348527+00:00,T3,2025-06-02 13:51:08.254183078+00:00
1-20250602-00079,1,116,1.0,count,2.49,False,2025-06-02 13:51:32.046034018+00:00,T5,2025-06-02 13:51:32.501890366+00:00
2-20250602-01360,2,116,2.0,count,2.49,False,2025-06-02 13:51:46.309967089+00:00,T3,2025-06-02 13:51:46.713965646+00:00
2-20250602-01361,2,135,2.0,count,4.99,False,2025-06-02 13:52:03.851521298+00:00,T5,2025-06-02 13:52:03.896017148+00:00
1-20250602-00080,1,139,1.0,count,2.99,False,2025-06-02 13:52:16.238985631+00:00,T2,2025-06-02 13:52:18.587654694+00:00
2-20250602-01362,2,117,2.0,count,3.79,False,2025-06-02 13:52:31.961224922+00:00,T1,2025-06-02 13:52:32.471303830+00:00
1-20250602-00081,1,123,1.0,count,2.99,False,2025-06-02 13:53:12.954913245+00:00,T4,2025-06-02 13:53:15.921029100+00:00
1-20250602-00082,1,128,1.554,kg,10.99,False,2025-06-02 13:53:33.880627404+00:00,T3,2025-06-02 13:53:36.742568266+00:00
2-20250602-01363,2,118,1.0,count,3.29,False,2025-06-02 13:54:37.474020783+00:00,T1,2025-06-02 13:54:40.055136547+00:00
1-20250602-00083,1,102,1.0,count,0.79,False,2025-06-02 13:54:35.996915572+00:00,T1,2025-06-02 13:54:41.012152319+00:00
1-20250602-00084,1,113,2.0,count,0.55,True,2025-06-02 13:56:03.480380339+00:00,T3,2025-06-02 13:56:04.245142675+00:00
1-20250602-00085,1,117,1.0,count,3.79,False,2025-06-02 13:57:47.672521649+00:00,T5,2025-06-02 13:57:48.693437002+00:00
2-20250602-01364,2,122,1.0,count,4.29,False,2025-06-02 13:59:04.978379082+00:00,T5,2025-06-02 13:59:07.082039142+00:00
2-20250602-01365,2,105,1.874,kg,3.49,False,2025-06-02 14:00:08.326243567+00:00,T3,2025-06-02 14:00:08.656591577+00:00
3-20250602-02415,3,150,1.0,count,8.99,False,2025-06-02 14:00:51.053258344+00:00,T2,2025-06-02 14:00:53.739712463+00:00
1-20250602-00086,1,116,3.0,count,2.49,False,2025-06-02 14:01:39.337392466+00:00,T4,2025-06-02 14:01:39.360021771+00:00
2-20250602-01366,2,139,2.0,count,2.99,False,2025-06-02 14:01:44.263635149+00:00,T3,2025-06-02 14:01:45.130215648+00:00
1-20250602-00087,1,104,0.571,kg,1.99,False,2025-06-02 14:02:26.973395917+00:00,T3,2025-06-02 14:02:28.027929921+00:00
1-20250602-00088,1,135,3.0,count,4.99,False,2025-06-02 14:04:07.979092857+00:00,T1,2025-06-02 14:04:08.015335268+00:00
2-20250602-01367,2,119,2.0,count,5.49,False,2025-06-02 14:04:54.048622042+00:00,T3,2025-06-02 14:04:55.943442720+00:00
1-20250602-00089,1,111,0.214,kg,1.59,False,2025-06-02 14:11:10.846442292+00:00,T1,2025-06-02 14:11:11.115065916+00:00
1-20250602-00090,1,105,0.709,kg,3.49,False,2025-06-02 14:11:57.070240960+00:00,T5,2025-06-02 14:12:06.153976602+00:00
2-20250602-01368,2,110,2.035,kg,1.29,False,2025-06-02 14:12:47.454504323+00:00,T1,2025-06-02 14:12:50.034284344+00:00
2-20250602-01369,2,119,1.0,count,5.49,False,2025-06-02 14:13:04.933066005+00:00,T5,2025-06-02 14:13:06.254133911+00:00
3-20250602-02417,3,101,0.613,kg,1.49,False,2025-06-02 14:14:08.083127037+00:00,T1,2025-06-02 14:14:11.183643514+00:00
2-20250602-01370,2,101,0.702,kg,1.49,False,2025-06-02 14:14:46.676084763+00:00,T5,2025-06-02 14:14:50.036132675+00:00
3-20250602-02418,3,116,2.0,count,2.49,False,2025-06-02 14:15:17.963355643+00:00,T2,2025-06-02 14:15:18.263644578+00:00
1-20250602-00091,1,147,1.0,count,5.99,False,2025-06-02 14:15:55.519304372+00:00,T4,2025-06-02 14:15:57.964593461+00:00
3-20250602-02419,3,113,2.0,count,0.55,True,2025-06-02 14:16:05.255120544+00:00,T5,2025-06-02 14:16:06.494052916+00:00
1-20250602-00092,1,113,2.0,count,0.55,True,2025-06-02 14:18:50.837197827+00:00,T1,2025-06-02 14:18:51.897928564+00:00
1-20250602-00093,1,132,1.0,count,5.99,False,2025-06-02 14:19:50.392387159+00:00,T5,2025-06-02 14:19:51.378966858+00:00
2-20250602-01371,2,155,0.917,liter,3.49,False,2025-06-02 18:19:57.330829354+00:00,T4,2025-06-02 14:19:57.611332689+00:00
3-20250602-02420,3,113,2.0,count,0.55,True,2025-06-02 14:22:01.332369319+00:00,T3,2025-06-02 14:22:02.848217537+00:00
1-20250602-00094,1,105,0.994,kg,3.49,False,2025-06-02 14:22:46.089286783+00:00,T4,2025-06-02 14:22:47.816376812+00:00
3-20250602-02421,3,112,3.0,count,3.99,False,2025-06-02 14:23:06.970748628+00:00,T5,2025-06-02 14:23:08.062071979+00:00
3-20250602-02422,3,101,0.328,kg,1.49,False,2025-06-02 14:24:14.488853436+00:00,T5,2025-06-02 14:24:21.840598184+00:00
1-20250602-00095,1,147,3.0,count,5.99,False,2025-06-02 14:24:30.457288239+00:00,T2,2025-06-02 14:24:33.131084026+00:00
3-20250602-02423,3,113,1.0,count,0.55,True,2025-06-02 14:24:46.747334194+00:00,T3,2025-06-02 14:24:48.189901058+00:00
1-20250602-00096,1,102,1.0,count,0.79,False,2025-06-02 14:24:54.632486269+00:00,T2,2025-06-02 14:24:57.511351106+00:00
1-20250602-00097,1,110,0.727,kg,1.29,False,2025-06-02 14:25:00.052017547+00:00,T5,2025-06-02 14:25:00.827567432+00:00
1-20250602-00098,1,104,0.848,kg,1.99,False,2025-06-02 14:25:15.229478278+00:00,T5,2025-06-02 14:25:15.242490224+00:00
3-20250602-02424,3,128,1.476,kg,10.99,False,2025-06-02 14:25:47.240076271+00:00,T3,2025-06-02 14:25:47.838565618+00:00
3-20250602-02425,3,115,1.0,count,3.49,False,2025-06-02 14:25:51.615002326+00:00,T4,2025-06-02 14:25:51.728999570+00:00
1-20250602-00099,1,106,1.764,kg,3.99,False,2025-06-02 14:26:01.162725754+00:00,T1,2025-06-02 14:26:03.770724143+00:00
1-20250602-00100,1,159,0.467,kg,12.99,False,2025-06-02 14:26:09.265599315+00:00,T5,2025-06-02 14:26:14.045719957+00:00
2-20250602-01372,2,117,1.0,count,3.79,False,2025-06-02 14:26:20.146284310+00:00,T2,2025-06-02 14:26:20.157407497+00:00
1-20250602-00101,1,101,1.343,kg,1.49,False,2025-06-02 14:26:38.099552623+00:00,T4,2025-06-02 14:26:41.364162338+00:00
1-20250602-00102,1,102,2.0,count,0.79,False,2025-06-02 14:27:51.122773200+00:00,T5,2025-06-02 14:27:53.175031863+00:00
2-20250602-01373,2,131,2.0,count,9.99,False,2025-06-02 14:28:53.164897440+00:00,T2,2025-06-02 14:28:57.763756779+00:00
1-20250602-00103,1,138,1.0,count,1.49,False,2025-06-02 14:29:32.732888647+00:00,T4,2025-06-02 14:29:34.438041334+00:00
2-20250602-01374,2,135,1.0,count,4.99,False,2025-06-02 14:30:04.067357942+00:00,T5,2025-06-02 14:30:04.957221838+00:00
3-20250602-02426,3,146,1.0,count,4.99,False,2025-06-02 14:30:46.412960949+00:00,T5,2025-06-02 14:30:51.284208118+00:00
2-20250602-01375,2,101,1.427,kg,1.49,False,2025-06-02 14:31:00.986639880+00:00,T5,2025-06-02 14:31:01.717240578+00:00
1-20250602-00104,1,112,3.0,count,3.99,False,2025-06-02 14:31:22.556974037+00:00,T1,2025-06-02 14:31:23.453761842+00:00
1-20250602-00105,1,112,2.0,count,3.99,False,2025-06-02 14:31:57.405801588+00:00,T1,2025-06-02 14:31:57.621116971+00:00
3-20250602-02427,3,136,1.0,count,8.99,False,2025-06-02 14:34:00.557944024+00:00,T2,2025-06-02 14:34:04.297787464+00:00
3-20250602-02428,3,130,0.842,kg,21.99,False,2025-06-02 14:34:38.529595365+00:00,T1,2025-06-02 14:34:39.540173012+00:00
3-20250602-02429,3,133,2.0,count,3.99,False,2025-06-02 14:34:43.518554779+00:00,T1,2025-06-02 14:34:44.650862020+00:00
1-20250602-00106,1,116,2.0,count,2.49,False,2025-06-02 14:34:39.638177361+00:00,T1,2025-06-02 14:34:45.102191690+00:00
2-20250602-01376,2,115,1.0,count,3.49,False,2025-06-02 14:35:06.977243355+00:00,T5,2025-06-02 14:35:07.550804825+00:00
2-20250602-01377,2,116,2.0,count,2.49,False,2025-06-02 14:35:11.448403431+00:00,T1,2025-06-02 14:35:12.037794088+00:00
1-20250602-00107,1,102,3.0,count,0.79,False,2025-06-02 14:35:31.661218168+00:00,T3,2025-06-02 14:35:32.322525451+00:00
2-20250602-01378,2,140,2.0,count,2.79,False,2025-06-02 18:36:55.276270280+00:00,T4,2025-06-02 14:36:57.000865358+00:00
2-20250602-01379,2,106,2.592,kg,3.99,False,2025-06-02 18:36:59.916059838+00:00,T4,2025-06-02 14:37:01.655072824+00:00
2-20250602-01380,2,120,2.0,count,3.99,False,2025-06-02 14:38:51.553863099+00:00,T3,2025-06-02 14:38:53.036056394+00:00
1-20250602-00108,1,133,3.0,count,3.99,False,2025-06-02 14:40:41.263951106+00:00,T3,2025-06-02 14:40:43.829936884+00:00
2-20250602-01381,2,130,1.199,kg,21.99,False,2025-06-02 14:40:53.607596891+00:00,T5,2025-06-02 14:40:54.554179790+00:00
1-20250602-00109,1,102,1.0,count,0.79,False,2025-06-02 14:41:19.435130275+00:00,T5,2025-06-02 14:41:20.084300398+00:00
2-20250602-01382,2,116,1.0,count,2.49,False,2025-06-02 14:41:51.865948085+00:00,T3,2025-06-02 14:41:52.417968221+00:00
1-20250602-00110,1,123,1.0,count,2.99,False,2025-06-02 14:42:12.070047129+00:00,T1,2025-06-02 14:42:13.327364834+00:00
1-20250602-00111,1,130,1.471,kg,21.99,False,2025-06-02 14:42:13.842529397+00:00,T2,2025-06-02 14:42:17.762315718+00:00
3-20250602-02430,3,121,1.0,count,4.99,False,2025-06-02 14:43:56.760122529+00:00,T4,2025-06-02 14:43:56.898324642+00:00
2-20250602-01384,2,113,1.0,count,0.55,True,2025-06-02 14:44:06.503905866+00:00,T5,2025-06-02 14:44:08.875532538+00:00
2-20250602-01385,2,157,0.814,liter,2.99,False,2025-06-02 14:44:12.648771084+00:00,T2,2025-06-02 14:44:14.856845720+00:00
1-20250602-00112,1,118,2.0,count,3.29,False,2025-06-02 14:44:44.864018944+00:00,T4,2025-06-02 14:44:49.037728527+00:00
3-20250602-02431,3,115,1.0,count,3.49,False,2025-06-02 14:47:35.689464814+00:00,T1,2025-06-02 14:47:38.057936506+00:00
3-20250602-02432,3,102,1.0,count,0.79,False,2025-06-02 14:48:00.106141913+00:00,T3,2025-06-02 14:48:02.649636250+00:00
1-20250602-00113,1,105,1.345,kg,3.49,False,2025-06-02 14:48:16.248645091+00:00,T1,2025-06-02 14:48:17.213444651+00:00
2-20250602-01386,2,107,2.0,count,1.89,False,2025-06-02 14:48:59.378358940+00:00,T3,2025-06-02 14:49:01.862650257+00:00
2-20250602-01387,2,120,3.0,count,3.99,False,2025-06-02 18:49:09.939588324+00:00,T4,2025-06-02 14:49:12.554201266+00:00
1-20250602-00114,1,159,0.95,kg,12.99,False,2025-06-02 14:49:38.865610173+00:00,T4,2025-06-02 14:49:43.907996498+00:00
1-20250602-00115,1,106,1.975,kg,3.99,False,2025-06-02 14:49:43.889526366+00:00,T4,2025-06-02 14:49:48.292600629+00:00
3-20250602-02433,3,102,2.0,count,0.79,False,2025-06-02 14:49:49.671123206+00:00,T2,2025-06-02 14:49:50.145740061+00:00
2-20250602-01388,2,126,2.0,count,1.29,False,2025-06-02 14:50:40.048252607+00:00,T3,2025-06-02 14:50:40.101290242+00:00
2-20250602-01389,2,127,1.707,kg,8.99,False,2025-06-02 14:50:40.651783505+00:00,T1,2025-06-02 14:50:41.230669056+00:00
1-20250602-00116,1,105,0.612,kg,3.49,False,2025-06-02 14:51:54.013737885+00:00,T4,2025-06-02 14:52:03.250064929+00:00
3-20250602-02434,3,146,3.0,count,4.99,False,2025-06-02 14:52:17.954281428+00:00,T3,2025-06-02 14:52:20.661839108+00:00
1-20250602-00117,1,151,1.0,count,9.99,False,2025-06-02 14:52:39.810445303+00:00,T2,2025-06-02 14:52:42.079989434+00:00
1-20250602-00118,1,106,1.762,kg,3.99,False,2025-06-02 14:52:59.966147100+00:00,T4,2025-06-02 14:53:06.100142632+00:00
2-20250602-01390,2,101,1.321,kg,1.49,False,2025-06-02 18:53:08.190463761+00:00,T4,2025-06-02 14:53:09.393874964+00:00
2-20250602-01391,2,101,1.431,kg,1.49,False,2025-06-02 14:53:13.391811193+00:00,T5,2025-06-02 14:53:13.574398542+00:00
1-20250602-00119,1,143,1.0,count,1.19,False,2025-06-02 14:54:01.661115220+00:00,T5,2025-06-02 14:54:04.466854326+00:00
1-20250602-00120,1,142,1.0,count,3.49,False,2025-06-02 14:55:30.079775816+00:00,T2,2025-06-02 14:55:30.142642479+00:00
1-20250602-00121,1,102,2.0,count,0.79,False,2025-06-02 14:57:12.887630492+00:00,T3,2025-06-02 14:57:18.494304446+00:00
3-20250602-02435,3,123,1.0,count,2.99,False,2025-06-02 14:57:21.528187117+00:00,T1,2025-06-02 14:57:26.835310300+00:00
1-20250602-00122,1,101,2.782,kg,1.49,False,2025-06-02 14:59:09.989261857+00:00,T1,2025-06-02 14:59:11.326291732+00:00
2-20250602-01383,2,110,1.604,kg,1.29,False,2025-06-02 18:42:23.401718849+00:00,T4,2025-06-02 15:02:49.757314802+00:00
1-20250602-00123,1,124,1.0,count,3.49,False,2025-06-02 15:03:10.020518219+00:00,T2,2025-06-02 15:03:10.506736308+00:00
2-20250602-01392,2,132,2.0,count,5.99,False,2025-06-02 15:03:07.307584477+00:00,T1,2025-06-02 15:03:11.317855447+00:00
3-20250602-02416,3,114,3.0,count,5.99,False,2025-06-02 14:02:19.132855844+00:00,T5,2025-06-02 15:04:18.676214070+00:00
1-20250602-00124,1,136,1.0,count,8.99,False,2025-06-02 15:04:30.130647333+00:00,T5,2025-06-02 15:04:31.294805950+00:00
3-20250602-02436,3,101,0.539,kg,1.49,False,2025-06-02 15:04:43.717240544+00:00,T3,2025-06-02 15:04:46.999462442+00:00
3-20250602-02437,3,103,1.0,count,2.99,False,2025-06-02 15:05:20.126621895+00:00,T5,2025-06-02 15:05:23.268483086+00:00
3-20250602-02438,3,141,1.0,count,5.99,False,2025-06-02 15:08:37.649557972+00:00,T1,2025-06-02 15:08:37.825449867+00:00
1-20250602-00125,1,109,1.0,count,1.99,False,2025-06-02 15:08:59.269093764+00:00,T2,2025-06-02 15:09:05.525598869+00:00
2-20250602-01393,2,119,2.0,count,5.49,False,2025-06-02 15:13:48.517462377+00:00,T5,2025-06-02 15:13:49.368813628+00:00
1-20250602-00127,1,101,1.42,kg,1.49,False,2025-06-02 15:13:53.976883629+00:00,T2,2025-06-02 15:13:56.357025735+00:00
1-20250602-00128,1,110,1.239,kg,1.29,False,2025-06-02 15:14:12.815299085+00:00,T4,2025-06-02 15:14:15.728961491+00:00
3-20250602-02439,3,113,1.0,count,0.55,True,2025-06-02 15:15:33.207564779+00:00,T2,2025-06-02 15:15:39.246832812+00:00
2-20250602-01394,2,110,1.396,kg,1.29,False,2025-06-02 15:15:38.381249604+00:00,T3,2025-06-02 15:15:40.011482144+00:00
1-20250602-00129,1,102,2.0,count,0.79,False,2025-06-02 15:19:29.221080113+00:00,T2,2025-06-02 15:19:30.058842323+00:00
3-20250602-02440,3,113,1.0,count,0.55,True,2025-06-02 15:19:38.227719286+00:00,T5,2025-06-02 15:19:38.524151861+00:00
2-20250602-01395,2,151,2.0,count,9.99,False,2025-06-02 19:20:29.195438360+00:00,T4,2025-06-02 15:20:32.713273935+00:00
3-20250602-02441,3,109,2.0,count,1.99,False,2025-06-02 15:21:25.612135078+00:00,T2,2025-06-02 15:21:26.218453042+00:00
3-20250602-02442,3,112,1.0,count,3.99,False,2025-06-02 15:24:11.276149413+00:00,T4,2025-06-02 15:24:14.868542867+00:00
3-20250602-02443,3,146,1.0,count,4.99,False,2025-06-02 15:24:23.076227619+00:00,T3,2025-06-02 15:24:24.345367375+00:00
3-20250602-02444,3,153,2.0,count,12.99,False,2025-06-02 15:27:01.974778832+00:00,T2,2025-06-02 15:27:04.449900912+00:00
2-20250602-01396,2,118,2.0,count,3.29,False,2025-06-02 15:27:17.112426999+00:00,T5,2025-06-02 15:27:17.834414168+00:00
2-20250602-01397,2,123,1.0,count,2.99,False,2025-06-02 15:28:50.255092331+00:00,T3,2025-06-02 15:28:51.402999762+00:00
3-20250602-02445,3,122,1.0,count,4.29,False,2025-06-02 15:30:09.551572233+00:00,T4,2025-06-02 15:30:10.678556774+00:00
3-20250602-02446,3,110,1.098,kg,1.29,False,2025-06-02 15:32:17.067524653+00:00,T2,2025-06-02 15:32:20.374164261+00:00
1-20250602-00130,1,102,2.0,count,0.79,False,2025-06-02 15:33:12.783572271+00:00,T5,2025-06-02 15:33:14.975181913+00:00
2-20250602-01398,2,119,1.0,count,5.49,False,2025-06-02 15:34:14.732899195+00:00,T5,2025-06-02 15:34:16.896924091+00:00
1-20250602-00131,1,126,1.0,count,1.29,False,2025-06-02 15:35:31.691377945+00:00,T5,2025-06-02 15:35:34.223472833+00:00
1-20250602-00132,1,106,0.406,kg,3.99,False,2025-06-02 15:35:54.011687292+00:00,T3,2025-06-02 15:35:56.783442677+00:00
1-20250602-00133,1,107,2.0,count,1.89,False,2025-06-02 15:36:24.587291542+00:00,T2,2025-06-02 15:36:30.072473965+00:00
1-20250602-00134,1,102,1.0,count,0.79,False,2025-06-02 15:37:25.852017249+00:00,T4,2025-06-02 15:37:26.395435469+00:00
1-20250602-00135,1,116,1.0,count,2.49,False,2025-06-02 15:37:41.249427734+00:00,T1,2025-06-02 15:37:42.062566193+00:00
2-20250602-01399,2,136,1.0,count,8.99,False,2025-06-02 15:38:01.215567342+00:00,T2,2025-06-02 15:38:02.345361625+00:00
1-20250602-00136,1,123,3.0,count,2.99,False,2025-06-02 15:38:37.514831073+00:00,T3,2025-06-02 15:38:41.329165420+00:00
3-20250602-02447,3,105,0.618,kg,3.49,False,2025-06-02 15:39:23.357761459+00:00,T2,2025-06-02 15:39:27.519461938+00:00
1-20250602-00137,1,158,1.0,count,2.49,False,2025-06-02 15:39:48.029472283+00:00,T2,2025-06-02 15:39:48.157985492+00:00
1-20250602-00126,1,113,2.0,count,0.55,True,2025-06-02 15:10:40.661244338+00:00,T1,2025-06-02 15:40:19.707938334+00:00
3-20250602-02448,3,122,1.0,count,4.29,False,2025-06-02 15:40:54.570527701+00:00,T4,2025-06-02 15:41:00.119525977+00:00
2-20250602-01400,2,154,0.144,liter,3.99,False,2025-06-02 15:45:17.632358333+00:00,T2,2025-06-02 15:45:17.748300461+00:00
2-20250602-01401,2,124,3.0,count,3.49,False,2025-06-02 15:45:42.743275028+00:00,T3,2025-06-02 15:45:43.486741493+00:00
3-20250602-02449,3,105,1.587,kg,3.49,False,2025-06-02 15:45:46.703503222+00:00,T5,2025-06-02 15:45:49.083362245+00:00
3-20250602-02450,3,102,2.0,count,0.79,False,2025-06-02 15:48:00.504623806+00:00,T4,2025-06-02 15:48:00.592434614+00:00
3-20250602-02451,3,114,2.0,count,5.99,False,2025-06-02 15:49:19.377843111+00:00,T4,2025-06-02 15:49:20.707041854+00:00
2-20250602-01403,2,105,0.35,kg,3.49,False,2025-06-02 15:50:30.748426843+00:00,T5,2025-06-02 15:50:31.820435699+00:00
2-20250602-01402,2,143,2.0,count,1.19,False,2025-06-02 15:50:27.233698810+00:00,T2,2025-06-02 15:50:34.844646602+00:00
1-20250602-00138,1,131,1.0,count,9.99,False,2025-06-02 15:50:58.821651343+00:00,T2,2025-06-02 15:50:59.514423375+00:00
1-20250602-00139,1,133,1.0,count,3.99,False,2025-06-02 15:51:22.444344991+00:00,T3,2025-06-02 15:51:23.614969303+00:00
1-20250602-00140,1,102,3.0,count,0.79,False,2025-06-02 15:51:42.987464227+00:00,T1,2025-06-02 15:51:43.677570809+00:00
1-20250602-00141,1,117,2.0,count,3.79,False,2025-06-02 15:52:03.962643831+00:00,T1,2025-06-02 15:52:04.019751148+00:00
2-20250602-01404,2,102,3.0,count,0.79,False,2025-06-02 19:52:33.865660852+00:00,T4,2025-06-02 15:52:37.105006432+00:00
1-20250602-00142,1,107,1.0,count,1.89,False,2025-06-02 15:55:32.369129443+00:00,T1,2025-06-02 15:55:34.429091077+00:00
1-20250602-00143,1,140,2.0,count,2.79,False,2025-06-02 15:56:02.158791148+00:00,T1,2025-06-02 15:56:02.257143838+00:00
3-20250602-02452,3,152,1.0,count,2.99,False,2025-06-02 15:56:23.509210641+00:00,T5,2025-06-02 15:56:24.459175491+00:00
1-20250602-00144,1,142,3.0,count,3.49,False,2025-06-02 15:56:28.353235055+00:00,T1,2025-06-02 15:56:30.404060247+00:00
3-20250602-02453,3,134,1.0,count,6.99,False,2025-06-02 15:57:23.734080360+00:00,T5,2025-06-02 15:57:25.466558827+00:00
2-20250602-01405,2,111,0.643,kg,1.59,False,2025-06-02 15:57:25.362220029+00:00,T3,2025-06-02 15:57:27.053739069+00:00
2-20250602-01406,2,159,1.446,kg,12.99,False,2025-06-02 15:57:36.615741834+00:00,T3,2025-06-02 15:57:39.187127736+00:00
2-20250602-01407,2,110,1.757,kg,1.29,False,2025-06-02 15:58:01.897672766+00:00,T5,2025-06-02 15:58:04.040669987+00:00
1-20250602-00145,1,121,3.0,count,4.99,False,2025-06-02 16:00:10.177958408+00:00,T5,2025-06-02 16:00:14.312673487+00:00
1-20250602-00146,1,120,1.0,count,3.99,False,2025-06-02 16:02:48.055686219+00:00,T1,2025-06-02 16:02:50.288258327+00:00
2-20250602-01408,2,137,3.0,count,3.29,False,2025-06-02 16:03:03.083307545+00:00,T2,2025-06-02 16:03:04.908815940+00:00
2-20250602-01409,2,114,1.0,count,5.99,False,2025-06-02 16:04:08.164899986+00:00,T2,2025-06-02 16:04:08.638686081+00:00
2-20250602-01410,2,122,2.0,count,4.29,False,2025-06-02 16:06:48.888705891+00:00,T3,2025-06-02 16:06:51.477388734+00:00
2-20250602-01411,2,158,1.0,count,2.49,False,2025-06-02 16:09:29.373125579+00:00,T3,2025-06-02 16:09:33.357057906+00:00
1-20250602-00147,1,148,2.0,count,1.99,False,2025-06-02 16:09:57.502500589+00:00,T5,2025-06-02 16:10:01.087938750+00:00
2-20250602-01412,2,131,1.0,count,9.99,False,2025-06-02 20:10:17.674528004+00:00,T4,2025-06-02 16:10:18.334893342+00:00
1-20250602-00148,1,118,1.0,count,3.29,False,2025-06-02 16:11:25.115316565+00:00,T1,2025-06-02 16:11:25.173648552+00:00
2-20250602-01413,2,115,1.0,count,3.49,False,2025-06-02 16:14:48.814914253+00:00,T5,2025-06-02 16:14:50.619215769+00:00
2-20250602-01414,2,101,1.251,kg,1.49,False,2025-06-02 16:14:51.962681568+00:00,T1,2025-06-02 16:14:53.304037892+00:00
1-20250602-00149,1,135,3.0,count,4.99,False,2025-06-02 16:14:58.018208161+00:00,T2,2025-06-02 16:15:02.033408160+00:00
3-20250602-02454,3,108,3.0,count,1.25,False,2025-06-02 16:18:48.076941984+00:00,T5,2025-06-02 16:18:49.289501006+00:00
3-20250602-02454,3,108,3.0,count,1.25,False,2025-06-02 16:18:48.076941984+00:00,T5,2025-06-02 16:19:04.857169675+00:00
1-20250602-00151,1,107,2.0,count,1.89,False,2025-06-02 16:19:14.442508948+00:00,T5,2025-06-02 16:19:17.245279492+00:00
2-20250602-01415,2,151,1.0,count,9.99,False,2025-06-02 20:19:53.235248315+00:00,T4,2025-06-02 16:19:54.649886659+00:00
2-20250602-01416,2,157,1.117,liter,2.99,False,2025-06-02 16:19:59.067136228+00:00,T3,2025-06-02 16:20:00.696410462+00:00
2-20250602-01417,2,110,0.661,kg,1.29,False,2025-06-02 16:20:22.163738749+00:00,T1,2025-06-02 16:20:22.351536793+00:00
1-20250602-00152,1,103,3.0,count,2.99,False,2025-06-02 16:20:56.991827854+00:00,T1,2025-06-02 16:20:59.734829090+00:00
1-20250602-00153,1,105,0.103,kg,3.49,False,2025-06-02 16:22:24.582969694+00:00,T2,2025-06-02 16:22:29.698722637+00:00
2-20250602-01418,2,104,1.789,kg,1.99,False,2025-06-02 16:22:54.984445167+00:00,T5,2025-06-02 16:22:58.515794204+00:00
1-20250602-00154,1,109,1.0,count,1.99,False,2025-06-02 16:23:56.591272039+00:00,T1,2025-06-02 16:23:56.696440970+00:00
1-20250602-00155,1,110,0.719,kg,1.29,False,2025-06-02 16:25:18.112958047+00:00,T3,2025-06-02 16:25:18.283558480+00:00
2-20250602-01419,2,112,1.0,count,3.99,False,2025-06-02 16:25:18.095428446+00:00,T5,2025-06-02 16:25:19.116476166+00:00
2-20250602-01420,2,117,1.0,count,3.79,False,2025-06-02 16:26:00.569044458+00:00,T1,2025-06-02 16:26:02.804245544+00:00
1-20250602-00156,1,157,1.335,liter,2.99,False,2025-06-02 16:26:39.533747870+00:00,T4,2025-06-02 16:26:52.391855848+00:00
2-20250602-01421,2,113,3.0,count,0.55,True,2025-06-02 20:30:11.922654297+00:00,T4,2025-06-02 16:30:12.879142277+00:00
1-20250602-00157,1,160,1.0,count,3.99,False,2025-06-02 16:30:25.489868175+00:00,T4,2025-06-02 16:30:26.927096518+00:00
1-20250602-00158,1,143,2.0,count,1.19,False,2025-06-02 16:30:40.945056494+00:00,T3,2025-06-02 16:30:44.033434450+00:00
2-20250602-01422,2,144,2.0,count,4.29,False,2025-06-02 16:31:04.322958418+00:00,T1,2025-06-02 16:31:05.026498724+00:00
3-20250602-02455,3,126,1.0,count,1.29,False,2025-06-02 16:31:31.155852394+00:00,T2,2025-06-02 16:31:31.792162253+00:00
1-20250602-00159,1,127,0.988,kg,8.99,False,2025-06-02 16:32:29.241497295+00:00,T1,2025-06-02 16:32:31.263643097+00:00
1-20250602-00160,1,102,2.0,count,0.79,False,2025-06-02 16:34:11.568383404+00:00,T5,2025-06-02 16:34:11.960850959+00:00
2-20250602-01423,2,109,1.0,count,1.99,False,2025-06-02 16:34:15.809567054+00:00,T2,2025-06-02 16:34:19.356789700+00:00
3-20250602-02456,3,115,1.0,count,3.49,False,2025-06-02 16:38:14.467515808+00:00,T2,2025-06-02 16:38:21.513921847+00:00
3-20250602-02457,3,128,1.067,kg,10.99,False,2025-06-02 16:40:47.129102360+00:00,T4,2025-06-02 16:40:52.492711812+00:00
1-20250602-00161,1,101,1.748,kg,1.49,False,2025-06-02 16:41:07.802920010+00:00,T1,2025-06-02 16:41:08.890312489+00:00
3-20250602-02458,3,110,1.99,kg,1.29,False,2025-06-02 16:41:25.589721577+00:00,T1,2025-06-02 16:41:28.120966638+00:00
3-20250602-02459,3,112,2.0,count,3.99,False,2025-06-02 16:42:39.028536032+00:00,T1,2025-06-02 16:42:42.868689954+00:00
2-20250602-01424,2,147,2.0,count,5.99,False,2025-06-02 20:43:56.864964221+00:00,T4,2025-06-02 16:43:57.525565831+00:00
3-20250602-02460,3,149,2.0,count,2.39,True,2025-06-02 16:44:14.755403705+00:00,T4,2025-06-02 16:44:17.797895956+00:00
3-20250602-02461,3,103,1.0,count,2.99,False,2025-06-02 16:46:45.195505812+00:00,T4,2025-06-02 16:46:45.501834666+00:00
2-20250602-01425,2,109,1.0,count,1.99,False,2025-06-02 16:46:51.777883409+00:00,T2,2025-06-02 16:46:52.289349566+00:00
1-20250602-00162,1,103,2.0,count,2.99,False,2025-06-02 16:46:55.432857741+00:00,T1,2025-06-02 16:46:56.331967426+00:00
1-20250602-00163,1,117,1.0,count,3.79,False,2025-06-02 16:47:58.707993021+00:00,T3,2025-06-02 16:47:59.102867698+00:00
3-20250602-02462,3,127,0.643,kg,8.99,False,2025-06-02 16:48:57.688604695+00:00,T5,2025-06-02 16:48:59.911313507+00:00
3-20250602-02463,3,110,0.074,kg,1.29,False,2025-06-02 16:49:19.551519636+00:00,T3,2025-06-02 16:49:20.211654023+00:00
3-20250602-02464,3,122,1.0,count,4.29,False,2025-06-02 16:53:16.650860060+00:00,T5,2025-06-02 16:53:23.135035602+00:00
1-20250602-00164,1,160,1.0,count,3.99,False,2025-06-02 16:54:11.920304054+00:00,T5,2025-06-02 16:54:14.239602102+00:00
1-20250602-00165,1,145,1.0,count,9.99,False,2025-06-02 16:55:14.513927274+00:00,T4,2025-06-02 16:55:15.726003313+00:00
3-20250602-02465,3,122,1.0,count,4.29,False,2025-06-02 16:55:53.798911804+00:00,T5,2025-06-02 16:55:55.531128234+00:00
1-20250602-00166,1,105,0.205,kg,3.49,False,2025-06-02 16:55:54.029002203+00:00,T3,2025-06-02 16:55:57.803713627+00:00
1-20250602-00167,1,135,1.0,count,4.99,False,2025-06-02 16:56:04.330941889+00:00,T5,2025-06-02 16:56:05.264885789+00:00
3-20250602-02466,3,120,2.0,count,3.99,False,2025-06-02 16:57:28.223506790+00:00,T3,2025-06-02 16:57:30.324798780+00:00
1-20250602-00168,1,126,2.0,count,1.29,False,2025-06-02 16:57:45.705163923+00:00,T5,2025-06-02 16:57:48.587950865+00:00
3-20250602-02467,3,119,3.0,count,5.49,False,2025-06-02 16:58:16.382372757+00:00,T3,2025-06-02 16:58:17.819966514+00:00
3-20250602-02468,3,107,1.0,count,1.89,False,2025-06-02 16:58:43.568549399+00:00,T5,2025-06-02 16:58:43.786906220+00:00
3-20250602-02469,3,127,2.291,kg,8.99,False,2025-06-02 16:58:45.866021612+00:00,T2,2025-06-02 16:58:48.365636066+00:00
1-20250602-00169,1,135,2.0,count,4.99,False,2025-06-02 16:58:56.154062367+00:00,T4,2025-06-02 16:58:56.919294479+00:00
1-20250602-00170,1,106,2.608,kg,3.99,False,2025-06-02 16:59:39.707242064+00:00,T3,2025-06-02 16:59:39.907862867+00:00
1-20250602-00171,1,140,2.0,count,2.79,False,2025-06-02 17:00:01.115784833+00:00,T5,2025-06-02 17:00:05.484462871+00:00
1-20250602-00172,1,111,0.415,kg,1.59,False,2025-06-02 17:00:40.771504517+00:00,T2,2025-06-02 17:00:41.352908467+00:00
3-20250602-02470,3,158,3.0,count,2.49,False,2025-06-02 17:02:20.442010649+00:00,T5,2025-06-02 17:02:21.541065981+00:00
2-20250602-01426,2,117,1.0,count,3.79,False,2025-06-02 21:03:35.628146092+00:00,T4,2025-06-02 17:03:37.437311733+00:00
1-20250602-00173,1,111,2.194,kg,1.59,False,2025-06-02 17:05:46.643509791+00:00,T2,2025-06-02 17:05:54.729354155+00:00
1-20250602-00174,1,101,1.752,kg,1.49,False,2025-06-02 17:06:15.218334682+00:00,T4,2025-06-02 17:06:17.205151668+00:00
1-20250602-00175,1,138,2.0,count,1.49,False,2025-06-02 17:07:15.525031107+00:00,T2,2025-06-02 17:07:16.354412187+00:00
1-20250602-00176,1,134,1.0,count,6.99,False,2025-06-02 17:07:37.365402149+00:00,T2,2025-06-02 17:07:38.365894102+00:00
3-20250602-02471,3,113,2.0,count,0.55,True,2025-06-02 17:08:46.422210889+00:00,T2,2025-06-02 17:08:51.004735428+00:00
2-20250602-01427,2,118,1.0,count,3.29,False,2025-06-02 17:08:52.893475661+00:00,T5,2025-06-02 17:08:54.277014459+00:00
2-20250602-01428,2,106,0.719,kg,3.99,False,2025-06-02 21:09:09.493235365+00:00,T4,2025-06-02 17:09:09.548205240+00:00
1-20250602-00177,1,123,2.0,count,2.99,False,2025-06-02 17:10:11.034360125+00:00,T1,2025-06-02 17:10:15.283067890+00:00
3-20250602-02472,3,107,2.0,count,1.89,False,2025-06-02 17:12:37.047138617+00:00,T4,2025-06-02 17:12:37.808316923+00:00
1-20250602-00178,1,150,1.0,count,8.99,False,2025-06-02 17:12:43.136222728+00:00,T4,2025-06-02 17:12:48.554869005+00:00
2-20250602-01429,2,129,1.309,kg,9.49,False,2025-06-02 17:12:53.530857941+00:00,T3,2025-06-02 17:12:57.517311795+00:00
2-20250602-01430,2,112,2.0,count,3.99,False,2025-06-02 17:13:47.654960415+00:00,T2,2025-06-02 17:13:50.956888425+00:00
2-20250602-01431,2,110,1.962,kg,1.29,False,2025-06-02 17:14:07.225283730+00:00,T5,2025-06-02 17:14:08.355031008+00:00
2-20250602-01432,2,104,0.57,kg,1.99,False,2025-06-02 17:14:45.151658152+00:00,T3,2025-06-02 17:14:45.910946143+00:00
2-20250602-01433,2,132,1.0,count,5.99,False,2025-06-02 17:16:08.040343833+00:00,T3,2025-06-02 17:16:11.125115094+00:00
3-20250602-02473,3,145,2.0,count,9.99,False,2025-06-02 17:16:17.917651079+00:00,T4,2025-06-02 17:16:20.484903987+00:00
1-20250602-00179,1,116,1.0,count,2.49,False,2025-06-02 17:16:41.520693139+00:00,T1,2025-06-02 17:16:42.343718121+00:00
3-20250602-02474,3,116,1.0,count,2.49,False,2025-06-02 17:21:49.506832088+00:00,T2,2025-06-02 17:21:50.031391838+00:00
3-20250602-02475,3,128,0.103,kg,10.99,False,2025-06-02 17:21:55.008343922+00:00,T3,2025-06-02 17:21:56.170826194+00:00
1-20250602-00180,1,112,3.0,count,3.99,False,2025-06-02 17:23:31.057062869+00:00,T4,2025-06-02 17:23:32.075530357+00:00
1-20250602-00181,1,101,1.419,kg,1.49,False,2025-06-02 17:23:57.003596839+00:00,T5,2025-06-02 17:23:58.218353533+00:00
1-20250602-00181,1,101,1.419,kg,1.49,False,2025-06-02 17:23:57.003596839+00:00,T5,2025-06-02 17:24:27.221507793+00:00
2-20250602-01435,2,134,1.0,count,6.99,False,2025-06-02 21:25:51.963119451+00:00,T4,2025-06-02 17:25:56.705322933+00:00
2-20250602-01436,2,145,3.0,count,9.99,False,2025-06-02 17:27:11.469965559+00:00,T1,2025-06-02 17:27:15.612713531+00:00
2-20250602-01437,2,151,2.0,count,9.99,False,2025-06-02 17:27:31.251021894+00:00,T5,2025-06-02 17:27:32.026062944+00:00
3-20250602-02476,3,109,2.0,count,1.99,False,2025-06-02 17:27:45.676341820+00:00,T2,2025-06-02 17:27:47.954737874+00:00
2-20250602-01438,2,103,1.0,count,2.99,False,2025-06-02 17:28:39.013520812+00:00,T2,2025-06-02 17:28:44.565048676+00:00
3-20250602-02477,3,154,1.687,liter,3.99,False,2025-06-02 17:30:28.478990594+00:00,T1,2025-06-02 17:30:29.838213875+00:00
2-20250602-01439,2,125,1.0,count,3.99,False,2025-06-02 17:31:12.532094717+00:00,T1,2025-06-02 17:31:20.342426707+00:00
3-20250602-02478,3,133,3.0,count,3.99,False,2025-06-02 17:32:24.209615665+00:00,T2,2025-06-02 17:32:24.414351100+00:00
1-20250602-00182,1,126,3.0,count,1.29,False,2025-06-02 17:32:39.750002773+00:00,T1,2025-06-02 17:32:40.681505383+00:00
3-20250602-02479,3,118,2.0,count,3.29,False,2025-06-02 17:32:45.484836036+00:00,T2,2025-06-02 17:32:47.563835961+00:00
2-20250602-01440,2,106,1.138,kg,3.99,False,2025-06-02 17:32:55.025173150+00:00,T5,2025-06-02 17:32:56.596879676+00:00
1-20250602-00183,1,105,2.136,kg,3.49,False,2025-06-02 17:33:00.975939881+00:00,T3,2025-06-02 17:33:08.776409426+00:00
1-20250602-00184,1,157,0.69,liter,2.99,False,2025-06-02 17:33:34.810125538+00:00,T1,2025-06-02 17:33:37.919103757+00:00
1-20250602-00185,1,129,0.731,kg,9.49,False,2025-06-02 17:36:04.901987213+00:00,T3,2025-06-02 17:36:05.733642008+00:00
3-20250602-02480,3,159,1.286,kg,12.99,False,2025-06-02 17:37:56.422376175+00:00,T5,2025-06-02 17:37:58.142361460+00:00
2-20250602-01441,2,127,1.993,kg,8.99,False,2025-06-02 17:37:56.740456277+00:00,T1,2025-06-02 17:38:01.816244216+00:00
3-20250602-02481,3,129,1.098,kg,9.49,False,2025-06-02 17:38:09.216400509+00:00,T2,2025-06-02 17:38:09.748452272+00:00
2-20250602-01442,2,133,2.0,count,3.99,False,2025-06-02 21:38:04.686590564+00:00,T4,2025-06-02 17:38:09.749680661+00:00
2-20250602-01443,2,135,3.0,count,4.99,False,2025-06-02 21:39:39.630876658+00:00,T4,2025-06-02 17:39:40.862331970+00:00
2-20250602-01444,2,111,0.75,kg,1.59,False,2025-06-02 17:39:49.371297248+00:00,T2,2025-06-02 17:39:52.880361379+00:00
1-20250602-00186,1,116,3.0,count,2.49,False,2025-06-02 17:41:40.816847238+00:00,T1,2025-06-02 17:41:42.556718646+00:00
2-20250602-01445,2,114,1.0,count,5.99,False,2025-06-02 21:42:48.699837525+00:00,T4,2025-06-02 17:42:50.478797908+00:00
3-20250602-02482,3,116,3.0,count,2.49,False,2025-06-02 17:42:55.322257834+00:00,T4,2025-06-02 17:42:56.786736263+00:00
3-20250602-02483,3,159,0.604,kg,12.99,False,2025-06-02 17:43:35.060211283+00:00,T5,2025-06-02 17:43:38.534971096+00:00
2-20250602-01446,2,111,1.628,kg,1.59,False,2025-06-02 17:44:24.751363571+00:00,T3,2025-06-02 17:44:29.656797373+00:00
2-20250602-01447,2,102,2.0,count,0.79,False,2025-06-02 17:46:39.101100886+00:00,T5,2025-06-02 17:46:39.551074262+00:00
2-20250602-01448,2,117,1.0,count,3.79,False,2025-06-02 21:46:56.428903251+00:00,T4,2025-06-02 17:46:57.863817335+00:00
2-20250602-01449,2,114,3.0,count,5.99,False,2025-06-02 17:47:12.026274591+00:00,T2,2025-06-02 17:47:15.635227812+00:00
1-20250602-00187,1,101,0.444,kg,1.49,False,2025-06-02 17:47:25.366044674+00:00,T5,2025-06-02 17:47:26.491932661+00:00
1-20250602-00188,1,135,1.0,count,4.99,False,2025-06-02 17:50:12.792514994+00:00,T5,2025-06-02 17:50:16.139368572+00:00
2-20250602-01450,2,112,2.0,count,3.99,False,2025-06-02 17:52:12.388559759+00:00,T1,2025-06-02 17:52:13.710583287+00:00
1-20250602-00189,1,103,1.0,count,2.99,False,2025-06-02 17:52:26.619449900+00:00,T5,2025-06-02 17:52:34.766440762+00:00
1-20250602-00190,1,101,2.247,kg,1.49,False,2025-06-02 17:53:20.383122900+00:00,T5,2025-06-02 17:53:20.856425507+00:00
2-20250602-01451,2,101,0.826,kg,1.49,False,2025-06-02 17:54:01.986241803+00:00,T3,2025-06-02 17:54:03.062334424+00:00
1-20250602-00191,1,117,1.0,count,3.79,False,2025-06-02 17:54:22.578998838+00:00,T4,2025-06-02 17:54:24.395844353+00:00
1-20250602-00192,1,126,3.0,count,1.29,False,2025-06-02 17:55:06.508850288+00:00,T1,2025-06-02 17:55:07.260964942+00:00
2-20250602-01452,2,134,1.0,count,6.99,False,2025-06-02 17:55:37.448486173+00:00,T2,2025-06-02 17:55:40.185352824+00:00
3-20250602-02484,3,124,2.0,count,3.49,False,2025-06-02 17:58:24.620155485+00:00,T1,2025-06-02 17:58:25.143926273+00:00
3-20250602-02485,3,112,2.0,count,3.99,False,2025-06-02 18:01:25.114655937+00:00,T5,2025-06-02 18:01:26.069865355+00:00
2-20250602-01453,2,113,1.0,count,0.55,True,2025-06-02 18:01:37.986550687+00:00,T5,2025-06-02 18:01:38.002667592+00:00
2-20250602-01454,2,155,0.157,liter,3.49,False,2025-06-02 18:02:48.502976533+00:00,T1,2025-06-02 18:02:55.510588749+00:00
1-20250602-00193,1,117,2.0,count,3.79,False,2025-06-02 18:03:16.323537197+00:00,T3,2025-06-02 18:03:16.387926223+00:00
3-20250602-02486,3,149,1.0,count,2.39,True,2025-06-02 18:03:38.751366316+00:00,T1,2025-06-02 18:03:44.284372343+00:00
3-20250602-02487,3,118,2.0,count,3.29,False,2025-06-02 18:04:25.421698763+00:00,T2,2025-06-02 18:04:33.768471937+00:00
1-20250602-00194,1,126,2.0,count,1.29,False,2025-06-02 18:04:42.598273257+00:00,T1,2025-06-02 18:04:46.946326991+00:00
2-20250602-01455,2,149,2.0,count,2.39,True,2025-06-02 18:06:24.486819089+00:00,T1,2025-06-02 18:06:25.468842121+00:00
3-20250602-02488,3,101,1.013,kg,1.49,False,2025-06-02 18:06:44.800777209+00:00,T5,2025-06-02 18:06:49.002925241+00:00
2-20250602-01456,2,141,1.0,count,5.99,False,2025-06-02 22:10:49.566902506+00:00,T4,2025-06-02 18:10:50.567458070+00:00
1-20250602-00196,1,102,1.0,count,0.79,False,2025-06-02 18:11:09.253212881+00:00,T4,2025-06-02 18:11:09.713304193+00:00
1-20250602-00195,1,108,2.0,count,1.25,False,2025-06-02 18:11:07.653504323+00:00,T3,2025-06-02 18:11:10.054740998+00:00
2-20250602-01457,2,128,1.216,kg,10.99,False,2025-06-02 22:11:13.353458664+00:00,T4,2025-06-02 18:11:14.372193818+00:00
2-20250602-01458,2,103,1.0,count,2.99,False,2025-06-02 18:11:45.822640465+00:00,T2,2025-06-02 18:11:49.296853557+00:00
1-20250602-00197,1,118,1.0,count,3.29,False,2025-06-02 18:12:22.411738937+00:00,T1,2025-06-02 18:12:24.611126267+00:00
1-20250602-00198,1,105,2.047,kg,3.49,False,2025-06-02 18:14:13.162851272+00:00,T5,2025-06-02 18:14:19.672042885+00:00
3-20250602-02489,3,101,1.775,kg,1.49,False,2025-06-02 18:14:55.478922850+00:00,T5,2025-06-02 18:15:01.953991717+00:00
1-20250602-00199,1,112,2.0,count,3.99,False,2025-06-02 18:15:32.606896739+00:00,T1,2025-06-02 18:15:34.014227821+00:00
3-20250602-02490,3,126,1.0,count,1.29,False,2025-06-02 18:18:20.108349535+00:00,T5,2025-06-02 18:18:23.132839304+00:00
3-20250602-02491,3,136,1.0,count,8.99,False,2025-06-02 18:19:43.400905077+00:00,T5,2025-06-02 18:19:46.933904645+00:00
2-20250602-01459,2,155,1.274,liter,3.49,False,2025-06-02 18:21:16.832344670+00:00,T1,2025-06-02 18:21:17.199753233+00:00
1-20250602-00200,1,139,1.0,count,2.99,False,2025-06-02 18:21:19.363526949+00:00,T5,2025-06-02 18:21:20.238088861+00:00
2-20250602-01460,2,101,0.924,kg,1.49,False,2025-06-02 18:21:47.686297729+00:00,T3,2025-06-02 18:21:50.926049104+00:00
3-20250602-02492,3,101,0.962,kg,1.49,False,2025-06-02 18:22:21.208951561+00:00,T1,2025-06-02 18:22:21.251160084+00:00
1-20250602-00201,1,105,2.046,kg,3.49,False,2025-06-02 18:22:23.998353023+00:00,T5,2025-06-02 18:22:24.691973313+00:00
3-20250602-02493,3,136,1.0,count,8.99,False,2025-06-02 18:24:09.960227902+00:00,T5,2025-06-02 18:24:11.152434914+00:00
3-20250602-02494,3,150,1.0,count,8.99,False,2025-06-02 18:25:20.264125508+00:00,T5,2025-06-02 18:25:20.986566515+00:00
3-20250602-02495,3,123,2.0,count,2.99,False,2025-06-02 18:25:41.930828608+00:00,T3,2025-06-02 18:25:48.620320572+00:00
1-20250602-00150,1,128,1.143,kg,10.99,False,2025-06-02 16:16:01.293956878+00:00,T4,2025-06-02 18:26:28.022425415+00:00
1-20250602-00202,1,151,1.0,count,9.99,False,2025-06-02 18:28:21.984554782+00:00,T5,2025-06-02 18:28:25.382042183+00:00
2-20250602-01461,2,109,2.0,count,1.99,False,2025-06-02 22:28:44.419405746+00:00,T4,2025-06-02 18:28:47.619870890+00:00
2-20250602-01462,2,102,1.0,count,0.79,False,2025-06-02 18:29:07.700975951+00:00,T1,2025-06-02 18:29:13.083487613+00:00
1-20250602-00203,1,119,1.0,count,5.49,False,2025-06-02 18:30:01.047156575+00:00,T1,2025-06-02 18:30:01.892074228+00:00
1-20250602-00204,1,128,1.241,kg,10.99,False,2025-06-02 18:33:09.856525679+00:00,T4,2025-06-02 18:33:09.914485078+00:00
1-20250602-00205,1,138,2.0,count,1.49,False,2025-06-02 18:33:29.137046719+00:00,T1,2025-06-02 18:33:32.668107193+00:00
1-20250602-00206,1,110,1.692,kg,1.29,False,2025-06-02 18:34:37.974631540+00:00,T3,2025-06-02 18:34:40.676467410+00:00
3-20250602-02496,3,135,1.0,count,4.99,False,2025-06-02 18:35:03.100418221+00:00,T5,2025-06-02 18:35:04.494059415+00:00
1-20250602-00207,1,105,0.951,kg,3.49,False,2025-06-02 18:35:23.134567772+00:00,T1,2025-06-02 18:35:24.965318852+00:00
2-20250602-01463,2,126,1.0,count,1.29,False,2025-06-02 18:39:08.591133940+00:00,T5,2025-06-02 18:39:09.402115192+00:00
2-20250602-01464,2,108,3.0,count,1.25,False,2025-06-02 22:41:49.735351502+00:00,T4,2025-06-02 18:41:50.760059975+00:00
3-20250602-02497,3,111,0.704,kg,1.59,False,2025-06-02 18:41:54.744801833+00:00,T4,2025-06-02 18:41:58.826177273+00:00
1-20250602-00208,1,133,1.0,count,3.99,False,2025-06-02 18:43:59.153826106+00:00,T5,2025-06-02 18:43:59.680250841+00:00
1-20250602-00209,1,102,1.0,count,0.79,False,2025-06-02 18:44:33.437137043+00:00,T4,2025-06-02 18:44:35.240168545+00:00
3-20250602-02498,3,132,3.0,count,5.99,False,2025-06-02 18:45:07.734896153+00:00,T3,2025-06-02 18:45:09.094543880+00:00
3-20250602-02499,3,135,2.0,count,4.99,False,2025-06-02 18:45:21.788891860+00:00,T5,2025-06-02 18:45:23.582973814+00:00
2-20250602-01465,2,132,2.0,count,5.99,False,2025-06-02 18:46:31.011785179+00:00,T1,2025-06-02 18:46:31.195376982+00:00
1-20250602-00210,1,110,0.308,kg,1.29,False,2025-06-02 18:47:54.883008734+00:00,T4,2025-06-02 18:47:56.656995003+00:00
1-20250602-00211,1,151,1.0,count,9.99,False,2025-06-02 18:47:59.651178425+00:00,T5,2025-06-02 18:48:02.962169749+00:00
1-20250602-00212,1,124,2.0,count,3.49,False,2025-06-02 18:48:12.372457721+00:00,T5,2025-06-02 18:48:14.486355166+00:00
3-20250602-02500,3,102,1.0,count,0.79,False,2025-06-02 18:48:13.160358742+00:00,T4,2025-06-02 18:48:15.177149533+00:00
1-20250602-00213,1,108,1.0,count,1.25,False,2025-06-02 18:48:21.771801845+00:00,T2,2025-06-02 18:48:22.562092473+00:00
1-20250602-00214,1,135,3.0,count,4.99,False,2025-06-02 18:48:42.771852764+00:00,T1,2025-06-02 18:48:43.071240684+00:00
1-20250602-00215,1,114,3.0,count,5.99,False,2025-06-02 18:48:47.154829580+00:00,T5,2025-06-02 18:48:50.974715922+00:00
2-20250602-01466,2,150,1.0,count,8.99,False,2025-06-02 18:48:56.773147537+00:00,T3,2025-06-02 18:48:58.901996805+00:00
2-20250602-01467,2,105,1.839,kg,3.49,False,2025-06-02 18:49:31.922427029+00:00,T5,2025-06-02 18:49:33.223225580+00:00
1-20250602-00216,1,123,1.0,count,2.99,False,2025-06-02 18:49:37.893694595+00:00,T4,2025-06-02 18:49:39.640609089+00:00
2-20250602-01468,2,114,2.0,count,5.99,False,2025-06-02 22:51:08.409732615+00:00,T4,2025-06-02 18:51:11.496815440+00:00
2-20250602-01469,2,102,2.0,count,0.79,False,2025-06-02 18:51:14.587805872+00:00,T3,2025-06-02 18:51:16.334216679+00:00
3-20250602-02501,3,101,0.344,kg,1.49,False,2025-06-02 18:52:03.872080238+00:00,T5,2025-06-02 18:52:05.561993362+00:00
1-20250602-00217,1,120,2.0,count,3.99,False,2025-06-02 18:52:21.698299712+00:00,T1,2025-06-02 18:52:21.866624411+00:00
2-20250602-01470,2,124,2.0,count,3.49,False,2025-06-02 18:52:34.691998706+00:00,T3,2025-06-02 18:52:39.391181745+00:00
2-20250602-01471,2,118,1.0,count,3.29,False,2025-06-02 18:53:52.019744058+00:00,T3,2025-06-02 18:53:54.248275469+00:00
3-20250602-02502,3,131,2.0,count,9.99,False,2025-06-02 18:54:19.751917002+00:00,T4,2025-06-02 18:54:20.332078532+00:00
1-20250602-00218,1,102,2.0,count,0.79,False,2025-06-02 18:54:57.087362281+00:00,T3,2025-06-02 18:54:57.542006040+00:00
2-20250602-01472,2,134,1.0,count,6.99,False,2025-06-02 18:55:31.655986047+00:00,T1,2025-06-02 18:55:31.993927446+00:00
1-20250602-00219,1,101,0.293,kg,1.49,False,2025-06-02 18:58:40.085025933+00:00,T1,2025-06-02 18:58:41.604807205+00:00
1-20250602-00220,1,115,2.0,count,3.49,False,2025-06-02 18:58:41.433946092+00:00,T2,2025-06-02 18:58:41.791368621+00:00
3-20250602-02503,3,101,0.768,kg,1.49,False,2025-06-02 18:59:04.841925423+00:00,T1,2025-06-02 18:59:06.340893644+00:00
1-20250602-00221,1,126,2.0,count,1.29,False,2025-06-02 19:00:11.318171430+00:00,T2,2025-06-02 19:00:12.059065506+00:00
1-20250602-00222,1,128,1.858,kg,10.99,False,2025-06-02 19:00:26.316095051+00:00,T1,2025-06-02 19:00:26.898711932+00:00
1-20250602-00223,1,101,0.378,kg,1.49,False,2025-06-02 19:03:47.580325384+00:00,T5,2025-06-02 19:03:50.285738030+00:00
1-20250602-00224,1,102,1.0,count,0.79,False,2025-06-02 19:04:19.918589778+00:00,T2,2025-06-02 19:04:21.957390490+00:00
3-20250602-02504,3,126,2.0,count,1.29,False,2025-06-02 19:05:26.179532718+00:00,T5,2025-06-02 19:05:26.180400577+00:00
2-20250602-01473,2,104,1.407,kg,1.99,False,2025-06-02 19:07:03.557839695+00:00,T1,2025-06-02 19:07:06.752640609+00:00
2-20250602-01474,2,106,0.995,kg,3.99,False,2025-06-02 19:07:24.024481138+00:00,T1,2025-06-02 19:07:24.667410709+00:00
1-20250602-00225,1,113,2.0,count,0.55,True,2025-06-02 19:07:19.256710625+00:00,T3,2025-06-02 19:07:37.915525629+00:00
3-20250602-02505,3,133,2.0,count,3.99,False,2025-06-02 19:09:49.757170228+00:00,T4,2025-06-02 19:09:50.684704611+00:00
1-20250602-00226,1,139,3.0,count,2.99,False,2025-06-02 19:10:39.246404987+00:00,T5,2025-06-02 19:10:40.000040205+00:00
2-20250602-01475,2,126,3.0,count,1.29,False,2025-06-02 19:10:56.639253626+00:00,T3,2025-06-02 19:10:56.770260389+00:00
1-20250602-00227,1,147,3.0,count,5.99,False,2025-06-02 19:12:19.660277681+00:00,T3,2025-06-02 19:12:25.985827536+00:00
1-20250602-00228,1,133,1.0,count,3.99,False,2025-06-02 19:13:28.634251394+00:00,T1,2025-06-02 19:13:32.366954773+00:00
3-20250602-02506,3,158,1.0,count,2.49,False,2025-06-02 19:14:07.925473545+00:00,T1,2025-06-02 19:14:08.762770304+00:00
1-20250602-00229,1,128,1.932,kg,10.99,False,2025-06-02 19:14:09.431551750+00:00,T5,2025-06-02 19:14:10.347323660+00:00
1-20250602-00230,1,110,0.761,kg,1.29,False,2025-06-02 19:14:32.200606671+00:00,T2,2025-06-02 19:14:32.956693837+00:00
3-20250602-02507,3,110,0.812,kg,1.29,False,2025-06-02 19:14:41.423998701+00:00,T4,2025-06-02 19:14:41.639682086+00:00
2-20250602-01476,2,128,0.502,kg,10.99,False,2025-06-02 19:16:03.253670053+00:00,T1,2025-06-02 19:16:07.026263999+00:00
1-20250602-00231,1,159,0.122,kg,12.99,False,2025-06-02 19:16:12.849058478+00:00,T2,2025-06-02 19:16:12.980983655+00:00
3-20250602-02508,3,152,1.0,count,2.99,False,2025-06-02 19:16:59.924666764+00:00,T4,2025-06-02 19:17:06.304754261+00:00
1-20250602-00232,1,132,2.0,count,5.99,False,2025-06-02 19:17:17.480748407+00:00,T4,2025-06-02 19:17:18.694838468+00:00
2-20250602-01477,2,101,0.933,kg,1.49,False,2025-06-02 23:20:06.822671764+00:00,T4,2025-06-02 19:20:07.150826283+00:00
3-20250602-02509,3,115,1.0,count,3.49,False,2025-06-02 19:20:29.326010202+00:00,T5,2025-06-02 19:20:29.476507838+00:00
3-20250602-02510,3,147,1.0,count,5.99,False,2025-06-02 19:21:32.031995357+00:00,T1,2025-06-02 19:21:32.581465961+00:00
1-20250602-00233,1,132,1.0,count,5.99,False,2025-06-02 19:23:44.948929574+00:00,T3,2025-06-02 19:23:49.537884729+00:00
1-20250602-00234,1,111,0.07,kg,1.59,False,2025-06-02 19:23:50.165638253+00:00,T3,2025-06-02 19:23:50.196355251+00:00
1-20250602-00235,1,117,1.0,count,3.79,False,2025-06-02 19:23:59.099241057+00:00,T4,2025-06-02 19:24:00.988982716+00:00
2-20250602-01478,2,128,1.877,kg,10.99,False,2025-06-02 19:24:29.571495373+00:00,T3,2025-06-02 19:24:32.434758584+00:00
1-20250602-00236,1,108,1.0,count,1.25,False,2025-06-02 19:24:59.476643646+00:00,T5,2025-06-02 19:25:01.236752343+00:00
3-20250602-02511,3,147,3.0,count,5.99,False,2025-06-02 19:25:44.076961783+00:00,T4,2025-06-02 19:25:47.422668871+00:00
3-20250602-02512,3,122,2.0,count,4.29,False,2025-06-02 19:26:03.522928025+00:00,T1,2025-06-02 19:26:10.964459098+00:00
1-20250602-00237,1,118,1.0,count,3.29,False,2025-06-02 19:26:15.554715356+00:00,T4,2025-06-02 19:26:15.811123596+00:00
1-20250602-00238,1,117,1.0,count,3.79,False,2025-06-02 19:27:54.776355185+00:00,T2,2025-06-02 19:27:55.752068608+00:00
1-20250602-00239,1,113,2.0,count,0.55,True,2025-06-02 19:29:19.849500067+00:00,T2,2025-06-02 19:29:20.499560367+00:00
3-20250602-02513,3,113,1.0,count,0.55,True,2025-06-02 19:30:44.761469934+00:00,T2,2025-06-02 19:30:49.312034312+00:00
3-20250602-02514,3,108,2.0,count,1.25,False,2025-06-02 19:31:02.195925266+00:00,T2,2025-06-02 19:31:02.790948722+00:00
1-20250602-00240,1,122,1.0,count,4.29,False,2025-06-02 19:31:09.599789126+00:00,T2,2025-06-02 19:31:11.215225015+00:00
2-20250602-01479,2,128,1.558,kg,10.99,False,2025-06-02 23:31:16.972096857+00:00,T4,2025-06-02 19:31:17.151883098+00:00
1-20250602-00241,1,119,2.0,count,5.49,False,2025-06-02 19:32:16.397010135+00:00,T3,2025-06-02 19:32:22.972471333+00:00
1-20250602-00242,1,154,1.027,liter,3.99,False,2025-06-02 19:32:40.925945478+00:00,T2,2025-06-02 19:32:43.129912466+00:00
2-20250602-01480,2,106,1.763,kg,3.99,False,2025-06-02 19:33:18.926062653+00:00,T2,2025-06-02 19:33:19.885908185+00:00
1-20250602-00243,1,132,3.0,count,5.99,False,2025-06-02 19:33:58.982126280+00:00,T4,2025-06-02 19:33:59.938755052+00:00
1-20250602-00244,1,108,1.0,count,1.25,False,2025-06-02 19:34:10.347427074+00:00,T1,2025-06-02 19:34:10.721787377+00:00
1-20250602-00245,1,120,1.0,count,3.99,False,2025-06-02 19:35:19.265821301+00:00,T1,2025-06-02 19:35:20.398843875+00:00
2-20250602-01481,2,107,3.0,count,1.89,False,2025-06-02 23:35:16.728400862+00:00,T4,2025-06-02 19:35:21.139139683+00:00
1-20250602-00246,1,127,0.679,kg,8.99,False,2025-06-02 19:35:23.974866682+00:00,T1,2025-06-02 19:35:25.495062571+00:00
3-20250602-02515,3,106,0.632,kg,3.99,False,2025-06-02 19:36:17.604214247+00:00,T2,2025-06-02 19:36:18.198729290+00:00
2-20250602-01482,2,116,1.0,count,2.49,False,2025-06-02 19:37:13.251245551+00:00,T3,2025-06-02 19:37:16.521860809+00:00
1-20250602-00247,1,117,1.0,count,3.79,False,2025-06-02 19:37:57.050134087+00:00,T5,2025-06-02 19:37:58.087063549+00:00
1-20250602-00248,1,139,2.0,count,2.99,False,2025-06-02 19:38:16.129899152+00:00,T4,2025-06-02 19:38:18.344774441+00:00
1-20250602-00249,1,130,0.447,kg,21.99,False,2025-06-02 19:39:05.177882472+00:00,T5,2025-06-02 19:39:06.277049185+00:00
2-20250602-01483,2,147,1.0,count,5.99,False,2025-06-02 23:40:24.769361389+00:00,T4,2025-06-02 19:40:25.045969709+00:00
3-20250602-02516,3,122,3.0,count,4.29,False,2025-06-02 19:41:26.956601935+00:00,T2,2025-06-02 19:41:30.007016505+00:00
1-20250602-00250,1,111,3.324,kg,1.59,False,2025-06-02 19:43:43.828620520+00:00,T2,2025-06-02 19:43:44.751109618+00:00
3-20250602-02517,3,113,1.0,count,0.55,True,2025-06-02 19:44:59.775691305+00:00,T2,2025-06-02 19:45:02.674400045+00:00
3-20250602-02518,3,102,1.0,count,0.79,False,2025-06-02 19:45:17.699087685+00:00,T1,2025-06-02 19:45:17.747690540+00:00
3-20250602-02519,3,148,1.0,count,1.99,False,2025-06-02 19:47:21.234114196+00:00,T1,2025-06-02 19:47:22.002720716+00:00
1-20250602-00251,1,127,0.739,kg,8.99,False,2025-06-02 19:47:44.295636660+00:00,T4,2025-06-02 19:47:44.707864572+00:00
2-20250602-01484,2,115,2.0,count,3.49,False,2025-06-02 19:49:59.683038060+00:00,T2,2025-06-02 19:50:00.448144074+00:00
2-20250602-01485,2,120,2.0,count,3.99,False,2025-06-02 19:51:22.031530507+00:00,T2,2025-06-02 19:51:23.263812621+00:00
1-20250602-00252,1,117,3.0,count,3.79,False,2025-06-02 19:51:49.287111982+00:00,T2,2025-06-02 19:51:49.410697946+00:00
3-20250602-02520,3,158,3.0,count,2.49,False,2025-06-02 19:51:47.649108969+00:00,T4,2025-06-02 19:51:53.353762229+00:00
1-20250602-00253,1,113,3.0,count,0.55,True,2025-06-02 19:53:04.640293932+00:00,T2,2025-06-02 19:53:05.563265705+00:00
2-20250602-01486,2,101,1.346,kg,1.49,False,2025-06-02 19:53:48.085857708+00:00,T3,2025-06-02 19:53:48.628555871+00:00
3-20250602-02521,3,140,2.0,count,2.79,False,2025-06-02 19:55:48.972949992+00:00,T1,2025-06-02 19:55:49.622663238+00:00
1-20250602-00254,1,135,1.0,count,4.99,False,2025-06-02 19:56:30.595935217+00:00,T1,2025-06-02 19:56:30.751588735+00:00
1-20250602-00255,1,134,3.0,count,6.99,False,2025-06-02 19:56:52.907600774+00:00,T1,2025-06-02 19:56:53.108683383+00:00
2-20250602-01434,2,122,1.0,count,4.29,False,2025-06-02 21:25:36.414356247+00:00,T4,2025-06-02 19:57:17.871118249+00:00
1-20250602-00256,1,114,1.0,count,5.99,False,2025-06-02 19:58:45.950468927+00:00,T5,2025-06-02 19:58:48.987928397+00:00
3-20250602-02522,3,122,1.0,count,4.29,False,2025-06-02 19:59:06.429807510+00:00,T4,2025-06-02 19:59:08.003042643+00:00
2-20250602-01487,2,105,1.593,kg,3.49,False,2025-06-02 19:59:28.594854502+00:00,T5,2025-06-02 19:59:31.125060042+00:00
1-20250602-00257,1,111,0.405,kg,1.59,False,2025-06-02 20:00:59.343307973+00:00,T1,2025-06-02 20:01:01.924085683+00:00
3-20250602-02523,3,145,1.0,count,9.99,False,2025-06-02 20:02:49.693281471+00:00,T2,2025-06-02 20:02:50.722619566+00:00
1-20250602-00258,1,131,2.0,count,9.99,False,2025-06-02 20:02:49.337630452+00:00,T5,2025-06-02 20:02:53.365302581+00:00
3-20250602-02524,3,112,1.0,count,3.99,False,2025-06-02 20:02:57.903375365+00:00,T4,2025-06-02 20:02:59.054524010+00:00
1-20250602-00259,1,109,1.0,count,1.99,False,2025-06-02 20:03:37.164258929+00:00,T3,2025-06-02 20:03:37.502342361+00:00
2-20250602-01488,2,128,0.872,kg,10.99,False,2025-06-03 00:03:40.898049079+00:00,T4,2025-06-02 20:03:42.395664766+00:00
1-20250602-00260,1,146,2.0,count,4.99,False,2025-06-02 20:04:42.335553272+00:00,T4,2025-06-02 20:04:42.916478836+00:00
3-20250602-02525,3,150,1.0,count,8.99,False,2025-06-02 20:05:40.546414103+00:00,T3,2025-06-02 20:05:43.077885861+00:00
2-20250602-01489,2,147,1.0,count,5.99,False,2025-06-02 20:05:36.176756723+00:00,T2,2025-06-02 20:05:46.697698519+00:00
2-20250602-01490,2,104,1.068,kg,1.99,False,2025-06-03 00:06:07.463200099+00:00,T4,2025-06-02 20:06:13.403120902+00:00
2-20250602-01491,2,133,3.0,count,3.99,False,2025-06-02 20:07:20.420614773+00:00,T3,2025-06-02 20:07:24.233681030+00:00
1-20250602-00261,1,109,2.0,count,1.99,False,2025-06-02 20:09:35.743525534+00:00,T1,2025-06-02 20:09:36.137357754+00:00
1-20250602-00262,1,120,1.0,count,3.99,False,2025-06-02 20:10:26.757010951+00:00,T1,2025-06-02 20:10:26.927156444+00:00
3-20250602-02526,3,135,3.0,count,4.99,False,2025-06-02 20:10:59.459153571+00:00,T3,2025-06-02 20:11:01.350929766+00:00
1-20250602-00263,1,130,1.1,kg,21.99,False,2025-06-02 20:12:02.172895054+00:00,T4,2025-06-02 20:12:03.897536659+00:00
3-20250602-02527,3,123,2.0,count,2.99,False,2025-06-02 20:12:33.681269253+00:00,T4,2025-06-02 20:12:34.962496401+00:00
1-20250602-00264,1,108,1.0,count,1.25,False,2025-06-02 20:13:00.774910168+00:00,T5,2025-06-02 20:13:01.268772325+00:00
3-20250602-02528,3,132,2.0,count,5.99,False,2025-06-02 20:13:26.989411629+00:00,T2,2025-06-02 20:13:29.073531727+00:00
2-20250602-01492,2,159,1.094,kg,12.99,False,2025-06-02 20:13:38.787683651+00:00,T2,2025-06-02 20:13:39.663476578+00:00
3-20250602-02529,3,146,2.0,count,4.99,False,2025-06-02 20:13:36.263626399+00:00,T2,2025-06-02 20:13:41.995435073+00:00
1-20250602-00265,1,117,2.0,count,3.79,False,2025-06-02 20:14:19.111116841+00:00,T2,2025-06-02 20:14:20.463429631+00:00
1-20250602-00266,1,145,2.0,count,9.99,False,2025-06-02 20:14:46.463172367+00:00,T2,2025-06-02 20:14:48.122803226+00:00
2-20250602-01493,2,103,3.0,count,2.99,False,2025-06-03 00:14:51.248974463+00:00,T4,2025-06-02 20:14:54.789170294+00:00
3-20250602-02530,3,102,1.0,count,0.79,False,2025-06-02 20:19:02.385394939+00:00,T5,2025-06-02 20:19:03.577520685+00:00
1-20250602-00267,1,110,2.196,kg,1.29,False,2025-06-02 20:19:23.047147622+00:00,T1,2025-06-02 20:19:25.834288481+00:00
3-20250602-02531,3,107,1.0,count,1.89,False,2025-06-02 20:20:24.957108146+00:00,T1,2025-06-02 20:20:26.993489067+00:00
1-20250602-00268,1,133,2.0,count,3.99,False,2025-06-02 20:21:08.608110688+00:00,T3,2025-06-02 20:21:09.089655568+00:00
1-20250602-00270,1,127,1.066,kg,8.99,False,2025-06-02 20:23:23.804949100+00:00,T5,2025-06-02 20:23:24.427733859+00:00
1-20250602-00269,1,120,3.0,count,3.99,False,2025-06-02 20:23:23.794287951+00:00,T2,2025-06-02 20:23:25.734839269+00:00
2-20250602-01494,2,145,1.0,count,9.99,False,2025-06-02 20:24:52.989615597+00:00,T1,2025-06-02 20:24:53.226383006+00:00
2-20250602-01495,2,107,3.0,count,1.89,False,2025-06-02 20:25:04.293879968+00:00,T1,2025-06-02 20:25:07.354894994+00:00
1-20250602-00271,1,136,2.0,count,8.99,False,2025-06-02 20:28:00.522974752+00:00,T4,2025-06-02 20:28:01.939133251+00:00
1-20250602-00272,1,135,3.0,count,4.99,False,2025-06-02 20:28:34.263902380+00:00,T2,2025-06-02 20:28:35.206952258+00:00
1-20250602-00273,1,102,3.0,count,0.79,False,2025-06-02 20:29:01.708925785+00:00,T2,2025-06-02 20:29:01.989334620+00:00
2-20250602-01496,2,148,2.0,count,1.99,False,2025-06-02 20:30:27.074914441+00:00,T5,2025-06-02 20:30:31.220869382+00:00
2-20250602-01497,2,101,0.464,kg,1.49,False,2025-06-03 00:32:04.108633704+00:00,T4,2025-06-02 20:32:06.326450578+00:00
3-20250602-02532,3,156,0.93,liter,11.99,False,2025-06-02 20:33:03.555705050+00:00,T5,2025-06-02 20:33:08.024271612+00:00
2-20250602-01498,2,105,2.955,kg,3.49,False,2025-06-03 00:33:20.369964036+00:00,T4,2025-06-02 20:33:21.583536699+00:00
2-20250602-01499,2,152,1.0,count,2.99,False,2025-06-02 20:33:45.568590648+00:00,T3,2025-06-02 20:33:53.365006713+00:00
2-20250602-01500,2,101,2.241,kg,1.49,False,2025-06-02 20:34:07.577859142+00:00,T1,2025-06-02 20:34:09.789756559+00:00
1-20250602-00274,1,106,1.708,kg,3.99,False,2025-06-02 20:34:18.382468922+00:00,T1,2025-06-02 20:34:18.730303585+00:00
2-20250602-01501,2,158,1.0,count,2.49,False,2025-06-03 00:35:00.893989553+00:00,T4,2025-06-02 20:35:02.045948871+00:00
2-20250602-01501,2,158,1.0,count,2.49,False,2025-06-03 00:35:00.893989553+00:00,T4,2025-06-02 20:35:12.626885303+00:00
2-20250602-01502,2,116,1.0,count,2.49,False,2025-06-02 20:35:59.005223241+00:00,T5,2025-06-02 20:36:01.406474005+00:00
1-20250602-00275,1,127,0.958,kg,8.99,False,2025-06-02 20:36:59.758689614+00:00,T3,2025-06-02 20:37:03.402324402+00:00
3-20250602-02533,3,146,1.0,count,4.99,False,2025-06-02 20:37:16.032122153+00:00,T3,2025-06-02 20:37:17.657459838+00:00
3-20250602-02534,3,142,1.0,count,3.49,False,2025-06-02 20:37:36.080628005+00:00,T1,2025-06-02 20:37:36.308951431+00:00
1-20250602-00276,1,101,1.811,kg,1.49,False,2025-06-02 20:38:02.690055978+00:00,T3,2025-06-02 20:38:03.638569616+00:00
3-20250602-02535,3,102,2.0,count,0.79,False,2025-06-02 20:38:57.269248715+00:00,T2,2025-06-02 20:38:57.934563657+00:00
1-20250602-00277,1,138,1.0,count,1.49,False,2025-06-02 20:40:42.382092405+00:00,T2,2025-06-02 20:40:44.739596739+00:00
2-20250602-01503,2,110,0.445,kg,1.29,False,2025-06-03 00:40:41.093873321+00:00,T4,2025-06-02 20:40:56.438960020+00:00
1-20250602-00278,1,135,1.0,count,4.99,False,2025-06-02 20:40:54.936604296+00:00,T3,2025-06-02 20:40:56.631117354+00:00
2-20250602-01504,2,144,2.0,count,4.29,False,2025-06-02 20:41:08.568789626+00:00,T1,2025-06-02 20:41:08.900772985+00:00
3-20250602-02536,3,157,0.685,liter,2.99,False,2025-06-02 20:41:28.885638256+00:00,T3,2025-06-02 20:41:31.344385633+00:00
3-20250602-02537,3,118,2.0,count,3.29,False,2025-06-02 20:42:01.327722314+00:00,T3,2025-06-02 20:42:03.407998914+00:00
1-20250602-00279,1,103,2.0,count,2.99,False,2025-06-02 20:42:29.043807119+00:00,T4,2025-06-02 20:42:29.406579730+00:00
2-20250602-01505,2,113,3.0,count,0.55,True,2025-06-02 20:42:43.526637406+00:00,T2,2025-06-02 20:42:48.723441164+00:00
3-20250602-02538,3,131,1.0,count,9.99,False,2025-06-02 20:42:59.596073647+00:00,T5,2025-06-02 20:43:02.907839408+00:00
1-20250602-00280,1,135,2.0,count,4.99,False,2025-06-02 20:43:04.162798800+00:00,T2,2025-06-02 20:43:07.695010232+00:00
2-20250602-01506,2,101,1.726,kg,1.49,False,2025-06-02 20:43:11.116173512+00:00,T2,2025-06-02 20:43:17.687470075+00:00
1-20250602-00281,1,131,2.0,count,9.99,False,2025-06-02 20:43:26.437364115+00:00,T4,2025-06-02 20:43:28.508816378+00:00
1-20250602-00282,1,107,1.0,count,1.89,False,2025-06-02 20:44:09.603975856+00:00,T5,2025-06-02 20:44:10.888348182+00:00
3-20250602-02539,3,130,0.618,kg,21.99,False,2025-06-02 20:45:00.593922269+00:00,T4,2025-06-02 20:45:01.362209394+00:00
1-20250602-00283,1,114,1.0,count,5.99,False,2025-06-02 20:45:18.348022549+00:00,T2,2025-06-02 20:45:18.601636044+00:00
2-20250602-01507,2,109,1.0,count,1.99,False,2025-06-02 20:45:38.692542053+00:00,T2,2025-06-02 20:45:42.975292492+00:00
1-20250602-00284,1,104,1.019,kg,1.99,False,2025-06-02 20:48:50.776106686+00:00,T1,2025-06-02 20:48:53.086111820+00:00
2-20250602-01508,2,104,0.659,kg,1.99,False,2025-06-03 00:49:48.011054184+00:00,T4,2025-06-02 20:49:48.597759204+00:00
2-20250602-01509,2,102,1.0,count,0.79,False,2025-06-03 00:51:39.611440975+00:00,T4,2025-06-02 20:51:39.860601832+00:00
2-20250602-01510,2,116,1.0,count,2.49,False,2025-06-02 20:56:42.876654579+00:00,T2,2025-06-02 20:56:43.403650415+00:00
2-20250602-01511,2,117,3.0,count,3.79,False,2025-06-02 20:58:15.561911102+00:00,T5,2025-06-02 20:58:19.564891439+00:00
2-20250602-01512,2,133,1.0,count,3.99,False,2025-06-03 01:00:09.830164842+00:00,T4,2025-06-02 21:00:10.270389462+00:00
1-20250602-00285,1,123,2.0,count,2.99,False,2025-06-02 21:01:21.545797526+00:00,T4,2025-06-02 21:01:26.165441927+00:00
1-20250602-00286,1,149,2.0,count,2.39,True,2025-06-02 21:01:40.461986431+00:00,T4,2025-06-02 21:01:42.507854846+00:00
1-20250602-00287,1,102,1.0,count,0.79,False,2025-06-02 21:03:12.506279028+00:00,T4,2025-06-02 21:03:18.419234994+00:00
2-20250602-01513,2,109,2.0,count,1.99,False,2025-06-02 21:05:16.568967360+00:00,T5,2025-06-02 21:05:17.476774348+00:00
1-20250602-00288,1,140,1.0,count,2.79,False,2025-06-02 21:05:55.025361336+00:00,T4,2025-06-02 21:05:55.719864874+00:00
2-20250602-01514,2,146,1.0,count,4.99,False,2025-06-02 21:06:50.300243926+00:00,T1,2025-06-02 21:06:51.523199104+00:00
2-20250602-01515,2,133,1.0,count,3.99,False,2025-06-02 21:07:15.097055390+00:00,T5,2025-06-02 21:07:17.165571386+00:00
2-20250602-01516,2,135,2.0,count,4.99,False,2025-06-02 21:07:58.298528245+00:00,T1,2025-06-02 21:07:59.492053783+00:00
1-20250602-00289,1,149,1.0,count,2.39,True,2025-06-02 21:08:12.986800767+00:00,T3,2025-06-02 21:08:13.539762434+00:00
1-20250602-00290,1,118,3.0,count,3.29,False,2025-06-02 21:08:13.250181027+00:00,T5,2025-06-02 21:08:13.587647857+00:00
2-20250602-01517,2,111,0.529,kg,1.59,False,2025-06-02 21:08:28.083860508+00:00,T3,2025-06-02 21:08:36.427691638+00:00
1-20250602-00291,1,116,2.0,count,2.49,False,2025-06-02 21:08:49.735550728+00:00,T3,2025-06-02 21:08:57.750278059+00:00
1-20250602-00292,1,135,2.0,count,4.99,False,2025-06-02 21:09:03.788745501+00:00,T4,2025-06-02 21:09:04.079366589+00:00
1-20250602-00293,1,157,1.409,liter,2.99,False,2025-06-02 21:10:11.972684822+00:00,T2,2025-06-02 21:10:22.131742825+00:00
1-20250602-00294,1,139,2.0,count,2.99,False,2025-06-02 21:13:13.971866285+00:00,T5,2025-06-02 21:13:16.214495961+00:00
2-20250602-01518,2,106,1.17,kg,3.99,False,2025-06-02 21:13:53.414605356+00:00,T1,2025-06-02 21:13:56.089814102+00:00
3-20250602-02540,3,105,1.293,kg,3.49,False,2025-06-02 21:13:57.446977290+00:00,T3,2025-06-02 21:14:00.205881770+00:00
1-20250602-00295,1,114,3.0,count,5.99,False,2025-06-02 21:14:17.367060272+00:00,T3,2025-06-02 21:14:18.523978618+00:00
3-20250602-02541,3,132,1.0,count,5.99,False,2025-06-02 21:14:22.575367114+00:00,T3,2025-06-02 21:14:23.035553892+00:00
3-20250602-02542,3,148,1.0,count,1.99,False,2025-06-02 21:14:36.240255359+00:00,T2,2025-06-02 21:14:37.312917693+00:00
1-20250602-00297,1,151,2.0,count,9.99,False,2025-06-02 21:14:46.000934605+00:00,T4,2025-06-02 21:14:46.363128643+00:00
1-20250602-00296,1,145,1.0,count,9.99,False,2025-06-02 21:14:45.917759283+00:00,T1,2025-06-02 21:14:48.918529752+00:00
1-20250602-00297,1,151,2.0,count,9.99,False,2025-06-02 21:14:46.000934605+00:00,T4,2025-06-02 21:15:05.059033031+00:00
1-20250602-00298,1,123,2.0,count,2.99,False,2025-06-02 21:17:35.353395669+00:00,T2,2025-06-02 21:17:47.107804288+00:00
2-20250602-01519,2,102,2.0,count,0.79,False,2025-06-02 21:19:54.901816807+00:00,T3,2025-06-02 21:19:58.422352980+00:00
2-20250602-01520,2,121,1.0,count,4.99,False,2025-06-02 21:20:47.894741629+00:00,T5,2025-06-02 21:20:52.254862636+00:00
2-20250602-01521,2,136,1.0,count,8.99,False,2025-06-02 21:21:06.303562399+00:00,T2,2025-06-02 21:21:06.800659368+00:00
1-20250602-00299,1,118,2.0,count,3.29,False,2025-06-02 21:21:25.887114345+00:00,T5,2025-06-02 21:21:28.459857947+00:00
1-20250602-00300,1,119,1.0,count,5.49,False,2025-06-02 21:22:20.866440192+00:00,T5,2025-06-02 21:22:21.436782731+00:00
1-20250602-00301,1,104,2.079,kg,1.99,False,2025-06-02 21:22:44.034970574+00:00,T4,2025-06-02 21:22:46.218173039+00:00
1-20250602-00302,1,116,3.0,count,2.49,False,2025-06-02 21:25:42.391727138+00:00,T5,2025-06-02 21:25:42.395268198+00:00
2-20250602-01522,2,135,1.0,count,4.99,False,2025-06-02 21:26:16.885479530+00:00,T3,2025-06-02 21:26:21.181016555+00:00
3-20250602-02543,3,125,3.0,count,3.99,False,2025-06-02 21:26:23.283237165+00:00,T4,2025-06-02 21:26:27.367305840+00:00
1-20250602-00303,1,146,1.0,count,4.99,False,2025-06-02 21:26:27.476490407+00:00,T3,2025-06-02 21:26:31.025085792+00:00
1-20250602-00304,1,151,2.0,count,9.99,False,2025-06-02 21:27:28.190829846+00:00,T1,2025-06-02 21:27:28.769472878+00:00
1-20250602-00305,1,106,1.663,kg,3.99,False,2025-06-02 21:27:42.026146521+00:00,T4,2025-06-02 21:27:42.226270424+00:00
2-20250602-01523,2,117,3.0,count,3.79,False,2025-06-02 21:28:44.768220253+00:00,T3,2025-06-02 21:28:52.518734597+00:00
3-20250602-02544,3,121,3.0,count,4.99,False,2025-06-02 21:30:36.341651962+00:00,T1,2025-06-02 21:30:38.936457967+00:00
2-20250602-01524,2,103,1.0,count,2.99,False,2025-06-02 21:33:09.041090138+00:00,T1,2025-06-02 21:33:10.335190782+00:00
3-20250602-02545,3,129,0.994,kg,9.49,False,2025-06-02 21:33:27.965314327+00:00,T5,2025-06-02 21:33:29.792108309+00:00
2-20250602-01525,2,128,0.605,kg,10.99,False,2025-06-02 21:33:54.692291719+00:00,T1,2025-06-02 21:33:55.776264183+00:00
1-20250602-00306,1,101,1.937,kg,1.49,False,2025-06-02 21:34:39.874107665+00:00,T5,2025-06-02 21:34:42.343680130+00:00
3-20250602-02546,3,160,1.0,count,3.99,False,2025-06-02 21:36:28.453337691+00:00,T2,2025-06-02 21:36:29.154770364+00:00
3-20250602-02547,3,138,1.0,count,1.49,False,2025-06-02 21:36:32.257211603+00:00,T5,2025-06-02 21:36:33.928574759+00:00
3-20250602-02548,3,123,1.0,count,2.99,False,2025-06-02 21:37:52.745300402+00:00,T2,2025-06-02 21:37:54.842563043+00:00
2-20250602-01526,2,124,1.0,count,3.49,False,2025-06-02 21:39:32.370091854+00:00,T2,2025-06-02 21:39:33.079171433+00:00
3-20250602-02549,3,132,3.0,count,5.99,False,2025-06-02 21:40:12.483915834+00:00,T5,2025-06-02 21:40:13.424429564+00:00
3-20250602-02550,3,107,1.0,count,1.89,False,2025-06-02 21:40:16.790509088+00:00,T5,2025-06-02 21:40:17.920702293+00:00
2-20250602-01527,2,103,1.0,count,2.99,False,2025-06-02 21:40:19.751982239+00:00,T5,2025-06-02 21:40:20.652532846+00:00
2-20250602-01528,2,117,1.0,count,3.79,False,2025-06-02 21:40:35.942006515+00:00,T3,2025-06-02 21:40:36.719386533+00:00
2-20250602-01529,2,157,0.799,liter,2.99,False,2025-06-02 21:42:44.885414999+00:00,T3,2025-06-02 21:42:48.763595025+00:00
1-20250602-00308,1,158,3.0,count,2.49,False,2025-06-02 21:43:03.789692366+00:00,T3,2025-06-02 21:43:05.926026964+00:00
1-20250602-00309,1,113,3.0,count,0.55,True,2025-06-02 21:43:06.683414186+00:00,T5,2025-06-02 21:43:07.692342736+00:00
1-20250602-00310,1,121,2.0,count,4.99,False,2025-06-02 21:44:40.837715385+00:00,T1,2025-06-02 21:44:42.660593404+00:00
2-20250602-01530,2,154,0.713,liter,3.99,False,2025-06-02 21:44:46.490894176+00:00,T1,2025-06-02 21:44:47.246670751+00:00
3-20250602-02551,3,102,1.0,count,0.79,False,2025-06-02 21:45:40.654122116+00:00,T2,2025-06-02 21:45:43.008662593+00:00
1-20250602-00311,1,117,1.0,count,3.79,False,2025-06-02 21:45:44.377308123+00:00,T1,2025-06-02 21:45:45.140866631+00:00
2-20250602-01531,2,121,1.0,count,4.99,False,2025-06-03 01:47:22.237747239+00:00,T4,2025-06-02 21:47:22.241802559+00:00
1-20250602-00312,1,102,1.0,count,0.79,False,2025-06-02 21:47:34.694252322+00:00,T4,2025-06-02 21:47:38.949133409+00:00
2-20250602-01532,2,110,1.057,kg,1.29,False,2025-06-02 21:50:07.738047397+00:00,T1,2025-06-02 21:50:08.707613920+00:00
2-20250602-01533,2,158,2.0,count,2.49,False,2025-06-02 21:50:28.854486732+00:00,T1,2025-06-02 21:50:30.068028577+00:00
1-20250602-00313,1,102,1.0,count,0.79,False,2025-06-02 21:51:37.437802719+00:00,T5,2025-06-02 21:51:39.287776264+00:00
1-20250602-00314,1,133,3.0,count,3.99,False,2025-06-02 21:56:31.777727326+00:00,T3,2025-06-02 21:56:32.436236423+00:00
3-20250602-02552,3,113,2.0,count,0.55,True,2025-06-02 21:56:38.816286617+00:00,T3,2025-06-02 21:56:39.834243574+00:00
2-20250602-01534,2,144,1.0,count,4.29,False,2025-06-02 21:57:21.911329004+00:00,T3,2025-06-02 21:57:22.594154492+00:00
2-20250602-01535,2,144,1.0,count,4.29,False,2025-06-03 01:57:24.120438192+00:00,T4,2025-06-02 21:57:27.170753832+00:00
1-20250602-00315,1,123,2.0,count,2.99,False,2025-06-02 21:57:31.655056192+00:00,T2,2025-06-02 21:57:35.601242490+00:00
1-20250602-00316,1,110,0.512,kg,1.29,False,2025-06-02 21:58:10.120245490+00:00,T1,2025-06-02 21:58:11.850209808+00:00
3-20250602-02553,3,136,2.0,count,8.99,False,2025-06-02 22:00:21.334634881+00:00,T3,2025-06-02 22:00:21.853758039+00:00
1-20250602-00317,1,128,3.279,kg,10.99,False,2025-06-02 22:00:23.457317578+00:00,T3,2025-06-02 22:00:24.021159796+00:00
3-20250602-02554,3,142,2.0,count,3.49,False,2025-06-02 22:01:18.448310996+00:00,T5,2025-06-02 22:01:19.156839906+00:00
1-20250602-00318,1,160,2.0,count,3.99,False,2025-06-02 22:03:37.622026976+00:00,T5,2025-06-02 22:03:39.878349041+00:00
3-20250602-02555,3,136,1.0,count,8.99,False,2025-06-02 22:04:04.789706385+00:00,T3,2025-06-02 22:04:05.530037970+00:00
1-20250602-00319,1,113,2.0,count,0.55,True,2025-06-02 22:04:25.900667006+00:00,T2,2025-06-02 22:04:32.005932985+00:00
2-20250602-01536,2,106,0.435,kg,3.99,False,2025-06-03 02:05:59.370335420+00:00,T4,2025-06-02 22:06:01.312667641+00:00
3-20250602-02556,3,149,2.0,count,2.39,True,2025-06-02 22:06:43.243719924+00:00,T5,2025-06-02 22:06:45.060497281+00:00
1-20250602-00320,1,144,3.0,count,4.29,False,2025-06-02 22:08:11.714461076+00:00,T3,2025-06-02 22:08:17.333764454+00:00
2-20250602-01537,2,101,1.336,kg,1.49,False,2025-06-02 22:09:39.944393506+00:00,T3,2025-06-02 22:09:42.393511932+00:00
2-20250602-01538,2,116,1.0,count,2.49,False,2025-06-03 02:10:06.351371715+00:00,T4,2025-06-02 22:10:06.769192058+00:00
2-20250602-01539,2,117,2.0,count,3.79,False,2025-06-02 22:11:25.961836456+00:00,T2,2025-06-02 22:11:26.269529846+00:00
3-20250602-02557,3,143,1.0,count,1.19,False,2025-06-02 22:11:57.784964367+00:00,T1,2025-06-02 22:12:00.748305427+00:00
3-20250602-02558,3,133,3.0,count,3.99,False,2025-06-02 22:12:43.654063275+00:00,T1,2025-06-02 22:12:46.066681598+00:00
2-20250602-01540,2,143,1.0,count,1.19,False,2025-06-02 22:13:37.989902878+00:00,T2,2025-06-02 22:13:40.271516547+00:00
2-20250602-01541,2,160,2.0,count,3.99,False,2025-06-02 22:14:07.911474236+00:00,T2,2025-06-02 22:14:09.334405164+00:00
2-20250602-01542,2,107,1.0,count,1.89,False,2025-06-02 22:16:16.407950532+00:00,T5,2025-06-02 22:16:17.034716672+00:00
2-20250602-01543,2,119,1.0,count,5.49,False,2025-06-02 22:16:26.548216927+00:00,T1,2025-06-02 22:16:29.575694568+00:00
2-20250602-01544,2,134,3.0,count,6.99,False,2025-06-02 22:16:59.557484632+00:00,T3,2025-06-02 22:17:05.423118575+00:00
2-20250602-01545,2,117,1.0,count,3.79,False,2025-06-02 22:20:08.118620885+00:00,T2,2025-06-02 22:20:12.254778719+00:00
1-20250602-00321,1,146,2.0,count,4.99,False,2025-06-02 22:20:08.121500181+00:00,T3,2025-06-02 22:20:17.878079251+00:00
1-20250602-00322,1,155,0.395,liter,3.49,False,2025-06-02 22:21:41.570829641+00:00,T2,2025-06-02 22:21:43.421140080+00:00
1-20250602-00323,1,104,1.718,kg,1.99,False,2025-06-02 22:21:48.976902718+00:00,T5,2025-06-02 22:21:52.840219344+00:00
2-20250602-01546,2,125,1.0,count,3.99,False,2025-06-02 22:22:00.479847429+00:00,T1,2025-06-02 22:22:01.325013247+00:00
1-20250602-00324,1,152,2.0,count,2.99,False,2025-06-02 22:22:26.082464709+00:00,T2,2025-06-02 22:22:27.891400945+00:00
3-20250602-02559,3,109,1.0,count,1.99,False,2025-06-02 22:22:31.582970330+00:00,T1,2025-06-02 22:22:32.659375187+00:00
3-20250602-02560,3,127,0.587,kg,8.99,False,2025-06-02 22:23:18.959660922+00:00,T3,2025-06-02 22:23:23.663865999+00:00
1-20250602-00325,1,102,2.0,count,0.79,False,2025-06-02 22:24:59.402385585+00:00,T5,2025-06-02 22:25:02.248240164+00:00
1-20250602-00326,1,110,0.289,kg,1.29,False,2025-06-02 22:25:30.092177287+00:00,T1,2025-06-02 22:25:31.992215156+00:00
3-20250602-02561,3,114,1.0,count,5.99,False,2025-06-02 22:27:56.041421672+00:00,T4,2025-06-02 22:27:59.278456142+00:00
2-20250602-01547,2,112,1.0,count,3.99,False,2025-06-02 22:28:29.829312965+00:00,T5,2025-06-02 22:28:29.940418386+00:00
2-20250602-01548,2,133,1.0,count,3.99,False,2025-06-02 22:29:51.882344461+00:00,T3,2025-06-02 22:29:54.017266273+00:00
2-20250602-01549,2,106,0.494,kg,3.99,False,2025-06-03 02:30:12.593988977+00:00,T4,2025-06-02 22:30:12.611684492+00:00
2-20250602-01550,2,125,1.0,count,3.99,False,2025-06-02 22:30:52.024682941+00:00,T3,2025-06-02 22:30:52.737232128+00:00
2-20250602-01551,2,128,0.96,kg,10.99,False,2025-06-03 02:31:13.831420373+00:00,T4,2025-06-02 22:31:18.494132479+00:00
3-20250602-02562,3,154,1.003,liter,3.99,False,2025-06-02 22:31:20.514943390+00:00,T5,2025-06-02 22:31:20.627407922+00:00
2-20250602-01552,2,140,1.0,count,2.79,False,2025-06-03 02:32:56.249063043+00:00,T4,2025-06-02 22:32:56.527516810+00:00
1-20250602-00327,1,112,2.0,count,3.99,False,2025-06-02 22:33:04.820063864+00:00,T2,2025-06-02 22:33:05.127430780+00:00
3-20250602-02563,3,148,1.0,count,1.99,False,2025-06-02 22:33:21.948162712+00:00,T3,2025-06-02 22:33:23.529399726+00:00
2-20250602-01553,2,125,1.0,count,3.99,False,2025-06-03 02:37:00.979227203+00:00,T4,2025-06-02 22:37:01.487314055+00:00
2-20250602-01554,2,126,2.0,count,1.29,False,2025-06-03 02:37:01.251196772+00:00,T4,2025-06-02 22:37:09.156167335+00:00
2-20250602-01555,2,129,1.311,kg,9.49,False,2025-06-02 22:38:06.748873561+00:00,T5,2025-06-02 22:38:09.319212275+00:00
1-20250602-00328,1,104,0.711,kg,1.99,False,2025-06-02 22:38:43.873309765+00:00,T1,2025-06-02 22:38:44.443018547+00:00
3-20250602-02564,3,102,2.0,count,0.79,False,2025-06-02 22:38:51.334801401+00:00,T3,2025-06-02 22:38:58.424243266+00:00
3-20250602-02565,3,110,0.245,kg,1.29,False,2025-06-02 22:39:33.873979911+00:00,T5,2025-06-02 22:39:34.010849844+00:00
1-20250602-00329,1,101,2.463,kg,1.49,False,2025-06-02 22:40:02.203246572+00:00,T5,2025-06-02 22:40:02.305188051+00:00
2-20250602-01556,2,107,3.0,count,1.89,False,2025-06-02 22:40:47.842220077+00:00,T1,2025-06-02 22:40:47.946908918+00:00
3-20250602-02566,3,112,2.0,count,3.99,False,2025-06-02 22:40:48.548565536+00:00,T3,2025-06-02 22:40:51.695093404+00:00
2-20250602-01557,2,137,1.0,count,3.29,False,2025-06-02 22:42:02.959237210+00:00,T5,2025-06-02 22:42:03.526695837+00:00
1-20250602-00330,1,143,1.0,count,1.19,False,2025-06-02 22:42:17.306265354+00:00,T2,2025-06-02 22:42:19.164875236+00:00
1-20250602-00331,1,102,1.0,count,0.79,False,2025-06-02 22:42:30.985738749+00:00,T5,2025-06-02 22:42:32.361785131+00:00
1-20250602-00332,1,105,0.989,kg,3.49,False,2025-06-02 22:42:44.403678397+00:00,T2,2025-06-02 22:42:44.683286319+00:00
3-20250602-02567,3,110,2.485,kg,1.29,False,2025-06-02 22:43:22.610390026+00:00,T2,2025-06-02 22:43:24.947684412+00:00
1-20250602-00333,1,149,1.0,count,2.39,True,2025-06-02 22:43:28.504465367+00:00,T4,2025-06-02 22:43:35.350298352+00:00
1-20250602-00334,1,132,2.0,count,5.99,False,2025-06-02 22:44:22.071913445+00:00,T5,2025-06-02 22:44:22.367823882+00:00
2-20250602-01558,2,101,0.796,kg,1.49,False,2025-06-03 02:44:30.696788963+00:00,T4,2025-06-02 22:44:33.198134444+00:00
3-20250602-02569,3,111,0.79,kg,1.59,False,2025-06-02 22:46:15.308576849+00:00,T2,2025-06-02 22:46:15.443747745+00:00
3-20250602-02568,3,152,1.0,count,2.99,False,2025-06-02 22:46:13.292281701+00:00,T1,2025-06-02 22:46:17.788618083+00:00
1-20250602-00335,1,111,1.206,kg,1.59,False,2025-06-02 22:46:25.337661428+00:00,T2,2025-06-02 22:46:25.968481461+00:00
1-20250602-00336,1,144,3.0,count,4.29,False,2025-06-02 22:46:30.803362983+00:00,T2,2025-06-02 22:46:32.255726637+00:00
2-20250602-01559,2,112,2.0,count,3.99,False,2025-06-02 22:47:07.917001455+00:00,T2,2025-06-02 22:47:09.667787862+00:00
1-20250602-00337,1,104,1.367,kg,1.99,False,2025-06-02 22:47:11.969189685+00:00,T2,2025-06-02 22:47:13.678351370+00:00
1-20250602-00338,1,135,3.0,count,4.99,False,2025-06-02 22:51:07.795829801+00:00,T4,2025-06-02 22:51:08.903034621+00:00
2-20250602-01560,2,145,2.0,count,9.99,False,2025-06-02 22:51:28.573760529+00:00,T1,2025-06-02 22:51:33.134906700+00:00
2-20250602-01561,2,133,2.0,count,3.99,False,2025-06-02 22:52:50.171612334+00:00,T2,2025-06-02 22:52:52.027430242+00:00
2-20250602-01562,2,153,1.0,count,12.99,False,2025-06-02 22:53:02.537963729+00:00,T2,2025-06-02 22:53:03.728338047+00:00
2-20250602-01563,2,142,1.0,count,3.49,False,2025-06-03 02:53:04.230834183+00:00,T4,2025-06-02 22:53:04.975625691+00:00
1-20250602-00339,1,114,2.0,count,5.99,False,2025-06-02 22:54:41.129033784+00:00,T3,2025-06-02 22:54:41.935623001+00:00
3-20250602-02570,3,111,2.136,kg,1.59,False,2025-06-02 22:54:47.699180584+00:00,T3,2025-06-02 22:54:48.504062093+00:00
1-20250602-00340,1,154,1.363,liter,3.99,False,2025-06-02 22:59:14.481782835+00:00,T5,2025-06-02 22:59:16.969305341+00:00
1-20250602-00341,1,134,1.0,count,6.99,False,2025-06-02 22:59:55.990588675+00:00,T5,2025-06-02 23:00:00.347292892+00:00
3-20250602-02571,3,120,1.0,count,3.99,False,2025-06-02 23:00:13.452684955+00:00,T1,2025-06-02 23:00:14.661855881+00:00
2-20250602-01564,2,124,1.0,count,3.49,False,2025-06-02 23:00:11.017683257+00:00,T3,2025-06-02 23:00:18.975088726+00:00
1-20250602-00342,1,154,0.676,liter,3.99,False,2025-06-02 23:00:27.976576005+00:00,T3,2025-06-02 23:00:28.415465400+00:00
3-20250602-02572,3,105,3.113,kg,3.49,False,2025-06-02 23:02:04.363735943+00:00,T4,2025-06-02 23:02:04.535849094+00:00
3-20250602-02573,3,151,1.0,count,9.99,False,2025-06-02 23:02:29.355087977+00:00,T3,2025-06-02 23:02:31.767507573+00:00
2-20250602-01565,2,106,0.71,kg,3.99,False,2025-06-02 23:02:52.340155578+00:00,T1,2025-06-02 23:02:53.720968734+00:00
1-20250602-00307,1,108,2.0,count,1.25,False,2025-06-02 21:39:32.662940980+00:00,T2,2025-06-02 23:03:17.816369933+00:00
1-20250602-00343,1,157,0.896,liter,2.99,False,2025-06-02 23:03:49.586779654+00:00,T4,2025-06-02 23:03:50.079332369+00:00
1-20250602-00344,1,104,1.871,kg,1.99,False,2025-06-02 23:03:59.017935152+00:00,T5,2025-06-02 23:04:03.330799340+00:00
2-20250602-01566,2,124,1.0,count,3.49,False,2025-06-02 23:04:22.266044795+00:00,T3,2025-06-02 23:04:22.960359649+00:00
2-20250602-01567,2,112,1.0,count,3.99,False,2025-06-03 03:05:12.892127410+00:00,T4,2025-06-02 23:05:13.009722145+00:00
1-20250602-00345,1,146,1.0,count,4.99,False,2025-06-02 23:05:37.564684923+00:00,T5,2025-06-02 23:05:38.467901665+00:00
2-20250602-01569,2,149,2.0,count,2.39,True,2025-06-02 23:05:42.897441870+00:00,T1,2025-06-02 23:05:43.105844532+00:00
2-20250602-01568,2,119,3.0,count,5.49,False,2025-06-03 03:05:42.760968132+00:00,T4,2025-06-02 23:05:45.525695649+00:00
2-20250602-01570,2,124,1.0,count,3.49,False,2025-06-02 23:06:58.307869367+00:00,T1,2025-06-02 23:06:59.356980484+00:00
1-20250602-00346,1,138,1.0,count,1.49,False,2025-06-02 23:10:44.899027568+00:00,T2,2025-06-02 23:10:49.083789622+00:00
2-20250602-01571,2,158,1.0,count,2.49,False,2025-06-02 23:11:08.643666546+00:00,T3,2025-06-02 23:11:11.047493027+00:00
3-20250602-02574,3,101,2.044,kg,1.49,False,2025-06-02 23:11:59.329802504+00:00,T3,2025-06-02 23:12:02.482545473+00:00
3-20250602-02575,3,149,1.0,count,2.39,True,2025-06-02 23:12:07.589147195+00:00,T4,2025-06-02 23:12:09.936511249+00:00
2-20250602-01572,2,122,1.0,count,4.29,False,2025-06-02 23:12:22.312662164+00:00,T1,2025-06-02 23:12:23.217795549+00:00
3-20250602-02576,3,157,0.776,liter,2.99,False,2025-06-02 23:14:18.300017737+00:00,T4,2025-06-02 23:14:24.257224563+00:00
3-20250602-02578,3,133,2.0,count,3.99,False,2025-06-02 23:14:52.834823678+00:00,T1,2025-06-02 23:14:52.863435874+00:00
3-20250602-02577,3,128,1.062,kg,10.99,False,2025-06-02 23:14:52.702579937+00:00,T5,2025-06-02 23:14:54.073360166+00:00
2-20250602-01573,2,121,1.0,count,4.99,False,2025-06-03 03:14:56.775424569+00:00,T4,2025-06-02 23:14:57.003507971+00:00
2-20250602-01574,2,110,1.019,kg,1.29,False,2025-06-02 23:15:32.916562857+00:00,T5,2025-06-02 23:15:33.292329334+00:00
3-20250602-02579,3,106,0.128,kg,3.99,False,2025-06-02 23:17:15.138235040+00:00,T3,2025-06-02 23:17:15.535826823+00:00
2-20250602-01575,2,156,1.187,liter,11.99,False,2025-06-02 23:18:10.150708760+00:00,T1,2025-06-02 23:18:10.192864686+00:00
1-20250602-00348,1,135,1.0,count,4.99,False,2025-06-02 23:18:23.936038849+00:00,T2,2025-06-02 23:18:25.454121322+00:00
2-20250602-01576,2,113,2.0,count,0.55,True,2025-06-02 23:20:05.731658921+00:00,T3,2025-06-02 23:20:05.958705232+00:00
2-20250602-01577,2,148,1.0,count,1.99,False,2025-06-03 03:22:48.035387557+00:00,T4,2025-06-02 23:22:49.468099587+00:00
1-20250602-00349,1,127,0.549,kg,8.99,False,2025-06-02 23:23:58.356409400+00:00,T3,2025-06-02 23:23:59.253931609+00:00
1-20250602-00350,1,134,2.0,count,6.99,False,2025-06-02 23:24:30.532985770+00:00,T1,2025-06-02 23:24:31.842597538+00:00
1-20250602-00351,1,128,0.852,kg,10.99,False,2025-06-02 23:25:31.635422326+00:00,T2,2025-06-02 23:25:31.707507575+00:00
1-20250602-00352,1,101,0.621,kg,1.49,False,2025-06-02 23:28:49.837663360+00:00,T5,2025-06-02 23:28:51.238057411+00:00
3-20250602-02580,3,120,2.0,count,3.99,False,2025-06-02 23:29:08.729321176+00:00,T1,2025-06-02 23:29:17.244656317+00:00
1-20250602-00353,1,108,1.0,count,1.25,False,2025-06-02 23:29:32.715000896+00:00,T4,2025-06-02 23:29:32.825049980+00:00
1-20250602-00354,1,118,2.0,count,3.29,False,2025-06-02 23:29:58.222422689+00:00,T4,2025-06-02 23:29:58.502247488+00:00
3-20250602-02581,3,160,1.0,count,3.99,False,2025-06-02 23:30:13.993331489+00:00,T2,2025-06-02 23:30:14.477159004+00:00
1-20250602-00355,1,125,3.0,count,3.99,False,2025-06-02 23:30:52.428933213+00:00,T2,2025-06-02 23:30:53.732418569+00:00
1-20250602-00356,1,102,1.0,count,0.79,False,2025-06-02 23:31:15.731268372+00:00,T4,2025-06-02 23:31:17.117860329+00:00
2-20250602-01578,2,146,2.0,count,4.99,False,2025-06-03 03:33:10.482105964+00:00,T4,2025-06-02 23:33:11.219640133+00:00
2-20250602-01579,2,113,1.0,count,0.55,True,2025-06-02 23:34:23.446072650+00:00,T1,2025-06-02 23:34:25.742751031+00:00
2-20250602-01580,2,127,0.587,kg,8.99,False,2025-06-02 23:34:54.215214286+00:00,T1,2025-06-02 23:35:01.076337952+00:00
2-20250602-01581,2,146,1.0,count,4.99,False,2025-06-03 03:35:10.506836456+00:00,T4,2025-06-02 23:35:11.455351848+00:00
3-20250602-02582,3,157,1.629,liter,2.99,False,2025-06-02 23:36:09.103966453+00:00,T3,2025-06-02 23:36:09.273749817+00:00
1-20250602-00357,1,130,1.082,kg,21.99,False,2025-06-02 23:37:11.868607171+00:00,T4,2025-06-02 23:37:14.772962761+00:00
1-20250602-00358,1,113,1.0,count,0.55,True,2025-06-02 23:37:14.782376776+00:00,T1,2025-06-02 23:37:15.262426719+00:00
2-20250602-01582,2,112,2.0,count,3.99,False,2025-06-03 03:41:13.393529308+00:00,T4,2025-06-02 23:41:16.052028296+00:00
3-20250602-02583,3,105,0.812,kg,3.49,False,2025-06-02 23:41:57.761226021+00:00,T4,2025-06-02 23:42:00.108896495+00:00
1-20250602-00359,1,135,1.0,count,4.99,False,2025-06-02 23:42:32.563308069+00:00,T3,2025-06-02 23:42:34.884005102+00:00
1-20250602-00360,1,117,3.0,count,3.79,False,2025-06-02 23:43:46.660558713+00:00,T1,2025-06-02 23:43:47.213208960+00:00
3-20250602-02584,3,157,0.234,liter,2.99,False,2025-06-02 23:44:00.163986472+00:00,T1,2025-06-02 23:44:01.824280383+00:00
1-20250602-00361,1,102,2.0,count,0.79,False,2025-06-02 23:44:58.316004455+00:00,T5,2025-06-02 23:44:58.688278954+00:00
2-20250602-01583,2,110,0.335,kg,1.29,False,2025-06-02 23:46:02.713265395+00:00,T2,2025-06-02 23:46:02.807303695+00:00
1-20250602-00362,1,123,1.0,count,2.99,False,2025-06-02 23:46:22.220866834+00:00,T4,2025-06-02 23:46:22.350269319+00:00
2-20250602-01584,2,132,2.0,count,5.99,False,2025-06-02 23:46:52.285664017+00:00,T2,2025-06-02 23:46:54.958427294+00:00
1-20250602-00363,1,134,2.0,count,6.99,False,2025-06-02 23:46:58.382236028+00:00,T1,2025-06-02 23:46:59.168507310+00:00
1-20250602-00364,1,155,0.984,liter,3.49,False,2025-06-02 23:47:41.589727115+00:00,T4,2025-06-02 23:47:42.200206567+00:00
1-20250602-00365,1,117,2.0,count,3.79,False,2025-06-02 23:48:25.905786610+00:00,T2,2025-06-02 23:48:26.586752353+00:00
2-20250602-01585,2,101,0.634,kg,1.49,False,2025-06-02 23:48:39.666500203+00:00,T5,2025-06-02 23:48:41.750272469+00:00
1-20250602-00366,1,155,0.296,liter,3.49,False,2025-06-02 23:49:10.469877667+00:00,T2,2025-06-02 23:49:13.968157064+00:00
3-20250602-02585,3,118,2.0,count,3.29,False,2025-06-02 23:49:58.024799785+00:00,T1,2025-06-02 23:49:59.668170606+00:00
2-20250602-01586,2,106,1.334,kg,3.99,False,2025-06-02 23:53:02.776998093+00:00,T3,2025-06-02 23:53:04.362220255+00:00
1-20250602-00367,1,112,2.0,count,3.99,False,2025-06-02 23:54:35.491709648+00:00,T1,2025-06-02 23:54:35.626907772+00:00
3-20250602-02586,3,146,1.0,count,4.99,False,2025-06-02 23:54:38.369311259+00:00,T2,2025-06-02 23:54:41.310373324+00:00
3-20250602-02587,3,112,1.0,count,3.99,False,2025-06-02 23:55:35.949310668+00:00,T1,2025-06-02 23:55:43.950729828+00:00
3-20250602-02588,3,139,1.0,count,2.99,False,2025-06-02 23:56:33.827748118+00:00,T1,2025-06-02 23:56:34.627512251+00:00
1-20250602-00368,1,147,1.0,count,5.99,False,2025-06-02 23:56:41.805136605+00:00,T2,2025-06-02 23:56:46.441410513+00:00
2-20250602-01587,2,149,2.0,count,2.39,True,2025-06-03 00:00:31.274651503+00:00,T5,2025-06-03 00:00:32.513408349+00:00
3-20250602-02589,3,121,1.0,count,4.99,False,2025-06-03 00:00:53.821877457+00:00,T2,2025-06-03 00:00:53.859137556+00:00
1-20250602-00369,1,122,3.0,count,4.29,False,2025-06-03 00:01:12.624565277+00:00,T4,2025-06-03 00:01:13.446938889+00:00
3-20250602-02590,3,113,1.0,count,0.55,True,2025-06-03 00:03:16.389553390+00:00,T3,2025-06-03 00:03:21.581446470+00:00
2-20250602-01588,2,130,0.536,kg,21.99,False,2025-06-03 00:04:48.299608291+00:00,T3,2025-06-03 00:04:53.621017148+00:00
1-20250602-00370,1,112,1.0,count,3.99,False,2025-06-03 00:05:06.169439271+00:00,T5,2025-06-03 00:05:06.526307768+00:00
3-20250602-02591,3,127,1.549,kg,8.99,False,2025-06-03 00:06:13.491663654+00:00,T2,2025-06-03 00:06:14.920104354+00:00
2-20250602-01589,2,117,1.0,count,3.79,False,2025-06-03 04:09:03.742977867+00:00,T4,2025-06-03 00:09:04.842891046+00:00
1-20250602-00371,1,120,2.0,count,3.99,False,2025-06-03 00:09:12.048346955+00:00,T3,2025-06-03 00:09:17.275564790+00:00
1-20250602-00372,1,146,2.0,count,4.99,False,2025-06-03 00:09:45.942255940+00:00,T5,2025-06-03 00:09:47.260792084+00:00
2-20250602-01590,2,128,2.678,kg,10.99,False,2025-06-03 04:10:19.359120638+00:00,T4,2025-06-03 00:10:24.348999551+00:00
1-20250602-00373,1,107,1.0,count,1.89,False,2025-06-03 00:11:29.047617867+00:00,T5,2025-06-03 00:11:29.449617236+00:00
3-20250602-02592,3,135,1.0,count,4.99,False,2025-06-03 00:15:23.004573498+00:00,T3,2025-06-03 00:15:23.827333496+00:00
1-20250602-00374,1,105,0.578,kg,3.49,False,2025-06-03 00:16:27.591600552+00:00,T4,2025-06-03 00:16:29.178217605+00:00
1-20250602-00375,1,108,1.0,count,1.25,False,2025-06-03 00:17:42.529783199+00:00,T1,2025-06-03 00:17:42.808189236+00:00
2-20250602-01591,2,124,1.0,count,3.49,False,2025-06-03 04:17:56.186754108+00:00,T4,2025-06-03 00:17:57.347837107+00:00
2-20250602-01592,2,146,1.0,count,4.99,False,2025-06-03 00:20:23.323920561+00:00,T5,2025-06-03 00:20:25.021145347+00:00
3-20250602-02593,3,122,2.0,count,4.29,False,2025-06-03 00:21:52.038511631+00:00,T2,2025-06-03 00:21:57.052870197+00:00
1-20250602-00376,1,107,1.0,count,1.89,False,2025-06-03 00:22:09.429299394+00:00,T2,2025-06-03 00:22:17.786661972+00:00
1-20250602-00377,1,153,1.0,count,12.99,False,2025-06-03 00:22:18.497903479+00:00,T5,2025-06-03 00:22:24.943508762+00:00
1-20250602-00378,1,103,1.0,count,2.99,False,2025-06-03 00:22:46.544936656+00:00,T3,2025-06-03 00:22:46.667496128+00:00
1-20250602-00379,1,102,1.0,count,0.79,False,2025-06-03 00:23:06.115097370+00:00,T3,2025-06-03 00:23:06.336713639+00:00
3-20250602-02594,3,132,1.0,count,5.99,False,2025-06-03 00:23:30.255657729+00:00,T4,2025-06-03 00:23:30.644824577+00:00
2-20250602-01593,2,104,0.305,kg,1.99,False,2025-06-03 00:24:28.042842684+00:00,T1,2025-06-03 00:24:29.173382878+00:00
1-20250602-00380,1,118,1.0,count,3.29,False,2025-06-03 00:25:36.447594426+00:00,T4,2025-06-03 00:25:38.606280777+00:00
2-20250602-01594,2,151,2.0,count,9.99,False,2025-06-03 00:26:35.304529174+00:00,T2,2025-06-03 00:26:42.294742444+00:00
3-20250602-02595,3,122,2.0,count,4.29,False,2025-06-03 00:27:12.374140539+00:00,T5,2025-06-03 00:27:13.713629069+00:00
3-20250602-02596,3,146,1.0,count,4.99,False,2025-06-03 00:28:18.846155332+00:00,T1,2025-06-03 00:28:19.378869556+00:00
3-20250602-02597,3,115,1.0,count,3.49,False,2025-06-03 00:28:43.842656086+00:00,T1,2025-06-03 00:28:46.969545829+00:00
2-20250602-01595,2,138,1.0,count,1.49,False,2025-06-03 04:29:10.841549403+00:00,T4,2025-06-03 00:29:12.954026447+00:00
3-20250602-02598,3,123,1.0,count,2.99,False,2025-06-03 00:31:54.497186234+00:00,T1,2025-06-03 00:31:58.470097869+00:00
1-20250602-00381,1,114,2.0,count,5.99,False,2025-06-03 00:32:49.148444158+00:00,T3,2025-06-03 00:32:51.096495750+00:00
1-20250602-00382,1,155,1.845,liter,3.49,False,2025-06-03 00:32:57.929293978+00:00,T5,2025-06-03 00:32:59.033924160+00:00
1-20250602-00383,1,147,1.0,count,5.99,False,2025-06-03 00:35:24.328161428+00:00,T2,2025-06-03 00:35:28.628708129+00:00
1-20250602-00384,1,156,1.017,liter,11.99,False,2025-06-03 00:35:37.302523307+00:00,T4,2025-06-03 00:35:38.607211092+00:00
3-20250602-02599,3,116,1.0,count,2.49,False,2025-06-03 00:35:51.844231136+00:00,T3,2025-06-03 00:35:54.308821189+00:00
1-20250602-00385,1,101,1.095,kg,1.49,False,2025-06-03 00:35:58.291063252+00:00,T1,2025-06-03 00:35:59.642147271+00:00
2-20250602-01596,2,136,1.0,count,8.99,False,2025-06-03 00:37:02.512014670+00:00,T2,2025-06-03 00:37:03.387185853+00:00
2-20250602-01597,2,118,2.0,count,3.29,False,2025-06-03 00:37:11.141956287+00:00,T3,2025-06-03 00:37:13.107231800+00:00
1-20250602-00386,1,116,1.0,count,2.49,False,2025-06-03 00:37:24.991937910+00:00,T3,2025-06-03 00:37:28.014437085+00:00
3-20250602-02600,3,105,0.827,kg,3.49,False,2025-06-03 00:37:46.265789911+00:00,T3,2025-06-03 00:37:46.763519431+00:00
3-20250602-02601,3,136,1.0,count,8.99,False,2025-06-03 00:38:01.820098473+00:00,T3,2025-06-03 00:38:02.855366415+00:00
2-20250602-01598,2,101,1.268,kg,1.49,False,2025-06-03 00:38:27.640099707+00:00,T3,2025-06-03 00:38:29.935333022+00:00
3-20250602-02602,3,115,1.0,count,3.49,False,2025-06-03 00:39:44.557822371+00:00,T2,2025-06-03 00:39:46.262146991+00:00
1-20250602-00387,1,124,2.0,count,3.49,False,2025-06-03 00:40:03.433392904+00:00,T3,2025-06-03 00:40:09.196867160+00:00
3-20250602-02603,3,104,0.952,kg,1.99,False,2025-06-03 00:41:52.878074617+00:00,T5,2025-06-03 00:41:54.192936727+00:00
2-20250602-01599,2,101,1.433,kg,1.49,False,2025-06-03 00:42:04.204965859+00:00,T5,2025-06-03 00:42:08.103965425+00:00
1-20250602-00388,1,102,1.0,count,0.79,False,2025-06-03 00:42:08.807722567+00:00,T4,2025-06-03 00:42:11.138998311+00:00
1-20250602-00389,1,129,1.966,kg,9.49,False,2025-06-03 00:43:22.972220202+00:00,T5,2025-06-03 00:43:25.706567353+00:00
2-20250602-01600,2,126,1.0,count,1.29,False,2025-06-03 00:43:42.362979627+00:00,T3,2025-06-03 00:43:42.871010779+00:00
3-20250602-02604,3,123,2.0,count,2.99,False,2025-06-03 00:47:04.168264045+00:00,T2,2025-06-03 00:47:06.084372448+00:00
1-20250602-00390,1,111,1.042,kg,1.59,False,2025-06-03 00:47:03.181038166+00:00,T2,2025-06-03 00:47:06.915315355+00:00
3-20250602-02605,3,157,0.246,liter,2.99,False,2025-06-03 00:47:22.398079314+00:00,T5,2025-06-03 00:47:23.231506892+00:00
1-20250602-00391,1,101,1.136,kg,1.49,False,2025-06-03 00:48:00.717853013+00:00,T4,2025-06-03 00:48:02.753889525+00:00
3-20250602-02606,3,115,1.0,count,3.49,False,2025-06-03 00:48:03.272316926+00:00,T1,2025-06-03 00:48:05.178349842+00:00
1-20250602-00392,1,102,2.0,count,0.79,False,2025-06-03 00:48:34.470685462+00:00,T2,2025-06-03 00:48:35.654136642+00:00
3-20250602-02607,3,133,2.0,count,3.99,False,2025-06-03 00:49:59.646797520+00:00,T2,2025-06-03 00:50:01.955213965+00:00
3-20250602-02608,3,126,2.0,count,1.29,False,2025-06-03 00:51:38.367564913+00:00,T5,2025-06-03 00:51:39.625506218+00:00
1-20250602-00393,1,118,2.0,count,3.29,False,2025-06-03 00:51:55.336452728+00:00,T2,2025-06-03 00:51:55.506878635+00:00
1-20250602-00394,1,123,1.0,count,2.99,False,2025-06-03 00:52:26.441884457+00:00,T3,2025-06-03 00:52:27.628986714+00:00
1-20250602-00395,1,132,1.0,count,5.99,False,2025-06-03 00:52:47.740241167+00:00,T5,2025-06-03 00:52:47.750512006+00:00
1-20250602-00396,1,159,1.821,kg,12.99,False,2025-06-03 00:54:20.085943980+00:00,T5,2025-06-03 00:54:20.869657287+00:00
2-20250602-01602,2,117,1.0,count,3.79,False,2025-06-03 00:54:20.996644535+00:00,T3,2025-06-03 00:54:22.060231327+00:00
1-20250602-00397,1,125,1.0,count,3.99,False,2025-06-03 01:00:20.486547285+00:00,T1,2025-06-03 01:00:21.281083410+00:00
2-20250602-01603,2,143,2.0,count,1.19,False,2025-06-03 01:00:56.975861123+00:00,T5,2025-06-03 01:00:57.855381536+00:00
3-20250602-02609,3,107,1.0,count,1.89,False,2025-06-03 01:03:52.995668682+00:00,T2,2025-06-03 01:03:55.308253855+00:00
3-20250602-02610,3,103,2.0,count,2.99,False,2025-06-03 01:03:57.129980891+00:00,T2,2025-06-03 01:03:58.539585233+00:00
1-20250602-00398,1,123,3.0,count,2.99,False,2025-06-03 01:04:15.681746609+00:00,T3,2025-06-03 01:04:16.175690388+00:00
1-20250602-00399,1,127,2.295,kg,8.99,False,2025-06-03 01:04:24.232556155+00:00,T5,2025-06-03 01:04:37.411275990+00:00
3-20250602-02611,3,153,1.0,count,12.99,False,2025-06-03 01:05:25.409190093+00:00,T3,2025-06-03 01:05:26.345298370+00:00
2-20250602-01604,2,126,1.0,count,1.29,False,2025-06-03 01:06:07.045275258+00:00,T3,2025-06-03 01:06:07.560131187+00:00
1-20250602-00400,1,101,0.491,kg,1.49,False,2025-06-03 01:08:06.024852570+00:00,T1,2025-06-03 01:08:07.749777235+00:00
1-20250602-00401,1,118,1.0,count,3.29,False,2025-06-03 01:08:23.394111263+00:00,T2,2025-06-03 01:08:24.705284615+00:00
2-20250602-01605,2,151,1.0,count,9.99,False,2025-06-03 01:08:42.991388417+00:00,T2,2025-06-03 01:08:43.183598264+00:00
3-20250602-02612,3,139,1.0,count,2.99,False,2025-06-03 01:08:42.940017855+00:00,T4,2025-06-03 01:08:43.680105297+00:00
2-20250602-01606,2,147,1.0,count,5.99,False,2025-06-03 01:10:27.987675093+00:00,T3,2025-06-03 01:10:28.729077936+00:00
2-20250602-01607,2,108,3.0,count,1.25,False,2025-06-03 01:11:43.240800815+00:00,T5,2025-06-03 01:11:44.726173045+00:00
3-20250602-02613,3,101,0.147,kg,1.49,False,2025-06-03 01:11:58.216736173+00:00,T3,2025-06-03 01:11:58.745844641+00:00
1-20250602-00402,1,103,1.0,count,2.99,False,2025-06-03 01:13:33.929956904+00:00,T3,2025-06-03 01:13:36.022500595+00:00
2-20250602-01608,2,119,1.0,count,5.49,False,2025-06-03 05:14:22.345206869+00:00,T4,2025-06-03 01:14:29.371578013+00:00
3-20250602-02614,3,143,1.0,count,1.19,False,2025-06-03 01:14:51.932769552+00:00,T1,2025-06-03 01:14:52.469872963+00:00
1-20250602-00403,1,142,2.0,count,3.49,False,2025-06-03 01:15:31.399269079+00:00,T2,2025-06-03 01:15:31.525845200+00:00
1-20250602-00404,1,104,0.604,kg,1.99,False,2025-06-03 01:16:06.542660684+00:00,T3,2025-06-03 01:16:07.849671678+00:00
2-20250602-01609,2,158,2.0,count,2.49,False,2025-06-03 01:17:00.651933497+00:00,T5,2025-06-03 01:17:01.716150971+00:00
2-20250602-01610,2,126,1.0,count,1.29,False,2025-06-03 01:19:05.926115561+00:00,T1,2025-06-03 01:19:05.959615207+00:00
3-20250602-02615,3,146,3.0,count,4.99,False,2025-06-03 01:19:06.884453079+00:00,T5,2025-06-03 01:19:08.990394652+00:00
3-20250602-02616,3,101,1.431,kg,1.49,False,2025-06-03 01:19:25.851463545+00:00,T4,2025-06-03 01:19:26.335705917+00:00
3-20250602-02617,3,117,3.0,count,3.79,False,2025-06-03 01:19:32.541926082+00:00,T1,2025-06-03 01:19:33.250343356+00:00
1-20250602-00405,1,160,3.0,count,3.99,False,2025-06-03 01:21:01.645286626+00:00,T3,2025-06-03 01:21:04.345519390+00:00
2-20250602-01611,2,132,1.0,count,5.99,False,2025-06-03 01:21:43.323859568+00:00,T5,2025-06-03 01:21:46.221176090+00:00
1-20250602-00406,1,133,3.0,count,3.99,False,2025-06-03 01:21:48.965232861+00:00,T5,2025-06-03 01:21:51.452424670+00:00
3-20250602-02618,3,146,1.0,count,4.99,False,2025-06-03 01:22:47.912515650+00:00,T1,2025-06-03 01:22:49.631342783+00:00
2-20250602-01612,2,102,1.0,count,0.79,False,2025-06-03 05:23:47.752405200+00:00,T4,2025-06-03 01:23:49.899951127+00:00
1-20250602-00407,1,140,1.0,count,2.79,False,2025-06-03 01:24:59.926449240+00:00,T4,2025-06-03 01:25:00.538072546+00:00
1-20250602-00408,1,104,1.041,kg,1.99,False,2025-06-03 01:25:43.795028991+00:00,T5,2025-06-03 01:25:45.342587281+00:00
1-20250602-00409,1,138,1.0,count,1.49,False,2025-06-03 01:26:06.317390+00:00,T5,2025-06-03 01:26:08.886107441+00:00
1-20250602-00410,1,118,2.0,count,3.29,False,2025-06-03 01:26:22.587848831+00:00,T2,2025-06-03 01:26:24.112510218+00:00
3-20250602-02619,3,138,2.0,count,1.49,False,2025-06-03 01:26:32.419650998+00:00,T1,2025-06-03 01:26:36.355869493+00:00
1-20250602-00411,1,112,2.0,count,3.99,False,2025-06-03 01:26:36.055600579+00:00,T3,2025-06-03 01:26:36.753464820+00:00
1-20250602-00412,1,137,1.0,count,3.29,False,2025-06-03 01:27:02.515793044+00:00,T1,2025-06-03 01:27:10.380107990+00:00
2-20250602-01613,2,125,1.0,count,3.99,False,2025-06-03 01:31:05.864714929+00:00,T1,2025-06-03 01:31:09.218427144+00:00
2-20250602-01614,2,107,2.0,count,1.89,False,2025-06-03 01:32:29.167645237+00:00,T5,2025-06-03 01:32:29.569815443+00:00
3-20250602-02620,3,116,1.0,count,2.49,False,2025-06-03 01:33:28.440360419+00:00,T2,2025-06-03 01:33:29.481695394+00:00
1-20250602-00413,1,146,2.0,count,4.99,False,2025-06-03 01:33:42.018670966+00:00,T4,2025-06-03 01:33:44.074605011+00:00
2-20250602-01615,2,155,1.241,liter,3.49,False,2025-06-03 01:35:13.163441850+00:00,T1,2025-06-03 01:35:17.051399999+00:00
1-20250602-00414,1,101,0.877,kg,1.49,False,2025-06-03 01:36:05.323234191+00:00,T3,2025-06-03 01:36:07.858844730+00:00
3-20250602-02621,3,151,1.0,count,9.99,False,2025-06-03 01:36:18.952560790+00:00,T2,2025-06-03 01:36:19.120908431+00:00
1-20250602-00415,1,127,1.145,kg,8.99,False,2025-06-03 01:36:59.444884906+00:00,T3,2025-06-03 01:37:02.567425279+00:00
1-20250602-00416,1,154,0.825,liter,3.99,False,2025-06-03 01:37:09.471766579+00:00,T2,2025-06-03 01:37:15.659529020+00:00
2-20250602-01616,2,101,1.923,kg,1.49,False,2025-06-03 01:39:12.493137627+00:00,T3,2025-06-03 01:39:14.616496473+00:00
1-20250602-00417,1,106,0.494,kg,3.99,False,2025-06-03 01:39:30.010654042+00:00,T3,2025-06-03 01:39:35.395644355+00:00
1-20250602-00418,1,109,2.0,count,1.99,False,2025-06-03 01:41:55.553451165+00:00,T2,2025-06-03 01:41:59.115476729+00:00
1-20250602-00419,1,101,1.568,kg,1.49,False,2025-06-03 01:43:59.834812826+00:00,T5,2025-06-03 01:44:03.667305325+00:00
3-20250602-02622,3,106,0.84,kg,3.99,False,2025-06-03 01:46:25.522999793+00:00,T2,2025-06-03 01:46:30.619394814+00:00
1-20250602-00420,1,133,3.0,count,3.99,False,2025-06-03 01:46:30.630683551+00:00,T3,2025-06-03 01:46:31.867283331+00:00
2-20250602-01617,2,108,1.0,count,1.25,False,2025-06-03 05:46:30.009282602+00:00,T4,2025-06-03 01:46:32.668654911+00:00
1-20250602-00421,1,133,3.0,count,3.99,False,2025-06-03 01:46:52.186245358+00:00,T1,2025-06-03 01:46:54.288444965+00:00
3-20250602-02623,3,117,1.0,count,3.79,False,2025-06-03 01:47:28.396838023+00:00,T5,2025-06-03 01:47:29.520617919+00:00
3-20250602-02624,3,155,2.09,liter,3.49,False,2025-06-03 01:48:28.251888376+00:00,T5,2025-06-03 01:48:28.407683811+00:00
3-20250602-02625,3,117,1.0,count,3.79,False,2025-06-03 01:49:53.741237943+00:00,T5,2025-06-03 01:49:54.802875948+00:00
1-20250602-00422,1,110,0.775,kg,1.29,False,2025-06-03 01:53:27.015402043+00:00,T2,2025-06-03 01:53:27.553282989+00:00
3-20250602-02626,3,133,1.0,count,3.99,False,2025-06-03 01:53:44.361870286+00:00,T5,2025-06-03 01:53:44.403082127+00:00
1-20250602-00423,1,133,2.0,count,3.99,False,2025-06-03 01:54:03.496282421+00:00,T2,2025-06-03 01:54:04.556801564+00:00
3-20250602-02628,3,113,2.0,count,0.55,True,2025-06-03 01:58:04.591217098+00:00,T5,2025-06-03 01:58:05.007037029+00:00
2-20250602-01618,2,150,1.0,count,8.99,False,2025-06-03 01:58:52.364188990+00:00,T1,2025-06-03 01:58:53.525522048+00:00
3-20250602-02629,3,102,1.0,count,0.79,False,2025-06-03 01:59:03.031103121+00:00,T5,2025-06-03 01:59:07.024939776+00:00
3-20250602-02630,3,133,1.0,count,3.99,False,2025-06-03 01:59:37.145207620+00:00,T5,2025-06-03 01:59:38.655154808+00:00
1-20250602-00347,1,101,1.201,kg,1.49,False,2025-06-02 23:18:04.924983519+00:00,T4,2025-06-03 02:13:03.177437084+00:00
2-20250602-01601,2,138,2.0,count,1.49,False,2025-06-03 00:51:59.552421750+00:00,T3,2025-06-03 02:52:32.974117913+00:00
3-20250602-02627,3,151,3.0,count,9.99,False,2025-06-03 01:54:20.763078441+00:00,T4,2025-06-03 03:40:46.751448558+00:00
1-20250603-00424,1,102,2.0,count,0.79,False,2025-06-03 11:00:10.284461246+00:00,T5,2025-06-03 11:00:12.243892708+00:00
1-20250603-00425,1,121,1.0,count,4.99,False,2025-06-03 11:00:39.377805376+00:00,T2,2025-06-03 11:00:39.578493422+00:00
2-20250603-01619,2,108,2.0,count,1.25,False,2025-06-03 11:00:41.518127069+00:00,T1,2025-06-03 11:00:44.444961022+00:00
1-20250603-00426,1,127,0.617,kg,8.99,False,2025-06-03 11:02:43.786244898+00:00,T2,2025-06-03 11:02:44.082209748+00:00
1-20250603-00427,1,122,2.0,count,4.29,False,2025-06-03 11:05:49.113596355+00:00,T5,2025-06-03 11:05:52.626335308+00:00
1-20250603-00428,1,118,2.0,count,3.29,False,2025-06-03 11:06:19.889738669+00:00,T1,2025-06-03 11:06:20.775272261+00:00
1-20250603-00429,1,126,2.0,count,1.29,False,2025-06-03 11:06:50.585305215+00:00,T4,2025-06-03 11:06:53.798936635+00:00
1-20250603-00430,1,134,1.0,count,6.99,False,2025-06-03 11:10:20.416640041+00:00,T3,2025-06-03 11:10:21.259890252+00:00
1-20250603-00431,1,112,1.0,count,3.99,False,2025-06-03 11:13:55.341269881+00:00,T4,2025-06-03 11:13:56.754526611+00:00
1-20250603-00432,1,102,1.0,count,0.79,False,2025-06-03 11:15:39.390776032+00:00,T5,2025-06-03 11:15:41.776689143+00:00
3-20250603-02632,3,108,1.0,count,1.25,False,2025-06-03 11:17:34.154144787+00:00,T1,2025-06-03 11:17:35.346672419+00:00
1-20250603-00433,1,119,3.0,count,5.49,False,2025-06-03 11:18:16.678954350+00:00,T4,2025-06-03 11:18:17.397229840+00:00
1-20250603-00434,1,102,2.0,count,0.79,False,2025-06-03 11:18:34.023430307+00:00,T5,2025-06-03 11:18:34.263838651+00:00
2-20250603-01620,2,114,1.0,count,5.99,False,2025-06-03 11:19:10.704062867+00:00,T5,2025-06-03 11:19:14.556451188+00:00
1-20250603-00435,1,114,1.0,count,5.99,False,2025-06-03 11:19:26.357834611+00:00,T4,2025-06-03 11:19:26.923384248+00:00
2-20250603-01621,2,105,1.709,kg,3.49,False,2025-06-03 11:19:25.675099905+00:00,T2,2025-06-03 11:19:27.784778538+00:00
1-20250603-00436,1,114,1.0,count,5.99,False,2025-06-03 11:20:08.823826981+00:00,T4,2025-06-03 11:20:09.915739391+00:00
2-20250603-01622,2,128,0.641,kg,10.99,False,2025-06-03 11:20:29.203739558+00:00,T5,2025-06-03 11:20:29.279116706+00:00
3-20250603-02633,3,136,1.0,count,8.99,False,2025-06-03 11:20:51.320803218+00:00,T2,2025-06-03 11:20:52.343488244+00:00
1-20250603-00437,1,107,2.0,count,1.89,False,2025-06-03 11:20:53.549763188+00:00,T2,2025-06-03 11:20:53.909319365+00:00
3-20250603-02634,3,150,1.0,count,8.99,False,2025-06-03 11:21:38.313341939+00:00,T5,2025-06-03 11:21:41.071016444+00:00
3-20250603-02635,3,111,0.421,kg,1.59,False,2025-06-03 11:21:54.271900990+00:00,T4,2025-06-03 11:21:58.353760883+00:00
1-20250603-00438,1,130,1.156,kg,21.99,False,2025-06-03 11:23:00.568049026+00:00,T4,2025-06-03 11:23:01.517785509+00:00
2-20250603-01623,2,101,1.15,kg,1.49,False,2025-06-03 11:23:33.274458029+00:00,T5,2025-06-03 11:23:34.282785569+00:00
1-20250603-00439,1,139,1.0,count,2.99,False,2025-06-03 11:24:24.375104360+00:00,T5,2025-06-03 11:24:27.880623480+00:00
2-20250603-01624,2,101,0.238,kg,1.49,False,2025-06-03 11:24:29.783070038+00:00,T2,2025-06-03 11:24:30.797313694+00:00
2-20250603-01625,2,118,1.0,count,3.29,False,2025-06-03 11:24:30.821206875+00:00,T5,2025-06-03 11:24:35.598105960+00:00
2-20250603-01626,2,128,1.573,kg,10.99,False,2025-06-03 11:24:43.484235579+00:00,T1,2025-06-03 11:24:49.560497047+00:00
2-20250603-01627,2,105,1.724,kg,3.49,False,2025-06-03 11:25:12.242041009+00:00,T5,2025-06-03 11:25:12.675032570+00:00
1-20250603-00440,1,102,1.0,count,0.79,False,2025-06-03 11:25:17.142685977+00:00,T4,2025-06-03 11:25:21.374828433+00:00
1-20250603-00442,1,106,1.66,kg,3.99,False,2025-06-03 11:25:49.437818506+00:00,T4,2025-06-03 11:25:49.651699663+00:00
1-20250603-00441,1,108,2.0,count,1.25,False,2025-06-03 11:25:45.882645223+00:00,T3,2025-06-03 11:25:50.413550+00:00
1-20250603-00443,1,108,1.0,count,1.25,False,2025-06-03 11:26:05.653014471+00:00,T2,2025-06-03 11:26:07.711545061+00:00
1-20250603-00444,1,128,0.601,kg,10.99,False,2025-06-03 11:27:30.039660256+00:00,T1,2025-06-03 11:27:36.020194230+00:00
2-20250603-01628,2,125,2.0,count,3.99,False,2025-06-03 15:27:46.774637086+00:00,T4,2025-06-03 11:27:46.804636305+00:00
2-20250603-01629,2,109,1.0,count,1.99,False,2025-06-03 11:28:11.049002727+00:00,T1,2025-06-03 11:28:11.421425393+00:00
3-20250603-02636,3,119,2.0,count,5.49,False,2025-06-03 11:28:16.864435654+00:00,T3,2025-06-03 11:28:21.945684403+00:00
1-20250603-00445,1,104,1.513,kg,1.99,False,2025-06-03 11:31:32.461358572+00:00,T4,2025-06-03 11:31:34.103004084+00:00
1-20250603-00446,1,113,1.0,count,0.55,True,2025-06-03 11:32:26.696624830+00:00,T4,2025-06-03 11:32:27.038371150+00:00
3-20250603-02637,3,137,1.0,count,3.29,False,2025-06-03 11:32:30.451244755+00:00,T5,2025-06-03 11:32:31.111685824+00:00
1-20250603-00447,1,134,3.0,count,6.99,False,2025-06-03 11:32:34.652127080+00:00,T4,2025-06-03 11:32:39.190013373+00:00
1-20250603-00448,1,118,2.0,count,3.29,False,2025-06-03 11:33:01.057924850+00:00,T5,2025-06-03 11:33:02.119205903+00:00
3-20250603-02638,3,126,1.0,count,1.29,False,2025-06-03 11:33:32.764915548+00:00,T4,2025-06-03 11:33:36.229493305+00:00
1-20250603-00449,1,158,1.0,count,2.49,False,2025-06-03 11:34:39.676944184+00:00,T2,2025-06-03 11:34:41.677390638+00:00
1-20250603-00450,1,114,2.0,count,5.99,False,2025-06-03 11:35:18.075616447+00:00,T2,2025-06-03 11:35:19.709095513+00:00
3-20250603-02639,3,160,1.0,count,3.99,False,2025-06-03 11:36:41.514922026+00:00,T5,2025-06-03 11:36:43.472727232+00:00
2-20250603-01630,2,102,1.0,count,0.79,False,2025-06-03 11:37:10.761318940+00:00,T5,2025-06-03 11:37:10.881420399+00:00
3-20250603-02640,3,118,3.0,count,3.29,False,2025-06-03 11:38:04.098956798+00:00,T5,2025-06-03 11:38:04.179429538+00:00
1-20250603-00451,1,107,3.0,count,1.89,False,2025-06-03 11:38:34.834348703+00:00,T5,2025-06-03 11:38:34.967880400+00:00
3-20250603-02641,3,135,2.0,count,4.99,False,2025-06-03 11:38:33.573581012+00:00,T5,2025-06-03 11:38:37.419519439+00:00
3-20250603-02642,3,106,1.699,kg,3.99,False,2025-06-03 11:42:58.335161879+00:00,T3,2025-06-03 11:43:00.627271284+00:00
3-20250603-02643,3,110,0.577,kg,1.29,False,2025-06-03 11:43:24.382352441+00:00,T1,2025-06-03 11:43:25.586138200+00:00
1-20250603-00452,1,145,1.0,count,9.99,False,2025-06-03 11:43:49.403955795+00:00,T2,2025-06-03 11:43:50.042745200+00:00
3-20250603-02644,3,113,1.0,count,0.55,True,2025-06-03 11:44:18.211929604+00:00,T3,2025-06-03 11:44:18.799670079+00:00
3-20250603-02645,3,157,0.608,liter,2.99,False,2025-06-03 11:44:46.910928307+00:00,T3,2025-06-03 11:44:50.204620067+00:00
2-20250603-01631,2,148,3.0,count,1.99,False,2025-06-03 11:45:10.949502160+00:00,T1,2025-06-03 11:45:11.481702956+00:00
2-20250603-01632,2,127,1.337,kg,8.99,False,2025-06-03 11:45:36.177345828+00:00,T3,2025-06-03 11:45:37.066483957+00:00
2-20250603-01633,2,116,1.0,count,2.49,False,2025-06-03 11:47:41.694505481+00:00,T2,2025-06-03 11:47:45.523002579+00:00
3-20250603-02646,3,133,1.0,count,3.99,False,2025-06-03 11:48:08.151650902+00:00,T5,2025-06-03 11:48:09.363824124+00:00
3-20250603-02647,3,108,3.0,count,1.25,False,2025-06-03 11:48:22.056683114+00:00,T5,2025-06-03 11:48:22.464375144+00:00
3-20250603-02648,3,112,2.0,count,3.99,False,2025-06-03 11:48:55.198673521+00:00,T3,2025-06-03 11:48:58.901601525+00:00
2-20250603-01635,2,151,1.0,count,9.99,False,2025-06-03 11:49:11.863942610+00:00,T2,2025-06-03 11:49:12.144335029+00:00
3-20250603-02649,3,133,1.0,count,3.99,False,2025-06-03 11:49:28.800450884+00:00,T5,2025-06-03 11:49:29.373124289+00:00
1-20250603-00453,1,120,3.0,count,3.99,False,2025-06-03 11:50:28.008892713+00:00,T2,2025-06-03 11:50:31.291275463+00:00
3-20250603-02650,3,118,1.0,count,3.29,False,2025-06-03 11:51:12.499138156+00:00,T5,2025-06-03 11:51:15.274499988+00:00
3-20250603-02651,3,127,0.838,kg,8.99,False,2025-06-03 11:51:48.922151720+00:00,T2,2025-06-03 11:51:51.078083436+00:00
1-20250603-00454,1,139,1.0,count,2.99,False,2025-06-03 11:52:41.236730095+00:00,T5,2025-06-03 11:52:43.177011867+00:00
2-20250603-01636,2,112,1.0,count,3.99,False,2025-06-03 11:52:51.002455736+00:00,T1,2025-06-03 11:52:52.084371869+00:00
2-20250603-01636,2,112,1.0,count,3.99,False,2025-06-03 11:52:51.002455736+00:00,T1,2025-06-03 11:53:04.660922+00:00
1-20250603-00455,1,103,1.0,count,2.99,False,2025-06-03 11:53:11.891379105+00:00,T4,2025-06-03 11:53:12.829945028+00:00
2-20250603-01637,2,153,1.0,count,12.99,False,2025-06-03 11:53:48.044706347+00:00,T3,2025-06-03 11:53:50.120695189+00:00
2-20250603-01638,2,138,2.0,count,1.49,False,2025-06-03 11:54:27.177835449+00:00,T1,2025-06-03 11:54:30.806640951+00:00
1-20250603-00456,1,116,2.0,count,2.49,False,2025-06-03 11:55:06.864704885+00:00,T5,2025-06-03 11:55:08.393799578+00:00
2-20250603-01639,2,145,1.0,count,9.99,False,2025-06-03 11:56:44.732963349+00:00,T3,2025-06-03 11:56:46.555625032+00:00
3-20250603-02652,3,102,3.0,count,0.79,False,2025-06-03 11:57:19.766580174+00:00,T4,2025-06-03 11:57:23.131740954+00:00
1-20250603-00457,1,137,1.0,count,3.29,False,2025-06-03 11:57:28.977149721+00:00,T2,2025-06-03 11:57:31.071291417+00:00
2-20250603-01640,2,102,2.0,count,0.79,False,2025-06-03 15:57:30.563209607+00:00,T4,2025-06-03 11:57:37.418911964+00:00
2-20250603-01641,2,108,2.0,count,1.25,False,2025-06-03 12:02:24.431568115+00:00,T3,2025-06-03 12:02:27.166370225+00:00
1-20250603-00458,1,128,1.552,kg,10.99,False,2025-06-03 12:04:00.832910062+00:00,T1,2025-06-03 12:04:01.111245990+00:00
1-20250603-00459,1,117,2.0,count,3.79,False,2025-06-03 12:04:39.726293198+00:00,T5,2025-06-03 12:04:41.630190124+00:00
1-20250603-00460,1,107,2.0,count,1.89,False,2025-06-03 12:04:59.135922412+00:00,T3,2025-06-03 12:05:00.889688717+00:00
1-20250603-00461,1,114,2.0,count,5.99,False,2025-06-03 12:05:39.861216118+00:00,T2,2025-06-03 12:05:41.955371788+00:00
2-20250603-01642,2,104,0.742,kg,1.99,False,2025-06-03 16:08:04.174262361+00:00,T4,2025-06-03 12:08:16.994415674+00:00
2-20250603-01643,2,101,0.451,kg,1.49,False,2025-06-03 12:08:15.974272231+00:00,T1,2025-06-03 12:08:22.459284613+00:00
3-20250603-02653,3,132,2.0,count,5.99,False,2025-06-03 12:08:51.948104387+00:00,T4,2025-06-03 12:08:52.497396304+00:00
2-20250603-01644,2,101,0.342,kg,1.49,False,2025-06-03 16:09:39.991127700+00:00,T4,2025-06-03 12:09:42.378340380+00:00
1-20250603-00462,1,101,0.838,kg,1.49,False,2025-06-03 12:10:40.329334894+00:00,T3,2025-06-03 12:10:41.623522029+00:00
1-20250603-00463,1,125,1.0,count,3.99,False,2025-06-03 12:10:49.271363279+00:00,T3,2025-06-03 12:10:49.618200733+00:00
2-20250603-01645,2,103,3.0,count,2.99,False,2025-06-03 12:10:46.132826442+00:00,T3,2025-06-03 12:10:52.672370047+00:00
3-20250603-02654,3,102,3.0,count,0.79,False,2025-06-03 12:11:37.612054233+00:00,T4,2025-06-03 12:11:42.186357225+00:00
2-20250603-01646,2,116,1.0,count,2.49,False,2025-06-03 12:12:18.878013268+00:00,T3,2025-06-03 12:12:21.891345559+00:00
1-20250603-00464,1,108,1.0,count,1.25,False,2025-06-03 12:12:52.167173502+00:00,T3,2025-06-03 12:12:52.919406380+00:00
1-20250603-00465,1,104,1.901,kg,1.99,False,2025-06-03 12:13:00.493711655+00:00,T5,2025-06-03 12:13:07.208158290+00:00
2-20250603-01647,2,109,3.0,count,1.99,False,2025-06-03 12:14:18.347872253+00:00,T3,2025-06-03 12:14:19.999190912+00:00
1-20250603-00466,1,143,2.0,count,1.19,False,2025-06-03 12:16:48.742870062+00:00,T3,2025-06-03 12:16:49.563785748+00:00
1-20250603-00467,1,107,2.0,count,1.89,False,2025-06-03 12:16:54.004387241+00:00,T4,2025-06-03 12:16:55.214136337+00:00
3-20250603-02655,3,155,0.492,liter,3.49,False,2025-06-03 12:19:13.897211599+00:00,T3,2025-06-03 12:19:24.705775017+00:00
2-20250603-01648,2,101,0.488,kg,1.49,False,2025-06-03 12:22:12.460794262+00:00,T3,2025-06-03 12:22:13.040981805+00:00
1-20250603-00468,1,105,1.914,kg,3.49,False,2025-06-03 12:23:45.368536518+00:00,T4,2025-06-03 12:23:46.542967995+00:00
1-20250603-00469,1,140,1.0,count,2.79,False,2025-06-03 12:23:51.318188818+00:00,T4,2025-06-03 12:23:54.555723161+00:00
2-20250603-01649,2,151,1.0,count,9.99,False,2025-06-03 16:24:02.070220817+00:00,T4,2025-06-03 12:24:03.604215888+00:00
2-20250603-01650,2,111,2.648,kg,1.59,False,2025-06-03 12:24:14.247147775+00:00,T5,2025-06-03 12:24:14.908939986+00:00
2-20250603-01651,2,105,1.141,kg,3.49,False,2025-06-03 12:24:49.019733586+00:00,T2,2025-06-03 12:24:53.682894624+00:00
1-20250603-00470,1,102,1.0,count,0.79,False,2025-06-03 12:24:54.939593204+00:00,T4,2025-06-03 12:24:59.022728797+00:00
2-20250603-01652,2,106,0.658,kg,3.99,False,2025-06-03 16:25:48.098596992+00:00,T4,2025-06-03 12:25:54.110687491+00:00
2-20250603-01653,2,115,1.0,count,3.49,False,2025-06-03 16:26:23.995348651+00:00,T4,2025-06-03 12:26:25.943950081+00:00
2-20250603-01654,2,142,1.0,count,3.49,False,2025-06-03 16:26:57.944807627+00:00,T4,2025-06-03 12:26:59.655426300+00:00
1-20250603-00471,1,150,3.0,count,8.99,False,2025-06-03 12:29:34.511064572+00:00,T4,2025-06-03 12:29:34.760313240+00:00
2-20250603-01655,2,101,1.537,kg,1.49,False,2025-06-03 16:29:33.628182448+00:00,T4,2025-06-03 12:29:37.012146915+00:00
2-20250603-01656,2,125,1.0,count,3.99,False,2025-06-03 12:30:29.878523254+00:00,T2,2025-06-03 12:30:31.008613733+00:00
2-20250603-01657,2,112,1.0,count,3.99,False,2025-06-03 16:31:52.471298408+00:00,T4,2025-06-03 12:31:54.336388599+00:00
3-20250603-02656,3,124,1.0,count,3.49,False,2025-06-03 12:32:49.255726791+00:00,T2,2025-06-03 12:32:49.273714167+00:00
1-20250603-00472,1,105,2.042,kg,3.49,False,2025-06-03 12:33:53.884128240+00:00,T3,2025-06-03 12:33:54.571646423+00:00
1-20250603-00473,1,126,1.0,count,1.29,False,2025-06-03 12:34:33.897362378+00:00,T3,2025-06-03 12:34:34.176133223+00:00
3-20250603-02657,3,127,1.951,kg,8.99,False,2025-06-03 12:37:12.710354102+00:00,T3,2025-06-03 12:37:14.538615656+00:00
2-20250603-01658,2,130,0.695,kg,21.99,False,2025-06-03 16:37:39.095002814+00:00,T4,2025-06-03 12:37:40.809061926+00:00
1-20250603-00475,1,107,2.0,count,1.89,False,2025-06-03 12:39:25.963640976+00:00,T5,2025-06-03 12:39:26.499068420+00:00
2-20250603-01659,2,122,1.0,count,4.29,False,2025-06-03 16:39:27.234784063+00:00,T4,2025-06-03 12:39:27.578076678+00:00
2-20250603-01660,2,117,1.0,count,3.79,False,2025-06-03 16:39:28.396685264+00:00,T4,2025-06-03 12:39:29.089710528+00:00
1-20250603-00474,1,147,2.0,count,5.99,False,2025-06-03 12:39:25.099423156+00:00,T3,2025-06-03 12:39:29.572434552+00:00
2-20250603-01661,2,113,2.0,count,0.55,True,2025-06-03 12:39:47.589739359+00:00,T3,2025-06-03 12:39:48.215932300+00:00
2-20250603-01662,2,142,1.0,count,3.49,False,2025-06-03 12:41:13.914808526+00:00,T5,2025-06-03 12:41:15.983725223+00:00
3-20250603-02658,3,154,0.884,liter,3.99,False,2025-06-03 12:41:39.104987991+00:00,T4,2025-06-03 12:41:39.494767010+00:00
2-20250603-01663,2,116,1.0,count,2.49,False,2025-06-03 12:41:40.038098860+00:00,T2,2025-06-03 12:41:41.917704305+00:00
2-20250603-01664,2,113,2.0,count,0.55,True,2025-06-03 12:42:16.016540620+00:00,T3,2025-06-03 12:42:16.953469997+00:00
1-20250603-00476,1,150,3.0,count,8.99,False,2025-06-03 12:42:34.403198981+00:00,T3,2025-06-03 12:42:36.510089320+00:00
1-20250603-00477,1,105,2.384,kg,3.49,False,2025-06-03 12:43:12.172307371+00:00,T2,2025-06-03 12:43:12.651853344+00:00
1-20250603-00478,1,108,2.0,count,1.25,False,2025-06-03 12:43:59.875143541+00:00,T5,2025-06-03 12:44:00.975193584+00:00
2-20250603-01665,2,137,2.0,count,3.29,False,2025-06-03 12:44:02.902479163+00:00,T3,2025-06-03 12:44:05.533273527+00:00
3-20250603-02659,3,101,0.3,kg,1.49,False,2025-06-03 12:44:51.347192032+00:00,T2,2025-06-03 12:44:52.996648320+00:00
3-20250603-02660,3,121,2.0,count,4.99,False,2025-06-03 12:46:12.169837406+00:00,T1,2025-06-03 12:46:12.735083271+00:00
1-20250603-00479,1,132,1.0,count,5.99,False,2025-06-03 12:46:56.813809749+00:00,T4,2025-06-03 12:46:58.227510968+00:00
1-20250603-00480,1,137,2.0,count,3.29,False,2025-06-03 12:46:59.219660238+00:00,T3,2025-06-03 12:47:00.641905188+00:00
2-20250603-01666,2,139,1.0,count,2.99,False,2025-06-03 16:47:57.628416051+00:00,T4,2025-06-03 12:47:57.911701438+00:00
3-20250603-02661,3,114,2.0,count,5.99,False,2025-06-03 12:47:59.601940138+00:00,T2,2025-06-03 12:48:00.222662579+00:00
1-20250603-00481,1,129,0.843,kg,9.49,False,2025-06-03 12:48:28.177401995+00:00,T2,2025-06-03 12:48:36.166250665+00:00
1-20250603-00482,1,106,0.918,kg,3.99,False,2025-06-03 12:50:14.921582567+00:00,T1,2025-06-03 12:50:18.745556350+00:00
3-20250603-02662,3,125,1.0,count,3.99,False,2025-06-03 12:51:46.205748731+00:00,T5,2025-06-03 12:51:48.135422631+00:00
2-20250603-01667,2,140,1.0,count,2.79,False,2025-06-03 12:52:24.040420951+00:00,T2,2025-06-03 12:52:26.865004905+00:00
2-20250603-01668,2,118,2.0,count,3.29,False,2025-06-03 12:52:39.563295074+00:00,T1,2025-06-03 12:52:45.456300384+00:00
2-20250603-01669,2,135,3.0,count,4.99,False,2025-06-03 16:53:08.487354451+00:00,T4,2025-06-03 12:53:10.156601009+00:00
1-20250603-00483,1,110,0.383,kg,1.29,False,2025-06-03 12:53:31.358021151+00:00,T5,2025-06-03 12:53:34.011784171+00:00
3-20250603-02663,3,113,1.0,count,0.55,True,2025-06-03 12:53:49.714898058+00:00,T4,2025-06-03 12:53:50.338465812+00:00
2-20250603-01670,2,152,1.0,count,2.99,False,2025-06-03 12:54:15.576093071+00:00,T1,2025-06-03 12:54:15.675664231+00:00
1-20250603-00484,1,112,3.0,count,3.99,False,2025-06-03 12:55:14.909545239+00:00,T1,2025-06-03 12:55:25.841994451+00:00
2-20250603-01671,2,105,4.352,kg,3.49,False,2025-06-03 12:56:20.671885886+00:00,T5,2025-06-03 12:56:24.072994818+00:00
1-20250603-00485,1,109,1.0,count,1.99,False,2025-06-03 13:00:01.429735792+00:00,T3,2025-06-03 13:00:02.243189546+00:00
1-20250603-00486,1,105,1.92,kg,3.49,False,2025-06-03 13:00:49.929159166+00:00,T4,2025-06-03 13:00:53.022409625+00:00
1-20250603-00487,1,112,2.0,count,3.99,False,2025-06-03 13:01:22.615813+00:00,T4,2025-06-03 13:01:27.396129821+00:00
2-20250603-01672,2,111,1.461,kg,1.59,False,2025-06-03 17:02:12.190888617+00:00,T4,2025-06-03 13:02:13.178160593+00:00
1-20250603-00488,1,113,1.0,count,0.55,True,2025-06-03 13:02:33.345153345+00:00,T2,2025-06-03 13:02:34.138436012+00:00
2-20250603-01673,2,154,0.955,liter,3.99,False,2025-06-03 13:04:32.247985054+00:00,T5,2025-06-03 13:04:34.941546833+00:00
1-20250603-00489,1,112,1.0,count,3.99,False,2025-06-03 13:04:36.219449377+00:00,T2,2025-06-03 13:04:37.751595074+00:00
1-20250603-00490,1,105,0.578,kg,3.49,False,2025-06-03 13:04:42.097766746+00:00,T2,2025-06-03 13:04:45.453690381+00:00
2-20250603-01674,2,150,2.0,count,8.99,False,2025-06-03 13:05:09.699279878+00:00,T1,2025-06-03 13:05:10.026959377+00:00
3-20250603-02664,3,108,1.0,count,1.25,False,2025-06-03 13:05:13.470068215+00:00,T1,2025-06-03 13:05:13.932955456+00:00
1-20250603-00491,1,123,1.0,count,2.99,False,2025-06-03 13:06:32.865339493+00:00,T4,2025-06-03 13:06:33.922386221+00:00
2-20250603-01675,2,139,1.0,count,2.99,False,2025-06-03 17:07:16.909808522+00:00,T4,2025-06-03 13:07:19.349278202+00:00
3-20250603-02665,3,116,3.0,count,2.49,False,2025-06-03 13:07:24.283196259+00:00,T2,2025-06-03 13:07:27.164578587+00:00
1-20250603-00492,1,151,1.0,count,9.99,False,2025-06-03 13:07:38.514040576+00:00,T1,2025-06-03 13:07:38.540074613+00:00
2-20250603-01676,2,137,1.0,count,3.29,False,2025-06-03 13:07:40.679968265+00:00,T5,2025-06-03 13:07:44.741576842+00:00
1-20250603-00493,1,110,2.024,kg,1.29,False,2025-06-03 13:08:07.449386429+00:00,T2,2025-06-03 13:08:08.623452155+00:00
3-20250603-02666,3,157,1.492,liter,2.99,False,2025-06-03 13:08:59.793737789+00:00,T1,2025-06-03 13:09:02.506018969+00:00
1-20250603-00494,1,124,1.0,count,3.49,False,2025-06-03 13:09:02.468741145+00:00,T4,2025-06-03 13:09:03.421967880+00:00
2-20250603-01677,2,135,3.0,count,4.99,False,2025-06-03 13:11:21.305869928+00:00,T3,2025-06-03 13:11:23.788593250+00:00
3-20250603-02667,3,119,2.0,count,5.49,False,2025-06-03 13:11:36.778296785+00:00,T5,2025-06-03 13:11:39.424865346+00:00
1-20250603-00495,1,128,1.779,kg,10.99,False,2025-06-03 13:13:58.463177702+00:00,T1,2025-06-03 13:14:00.548525464+00:00
3-20250603-02668,3,159,0.62,kg,12.99,False,2025-06-03 13:15:59.940522926+00:00,T2,2025-06-03 13:16:01.223864040+00:00
3-20250603-02669,3,135,2.0,count,4.99,False,2025-06-03 13:16:08.386303083+00:00,T4,2025-06-03 13:16:12.967457658+00:00
1-20250603-00496,1,133,1.0,count,3.99,False,2025-06-03 13:17:45.034127766+00:00,T1,2025-06-03 13:17:48.931856620+00:00
2-20250603-01678,2,108,2.0,count,1.25,False,2025-06-03 13:17:48.511982102+00:00,T3,2025-06-03 13:17:49.237191672+00:00
3-20250603-02670,3,110,2.339,kg,1.29,False,2025-06-03 13:19:55.676153856+00:00,T2,2025-06-03 13:19:57.440273081+00:00
3-20250603-02671,3,138,2.0,count,1.49,False,2025-06-03 13:20:03.881066895+00:00,T5,2025-06-03 13:20:04.036145177+00:00
2-20250603-01679,2,158,1.0,count,2.49,False,2025-06-03 17:20:51.396563589+00:00,T4,2025-06-03 13:20:51.482391081+00:00
3-20250603-02672,3,129,1.566,kg,9.49,False,2025-06-03 13:20:53.934125422+00:00,T5,2025-06-03 13:20:54.142814849+00:00
3-20250603-02673,3,115,1.0,count,3.49,False,2025-06-03 13:21:38.255725030+00:00,T4,2025-06-03 13:21:39.837036412+00:00
3-20250603-02674,3,150,1.0,count,8.99,False,2025-06-03 13:24:43.151474376+00:00,T3,2025-06-03 13:24:43.366571600+00:00
3-20250603-02675,3,108,1.0,count,1.25,False,2025-06-03 13:27:49.262906970+00:00,T3,2025-06-03 13:27:49.868909528+00:00
3-20250603-02676,3,131,3.0,count,9.99,False,2025-06-03 13:29:37.340516546+00:00,T4,2025-06-03 13:29:42.281618232+00:00
1-20250603-00497,1,113,2.0,count,0.55,True,2025-06-03 13:31:09.020828763+00:00,T1,2025-06-03 13:31:09.650094729+00:00
2-20250603-01680,2,139,1.0,count,2.99,False,2025-06-03 13:32:48.591381099+00:00,T2,2025-06-03 13:32:51.525309847+00:00
3-20250603-02677,3,130,1.8,kg,21.99,False,2025-06-03 13:33:05.300425289+00:00,T4,2025-06-03 13:33:05.342486934+00:00
3-20250603-02678,3,145,2.0,count,9.99,False,2025-06-03 13:33:26.216426691+00:00,T3,2025-06-03 13:33:28.544017519+00:00
2-20250603-01681,2,124,3.0,count,3.49,False,2025-06-03 13:34:48.405022879+00:00,T2,2025-06-03 13:34:49.068958699+00:00
3-20250603-02679,3,105,0.464,kg,3.49,False,2025-06-03 13:34:52.056732366+00:00,T3,2025-06-03 13:34:55.867607767+00:00
1-20250603-00498,1,132,2.0,count,5.99,False,2025-06-03 13:35:24.205504501+00:00,T1,2025-06-03 13:35:26.195118835+00:00
3-20250603-02680,3,160,3.0,count,3.99,False,2025-06-03 13:35:40.750271397+00:00,T2,2025-06-03 13:35:41.997767669+00:00
1-20250603-00499,1,101,1.994,kg,1.49,False,2025-06-03 13:36:41.958154112+00:00,T2,2025-06-03 13:36:42.082415344+00:00
3-20250603-02681,3,102,1.0,count,0.79,False,2025-06-03 13:37:13.374098227+00:00,T1,2025-06-03 13:37:14.013267071+00:00
3-20250603-02682,3,118,1.0,count,3.29,False,2025-06-03 13:37:36.828809536+00:00,T5,2025-06-03 13:37:36.847339324+00:00
2-20250603-01682,2,138,2.0,count,1.49,False,2025-06-03 13:37:45.133738457+00:00,T3,2025-06-03 13:37:52.173442378+00:00
3-20250603-02683,3,123,1.0,count,2.99,False,2025-06-03 13:38:46.127878518+00:00,T2,2025-06-03 13:38:47.546315222+00:00
2-20250603-01684,2,113,1.0,count,0.55,True,2025-06-03 13:39:32.245487701+00:00,T5,2025-06-03 13:39:32.446452804+00:00
2-20250603-01685,2,135,1.0,count,4.99,False,2025-06-03 13:39:32.563066557+00:00,T1,2025-06-03 13:39:32.757114238+00:00
2-20250603-01683,2,137,1.0,count,3.29,False,2025-06-03 17:39:29.197973752+00:00,T4,2025-06-03 13:39:33.369810591+00:00
2-20250603-01686,2,144,2.0,count,4.29,False,2025-06-03 13:40:02.585574262+00:00,T3,2025-06-03 13:40:03.490341147+00:00
3-20250603-02684,3,110,1.461,kg,1.29,False,2025-06-03 13:43:07.511681988+00:00,T5,2025-06-03 13:43:11.383440314+00:00
3-20250603-02685,3,139,3.0,count,2.99,False,2025-06-03 13:43:37.454406724+00:00,T4,2025-06-03 13:43:39.715735853+00:00
1-20250603-00500,1,137,2.0,count,3.29,False,2025-06-03 13:43:54.088030276+00:00,T3,2025-06-03 13:43:56.900698698+00:00
3-20250603-02686,3,133,2.0,count,3.99,False,2025-06-03 13:44:17.186287834+00:00,T2,2025-06-03 13:44:18.268194613+00:00
1-20250603-00501,1,123,2.0,count,2.99,False,2025-06-03 13:46:03.271180310+00:00,T4,2025-06-03 13:46:06.530843954+00:00
3-20250603-02687,3,105,0.913,kg,3.49,False,2025-06-03 13:47:48.415339555+00:00,T2,2025-06-03 13:47:50.513701363+00:00
2-20250603-01687,2,120,1.0,count,3.99,False,2025-06-03 13:48:30.345393508+00:00,T1,2025-06-03 13:48:31.699072626+00:00
2-20250603-01688,2,143,2.0,count,1.19,False,2025-06-03 13:49:23.532876656+00:00,T5,2025-06-03 13:49:25.347879819+00:00
2-20250603-01689,2,127,0.238,kg,8.99,False,2025-06-03 17:49:28.952113695+00:00,T4,2025-06-03 13:49:30.276798048+00:00
3-20250603-02688,3,149,1.0,count,2.39,True,2025-06-03 13:49:48.681613870+00:00,T3,2025-06-03 13:49:49.782833413+00:00
3-20250603-02689,3,145,2.0,count,9.99,False,2025-06-03 13:50:29.053777023+00:00,T4,2025-06-03 13:50:31.528757856+00:00
3-20250603-02690,3,116,1.0,count,2.49,False,2025-06-03 13:50:56.511671599+00:00,T5,2025-06-03 13:50:57.459108855+00:00
1-20250603-00502,1,152,1.0,count,2.99,False,2025-06-03 13:51:46.146505149+00:00,T2,2025-06-03 13:51:46.965369635+00:00
1-20250603-00503,1,108,1.0,count,1.25,False,2025-06-03 13:54:05.005625621+00:00,T4,2025-06-03 13:54:06.341809037+00:00
1-20250603-00504,1,132,2.0,count,5.99,False,2025-06-03 13:54:10.105355067+00:00,T1,2025-06-03 13:54:11.578076328+00:00
3-20250603-02691,3,117,2.0,count,3.79,False,2025-06-03 13:55:00.691480496+00:00,T2,2025-06-03 13:55:05.307133012+00:00
1-20250603-00505,1,135,1.0,count,4.99,False,2025-06-03 13:55:42.912409687+00:00,T5,2025-06-03 13:55:49.691093438+00:00
3-20250603-02631,3,120,2.0,count,3.99,False,2025-06-03 11:15:57.439526998+00:00,T1,2025-06-03 13:57:34.161737887+00:00
3-20250603-02692,3,156,0.476,liter,11.99,False,2025-06-03 13:58:38.484071299+00:00,T4,2025-06-03 13:58:41.181348196+00:00
2-20250603-01634,2,142,1.0,count,3.49,False,2025-06-03 11:48:42.573012558+00:00,T5,2025-06-03 14:00:08.082592112+00:00
1-20250603-00506,1,110,1.233,kg,1.29,False,2025-06-03 14:00:07.659257471+00:00,T4,2025-06-03 14:00:10.812929162+00:00
2-20250603-01690,2,154,0.94,liter,3.99,False,2025-06-03 18:00:18.623428942+00:00,T4,2025-06-03 14:00:19.120680254+00:00
2-20250603-01691,2,130,0.412,kg,21.99,False,2025-06-03 14:00:38.468964453+00:00,T2,2025-06-03 14:00:38.722303028+00:00
1-20250603-00507,1,101,0.908,kg,1.49,False,2025-06-03 14:01:39.564038281+00:00,T3,2025-06-03 14:01:41.191056265+00:00
3-20250603-02693,3,126,1.0,count,1.29,False,2025-06-03 14:03:14.839174721+00:00,T3,2025-06-03 14:03:18.689481946+00:00
2-20250603-01692,2,102,1.0,count,0.79,False,2025-06-03 14:04:15.905017308+00:00,T2,2025-06-03 14:04:18.182157083+00:00
1-20250603-00508,1,146,2.0,count,4.99,False,2025-06-03 14:04:29.122958549+00:00,T1,2025-06-03 14:04:35.535353216+00:00
2-20250603-01693,2,104,2.068,kg,1.99,False,2025-06-03 14:05:26.855020823+00:00,T2,2025-06-03 14:05:26.983874739+00:00
2-20250603-01694,2,153,1.0,count,12.99,False,2025-06-03 18:06:08.625335846+00:00,T4,2025-06-03 14:06:09.234766586+00:00
1-20250603-00509,1,123,2.0,count,2.99,False,2025-06-03 14:06:15.343781423+00:00,T4,2025-06-03 14:06:15.847719961+00:00
3-20250603-02694,3,101,1.45,kg,1.49,False,2025-06-03 14:06:32.550488691+00:00,T5,2025-06-03 14:06:37.253199828+00:00
2-20250603-01695,2,101,0.93,kg,1.49,False,2025-06-03 14:07:26.910945969+00:00,T2,2025-06-03 14:07:27.458939009+00:00
1-20250603-00510,1,102,2.0,count,0.79,False,2025-06-03 14:08:01.289010+00:00,T5,2025-06-03 14:08:02.598235421+00:00
1-20250603-00511,1,142,2.0,count,3.49,False,2025-06-03 14:08:05.538597245+00:00,T2,2025-06-03 14:08:05.814532743+00:00
1-20250603-00512,1,135,2.0,count,4.99,False,2025-06-03 14:09:01.561102831+00:00,T2,2025-06-03 14:09:02.120695160+00:00
1-20250603-00513,1,144,1.0,count,4.29,False,2025-06-03 14:09:14.171422239+00:00,T5,2025-06-03 14:09:15.129738875+00:00
1-20250603-00514,1,153,2.0,count,12.99,False,2025-06-03 14:09:30.111530577+00:00,T4,2025-06-03 14:09:36.411265206+00:00
2-20250603-01696,2,135,3.0,count,4.99,False,2025-06-03 14:10:52.341445779+00:00,T1,2025-06-03 14:10:53.054213797+00:00
3-20250603-02695,3,101,1.415,kg,1.49,False,2025-06-03 14:11:41.738763463+00:00,T4,2025-06-03 14:11:44.330545455+00:00
3-20250603-02696,3,121,1.0,count,4.99,False,2025-06-03 14:13:23.746491275+00:00,T3,2025-06-03 14:13:24.615067015+00:00
2-20250603-01697,2,117,1.0,count,3.79,False,2025-06-03 14:13:29.570957503+00:00,T2,2025-06-03 14:13:29.649664188+00:00
3-20250603-02697,3,118,2.0,count,3.29,False,2025-06-03 14:15:25.686957132+00:00,T1,2025-06-03 14:15:30.310048111+00:00
3-20250603-02698,3,117,1.0,count,3.79,False,2025-06-03 14:15:34.765617374+00:00,T4,2025-06-03 14:15:35.137305628+00:00
1-20250603-00515,1,127,0.371,kg,8.99,False,2025-06-03 14:17:25.088681887+00:00,T4,2025-06-03 14:17:26.110977467+00:00
3-20250603-02699,3,101,1.165,kg,1.49,False,2025-06-03 14:18:03.854803055+00:00,T5,2025-06-03 14:18:05.373278103+00:00
3-20250603-02700,3,127,0.974,kg,8.99,False,2025-06-03 14:18:21.021140612+00:00,T2,2025-06-03 14:18:22.656696698+00:00
3-20250603-02701,3,105,0.849,kg,3.49,False,2025-06-03 14:20:12.059678642+00:00,T5,2025-06-03 14:20:13.342042325+00:00
1-20250603-00516,1,110,0.529,kg,1.29,False,2025-06-03 14:22:47.616842593+00:00,T4,2025-06-03 14:22:47.698289353+00:00
1-20250603-00517,1,101,0.034,kg,1.49,False,2025-06-03 14:23:39.205036068+00:00,T2,2025-06-03 14:23:40.332043425+00:00
1-20250603-00518,1,131,1.0,count,9.99,False,2025-06-03 14:24:31.363608443+00:00,T4,2025-06-03 14:24:33.022070604+00:00
1-20250603-00519,1,143,2.0,count,1.19,False,2025-06-03 14:24:40.812730005+00:00,T2,2025-06-03 14:24:41.667287614+00:00
1-20250603-00520,1,129,1.327,kg,9.49,False,2025-06-03 14:26:01.675218485+00:00,T5,2025-06-03 14:26:04.297169165+00:00
1-20250603-00521,1,109,1.0,count,1.99,False,2025-06-03 14:26:45.598982220+00:00,T2,2025-06-03 14:26:47.756036616+00:00
1-20250603-00522,1,149,2.0,count,2.39,True,2025-06-03 14:27:41.578601955+00:00,T1,2025-06-03 14:27:43.335205754+00:00
1-20250603-00523,1,102,2.0,count,0.79,False,2025-06-03 14:28:06.492439543+00:00,T2,2025-06-03 14:28:07.349182297+00:00
2-20250603-01698,2,134,2.0,count,6.99,False,2025-06-03 14:29:19.867322531+00:00,T3,2025-06-03 14:29:21.364936259+00:00
3-20250603-02702,3,119,1.0,count,5.49,False,2025-06-03 14:29:36.555026435+00:00,T2,2025-06-03 14:29:39.449841055+00:00
1-20250603-00524,1,157,1.81,liter,2.99,False,2025-06-03 14:29:51.092500014+00:00,T2,2025-06-03 14:29:54.010097217+00:00
2-20250603-01699,2,102,2.0,count,0.79,False,2025-06-03 14:32:41.232119046+00:00,T2,2025-06-03 14:32:42.200458167+00:00
1-20250603-00525,1,129,0.92,kg,9.49,False,2025-06-03 14:33:14.080314649+00:00,T1,2025-06-03 14:33:16.959975648+00:00
1-20250603-00526,1,110,2.681,kg,1.29,False,2025-06-03 14:33:17.647485647+00:00,T5,2025-06-03 14:33:26.413120568+00:00
2-20250603-01700,2,112,3.0,count,3.99,False,2025-06-03 14:35:34.510646151+00:00,T3,2025-06-03 14:35:37.896278968+00:00
2-20250603-01701,2,147,1.0,count,5.99,False,2025-06-03 14:35:39.535491407+00:00,T2,2025-06-03 14:35:45.793872379+00:00
1-20250603-00527,1,135,2.0,count,4.99,False,2025-06-03 14:37:06.660603707+00:00,T4,2025-06-03 14:37:06.916761397+00:00
3-20250603-02703,3,101,1.087,kg,1.49,False,2025-06-03 14:37:28.767687799+00:00,T2,2025-06-03 14:37:30.943718274+00:00
2-20250603-01702,2,119,1.0,count,5.49,False,2025-06-03 14:37:39.859771211+00:00,T2,2025-06-03 14:37:45.024191367+00:00
2-20250603-01703,2,108,2.0,count,1.25,False,2025-06-03 18:37:47.422320769+00:00,T4,2025-06-03 14:37:47.691748833+00:00
1-20250603-00528,1,120,1.0,count,3.99,False,2025-06-03 14:40:36.053116535+00:00,T3,2025-06-03 14:40:37.400476022+00:00
3-20250603-02704,3,122,2.0,count,4.29,False,2025-06-03 14:40:45.216275429+00:00,T2,2025-06-03 14:40:45.758715639+00:00
2-20250603-01704,2,109,1.0,count,1.99,False,2025-06-03 14:41:08.579686212+00:00,T3,2025-06-03 14:41:12.506135676+00:00
2-20250603-01705,2,122,2.0,count,4.29,False,2025-06-03 14:41:57.440773263+00:00,T5,2025-06-03 14:41:57.800691193+00:00
3-20250603-02705,3,114,2.0,count,5.99,False,2025-06-03 14:42:14.021390153+00:00,T1,2025-06-03 14:42:15.725701452+00:00
2-20250603-01706,2,112,1.0,count,3.99,False,2025-06-03 14:42:59.582099373+00:00,T1,2025-06-03 14:43:00.286558682+00:00
3-20250603-02706,3,134,1.0,count,6.99,False,2025-06-03 14:43:02.370362335+00:00,T3,2025-06-03 14:43:02.535489690+00:00
1-20250603-00529,1,127,1.176,kg,8.99,False,2025-06-03 14:45:01.932312127+00:00,T5,2025-06-03 14:45:08.549666339+00:00
2-20250603-01707,2,123,1.0,count,2.99,False,2025-06-03 14:45:23.774092531+00:00,T2,2025-06-03 14:45:26.619628088+00:00
2-20250603-01708,2,146,2.0,count,4.99,False,2025-06-03 14:46:41.004923789+00:00,T2,2025-06-03 14:46:41.241291605+00:00
2-20250603-01709,2,151,1.0,count,9.99,False,2025-06-03 14:46:41.619692802+00:00,T1,2025-06-03 14:46:43.577429659+00:00
2-20250603-01710,2,104,1.49,kg,1.99,False,2025-06-03 14:46:45.405675582+00:00,T3,2025-06-03 14:46:45.660087414+00:00
2-20250603-01711,2,103,1.0,count,2.99,False,2025-06-03 14:47:44.092815090+00:00,T3,2025-06-03 14:47:47.514510041+00:00
3-20250603-02707,3,141,1.0,count,5.99,False,2025-06-03 14:47:44.102602770+00:00,T4,2025-06-03 14:47:55.943719587+00:00
2-20250603-01712,2,122,1.0,count,4.29,False,2025-06-03 14:48:09.505057655+00:00,T2,2025-06-03 14:48:11.051637042+00:00
2-20250603-01713,2,123,1.0,count,2.99,False,2025-06-03 18:48:12.778119588+00:00,T4,2025-06-03 14:48:18.872326681+00:00
1-20250603-00530,1,106,0.495,kg,3.99,False,2025-06-03 14:48:26.852251257+00:00,T3,2025-06-03 14:48:28.384056864+00:00
3-20250603-02708,3,154,1.961,liter,3.99,False,2025-06-03 14:49:12.484822228+00:00,T1,2025-06-03 14:49:16.290018581+00:00
3-20250603-02709,3,128,0.89,kg,10.99,False,2025-06-03 14:49:26.895578854+00:00,T4,2025-06-03 14:49:28.857459677+00:00
3-20250603-02710,3,101,0.92,kg,1.49,False,2025-06-03 14:50:41.869466406+00:00,T2,2025-06-03 14:50:42.627681317+00:00
2-20250603-01714,2,132,2.0,count,5.99,False,2025-06-03 14:50:45.107694665+00:00,T1,2025-06-03 14:50:46.447090992+00:00
3-20250603-02711,3,123,1.0,count,2.99,False,2025-06-03 14:50:46.099107875+00:00,T3,2025-06-03 14:50:49.862915645+00:00
1-20250603-00531,1,141,1.0,count,5.99,False,2025-06-03 14:51:28.065416049+00:00,T1,2025-06-03 14:51:28.728717677+00:00
2-20250603-01715,2,140,2.0,count,2.79,False,2025-06-03 14:51:32.262976355+00:00,T2,2025-06-03 14:51:37.793432439+00:00
3-20250603-02712,3,108,1.0,count,1.25,False,2025-06-03 14:51:48.902771999+00:00,T3,2025-06-03 14:51:49.247027677+00:00
3-20250603-02713,3,120,1.0,count,3.99,False,2025-06-03 14:52:11.104282548+00:00,T2,2025-06-03 14:52:11.853108970+00:00
2-20250603-01716,2,136,2.0,count,8.99,False,2025-06-03 18:52:32.076602766+00:00,T4,2025-06-03 14:52:34.123986009+00:00
3-20250603-02714,3,117,1.0,count,3.79,False,2025-06-03 14:53:05.802747525+00:00,T2,2025-06-03 14:53:12.382973063+00:00
2-20250603-01717,2,102,1.0,count,0.79,False,2025-06-03 14:54:01.860708358+00:00,T1,2025-06-03 14:54:02.072329322+00:00
1-20250603-00532,1,150,1.0,count,8.99,False,2025-06-03 14:54:20.188591226+00:00,T1,2025-06-03 14:54:20.724151141+00:00
3-20250603-02715,3,118,1.0,count,3.29,False,2025-06-03 14:54:17.412571709+00:00,T3,2025-06-03 14:54:20.735733798+00:00
3-20250603-02716,3,126,2.0,count,1.29,False,2025-06-03 14:56:08.656090660+00:00,T5,2025-06-03 14:56:08.858080984+00:00
1-20250603-00533,1,128,3.241,kg,10.99,False,2025-06-03 14:56:39.833454297+00:00,T5,2025-06-03 14:56:41.726752867+00:00
1-20250603-00534,1,102,1.0,count,0.79,False,2025-06-03 14:56:47.834146101+00:00,T1,2025-06-03 14:56:50.485371430+00:00
1-20250603-00535,1,156,0.958,liter,11.99,False,2025-06-03 15:00:53.312393817+00:00,T1,2025-06-03 15:00:55.042514607+00:00
3-20250603-02717,3,102,1.0,count,0.79,False,2025-06-03 15:02:20.371219824+00:00,T1,2025-06-03 15:02:22.241929958+00:00
3-20250603-02718,3,110,1.534,kg,1.29,False,2025-06-03 15:03:21.991485180+00:00,T3,2025-06-03 15:03:24.689816643+00:00
1-20250603-00536,1,113,1.0,count,0.55,True,2025-06-03 15:07:26.150203366+00:00,T2,2025-06-03 15:07:28.101152340+00:00
1-20250603-00537,1,123,1.0,count,2.99,False,2025-06-03 15:07:40.879289309+00:00,T4,2025-06-03 15:07:40.943134206+00:00
3-20250603-02719,3,102,1.0,count,0.79,False,2025-06-03 15:07:38.294879157+00:00,T2,2025-06-03 15:07:43.129958447+00:00
2-20250603-01718,2,107,3.0,count,1.89,False,2025-06-03 15:08:22.286212815+00:00,T2,2025-06-03 15:08:23.786481035+00:00
3-20250603-02720,3,119,3.0,count,5.49,False,2025-06-03 15:08:36.377393763+00:00,T4,2025-06-03 15:08:39.673763798+00:00
2-20250603-01719,2,149,1.0,count,2.39,True,2025-06-03 19:09:09.304014352+00:00,T4,2025-06-03 15:09:10.904257710+00:00
1-20250603-00538,1,117,1.0,count,3.79,False,2025-06-03 15:09:27.805002702+00:00,T4,2025-06-03 15:09:31.171571579+00:00
2-20250603-01720,2,121,1.0,count,4.99,False,2025-06-03 15:09:36.458936028+00:00,T5,2025-06-03 15:09:39.088566520+00:00
2-20250603-01721,2,124,1.0,count,3.49,False,2025-06-03 19:09:45.051356065+00:00,T4,2025-06-03 15:09:45.232958235+00:00
1-20250603-00539,1,128,0.318,kg,10.99,False,2025-06-03 15:10:33.336089743+00:00,T2,2025-06-03 15:10:36.996302175+00:00
2-20250603-01722,2,112,1.0,count,3.99,False,2025-06-03 15:10:58.122112466+00:00,T2,2025-06-03 15:11:00.334707623+00:00
3-20250603-02721,3,117,2.0,count,3.79,False,2025-06-03 15:11:31.702592524+00:00,T1,2025-06-03 15:11:32.466914552+00:00
3-20250603-02722,3,126,1.0,count,1.29,False,2025-06-03 15:12:35.076703965+00:00,T2,2025-06-03 15:12:40.177688403+00:00
1-20250603-00540,1,127,1.045,kg,8.99,False,2025-06-03 15:12:48.477084301+00:00,T1,2025-06-03 15:12:50.706820110+00:00
2-20250603-01723,2,105,0.542,kg,3.49,False,2025-06-03 15:13:29.484940855+00:00,T1,2025-06-03 15:13:30.350485863+00:00
1-20250603-00541,1,132,1.0,count,5.99,False,2025-06-03 15:14:09.631104319+00:00,T3,2025-06-03 15:14:10.764182412+00:00
1-20250603-00542,1,159,1.384,kg,12.99,False,2025-06-03 15:14:43.486638242+00:00,T2,2025-06-03 15:14:44.561391337+00:00
2-20250603-01724,2,103,1.0,count,2.99,False,2025-06-03 15:15:20.771511032+00:00,T5,2025-06-03 15:15:21.868836210+00:00
3-20250603-02723,3,137,1.0,count,3.29,False,2025-06-03 15:15:23.293598196+00:00,T2,2025-06-03 15:15:24.663826019+00:00
2-20250603-01725,2,145,1.0,count,9.99,False,2025-06-03 15:16:09.914682557+00:00,T3,2025-06-03 15:16:11.508483541+00:00
2-20250603-01726,2,101,0.683,kg,1.49,False,2025-06-03 15:16:22.214143943+00:00,T2,2025-06-03 15:16:23.665057042+00:00
3-20250603-02724,3,124,1.0,count,3.49,False,2025-06-03 15:16:31.365665999+00:00,T3,2025-06-03 15:16:32.684793596+00:00
1-20250603-00543,1,128,1.721,kg,10.99,False,2025-06-03 15:18:44.171119050+00:00,T2,2025-06-03 15:18:44.942362901+00:00
2-20250603-01727,2,113,1.0,count,0.55,True,2025-06-03 15:19:19.287548589+00:00,T2,2025-06-03 15:19:21.528465586+00:00
2-20250603-01728,2,106,0.676,kg,3.99,False,2025-06-03 15:20:25.428754515+00:00,T3,2025-06-03 15:20:26.217453236+00:00
1-20250603-00544,1,144,1.0,count,4.29,False,2025-06-03 15:21:48.060076317+00:00,T5,2025-06-03 15:21:49.165309509+00:00
1-20250603-00545,1,111,0.887,kg,1.59,False,2025-06-03 15:22:15.851072373+00:00,T3,2025-06-03 15:22:16.648627181+00:00
3-20250603-02725,3,106,1.274,kg,3.99,False,2025-06-03 15:22:26.355406742+00:00,T4,2025-06-03 15:22:29.138939967+00:00
2-20250603-01729,2,148,2.0,count,1.99,False,2025-06-03 15:23:48.222667640+00:00,T1,2025-06-03 15:23:55.347981778+00:00
1-20250603-00546,1,124,3.0,count,3.49,False,2025-06-03 15:23:54.808012069+00:00,T5,2025-06-03 15:23:56.821281899+00:00
2-20250603-01730,2,102,1.0,count,0.79,False,2025-06-03 15:24:32.134302385+00:00,T2,2025-06-03 15:24:33.124239727+00:00
3-20250603-02726,3,139,1.0,count,2.99,False,2025-06-03 15:24:41.316219613+00:00,T4,2025-06-03 15:24:42.659063003+00:00
1-20250603-00547,1,109,2.0,count,1.99,False,2025-06-03 15:24:58.947805530+00:00,T4,2025-06-03 15:25:01.438186115+00:00
1-20250603-00548,1,156,0.702,liter,11.99,False,2025-06-03 15:25:05.210004450+00:00,T5,2025-06-03 15:25:06.929127492+00:00
1-20250603-00549,1,137,1.0,count,3.29,False,2025-06-03 15:25:47.950209204+00:00,T1,2025-06-03 15:25:48.048929338+00:00
3-20250603-02727,3,113,3.0,count,0.55,True,2025-06-03 15:25:58.558630973+00:00,T2,2025-06-03 15:26:00.606320115+00:00
1-20250603-00549,1,137,1.0,count,3.29,False,2025-06-03 15:25:47.950209204+00:00,T1,2025-06-03 15:26:00.674654036+00:00
2-20250603-01731,2,133,1.0,count,3.99,False,2025-06-03 15:27:26.248151931+00:00,T3,2025-06-03 15:27:27.348907709+00:00
2-20250603-01732,2,136,1.0,count,8.99,False,2025-06-03 15:27:39.114116422+00:00,T5,2025-06-03 15:27:42.555050863+00:00
3-20250603-02728,3,145,1.0,count,9.99,False,2025-06-03 15:28:29.068190859+00:00,T4,2025-06-03 15:28:30.395635642+00:00
1-20250603-00550,1,108,2.0,count,1.25,False,2025-06-03 15:29:29.031529967+00:00,T2,2025-06-03 15:29:38.851569501+00:00
2-20250603-01733,2,116,3.0,count,2.49,False,2025-06-03 15:30:11.837821111+00:00,T5,2025-06-03 15:30:12.034083886+00:00
1-20250603-00551,1,127,1.518,kg,8.99,False,2025-06-03 15:30:40.576897730+00:00,T5,2025-06-03 15:30:46.616664997+00:00
3-20250603-02729,3,135,1.0,count,4.99,False,2025-06-03 15:31:08.557052706+00:00,T1,2025-06-03 15:31:09.380429247+00:00
2-20250603-01734,2,138,1.0,count,1.49,False,2025-06-03 15:31:26.913599719+00:00,T1,2025-06-03 15:31:26.998358261+00:00
1-20250603-00552,1,113,2.0,count,0.55,True,2025-06-03 15:32:06.919994825+00:00,T5,2025-06-03 15:32:07.021010211+00:00
3-20250603-02730,3,121,1.0,count,4.99,False,2025-06-03 15:33:12.115352589+00:00,T2,2025-06-03 15:33:12.189004217+00:00
1-20250603-00553,1,117,3.0,count,3.79,False,2025-06-03 15:35:18.234286209+00:00,T4,2025-06-03 15:35:19.414635991+00:00
2-20250603-01735,2,159,2.372,kg,12.99,False,2025-06-03 15:35:24.327284660+00:00,T3,2025-06-03 15:35:24.698278960+00:00
3-20250603-02731,3,126,2.0,count,1.29,False,2025-06-03 15:37:38.230078549+00:00,T5,2025-06-03 15:37:43.866238857+00:00
3-20250603-02732,3,138,1.0,count,1.49,False,2025-06-03 15:37:48.504585607+00:00,T3,2025-06-03 15:37:49.908439392+00:00
2-20250603-01736,2,108,1.0,count,1.25,False,2025-06-03 15:38:44.122892483+00:00,T5,2025-06-03 15:38:47.987634136+00:00
3-20250603-02733,3,101,0.456,kg,1.49,False,2025-06-03 15:38:58.331946045+00:00,T5,2025-06-03 15:39:02.562465345+00:00
3-20250603-02734,3,145,2.0,count,9.99,False,2025-06-03 15:39:09.550135893+00:00,T3,2025-06-03 15:39:09.612962829+00:00
3-20250603-02735,3,113,3.0,count,0.55,True,2025-06-03 15:39:46.266375030+00:00,T3,2025-06-03 15:39:49.064246395+00:00
2-20250603-01737,2,132,2.0,count,5.99,False,2025-06-03 15:39:57.640210815+00:00,T3,2025-06-03 15:40:02.216909564+00:00
1-20250603-00554,1,110,0.548,kg,1.29,False,2025-06-03 15:41:34.924187774+00:00,T1,2025-06-03 15:41:44.930617411+00:00
2-20250603-01738,2,118,1.0,count,3.29,False,2025-06-03 15:41:58.138306830+00:00,T1,2025-06-03 15:41:58.520868530+00:00
2-20250603-01739,2,146,1.0,count,4.99,False,2025-06-03 15:42:20.159417529+00:00,T5,2025-06-03 15:42:20.190160604+00:00
1-20250603-00555,1,106,1.333,kg,3.99,False,2025-06-03 15:43:54.790007773+00:00,T3,2025-06-03 15:43:55.569086093+00:00
2-20250603-01740,2,150,1.0,count,8.99,False,2025-06-03 19:43:58.187748743+00:00,T4,2025-06-03 15:43:58.862624465+00:00
3-20250603-02736,3,123,1.0,count,2.99,False,2025-06-03 15:44:11.323441618+00:00,T5,2025-06-03 15:44:11.985818962+00:00
1-20250603-00556,1,137,1.0,count,3.29,False,2025-06-03 15:44:29.284277733+00:00,T5,2025-06-03 15:44:29.330717256+00:00
2-20250603-01741,2,106,0.73,kg,3.99,False,2025-06-03 19:44:28.343998914+00:00,T4,2025-06-03 15:44:29.483058672+00:00
2-20250603-01742,2,113,2.0,count,0.55,True,2025-06-03 15:44:29.547742604+00:00,T5,2025-06-03 15:44:29.870388913+00:00
1-20250603-00557,1,106,0.959,kg,3.99,False,2025-06-03 15:44:47.318398950+00:00,T4,2025-06-03 15:44:48.958470067+00:00
1-20250603-00558,1,115,3.0,count,3.49,False,2025-06-03 15:45:11.736447135+00:00,T5,2025-06-03 15:45:12.987877735+00:00
3-20250603-02737,3,117,1.0,count,3.79,False,2025-06-03 15:49:05.813218490+00:00,T3,2025-06-03 15:49:08.240578641+00:00
1-20250603-00559,1,147,1.0,count,5.99,False,2025-06-03 15:50:24.582737224+00:00,T2,2025-06-03 15:50:26.245534430+00:00
1-20250603-00560,1,154,1.062,liter,3.99,False,2025-06-03 15:50:25.327991022+00:00,T2,2025-06-03 15:50:30.309999186+00:00
1-20250603-00559,1,147,1.0,count,5.99,False,2025-06-03 15:50:24.582737224+00:00,T2,2025-06-03 15:50:37.753502608+00:00
2-20250603-01743,2,124,1.0,count,3.49,False,2025-06-03 15:52:29.252762948+00:00,T3,2025-06-03 15:52:30.551451286+00:00
1-20250603-00561,1,110,0.933,kg,1.29,False,2025-06-03 15:52:48.809588093+00:00,T4,2025-06-03 15:52:48.850933524+00:00
2-20250603-01744,2,150,3.0,count,8.99,False,2025-06-03 19:53:43.626336122+00:00,T4,2025-06-03 15:53:46.354402232+00:00
2-20250603-01745,2,127,0.276,kg,8.99,False,2025-06-03 15:54:57.216870429+00:00,T5,2025-06-03 15:54:58.032443318+00:00
2-20250603-01746,2,135,1.0,count,4.99,False,2025-06-03 15:56:44.993058992+00:00,T5,2025-06-03 15:56:51.577060586+00:00
2-20250603-01747,2,149,1.0,count,2.39,True,2025-06-03 19:57:08.009166991+00:00,T4,2025-06-03 15:57:13.716069398+00:00
3-20250603-02738,3,137,1.0,count,3.29,False,2025-06-03 15:57:25.593085014+00:00,T2,2025-06-03 15:57:28.267047862+00:00
2-20250603-01748,2,135,1.0,count,4.99,False,2025-06-03 19:57:38.626476916+00:00,T4,2025-06-03 15:57:38.973998886+00:00
1-20250603-00562,1,126,2.0,count,1.29,False,2025-06-03 15:57:49.342606974+00:00,T5,2025-06-03 15:57:53.829349922+00:00
3-20250603-02739,3,151,2.0,count,9.99,False,2025-06-03 15:58:09.054702254+00:00,T1,2025-06-03 15:58:09.499140455+00:00
2-20250603-01749,2,151,1.0,count,9.99,False,2025-06-03 15:58:15.485569523+00:00,T3,2025-06-03 15:58:16.015617805+00:00
2-20250603-01750,2,111,1.207,kg,1.59,False,2025-06-03 15:58:19.569144061+00:00,T2,2025-06-03 15:58:20.921998338+00:00
3-20250603-02740,3,105,0.743,kg,3.49,False,2025-06-03 15:58:43.794030817+00:00,T1,2025-06-03 15:58:44.485233513+00:00
1-20250603-00563,1,112,3.0,count,3.99,False,2025-06-03 15:58:55.864320898+00:00,T3,2025-06-03 15:59:01.900890430+00:00
2-20250603-01751,2,101,1.383,kg,1.49,False,2025-06-03 16:00:56.214084139+00:00,T3,2025-06-03 16:00:56.227790204+00:00
3-20250603-02741,3,117,1.0,count,3.79,False,2025-06-03 16:03:12.646407777+00:00,T1,2025-06-03 16:03:13.093960359+00:00
2-20250603-01752,2,122,2.0,count,4.29,False,2025-06-03 20:04:50.817103623+00:00,T4,2025-06-03 16:04:51.865660172+00:00
2-20250603-01753,2,112,2.0,count,3.99,False,2025-06-03 16:04:57.992672692+00:00,T2,2025-06-03 16:05:01.701705054+00:00
2-20250603-01754,2,127,1.207,kg,8.99,False,2025-06-03 20:06:17.065045019+00:00,T4,2025-06-03 16:06:19.736767843+00:00
3-20250603-02742,3,104,0.225,kg,1.99,False,2025-06-03 16:06:41.261685416+00:00,T4,2025-06-03 16:06:48.294313903+00:00
2-20250603-01755,2,148,1.0,count,1.99,False,2025-06-03 16:06:53.418418221+00:00,T3,2025-06-03 16:06:57.767973383+00:00
1-20250603-00564,1,109,3.0,count,1.99,False,2025-06-03 16:09:28.760186988+00:00,T1,2025-06-03 16:09:29.733476402+00:00
1-20250603-00565,1,110,0.733,kg,1.29,False,2025-06-03 16:09:55.673607634+00:00,T3,2025-06-03 16:09:55.933861794+00:00
3-20250603-02743,3,132,1.0,count,5.99,False,2025-06-03 16:10:03.073183907+00:00,T1,2025-06-03 16:10:03.969968157+00:00
3-20250603-02744,3,137,2.0,count,3.29,False,2025-06-03 16:10:54.491273091+00:00,T3,2025-06-03 16:10:58.477651304+00:00
1-20250603-00566,1,110,1.944,kg,1.29,False,2025-06-03 16:11:07.536550414+00:00,T2,2025-06-03 16:11:07.586460889+00:00
3-20250603-02745,3,134,1.0,count,6.99,False,2025-06-03 16:11:15.704316104+00:00,T3,2025-06-03 16:11:16.441768634+00:00
1-20250603-00567,1,107,2.0,count,1.89,False,2025-06-03 16:11:57.244948608+00:00,T5,2025-06-03 16:11:58.168707175+00:00
2-20250603-01756,2,101,1.721,kg,1.49,False,2025-06-03 16:12:07.388307118+00:00,T2,2025-06-03 16:12:14.609448934+00:00
1-20250603-00568,1,139,1.0,count,2.99,False,2025-06-03 16:12:13.590646565+00:00,T4,2025-06-03 16:12:18.310676138+00:00
3-20250603-02746,3,123,2.0,count,2.99,False,2025-06-03 16:12:59.046626954+00:00,T1,2025-06-03 16:12:59.799760303+00:00
2-20250603-01757,2,147,2.0,count,5.99,False,2025-06-03 16:13:03.916292015+00:00,T5,2025-06-03 16:13:04.290044092+00:00
1-20250603-00569,1,101,0.303,kg,1.49,False,2025-06-03 16:13:56.119257452+00:00,T2,2025-06-03 16:13:58.152960105+00:00
1-20250603-00570,1,123,1.0,count,2.99,False,2025-06-03 16:14:15.238436597+00:00,T1,2025-06-03 16:14:15.534128692+00:00
1-20250603-00571,1,122,1.0,count,4.29,False,2025-06-03 16:14:36.322866181+00:00,T2,2025-06-03 16:14:38.502716433+00:00
3-20250603-02747,3,136,2.0,count,8.99,False,2025-06-03 16:15:45.246104603+00:00,T1,2025-06-03 16:15:47.154556228+00:00
1-20250603-00572,1,133,3.0,count,3.99,False,2025-06-03 16:16:41.727828214+00:00,T3,2025-06-03 16:16:42.617384918+00:00
2-20250603-01758,2,133,1.0,count,3.99,False,2025-06-03 16:17:33.349025679+00:00,T3,2025-06-03 16:17:36.860465254+00:00
1-20250603-00573,1,112,2.0,count,3.99,False,2025-06-03 16:18:39.785332167+00:00,T1,2025-06-03 16:18:47.552375136+00:00
2-20250603-01759,2,126,2.0,count,1.29,False,2025-06-03 16:19:01.754789884+00:00,T3,2025-06-03 16:19:05.706524271+00:00
3-20250603-02748,3,107,1.0,count,1.89,False,2025-06-03 16:23:38.685455798+00:00,T1,2025-06-03 16:23:38.853639916+00:00
1-20250603-00574,1,127,0.555,kg,8.99,False,2025-06-03 16:25:17.863629145+00:00,T1,2025-06-03 16:25:18.414134442+00:00
2-20250603-01760,2,144,2.0,count,4.29,False,2025-06-03 16:25:28.706559062+00:00,T3,2025-06-03 16:25:28.825545417+00:00
3-20250603-02749,3,105,0.495,kg,3.49,False,2025-06-03 16:25:51.463527191+00:00,T2,2025-06-03 16:25:51.688631520+00:00
3-20250603-02750,3,137,3.0,count,3.29,False,2025-06-03 16:26:35.928517412+00:00,T5,2025-06-03 16:26:36.948421910+00:00
1-20250603-00575,1,124,1.0,count,3.49,False,2025-06-03 16:28:00.156404301+00:00,T1,2025-06-03 16:28:02.176779585+00:00
2-20250603-01761,2,140,1.0,count,2.79,False,2025-06-03 16:28:20.173432435+00:00,T1,2025-06-03 16:28:25.199740880+00:00
2-20250603-01762,2,122,1.0,count,4.29,False,2025-06-03 16:29:22.196378643+00:00,T3,2025-06-03 16:29:22.625326696+00:00
1-20250603-00576,1,157,0.699,liter,2.99,False,2025-06-03 16:29:23.940489207+00:00,T5,2025-06-03 16:29:25.745983747+00:00
1-20250603-00577,1,120,1.0,count,3.99,False,2025-06-03 16:29:26.558990230+00:00,T4,2025-06-03 16:29:28.356601729+00:00
3-20250603-02751,3,106,0.682,kg,3.99,False,2025-06-03 16:29:49.946820306+00:00,T1,2025-06-03 16:29:51.155363151+00:00
2-20250603-01763,2,111,0.246,kg,1.59,False,2025-06-03 16:29:51.086672269+00:00,T3,2025-06-03 16:29:51.958714794+00:00
2-20250603-01764,2,154,1.883,liter,3.99,False,2025-06-03 16:30:18.733096956+00:00,T2,2025-06-03 16:30:20.953956898+00:00
3-20250603-02752,3,144,2.0,count,4.29,False,2025-06-03 16:31:03.631679624+00:00,T4,2025-06-03 16:31:06.650863842+00:00
3-20250603-02753,3,113,1.0,count,0.55,True,2025-06-03 16:31:28.106335299+00:00,T1,2025-06-03 16:31:28.117833400+00:00
1-20250603-00578,1,114,1.0,count,5.99,False,2025-06-03 16:31:34.901710785+00:00,T3,2025-06-03 16:31:36.702482705+00:00
1-20250603-00579,1,132,1.0,count,5.99,False,2025-06-03 16:32:35.988494551+00:00,T4,2025-06-03 16:32:38.093911129+00:00
2-20250603-01765,2,101,0.535,kg,1.49,False,2025-06-03 16:32:38.633896827+00:00,T3,2025-06-03 16:32:39.863368823+00:00
2-20250603-01766,2,113,2.0,count,0.55,True,2025-06-03 16:32:44.078694676+00:00,T2,2025-06-03 16:32:45.644196508+00:00
1-20250603-00580,1,113,1.0,count,0.55,True,2025-06-03 16:32:48.914425397+00:00,T3,2025-06-03 16:32:54.788101861+00:00
1-20250603-00581,1,126,2.0,count,1.29,False,2025-06-03 16:32:59.663115596+00:00,T2,2025-06-03 16:33:00.080845725+00:00
1-20250603-00582,1,147,2.0,count,5.99,False,2025-06-03 16:33:03.730267728+00:00,T1,2025-06-03 16:33:04.285263225+00:00
1-20250603-00583,1,120,3.0,count,3.99,False,2025-06-03 16:33:06.354780904+00:00,T5,2025-06-03 16:33:09.138061291+00:00
3-20250603-02754,3,107,1.0,count,1.89,False,2025-06-03 16:33:10.291612926+00:00,T4,2025-06-03 16:33:11.595585298+00:00
1-20250603-00584,1,126,2.0,count,1.29,False,2025-06-03 16:33:23.611095455+00:00,T4,2025-06-03 16:33:26.976981326+00:00
3-20250603-02755,3,159,0.85,kg,12.99,False,2025-06-03 16:34:31.791230383+00:00,T5,2025-06-03 16:34:31.945607998+00:00
2-20250603-01768,2,122,1.0,count,4.29,False,2025-06-03 16:35:51.267143980+00:00,T3,2025-06-03 16:35:53.124736590+00:00
2-20250603-01767,2,127,2.151,kg,8.99,False,2025-06-03 16:35:46.945986206+00:00,T5,2025-06-03 16:35:53.203815436+00:00
1-20250603-00585,1,113,2.0,count,0.55,True,2025-06-03 16:35:52.652827457+00:00,T5,2025-06-03 16:35:54.730475537+00:00
1-20250603-00586,1,143,3.0,count,1.19,False,2025-06-03 16:36:06.046151952+00:00,T3,2025-06-03 16:36:06.121380212+00:00
1-20250603-00587,1,116,2.0,count,2.49,False,2025-06-03 16:38:02.580340175+00:00,T2,2025-06-03 16:38:03.491531792+00:00
2-20250603-01769,2,128,1.451,kg,10.99,False,2025-06-03 20:39:23.856244640+00:00,T4,2025-06-03 16:39:24.161567630+00:00
3-20250603-02756,3,111,0.716,kg,1.59,False,2025-06-03 16:40:05.379862794+00:00,T5,2025-06-03 16:40:08.792662682+00:00
2-20250603-01770,2,121,2.0,count,4.99,False,2025-06-03 16:40:35.698584299+00:00,T2,2025-06-03 16:40:35.704765764+00:00
2-20250603-01771,2,112,2.0,count,3.99,False,2025-06-03 16:42:03.999450516+00:00,T1,2025-06-03 16:42:04.895782228+00:00
1-20250603-00588,1,125,2.0,count,3.99,False,2025-06-03 16:42:07.907725917+00:00,T5,2025-06-03 16:42:10.052555768+00:00
1-20250603-00589,1,128,0.638,kg,10.99,False,2025-06-03 16:42:17.594455469+00:00,T4,2025-06-03 16:42:26.604963683+00:00
3-20250603-02757,3,114,1.0,count,5.99,False,2025-06-03 16:43:06.182745388+00:00,T1,2025-06-03 16:43:09.007364071+00:00
1-20250603-00590,1,119,3.0,count,5.49,False,2025-06-03 16:43:34.366003917+00:00,T2,2025-06-03 16:43:37.404681369+00:00
2-20250603-01772,2,113,1.0,count,0.55,True,2025-06-03 16:44:13.943599039+00:00,T3,2025-06-03 16:44:14.131568239+00:00
2-20250603-01773,2,121,1.0,count,4.99,False,2025-06-03 16:44:54.099650078+00:00,T3,2025-06-03 16:44:54.469502738+00:00
3-20250603-02758,3,127,0.718,kg,8.99,False,2025-06-03 16:45:48.122673780+00:00,T3,2025-06-03 16:45:50.425839442+00:00
2-20250603-01774,2,118,2.0,count,3.29,False,2025-06-03 16:45:50.336279502+00:00,T2,2025-06-03 16:45:55.132828701+00:00
1-20250603-00591,1,101,1.393,kg,1.49,False,2025-06-03 16:46:03.264503034+00:00,T2,2025-06-03 16:46:04.049637756+00:00
1-20250603-00592,1,124,3.0,count,3.49,False,2025-06-03 16:47:00.107077185+00:00,T1,2025-06-03 16:47:00.654268919+00:00
1-20250603-00593,1,106,0.891,kg,3.99,False,2025-06-03 16:47:06.325099741+00:00,T2,2025-06-03 16:47:07.069953616+00:00
2-20250603-01775,2,133,1.0,count,3.99,False,2025-06-03 16:48:03.074649171+00:00,T5,2025-06-03 16:48:03.148217344+00:00
2-20250603-01776,2,102,2.0,count,0.79,False,2025-06-03 16:50:48.149950753+00:00,T1,2025-06-03 16:50:48.648637790+00:00
1-20250603-00594,1,127,0.974,kg,8.99,False,2025-06-03 16:51:08.357298108+00:00,T3,2025-06-03 16:51:08.397275978+00:00
1-20250603-00595,1,101,0.724,kg,1.49,False,2025-06-03 16:51:43.060723355+00:00,T5,2025-06-03 16:51:46.202570892+00:00
3-20250603-02759,3,135,2.0,count,4.99,False,2025-06-03 16:53:11.417049970+00:00,T1,2025-06-03 16:53:12.106583410+00:00
1-20250603-00596,1,137,2.0,count,3.29,False,2025-06-03 16:54:12.065084563+00:00,T2,2025-06-03 16:54:12.714514085+00:00
2-20250603-01777,2,135,3.0,count,4.99,False,2025-06-03 20:54:48.183716867+00:00,T4,2025-06-03 16:54:48.753273536+00:00
3-20250603-02760,3,108,1.0,count,1.25,False,2025-06-03 16:56:16.289874061+00:00,T1,2025-06-03 16:56:17.929952836+00:00
1-20250603-00597,1,105,0.452,kg,3.49,False,2025-06-03 16:56:40.863690728+00:00,T5,2025-06-03 16:56:44.161353501+00:00
2-20250603-01778,2,129,1.103,kg,9.49,False,2025-06-03 20:56:50.770686893+00:00,T4,2025-06-03 16:56:50.911185239+00:00
3-20250603-02761,3,125,2.0,count,3.99,False,2025-06-03 16:57:33.009392735+00:00,T3,2025-06-03 16:57:36.283344507+00:00
2-20250603-01779,2,101,0.501,kg,1.49,False,2025-06-03 20:57:38.000397757+00:00,T4,2025-06-03 16:57:39.501310833+00:00
2-20250603-01780,2,113,2.0,count,0.55,True,2025-06-03 16:57:40.425117975+00:00,T3,2025-06-03 16:57:44.678382507+00:00
1-20250603-00598,1,111,1.395,kg,1.59,False,2025-06-03 16:58:01.819096286+00:00,T4,2025-06-03 16:58:05.527995174+00:00
1-20250603-00599,1,113,2.0,count,0.55,True,2025-06-03 16:58:29.529378095+00:00,T3,2025-06-03 16:58:30.551060016+00:00
1-20250603-00600,1,101,0.443,kg,1.49,False,2025-06-03 16:58:41.883698813+00:00,T2,2025-06-03 16:58:42.195601329+00:00
1-20250603-00601,1,130,0.374,kg,21.99,False,2025-06-03 16:58:47.160874302+00:00,T3,2025-06-03 16:58:47.307796316+00:00
2-20250603-01781,2,116,2.0,count,2.49,False,2025-06-03 16:59:50.812263606+00:00,T3,2025-06-03 16:59:54.922066193+00:00
1-20250603-00602,1,127,1.639,kg,8.99,False,2025-06-03 17:00:01.472710078+00:00,T2,2025-06-03 17:00:01.604791988+00:00
3-20250603-02762,3,129,0.804,kg,9.49,False,2025-06-03 17:01:01.639123997+00:00,T3,2025-06-03 17:01:02.558723250+00:00
1-20250603-00603,1,151,1.0,count,9.99,False,2025-06-03 17:01:55.143354437+00:00,T2,2025-06-03 17:01:56.093293911+00:00
2-20250603-01782,2,147,1.0,count,5.99,False,2025-06-03 17:02:33.436392295+00:00,T5,2025-06-03 17:02:34.181675932+00:00
2-20250603-01783,2,139,2.0,count,2.99,False,2025-06-03 17:05:00.940403733+00:00,T1,2025-06-03 17:05:03.497527670+00:00
1-20250603-00604,1,133,3.0,count,3.99,False,2025-06-03 17:05:14.981449336+00:00,T5,2025-06-03 17:05:17.089646322+00:00
1-20250603-00605,1,109,1.0,count,1.99,False,2025-06-03 17:05:21.789797515+00:00,T1,2025-06-03 17:05:22.552364512+00:00
1-20250603-00606,1,108,1.0,count,1.25,False,2025-06-03 17:06:56.532897702+00:00,T1,2025-06-03 17:06:56.926766999+00:00
2-20250603-01784,2,145,1.0,count,9.99,False,2025-06-03 17:07:12.939493742+00:00,T5,2025-06-03 17:07:18.384151795+00:00
1-20250603-00607,1,139,3.0,count,2.99,False,2025-06-03 17:07:28.290683307+00:00,T5,2025-06-03 17:07:30.709891298+00:00
2-20250603-01785,2,115,1.0,count,3.49,False,2025-06-03 17:07:36.068770662+00:00,T5,2025-06-03 17:07:36.557679755+00:00
1-20250603-00608,1,115,1.0,count,3.49,False,2025-06-03 17:07:53.319298275+00:00,T2,2025-06-03 17:07:58.212705035+00:00
3-20250603-02763,3,113,1.0,count,0.55,True,2025-06-03 17:09:02.896225330+00:00,T5,2025-06-03 17:09:04.439850251+00:00
1-20250603-00609,1,104,0.603,kg,1.99,False,2025-06-03 17:09:05.098139282+00:00,T1,2025-06-03 17:09:07.278262802+00:00
3-20250603-02764,3,115,3.0,count,3.49,False,2025-06-03 17:09:34.730649761+00:00,T2,2025-06-03 17:09:34.961418556+00:00
2-20250603-01786,2,149,2.0,count,2.39,True,2025-06-03 17:10:20.734433445+00:00,T2,2025-06-03 17:10:20.813266030+00:00
1-20250603-00610,1,157,0.447,liter,2.99,False,2025-06-03 17:11:03.338609357+00:00,T1,2025-06-03 17:11:09.112885707+00:00
3-20250603-02765,3,133,2.0,count,3.99,False,2025-06-03 17:11:08.616745473+00:00,T4,2025-06-03 17:11:10.010496133+00:00
1-20250603-00611,1,127,1.823,kg,8.99,False,2025-06-03 17:11:27.021901246+00:00,T4,2025-06-03 17:11:27.803814146+00:00
2-20250603-01787,2,133,1.0,count,3.99,False,2025-06-03 17:11:29.752332373+00:00,T1,2025-06-03 17:11:30.500871653+00:00
2-20250603-01788,2,140,2.0,count,2.79,False,2025-06-03 21:13:23.911713430+00:00,T4,2025-06-03 17:13:24.243084036+00:00
3-20250603-02766,3,110,0.934,kg,1.29,False,2025-06-03 17:13:26.857055809+00:00,T1,2025-06-03 17:13:27.332574078+00:00
2-20250603-01789,2,146,1.0,count,4.99,False,2025-06-03 17:15:32.072382607+00:00,T1,2025-06-03 17:15:33.977181490+00:00
3-20250603-02767,3,117,2.0,count,3.79,False,2025-06-03 17:15:30.404146370+00:00,T4,2025-06-03 17:15:34.399090328+00:00
2-20250603-01790,2,124,1.0,count,3.49,False,2025-06-03 17:16:37.624321650+00:00,T1,2025-06-03 17:16:40.396295922+00:00
2-20250603-01791,2,141,1.0,count,5.99,False,2025-06-03 17:17:13.276983607+00:00,T2,2025-06-03 17:17:14.522212039+00:00
1-20250603-00612,1,119,2.0,count,5.49,False,2025-06-03 17:17:12.689758603+00:00,T5,2025-06-03 17:17:15.676208683+00:00
3-20250603-02768,3,118,2.0,count,3.29,False,2025-06-03 17:17:39.748090076+00:00,T2,2025-06-03 17:17:39.897744759+00:00
2-20250603-01792,2,101,2.367,kg,1.49,False,2025-06-03 17:17:43.205465825+00:00,T1,2025-06-03 17:17:46.309005573+00:00
2-20250603-01793,2,140,1.0,count,2.79,False,2025-06-03 17:18:12.759815993+00:00,T5,2025-06-03 17:18:13.084456103+00:00
1-20250603-00613,1,127,0.254,kg,8.99,False,2025-06-03 17:18:13.847955748+00:00,T3,2025-06-03 17:18:14.148815425+00:00
1-20250603-00614,1,101,1.836,kg,1.49,False,2025-06-03 17:18:24.222531147+00:00,T5,2025-06-03 17:18:24.390501557+00:00
2-20250603-01794,2,118,2.0,count,3.29,False,2025-06-03 21:18:45.175161199+00:00,T4,2025-06-03 17:18:47.566322528+00:00
2-20250603-01795,2,135,1.0,count,4.99,False,2025-06-03 17:19:09.636857192+00:00,T1,2025-06-03 17:19:10.259181806+00:00
3-20250603-02769,3,108,1.0,count,1.25,False,2025-06-03 17:20:09.657317319+00:00,T5,2025-06-03 17:20:13.329072926+00:00
1-20250603-00615,1,112,2.0,count,3.99,False,2025-06-03 17:21:29.648355658+00:00,T2,2025-06-03 17:21:31.347486701+00:00
1-20250603-00616,1,101,0.479,kg,1.49,False,2025-06-03 17:21:33.735328755+00:00,T5,2025-06-03 17:21:39.957603731+00:00
2-20250603-01796,2,101,0.754,kg,1.49,False,2025-06-03 17:21:39.537170871+00:00,T1,2025-06-03 17:21:40.333247918+00:00
1-20250603-00617,1,131,2.0,count,9.99,False,2025-06-03 17:23:07.738777555+00:00,T3,2025-06-03 17:23:09.087198463+00:00
3-20250603-02770,3,127,0.414,kg,8.99,False,2025-06-03 17:23:24.786681278+00:00,T5,2025-06-03 17:23:27.380772727+00:00
2-20250603-01797,2,123,1.0,count,2.99,False,2025-06-03 17:25:07.041105191+00:00,T5,2025-06-03 17:25:10.391874127+00:00
2-20250603-01798,2,120,2.0,count,3.99,False,2025-06-03 17:28:43.729855209+00:00,T5,2025-06-03 17:28:45.363574860+00:00
3-20250603-02771,3,134,1.0,count,6.99,False,2025-06-03 17:28:58.790026311+00:00,T1,2025-06-03 17:29:01.069934154+00:00
3-20250603-02772,3,143,3.0,count,1.19,False,2025-06-03 17:30:07.840882475+00:00,T1,2025-06-03 17:30:08.249093046+00:00
2-20250603-01799,2,117,1.0,count,3.79,False,2025-06-03 17:32:14.609545245+00:00,T3,2025-06-03 17:32:14.633386174+00:00
2-20250603-01800,2,160,1.0,count,3.99,False,2025-06-03 17:32:22.381216592+00:00,T2,2025-06-03 17:32:29.451092757+00:00
2-20250603-01801,2,128,0.154,kg,10.99,False,2025-06-03 21:32:38.194875426+00:00,T4,2025-06-03 17:32:42.339210800+00:00
3-20250603-02773,3,126,3.0,count,1.29,False,2025-06-03 17:32:54.808806390+00:00,T2,2025-06-03 17:32:57.432483036+00:00
2-20250603-01802,2,110,0.699,kg,1.29,False,2025-06-03 17:35:09.212531297+00:00,T1,2025-06-03 17:35:09.561846430+00:00
2-20250603-01803,2,140,2.0,count,2.79,False,2025-06-03 21:35:23.147487101+00:00,T4,2025-06-03 17:35:23.413064144+00:00
2-20250603-01804,2,125,1.0,count,3.99,False,2025-06-03 17:35:49.044542056+00:00,T5,2025-06-03 17:35:52.282747875+00:00
1-20250603-00618,1,102,1.0,count,0.79,False,2025-06-03 17:36:30.595225891+00:00,T4,2025-06-03 17:36:33.509924101+00:00
2-20250603-01805,2,104,0.682,kg,1.99,False,2025-06-03 17:38:28.741935473+00:00,T1,2025-06-03 17:38:29.837856363+00:00
1-20250603-00619,1,149,3.0,count,2.39,True,2025-06-03 17:39:14.139995345+00:00,T2,2025-06-03 17:39:15.382919158+00:00
3-20250603-02774,3,123,1.0,count,2.99,False,2025-06-03 17:40:13.182217593+00:00,T1,2025-06-03 17:40:14.231223464+00:00
2-20250603-01806,2,135,2.0,count,4.99,False,2025-06-03 17:41:32.629209697+00:00,T3,2025-06-03 17:41:33.047437834+00:00
1-20250603-00620,1,130,1.233,kg,21.99,False,2025-06-03 17:42:33.832802882+00:00,T4,2025-06-03 17:42:34.710036033+00:00
3-20250603-02775,3,101,0.739,kg,1.49,False,2025-06-03 17:43:35.369510139+00:00,T2,2025-06-03 17:43:36.445574020+00:00
1-20250603-00621,1,113,1.0,count,0.55,True,2025-06-03 17:46:14.615043820+00:00,T4,2025-06-03 17:46:15.547148807+00:00
1-20250603-00622,1,135,1.0,count,4.99,False,2025-06-03 17:46:38.034616456+00:00,T2,2025-06-03 17:46:42.519561939+00:00
3-20250603-02776,3,110,1.351,kg,1.29,False,2025-06-03 17:46:45.400777480+00:00,T3,2025-06-03 17:46:45.833366082+00:00
2-20250603-01807,2,123,1.0,count,2.99,False,2025-06-03 17:47:57.511368426+00:00,T5,2025-06-03 17:47:58.333676658+00:00
3-20250603-02777,3,102,1.0,count,0.79,False,2025-06-03 17:49:15.441645737+00:00,T1,2025-06-03 17:49:16.086886760+00:00
2-20250603-01808,2,120,1.0,count,3.99,False,2025-06-03 17:49:32.432202021+00:00,T1,2025-06-03 17:49:35.484794185+00:00
1-20250603-00623,1,106,0.706,kg,3.99,False,2025-06-03 17:49:45.049686468+00:00,T1,2025-06-03 17:49:45.060461811+00:00
3-20250603-02778,3,120,3.0,count,3.99,False,2025-06-03 17:51:02.143231692+00:00,T1,2025-06-03 17:51:03.692110461+00:00
3-20250603-02779,3,115,1.0,count,3.49,False,2025-06-03 17:54:25.772378666+00:00,T1,2025-06-03 17:54:26.651404154+00:00
1-20250603-00624,1,160,1.0,count,3.99,False,2025-06-03 17:54:28.537438198+00:00,T4,2025-06-03 17:54:30.805051728+00:00
2-20250603-01809,2,119,2.0,count,5.49,False,2025-06-03 17:55:24.030682807+00:00,T2,2025-06-03 17:55:25.463022365+00:00
3-20250603-02780,3,102,2.0,count,0.79,False,2025-06-03 17:55:42.945355217+00:00,T1,2025-06-03 17:55:46.884292054+00:00
2-20250603-01810,2,106,1.142,kg,3.99,False,2025-06-03 21:55:54.529064600+00:00,T4,2025-06-03 17:55:55.036205583+00:00
2-20250603-01811,2,103,1.0,count,2.99,False,2025-06-03 17:57:00.982299936+00:00,T3,2025-06-03 17:57:01.270830890+00:00
1-20250603-00625,1,118,1.0,count,3.29,False,2025-06-03 17:57:31.682823239+00:00,T1,2025-06-03 17:57:32.321602030+00:00
2-20250603-01812,2,130,2.29,kg,21.99,False,2025-06-03 21:58:19.828218847+00:00,T4,2025-06-03 17:58:20.825369770+00:00
3-20250603-02781,3,130,0.17,kg,21.99,False,2025-06-03 17:58:29.691746144+00:00,T4,2025-06-03 17:58:29.846949694+00:00
2-20250603-01813,2,105,1.271,kg,3.49,False,2025-06-03 17:58:29.579169685+00:00,T1,2025-06-03 17:58:31.660053214+00:00
3-20250603-02782,3,110,1.51,kg,1.29,False,2025-06-03 17:59:53.880423669+00:00,T2,2025-06-03 17:59:55.536585176+00:00
1-20250603-00627,1,132,2.0,count,5.99,False,2025-06-03 18:00:56.465921663+00:00,T3,2025-06-03 18:00:57.331014179+00:00
2-20250603-01814,2,142,1.0,count,3.49,False,2025-06-03 18:02:21.769081750+00:00,T1,2025-06-03 18:02:23.628254287+00:00
3-20250603-02783,3,120,2.0,count,3.99,False,2025-06-03 18:06:34.562773449+00:00,T4,2025-06-03 18:06:35.025666467+00:00
1-20250603-00628,1,105,1.145,kg,3.49,False,2025-06-03 18:06:48.051228901+00:00,T2,2025-06-03 18:06:48.612131751+00:00
2-20250603-01815,2,157,2.145,liter,2.99,False,2025-06-03 22:07:17.908535717+00:00,T4,2025-06-03 18:07:20.018085800+00:00
3-20250603-02784,3,136,1.0,count,8.99,False,2025-06-03 18:07:43.057754147+00:00,T2,2025-06-03 18:07:44.196108766+00:00
3-20250603-02785,3,150,1.0,count,8.99,False,2025-06-03 18:08:43.961681762+00:00,T5,2025-06-03 18:08:45.629181925+00:00
1-20250603-00629,1,124,1.0,count,3.49,False,2025-06-03 18:08:46.997203260+00:00,T2,2025-06-03 18:08:55.768534225+00:00
1-20250603-00630,1,110,1.3,kg,1.29,False,2025-06-03 18:13:25.934938695+00:00,T3,2025-06-03 18:13:26.494781523+00:00
1-20250603-00631,1,142,1.0,count,3.49,False,2025-06-03 18:13:29.734446490+00:00,T5,2025-06-03 18:13:29.772654083+00:00
2-20250603-01816,2,105,1.058,kg,3.49,False,2025-06-03 22:16:06.721440763+00:00,T4,2025-06-03 18:16:08.351322309+00:00
2-20250603-01817,2,139,1.0,count,2.99,False,2025-06-03 18:16:09.755294355+00:00,T2,2025-06-03 18:16:10.052412248+00:00
3-20250603-02786,3,111,0.961,kg,1.59,False,2025-06-03 18:16:52.029707177+00:00,T4,2025-06-03 18:16:52.793213385+00:00
2-20250603-01818,2,143,1.0,count,1.19,False,2025-06-03 18:16:54.785147087+00:00,T3,2025-06-03 18:16:56.061486531+00:00
2-20250603-01819,2,123,1.0,count,2.99,False,2025-06-03 18:17:46.023528360+00:00,T3,2025-06-03 18:17:46.755730083+00:00
1-20250603-00632,1,110,0.301,kg,1.29,False,2025-06-03 18:17:57.741105562+00:00,T5,2025-06-03 18:17:59.384213864+00:00
1-20250603-00633,1,105,0.352,kg,3.49,False,2025-06-03 18:19:06.322389656+00:00,T5,2025-06-03 18:19:06.576618259+00:00
1-20250603-00634,1,123,1.0,count,2.99,False,2025-06-03 18:21:11.553354758+00:00,T2,2025-06-03 18:21:11.849720258+00:00
2-20250603-01820,2,158,1.0,count,2.49,False,2025-06-03 18:21:24.561016139+00:00,T3,2025-06-03 18:21:24.912280742+00:00
2-20250603-01821,2,128,2.521,kg,10.99,False,2025-06-03 18:22:11.007695152+00:00,T5,2025-06-03 18:22:11.720298894+00:00
2-20250603-01822,2,102,1.0,count,0.79,False,2025-06-03 22:22:26.283837393+00:00,T4,2025-06-03 18:22:28.377000705+00:00
1-20250603-00635,1,105,0.978,kg,3.49,False,2025-06-03 18:22:29.110386538+00:00,T2,2025-06-03 18:22:29.633668210+00:00
1-20250603-00636,1,102,2.0,count,0.79,False,2025-06-03 18:25:12.625963633+00:00,T3,2025-06-03 18:25:13.408375131+00:00
3-20250603-02787,3,105,0.962,kg,3.49,False,2025-06-03 18:25:34.222173501+00:00,T3,2025-06-03 18:25:37.888181098+00:00
3-20250603-02788,3,101,1.116,kg,1.49,False,2025-06-03 18:25:51.570926554+00:00,T1,2025-06-03 18:25:52.064153061+00:00
3-20250603-02789,3,135,1.0,count,4.99,False,2025-06-03 18:27:40.799687501+00:00,T2,2025-06-03 18:27:46.929831259+00:00
1-20250603-00637,1,101,1.276,kg,1.49,False,2025-06-03 18:28:23.603183878+00:00,T5,2025-06-03 18:28:24.684571094+00:00
1-20250603-00638,1,127,1.448,kg,8.99,False,2025-06-03 18:29:00.612383568+00:00,T2,2025-06-03 18:29:02.536417768+00:00
2-20250603-01823,2,113,2.0,count,0.55,True,2025-06-03 18:31:07.503339335+00:00,T3,2025-06-03 18:31:11.961402151+00:00
2-20250603-01824,2,153,1.0,count,12.99,False,2025-06-03 18:31:13.840769766+00:00,T1,2025-06-03 18:31:15.545703394+00:00
1-20250603-00626,1,134,1.0,count,6.99,False,2025-06-03 17:59:24.648701766+00:00,T5,2025-06-03 18:32:00.481714124+00:00
1-20250603-00639,1,105,0.272,kg,3.49,False,2025-06-03 18:32:35.896977722+00:00,T1,2025-06-03 18:32:36.220879736+00:00
3-20250603-02790,3,104,2.08,kg,1.99,False,2025-06-03 18:32:37.741648715+00:00,T5,2025-06-03 18:32:46.443168011+00:00
2-20250603-01825,2,137,1.0,count,3.29,False,2025-06-03 18:32:46.906697557+00:00,T1,2025-06-03 18:32:47.287576006+00:00
2-20250603-01826,2,118,1.0,count,3.29,False,2025-06-03 22:34:21.681243799+00:00,T4,2025-06-03 18:34:25.268820148+00:00
2-20250603-01827,2,133,2.0,count,3.99,False,2025-06-03 22:34:37.867867426+00:00,T4,2025-06-03 18:34:38.449185379+00:00
1-20250603-00640,1,104,1.999,kg,1.99,False,2025-06-03 18:35:05.063214938+00:00,T4,2025-06-03 18:35:05.605474135+00:00
2-20250603-01828,2,112,1.0,count,3.99,False,2025-06-03 18:35:07.292915452+00:00,T2,2025-06-03 18:35:10.740980689+00:00
3-20250603-02791,3,116,1.0,count,2.49,False,2025-06-03 18:35:11.629500104+00:00,T2,2025-06-03 18:35:12.574059825+00:00
3-20250603-02792,3,133,2.0,count,3.99,False,2025-06-03 18:38:38.929834757+00:00,T2,2025-06-03 18:38:40.053450246+00:00
1-20250603-00641,1,118,2.0,count,3.29,False,2025-06-03 18:39:20.182774391+00:00,T4,2025-06-03 18:39:20.959631430+00:00
2-20250603-01829,2,150,1.0,count,8.99,False,2025-06-03 18:39:26.698580573+00:00,T1,2025-06-03 18:39:26.949266501+00:00
3-20250603-02793,3,154,1.435,liter,3.99,False,2025-06-03 18:40:03.698192146+00:00,T1,2025-06-03 18:40:04.510091007+00:00
3-20250603-02794,3,134,1.0,count,6.99,False,2025-06-03 18:40:17.179224658+00:00,T5,2025-06-03 18:40:17.816027200+00:00
3-20250603-02795,3,144,3.0,count,4.29,False,2025-06-03 18:40:57.731396095+00:00,T3,2025-06-03 18:40:58.757705580+00:00
1-20250603-00642,1,109,1.0,count,1.99,False,2025-06-03 18:41:09.871641292+00:00,T3,2025-06-03 18:41:11.542924942+00:00
2-20250603-01830,2,116,3.0,count,2.49,False,2025-06-03 18:41:11.781523086+00:00,T3,2025-06-03 18:41:13.111990756+00:00
1-20250603-00643,1,141,2.0,count,5.99,False,2025-06-03 18:42:00.315030453+00:00,T2,2025-06-03 18:42:01.142366720+00:00
1-20250603-00644,1,102,2.0,count,0.79,False,2025-06-03 18:42:28.847947115+00:00,T5,2025-06-03 18:42:31.492372722+00:00
1-20250603-00645,1,101,1.394,kg,1.49,False,2025-06-03 18:43:20.100937430+00:00,T2,2025-06-03 18:43:20.646403506+00:00
2-20250603-01831,2,117,3.0,count,3.79,False,2025-06-03 18:43:31.018427555+00:00,T1,2025-06-03 18:43:32.566499532+00:00
2-20250603-01832,2,118,2.0,count,3.29,False,2025-06-03 18:45:53.219134459+00:00,T2,2025-06-03 18:45:53.840604176+00:00
1-20250603-00646,1,155,1.721,liter,3.49,False,2025-06-03 18:46:50.170279038+00:00,T2,2025-06-03 18:46:50.868876646+00:00
1-20250603-00647,1,117,3.0,count,3.79,False,2025-06-03 18:49:14.809398588+00:00,T4,2025-06-03 18:49:15.477658523+00:00
2-20250603-01833,2,136,1.0,count,8.99,False,2025-06-03 18:49:22.371365102+00:00,T1,2025-06-03 18:49:23.207599561+00:00
3-20250603-02796,3,126,1.0,count,1.29,False,2025-06-03 18:49:22.543580208+00:00,T1,2025-06-03 18:49:23.290465393+00:00
3-20250603-02797,3,134,1.0,count,6.99,False,2025-06-03 18:50:26.407627580+00:00,T3,2025-06-03 18:50:27.325317353+00:00
2-20250603-01834,2,102,3.0,count,0.79,False,2025-06-03 18:50:54.060641531+00:00,T5,2025-06-03 18:50:55.813258892+00:00
1-20250603-00648,1,103,1.0,count,2.99,False,2025-06-03 18:51:10.212644863+00:00,T4,2025-06-03 18:51:14.635107256+00:00
3-20250603-02798,3,132,1.0,count,5.99,False,2025-06-03 18:51:20.085109754+00:00,T3,2025-06-03 18:51:24.305012465+00:00
1-20250603-00649,1,140,1.0,count,2.79,False,2025-06-03 18:53:26.000339725+00:00,T1,2025-06-03 18:53:28.934051434+00:00
1-20250603-00650,1,102,1.0,count,0.79,False,2025-06-03 18:54:16.311612351+00:00,T5,2025-06-03 18:54:17.293053323+00:00
2-20250603-01835,2,116,3.0,count,2.49,False,2025-06-03 18:54:19.934445720+00:00,T1,2025-06-03 18:54:20.794539936+00:00
2-20250603-01836,2,106,1.326,kg,3.99,False,2025-06-03 18:55:03.343845751+00:00,T2,2025-06-03 18:55:04.233259437+00:00
2-20250603-01837,2,123,2.0,count,2.99,False,2025-06-03 18:55:20.653468504+00:00,T1,2025-06-03 18:55:21.087340242+00:00
2-20250603-01838,2,118,3.0,count,3.29,False,2025-06-03 18:55:37.698232498+00:00,T5,2025-06-03 18:55:41.714719054+00:00
3-20250603-02799,3,120,3.0,count,3.99,False,2025-06-03 18:58:21.464894255+00:00,T3,2025-06-03 18:58:22.483996932+00:00
1-20250603-00651,1,133,1.0,count,3.99,False,2025-06-03 18:58:33.641138978+00:00,T4,2025-06-03 18:58:34.315081820+00:00
2-20250603-01839,2,133,3.0,count,3.99,False,2025-06-03 18:58:40.489314397+00:00,T3,2025-06-03 18:58:43.947225410+00:00
3-20250603-02801,3,108,2.0,count,1.25,False,2025-06-03 18:58:52.798285654+00:00,T5,2025-06-03 18:58:53.093018251+00:00
3-20250603-02802,3,126,1.0,count,1.29,False,2025-06-03 18:59:08.616373394+00:00,T3,2025-06-03 18:59:15.053605118+00:00
2-20250603-01840,2,101,1.185,kg,1.49,False,2025-06-03 18:59:33.249793653+00:00,T5,2025-06-03 18:59:35.958725596+00:00
2-20250603-01841,2,124,2.0,count,3.49,False,2025-06-03 19:00:19.087944770+00:00,T3,2025-06-03 19:00:19.746618982+00:00
3-20250603-02803,3,105,2.025,kg,3.49,False,2025-06-03 19:02:15.196741657+00:00,T5,2025-06-03 19:02:15.281426815+00:00
2-20250603-01842,2,130,1.793,kg,21.99,False,2025-06-03 19:02:28.163404572+00:00,T1,2025-06-03 19:02:30.523115071+00:00
2-20250603-01843,2,108,3.0,count,1.25,False,2025-06-03 23:02:48.473586921+00:00,T4,2025-06-03 19:02:48.688480414+00:00
2-20250603-01844,2,127,1.453,kg,8.99,False,2025-06-03 19:03:07.611115284+00:00,T5,2025-06-03 19:03:11.750239087+00:00
1-20250603-00652,1,110,1.121,kg,1.29,False,2025-06-03 19:04:19.199973417+00:00,T4,2025-06-03 19:04:20.442430357+00:00
2-20250603-01845,2,138,1.0,count,1.49,False,2025-06-03 23:04:33.063102398+00:00,T4,2025-06-03 19:04:33.979111851+00:00
2-20250603-01846,2,108,2.0,count,1.25,False,2025-06-03 19:04:56.169484865+00:00,T3,2025-06-03 19:04:59.168285505+00:00
1-20250603-00653,1,132,1.0,count,5.99,False,2025-06-03 19:05:01.673180836+00:00,T2,2025-06-03 19:05:03.094685046+00:00
2-20250603-01847,2,108,1.0,count,1.25,False,2025-06-03 23:06:36.828419431+00:00,T4,2025-06-03 19:06:39.548980397+00:00
1-20250603-00654,1,133,1.0,count,3.99,False,2025-06-03 19:06:54.158699320+00:00,T1,2025-06-03 19:06:54.643857293+00:00
1-20250603-00655,1,126,2.0,count,1.29,False,2025-06-03 19:10:02.089572660+00:00,T4,2025-06-03 19:10:04.232465533+00:00
3-20250603-02804,3,135,1.0,count,4.99,False,2025-06-03 19:11:22.990484467+00:00,T4,2025-06-03 19:11:27.173072108+00:00
2-20250603-01848,2,101,2.196,kg,1.49,False,2025-06-03 23:11:36.274153230+00:00,T4,2025-06-03 19:11:36.439241861+00:00
1-20250603-00656,1,109,3.0,count,1.99,False,2025-06-03 19:13:31.528361007+00:00,T1,2025-06-03 19:13:34.921684412+00:00
1-20250603-00657,1,159,0.325,kg,12.99,False,2025-06-03 19:14:11.159970984+00:00,T2,2025-06-03 19:14:11.800409382+00:00
1-20250603-00658,1,112,1.0,count,3.99,False,2025-06-03 19:15:08.336260515+00:00,T1,2025-06-03 19:15:12.006392708+00:00
1-20250603-00659,1,137,1.0,count,3.29,False,2025-06-03 19:19:53.922928905+00:00,T2,2025-06-03 19:19:54.279637857+00:00
1-20250603-00661,1,134,2.0,count,6.99,False,2025-06-03 19:19:57.008568317+00:00,T1,2025-06-03 19:19:57.082137726+00:00
1-20250603-00660,1,155,1.097,liter,3.49,False,2025-06-03 19:19:55.843716581+00:00,T3,2025-06-03 19:20:00.536437577+00:00
2-20250603-01849,2,118,2.0,count,3.29,False,2025-06-03 19:20:13.314488337+00:00,T3,2025-06-03 19:20:20.940806816+00:00
2-20250603-01850,2,124,1.0,count,3.49,False,2025-06-03 19:22:05.702214072+00:00,T3,2025-06-03 19:22:08.060098094+00:00
1-20250603-00662,1,107,3.0,count,1.89,False,2025-06-03 19:22:21.039787229+00:00,T1,2025-06-03 19:22:22.566995728+00:00
2-20250603-01851,2,112,1.0,count,3.99,False,2025-06-03 19:23:32.259746166+00:00,T3,2025-06-03 19:23:33.347046580+00:00
1-20250603-00663,1,113,2.0,count,0.55,True,2025-06-03 19:23:40.484492148+00:00,T1,2025-06-03 19:23:42.809891951+00:00
3-20250603-02807,3,102,1.0,count,0.79,False,2025-06-03 19:24:41.457228079+00:00,T2,2025-06-03 19:24:41.673845627+00:00
1-20250603-00664,1,126,2.0,count,1.29,False,2025-06-03 19:24:39.218425743+00:00,T5,2025-06-03 19:24:42.758912743+00:00
1-20250603-00665,1,128,0.779,kg,10.99,False,2025-06-03 19:28:33.927099872+00:00,T4,2025-06-03 19:28:34.548305169+00:00
3-20250603-02808,3,106,1.309,kg,3.99,False,2025-06-03 19:28:40.290851463+00:00,T4,2025-06-03 19:28:44.447030541+00:00
1-20250603-00666,1,129,0.883,kg,9.49,False,2025-06-03 19:29:09.217130463+00:00,T4,2025-06-03 19:29:10.285052949+00:00
2-20250603-01852,2,134,1.0,count,6.99,False,2025-06-03 23:29:25.249935190+00:00,T4,2025-06-03 19:29:26.138843487+00:00
3-20250603-02809,3,107,2.0,count,1.89,False,2025-06-03 19:29:43.556769557+00:00,T1,2025-06-03 19:29:49.014318902+00:00
1-20250603-00667,1,102,1.0,count,0.79,False,2025-06-03 19:30:49.041906488+00:00,T2,2025-06-03 19:30:52.731522914+00:00
2-20250603-01853,2,106,1.238,kg,3.99,False,2025-06-03 23:34:28.433879547+00:00,T4,2025-06-03 19:34:29.168616623+00:00
1-20250603-00668,1,116,1.0,count,2.49,False,2025-06-03 19:34:48.515575690+00:00,T1,2025-06-03 19:34:49.346998154+00:00
3-20250603-02810,3,132,2.0,count,5.99,False,2025-06-03 19:35:27.979562004+00:00,T2,2025-06-03 19:35:33.815261860+00:00
3-20250603-02811,3,149,2.0,count,2.39,True,2025-06-03 19:36:08.399798087+00:00,T3,2025-06-03 19:36:08.659828544+00:00
1-20250603-00669,1,111,0.729,kg,1.59,False,2025-06-03 19:38:20.560865328+00:00,T1,2025-06-03 19:38:21.561370986+00:00
3-20250603-02812,3,128,2.209,kg,10.99,False,2025-06-03 19:38:57.198748244+00:00,T2,2025-06-03 19:38:58.599452688+00:00
2-20250603-01854,2,117,2.0,count,3.79,False,2025-06-03 19:41:58.608855999+00:00,T5,2025-06-03 19:42:00.606004819+00:00
1-20250603-00670,1,151,1.0,count,9.99,False,2025-06-03 19:43:10.227531840+00:00,T1,2025-06-03 19:43:13.201390626+00:00
1-20250603-00671,1,107,2.0,count,1.89,False,2025-06-03 19:45:29.556564279+00:00,T4,2025-06-03 19:45:32.288988666+00:00
3-20250603-02813,3,151,3.0,count,9.99,False,2025-06-03 19:46:07.396134641+00:00,T5,2025-06-03 19:46:07.537739083+00:00
2-20250603-01855,2,108,1.0,count,1.25,False,2025-06-03 19:47:00.493972870+00:00,T5,2025-06-03 19:47:00.995362209+00:00
3-20250603-02814,3,105,1.405,kg,3.49,False,2025-06-03 19:47:44.139821233+00:00,T1,2025-06-03 19:47:45.481194583+00:00
2-20250603-01856,2,123,1.0,count,2.99,False,2025-06-03 23:47:48.147719470+00:00,T4,2025-06-03 19:47:49.753264561+00:00
1-20250603-00672,1,112,3.0,count,3.99,False,2025-06-03 19:48:11.155941526+00:00,T4,2025-06-03 19:48:11.616175660+00:00
1-20250603-00673,1,147,1.0,count,5.99,False,2025-06-03 19:48:51.101468064+00:00,T2,2025-06-03 19:48:53.533710702+00:00
3-20250603-02815,3,101,3.662,kg,1.49,False,2025-06-03 19:49:13.658852272+00:00,T2,2025-06-03 19:49:14.093888376+00:00
3-20250603-02816,3,117,1.0,count,3.79,False,2025-06-03 19:49:49.583030166+00:00,T4,2025-06-03 19:49:51.426264773+00:00
3-20250603-02817,3,138,1.0,count,1.49,False,2025-06-03 19:50:52.404217504+00:00,T1,2025-06-03 19:50:53.547699329+00:00
2-20250603-01857,2,133,1.0,count,3.99,False,2025-06-03 23:52:47.668146579+00:00,T4,2025-06-03 19:52:47.836832048+00:00
1-20250603-00674,1,153,3.0,count,12.99,False,2025-06-03 19:52:58.025590601+00:00,T5,2025-06-03 19:52:59.444411123+00:00
2-20250603-01858,2,101,1.152,kg,1.49,False,2025-06-03 19:53:23.226468663+00:00,T2,2025-06-03 19:53:23.948646216+00:00
2-20250603-01859,2,108,2.0,count,1.25,False,2025-06-03 23:55:58.635443080+00:00,T4,2025-06-03 19:55:59.082757493+00:00
3-20250603-02818,3,146,1.0,count,4.99,False,2025-06-03 19:57:04.807861582+00:00,T5,2025-06-03 19:57:05.528978151+00:00
1-20250603-00675,1,105,1.208,kg,3.49,False,2025-06-03 19:58:27.169591797+00:00,T4,2025-06-03 19:58:29.117486408+00:00
3-20250603-02819,3,117,1.0,count,3.79,False,2025-06-03 20:00:55.067244780+00:00,T5,2025-06-03 20:00:59.684865694+00:00
1-20250603-00678,1,111,0.979,kg,1.59,False,2025-06-03 20:01:59.743180399+00:00,T3,2025-06-03 20:02:00.381217870+00:00
1-20250603-00677,1,104,1.274,kg,1.99,False,2025-06-03 20:01:57.901377219+00:00,T2,2025-06-03 20:02:01.921919789+00:00
2-20250603-01860,2,141,1.0,count,5.99,False,2025-06-03 20:02:04.786775190+00:00,T5,2025-06-03 20:02:05.885113867+00:00
1-20250603-00679,1,104,0.128,kg,1.99,False,2025-06-03 20:02:07.938826651+00:00,T4,2025-06-03 20:02:08.080538937+00:00
1-20250603-00680,1,137,2.0,count,3.29,False,2025-06-03 20:02:21.744047111+00:00,T4,2025-06-03 20:02:23.618162296+00:00
1-20250603-00681,1,109,1.0,count,1.99,False,2025-06-03 20:02:26.108522896+00:00,T5,2025-06-03 20:02:26.256039319+00:00
1-20250603-00682,1,111,0.406,kg,1.59,False,2025-06-03 20:03:41.092658276+00:00,T4,2025-06-03 20:03:43.428356+00:00
1-20250603-00683,1,112,2.0,count,3.99,False,2025-06-03 20:04:07.197098217+00:00,T4,2025-06-03 20:04:07.417167146+00:00
2-20250603-01861,2,118,3.0,count,3.29,False,2025-06-03 20:04:24.538793811+00:00,T1,2025-06-03 20:04:31.306682482+00:00
3-20250603-02820,3,107,2.0,count,1.89,False,2025-06-03 20:05:16.487040216+00:00,T2,2025-06-03 20:05:19.608346809+00:00
1-20250603-00684,1,119,2.0,count,5.49,False,2025-06-03 20:06:03.493123853+00:00,T3,2025-06-03 20:06:08.664874249+00:00
3-20250603-02821,3,102,1.0,count,0.79,False,2025-06-03 20:06:59.611263863+00:00,T1,2025-06-03 20:07:00.696850342+00:00
1-20250603-00685,1,137,2.0,count,3.29,False,2025-06-03 20:08:05.527435585+00:00,T4,2025-06-03 20:08:06.500216537+00:00
3-20250603-02822,3,137,1.0,count,3.29,False,2025-06-03 20:08:35.988504992+00:00,T3,2025-06-03 20:08:36.989536198+00:00
3-20250603-02823,3,104,2.049,kg,1.99,False,2025-06-03 20:09:14.155382604+00:00,T4,2025-06-03 20:09:14.456114876+00:00
1-20250603-00686,1,112,1.0,count,3.99,False,2025-06-03 20:09:58.630816449+00:00,T3,2025-06-03 20:09:59.365882145+00:00
1-20250603-00687,1,112,1.0,count,3.99,False,2025-06-03 20:10:14.179439161+00:00,T3,2025-06-03 20:10:14.924113031+00:00
1-20250603-00688,1,120,2.0,count,3.99,False,2025-06-03 20:14:13.239592871+00:00,T4,2025-06-03 20:14:14.194566881+00:00
2-20250603-01862,2,117,2.0,count,3.79,False,2025-06-03 20:14:21.224657026+00:00,T5,2025-06-03 20:14:22.362034460+00:00
1-20250603-00689,1,102,1.0,count,0.79,False,2025-06-03 20:14:48.798750410+00:00,T3,2025-06-03 20:14:51.321549134+00:00
2-20250603-01863,2,101,0.86,kg,1.49,False,2025-06-03 20:15:39.731701116+00:00,T2,2025-06-03 20:15:40.577498492+00:00
2-20250603-01864,2,127,1.936,kg,8.99,False,2025-06-03 20:16:20.914503214+00:00,T5,2025-06-03 20:16:23.477142953+00:00
1-20250603-00690,1,132,2.0,count,5.99,False,2025-06-03 20:16:55.352372617+00:00,T3,2025-06-03 20:16:56.837486581+00:00
2-20250603-01865,2,146,1.0,count,4.99,False,2025-06-03 20:17:10.878868925+00:00,T3,2025-06-03 20:17:13.640302960+00:00
1-20250603-00691,1,160,1.0,count,3.99,False,2025-06-03 20:17:13.582141859+00:00,T3,2025-06-03 20:17:16.026491384+00:00
2-20250603-01866,2,109,1.0,count,1.99,False,2025-06-03 20:17:26.060693352+00:00,T1,2025-06-03 20:17:29.227635751+00:00
2-20250603-01867,2,135,1.0,count,4.99,False,2025-06-03 20:18:32.905264039+00:00,T2,2025-06-03 20:18:44.404346074+00:00
1-20250603-00692,1,101,0.371,kg,1.49,False,2025-06-03 20:18:47.878598749+00:00,T2,2025-06-03 20:18:49.997992165+00:00
3-20250603-02824,3,110,1.23,kg,1.29,False,2025-06-03 20:19:09.551718337+00:00,T2,2025-06-03 20:19:09.973871873+00:00
1-20250603-00693,1,146,1.0,count,4.99,False,2025-06-03 20:20:45.063903864+00:00,T5,2025-06-03 20:20:45.689165578+00:00
3-20250603-02825,3,118,1.0,count,3.29,False,2025-06-03 20:21:17.859687486+00:00,T1,2025-06-03 20:21:18.360091999+00:00
2-20250603-01868,2,106,0.919,kg,3.99,False,2025-06-03 20:21:11.734821194+00:00,T1,2025-06-03 20:21:22.568722226+00:00
2-20250603-01869,2,128,0.115,kg,10.99,False,2025-06-03 20:21:34.540317908+00:00,T3,2025-06-03 20:21:35.290511207+00:00
2-20250603-01870,2,110,0.457,kg,1.29,False,2025-06-04 00:22:08.625619401+00:00,T4,2025-06-03 20:22:09.968264646+00:00
2-20250603-01871,2,112,1.0,count,3.99,False,2025-06-03 20:22:54.657038468+00:00,T5,2025-06-03 20:22:55.308278679+00:00
1-20250603-00694,1,113,1.0,count,0.55,True,2025-06-03 20:23:03.418612602+00:00,T2,2025-06-03 20:23:08.656762606+00:00
3-20250603-02826,3,101,0.344,kg,1.49,False,2025-06-03 20:24:12.596919347+00:00,T2,2025-06-03 20:24:13.264828887+00:00
3-20250603-02827,3,105,1.039,kg,3.49,False,2025-06-03 20:25:10.805304870+00:00,T2,2025-06-03 20:25:13.234568977+00:00
2-20250603-01872,2,110,1.617,kg,1.29,False,2025-06-04 00:25:57.847739737+00:00,T4,2025-06-03 20:25:59.802020680+00:00
1-20250603-00695,1,117,2.0,count,3.79,False,2025-06-03 20:26:01.712107888+00:00,T1,2025-06-03 20:26:04.799187798+00:00
1-20250603-00696,1,160,2.0,count,3.99,False,2025-06-03 20:26:47.771748293+00:00,T3,2025-06-03 20:26:47.801006774+00:00
1-20250603-00697,1,110,1.466,kg,1.29,False,2025-06-03 20:27:30.876444208+00:00,T4,2025-06-03 20:27:32.397036774+00:00
2-20250603-01873,2,112,3.0,count,3.99,False,2025-06-03 20:28:06.427374190+00:00,T5,2025-06-03 20:28:07.716963548+00:00
3-20250603-02828,3,133,3.0,count,3.99,False,2025-06-03 20:29:28.585264184+00:00,T4,2025-06-03 20:29:29.677035748+00:00
1-20250603-00698,1,158,2.0,count,2.49,False,2025-06-03 20:29:45.295246488+00:00,T4,2025-06-03 20:29:49.192150372+00:00
2-20250603-01874,2,126,3.0,count,1.29,False,2025-06-03 20:31:48.367059949+00:00,T1,2025-06-03 20:31:48.552400168+00:00
2-20250603-01875,2,159,0.088,kg,12.99,False,2025-06-03 20:32:10.809013914+00:00,T5,2025-06-03 20:32:11.887549198+00:00
1-20250603-00699,1,120,2.0,count,3.99,False,2025-06-03 20:32:10.760785071+00:00,T5,2025-06-03 20:32:12.896402516+00:00
3-20250603-02829,3,124,2.0,count,3.49,False,2025-06-03 20:32:45.904795461+00:00,T5,2025-06-03 20:32:46.892708693+00:00
2-20250603-01876,2,105,0.69,kg,3.49,False,2025-06-03 20:34:51.262701138+00:00,T5,2025-06-03 20:34:54.731514894+00:00
3-20250603-02830,3,150,1.0,count,8.99,False,2025-06-03 20:36:17.988601830+00:00,T5,2025-06-03 20:36:22.790937799+00:00
3-20250603-02831,3,117,1.0,count,3.79,False,2025-06-03 20:36:30.482449431+00:00,T3,2025-06-03 20:36:31.345194017+00:00
2-20250603-01877,2,120,1.0,count,3.99,False,2025-06-03 20:36:45.620895789+00:00,T2,2025-06-03 20:36:47.008841962+00:00
3-20250603-02832,3,116,3.0,count,2.49,False,2025-06-03 20:38:15.815719501+00:00,T3,2025-06-03 20:38:16.480505443+00:00
2-20250603-01878,2,108,1.0,count,1.25,False,2025-06-03 20:39:52.916220052+00:00,T5,2025-06-03 20:39:53.749027832+00:00
2-20250603-01879,2,128,1.912,kg,10.99,False,2025-06-03 20:40:52.059307607+00:00,T5,2025-06-03 20:40:54.766994047+00:00
1-20250603-00700,1,117,3.0,count,3.79,False,2025-06-03 20:41:17.172083043+00:00,T5,2025-06-03 20:41:17.844386638+00:00
2-20250603-01880,2,104,1.512,kg,1.99,False,2025-06-03 20:41:17.755851507+00:00,T5,2025-06-03 20:41:18.755186689+00:00
3-20250603-02800,3,119,2.0,count,5.49,False,2025-06-03 18:58:47.186707353+00:00,T1,2025-06-03 20:42:36.778740275+00:00
1-20250603-00701,1,132,1.0,count,5.99,False,2025-06-03 20:42:41.558554438+00:00,T1,2025-06-03 20:42:44.424092971+00:00
2-20250603-01881,2,132,2.0,count,5.99,False,2025-06-03 20:43:47.150655531+00:00,T3,2025-06-03 20:43:49.662781426+00:00
1-20250603-00702,1,106,1.027,kg,3.99,False,2025-06-03 20:45:26.998435262+00:00,T5,2025-06-03 20:45:29.395324436+00:00
2-20250603-01882,2,119,2.0,count,5.49,False,2025-06-03 20:46:17.409363749+00:00,T2,2025-06-03 20:46:20.401628343+00:00
2-20250603-01883,2,105,0.623,kg,3.49,False,2025-06-03 20:47:10.833289907+00:00,T3,2025-06-03 20:47:11.332117690+00:00
1-20250603-00703,1,108,2.0,count,1.25,False,2025-06-03 20:48:19.200587725+00:00,T4,2025-06-03 20:48:19.491378340+00:00
2-20250603-01884,2,159,1.065,kg,12.99,False,2025-06-03 20:49:30.157522268+00:00,T3,2025-06-03 20:49:31.230114877+00:00
2-20250603-01885,2,138,1.0,count,1.49,False,2025-06-04 00:50:07.121319676+00:00,T4,2025-06-03 20:50:08.184865132+00:00
2-20250603-01886,2,117,3.0,count,3.79,False,2025-06-03 20:50:09.493142660+00:00,T3,2025-06-03 20:50:12.722967422+00:00
1-20250603-00704,1,117,2.0,count,3.79,False,2025-06-03 20:50:22.523978892+00:00,T4,2025-06-03 20:50:23.838208072+00:00
1-20250603-00705,1,102,1.0,count,0.79,False,2025-06-03 20:53:37.673416797+00:00,T3,2025-06-03 20:53:38.464870666+00:00
2-20250603-01887,2,139,1.0,count,2.99,False,2025-06-03 20:55:09.430387766+00:00,T1,2025-06-03 20:55:12.511564083+00:00
3-20250603-02833,3,133,1.0,count,3.99,False,2025-06-03 20:57:35.740418115+00:00,T1,2025-06-03 20:57:37.485815049+00:00
3-20250603-02834,3,146,1.0,count,4.99,False,2025-06-03 20:57:39.552075779+00:00,T3,2025-06-03 20:57:45.688895724+00:00
1-20250603-00706,1,105,0.541,kg,3.49,False,2025-06-03 20:57:58.251038068+00:00,T5,2025-06-03 20:57:58.649665252+00:00
2-20250603-01888,2,148,1.0,count,1.99,False,2025-06-03 20:58:04.589715305+00:00,T5,2025-06-03 20:58:04.941121651+00:00
3-20250603-02835,3,102,1.0,count,0.79,False,2025-06-03 20:58:46.732761568+00:00,T1,2025-06-03 20:58:48.504836038+00:00
2-20250603-01889,2,113,1.0,count,0.55,True,2025-06-03 21:00:26.551992220+00:00,T3,2025-06-03 21:00:33.212397359+00:00
1-20250603-00707,1,135,3.0,count,4.99,False,2025-06-03 21:00:34.814906059+00:00,T5,2025-06-03 21:00:36.745089185+00:00
3-20250603-02836,3,151,2.0,count,9.99,False,2025-06-03 21:01:04.654570945+00:00,T2,2025-06-03 21:01:04.657510651+00:00
3-20250603-02837,3,101,2.289,kg,1.49,False,2025-06-03 21:02:31.348169897+00:00,T5,2025-06-03 21:02:31.806876535+00:00
2-20250603-01890,2,127,0.728,kg,8.99,False,2025-06-03 21:03:05.877379651+00:00,T1,2025-06-03 21:03:06.045078076+00:00
3-20250603-02805,3,110,1.353,kg,1.29,False,2025-06-03 19:17:59.887479219+00:00,T4,2025-06-03 21:03:10.671640872+00:00
2-20250603-01891,2,101,2.036,kg,1.49,False,2025-06-03 21:03:23.857845197+00:00,T1,2025-06-03 21:03:25.206291146+00:00
1-20250603-00708,1,102,3.0,count,0.79,False,2025-06-03 21:04:52.763513479+00:00,T2,2025-06-03 21:04:55.161181092+00:00
2-20250603-01892,2,135,1.0,count,4.99,False,2025-06-03 21:05:19.336000877+00:00,T1,2025-06-03 21:05:19.590587428+00:00
2-20250603-01893,2,120,3.0,count,3.99,False,2025-06-03 21:05:23.407243806+00:00,T5,2025-06-03 21:05:33.642777135+00:00
1-20250603-00709,1,112,1.0,count,3.99,False,2025-06-03 21:06:04.562644638+00:00,T2,2025-06-03 21:06:05.234107089+00:00
2-20250603-01894,2,107,2.0,count,1.89,False,2025-06-04 01:06:09.269939978+00:00,T4,2025-06-03 21:06:14.279851467+00:00
2-20250603-01895,2,123,2.0,count,2.99,False,2025-06-03 21:07:11.849400723+00:00,T5,2025-06-03 21:07:13.554239558+00:00
1-20250603-00710,1,109,2.0,count,1.99,False,2025-06-03 21:07:23.413923827+00:00,T5,2025-06-03 21:07:23.733702025+00:00
2-20250603-01896,2,102,2.0,count,0.79,False,2025-06-03 21:08:36.349457341+00:00,T1,2025-06-03 21:08:37.478354201+00:00
3-20250603-02838,3,120,2.0,count,3.99,False,2025-06-03 21:08:43.582241889+00:00,T5,2025-06-03 21:08:48.104624514+00:00
3-20250603-02839,3,137,1.0,count,3.29,False,2025-06-03 21:08:51.093731867+00:00,T4,2025-06-03 21:08:52.977185329+00:00
1-20250603-00711,1,155,0.252,liter,3.49,False,2025-06-03 21:09:25.624679826+00:00,T1,2025-06-03 21:09:26.863544482+00:00
2-20250603-01897,2,134,1.0,count,6.99,False,2025-06-04 01:09:29.845557046+00:00,T4,2025-06-03 21:09:30.208960654+00:00
1-20250603-00712,1,107,2.0,count,1.89,False,2025-06-03 21:09:47.934405245+00:00,T5,2025-06-03 21:09:47.973274195+00:00
3-20250603-02840,3,133,2.0,count,3.99,False,2025-06-03 21:10:05.847085600+00:00,T1,2025-06-03 21:10:06.908189105+00:00
1-20250603-00713,1,141,1.0,count,5.99,False,2025-06-03 21:11:15.487563346+00:00,T4,2025-06-03 21:11:17.816451583+00:00
3-20250603-02841,3,106,1.478,kg,3.99,False,2025-06-03 21:11:31.539299275+00:00,T4,2025-06-03 21:11:31.648279789+00:00
2-20250603-01898,2,123,1.0,count,2.99,False,2025-06-03 21:11:44.098674932+00:00,T1,2025-06-03 21:11:48.832100737+00:00
1-20250603-00714,1,132,1.0,count,5.99,False,2025-06-03 21:12:28.963476512+00:00,T1,2025-06-03 21:12:30.534708208+00:00
1-20250603-00715,1,116,1.0,count,2.49,False,2025-06-03 21:12:31.861642303+00:00,T1,2025-06-03 21:12:36.044944148+00:00
2-20250603-01899,2,142,2.0,count,3.49,False,2025-06-03 21:12:47.866332030+00:00,T1,2025-06-03 21:12:50.707901236+00:00
3-20250603-02842,3,102,2.0,count,0.79,False,2025-06-03 21:13:04.765488727+00:00,T5,2025-06-03 21:13:07.581400364+00:00
3-20250603-02843,3,103,1.0,count,2.99,False,2025-06-03 21:13:13.341561444+00:00,T4,2025-06-03 21:13:14.452655621+00:00
2-20250603-01900,2,112,2.0,count,3.99,False,2025-06-03 21:13:34.126196966+00:00,T3,2025-06-03 21:13:34.350384444+00:00
1-20250603-00716,1,142,2.0,count,3.49,False,2025-06-03 21:13:54.163956003+00:00,T3,2025-06-03 21:13:55.819260258+00:00
1-20250603-00717,1,110,2.995,kg,1.29,False,2025-06-03 21:14:18.188748851+00:00,T3,2025-06-03 21:14:19.989282278+00:00
2-20250603-01901,2,108,2.0,count,1.25,False,2025-06-03 21:14:32.982808651+00:00,T2,2025-06-03 21:14:34.169443858+00:00
1-20250603-00718,1,105,2.273,kg,3.49,False,2025-06-03 21:16:11.972927548+00:00,T4,2025-06-03 21:16:12.907787344+00:00
3-20250603-02844,3,106,0.738,kg,3.99,False,2025-06-03 21:17:51.303093860+00:00,T5,2025-06-03 21:17:52.305511159+00:00
1-20250603-00719,1,123,1.0,count,2.99,False,2025-06-03 21:18:21.444836569+00:00,T4,2025-06-03 21:18:32.280360804+00:00
3-20250603-02845,3,102,2.0,count,0.79,False,2025-06-03 21:19:55.727936059+00:00,T4,2025-06-03 21:19:59.786289924+00:00
2-20250603-01902,2,118,1.0,count,3.29,False,2025-06-03 21:21:01.057385970+00:00,T2,2025-06-03 21:21:04.475742372+00:00
3-20250603-02846,3,131,2.0,count,9.99,False,2025-06-03 21:24:54.487481025+00:00,T1,2025-06-03 21:24:56.371282239+00:00
1-20250603-00720,1,137,2.0,count,3.29,False,2025-06-03 21:24:59.278792952+00:00,T5,2025-06-03 21:25:03.384187741+00:00
2-20250603-01903,2,106,0.19,kg,3.99,False,2025-06-03 21:25:21.040337365+00:00,T2,2025-06-03 21:25:21.808249903+00:00
2-20250603-01904,2,108,2.0,count,1.25,False,2025-06-03 21:26:32.324031484+00:00,T5,2025-06-03 21:26:33.527402358+00:00
1-20250603-00721,1,149,2.0,count,2.39,True,2025-06-03 21:27:01.055999671+00:00,T4,2025-06-03 21:27:01.428538186+00:00
3-20250603-02847,3,150,2.0,count,8.99,False,2025-06-03 21:27:19.621570674+00:00,T2,2025-06-03 21:27:23.033625294+00:00
1-20250603-00722,1,154,0.943,liter,3.99,False,2025-06-03 21:27:57.687692233+00:00,T3,2025-06-03 21:27:58.175879447+00:00
1-20250603-00723,1,116,3.0,count,2.49,False,2025-06-03 21:29:01.082716810+00:00,T4,2025-06-03 21:29:01.511046867+00:00
1-20250603-00724,1,112,2.0,count,3.99,False,2025-06-03 21:29:45.403130931+00:00,T1,2025-06-03 21:29:45.913438479+00:00
2-20250603-01905,2,102,1.0,count,0.79,False,2025-06-03 21:33:15.513569430+00:00,T1,2025-06-03 21:33:16.894491185+00:00
1-20250603-00725,1,108,1.0,count,1.25,False,2025-06-03 21:33:46.703501842+00:00,T3,2025-06-03 21:33:47.050984864+00:00
2-20250603-01906,2,106,1.045,kg,3.99,False,2025-06-04 01:34:16.081742149+00:00,T4,2025-06-03 21:34:19.568646204+00:00
2-20250603-01907,2,151,1.0,count,9.99,False,2025-06-04 01:34:39.418112872+00:00,T4,2025-06-03 21:34:39.922203300+00:00
2-20250603-01908,2,139,2.0,count,2.99,False,2025-06-03 21:34:54.021189177+00:00,T3,2025-06-03 21:34:59.867130177+00:00
1-20250603-00726,1,128,0.886,kg,10.99,False,2025-06-03 21:36:01.907734071+00:00,T3,2025-06-03 21:36:04.058157091+00:00
2-20250603-01910,2,117,3.0,count,3.79,False,2025-06-03 21:36:39.156316993+00:00,T1,2025-06-03 21:36:42.259993467+00:00
2-20250603-01911,2,146,1.0,count,4.99,False,2025-06-04 01:37:09.029983264+00:00,T4,2025-06-03 21:37:12.153943338+00:00
1-20250603-00727,1,128,0.349,kg,10.99,False,2025-06-03 21:37:24.316228176+00:00,T5,2025-06-03 21:37:25.167216013+00:00
1-20250603-00728,1,106,2.09,kg,3.99,False,2025-06-03 21:37:35.153496649+00:00,T2,2025-06-03 21:37:36.374975215+00:00
1-20250603-00729,1,101,1.175,kg,1.49,False,2025-06-03 21:38:45.179866423+00:00,T5,2025-06-03 21:38:51.067056156+00:00
2-20250603-01912,2,127,1.044,kg,8.99,False,2025-06-03 21:39:01.609807087+00:00,T1,2025-06-03 21:39:02.773300259+00:00
1-20250603-00730,1,124,2.0,count,3.49,False,2025-06-03 21:39:12.338193723+00:00,T4,2025-06-03 21:39:12.966892146+00:00
3-20250603-02848,3,124,2.0,count,3.49,False,2025-06-03 21:39:20.119999200+00:00,T1,2025-06-03 21:39:21.366349196+00:00
1-20250603-00731,1,144,2.0,count,4.29,False,2025-06-03 21:39:54.136443499+00:00,T3,2025-06-03 21:39:55.004174514+00:00
3-20250603-02849,3,152,1.0,count,2.99,False,2025-06-03 21:40:13.906974612+00:00,T2,2025-06-03 21:40:15.573688954+00:00
3-20250603-02850,3,147,1.0,count,5.99,False,2025-06-03 21:40:24.427029998+00:00,T1,2025-06-03 21:40:25.070515592+00:00
1-20250603-00732,1,126,1.0,count,1.29,False,2025-06-03 21:40:40.459466701+00:00,T4,2025-06-03 21:40:40.651385378+00:00
3-20250603-02806,3,141,1.0,count,5.99,False,2025-06-03 19:22:44.958431181+00:00,T5,2025-06-03 21:42:25.212987229+00:00
2-20250603-01913,2,116,1.0,count,2.49,False,2025-06-03 21:42:22.363431590+00:00,T3,2025-06-03 21:42:28.902981006+00:00
1-20250603-00733,1,123,1.0,count,2.99,False,2025-06-03 21:42:33.607234873+00:00,T3,2025-06-03 21:42:33.809849404+00:00
1-20250603-00734,1,121,2.0,count,4.99,False,2025-06-03 21:42:34.327095632+00:00,T4,2025-06-03 21:42:34.671970971+00:00
1-20250603-00735,1,140,2.0,count,2.79,False,2025-06-03 21:42:42.598443175+00:00,T2,2025-06-03 21:42:43.800388746+00:00
2-20250603-01914,2,149,1.0,count,2.39,True,2025-06-03 21:43:54.440162143+00:00,T1,2025-06-03 21:43:55.460737634+00:00
3-20250603-02851,3,128,1.669,kg,10.99,False,2025-06-03 21:44:44.060280146+00:00,T1,2025-06-03 21:44:49.649589464+00:00
2-20250603-01915,2,126,3.0,count,1.29,False,2025-06-03 21:44:58.797945010+00:00,T5,2025-06-03 21:45:02.702767095+00:00
1-20250603-00736,1,119,1.0,count,5.49,False,2025-06-03 21:45:52.409794286+00:00,T4,2025-06-03 21:45:53.637052346+00:00
2-20250603-01916,2,135,1.0,count,4.99,False,2025-06-03 21:46:02.239235417+00:00,T3,2025-06-03 21:46:02.540749178+00:00
3-20250603-02852,3,135,1.0,count,4.99,False,2025-06-03 21:46:05.291829313+00:00,T4,2025-06-03 21:46:07.087955598+00:00
2-20250603-01917,2,114,3.0,count,5.99,False,2025-06-04 01:46:32.025888336+00:00,T4,2025-06-03 21:46:33.419203441+00:00
1-20250603-00737,1,134,1.0,count,6.99,False,2025-06-03 21:46:38.480729697+00:00,T5,2025-06-03 21:46:38.693182842+00:00
1-20250603-00738,1,111,0.945,kg,1.59,False,2025-06-03 21:47:36.936377839+00:00,T2,2025-06-03 21:47:45.128477841+00:00
1-20250603-00739,1,111,1.754,kg,1.59,False,2025-06-03 21:49:04.686699145+00:00,T1,2025-06-03 21:49:06.048043+00:00
1-20250603-00740,1,129,0.905,kg,9.49,False,2025-06-03 21:52:51.585444094+00:00,T5,2025-06-03 21:52:52.997288111+00:00
2-20250603-01918,2,134,1.0,count,6.99,False,2025-06-04 01:53:03.895282486+00:00,T4,2025-06-03 21:53:04.141235895+00:00
2-20250603-01919,2,111,1.536,kg,1.59,False,2025-06-03 21:53:36.081552588+00:00,T1,2025-06-03 21:53:39.380768937+00:00
1-20250603-00741,1,105,2.008,kg,3.49,False,2025-06-03 21:55:16.278310757+00:00,T2,2025-06-03 21:55:18.952831554+00:00
2-20250603-01920,2,112,2.0,count,3.99,False,2025-06-03 21:56:18.673614892+00:00,T3,2025-06-03 21:56:24.792479137+00:00
2-20250603-01921,2,120,2.0,count,3.99,False,2025-06-04 01:56:27.932078499+00:00,T4,2025-06-03 21:56:29.463710769+00:00
3-20250603-02853,3,108,1.0,count,1.25,False,2025-06-03 21:59:34.132234408+00:00,T1,2025-06-03 21:59:36.296394936+00:00
1-20250603-00742,1,108,2.0,count,1.25,False,2025-06-03 21:59:39.874769435+00:00,T2,2025-06-03 21:59:42.442204030+00:00
2-20250603-01922,2,138,1.0,count,1.49,False,2025-06-04 02:00:49.333698328+00:00,T4,2025-06-03 22:00:49.578300280+00:00
2-20250603-01923,2,133,1.0,count,3.99,False,2025-06-03 22:01:07.074542589+00:00,T3,2025-06-03 22:01:10.767227482+00:00
1-20250603-00743,1,118,1.0,count,3.29,False,2025-06-03 22:01:10.868467479+00:00,T4,2025-06-03 22:01:13.849614413+00:00
2-20250603-01924,2,146,3.0,count,4.99,False,2025-06-03 22:01:24.546839481+00:00,T1,2025-06-03 22:01:24.816347298+00:00
3-20250603-02854,3,123,3.0,count,2.99,False,2025-06-03 22:01:52.236243058+00:00,T2,2025-06-03 22:01:52.828851259+00:00
3-20250603-02855,3,109,1.0,count,1.99,False,2025-06-03 22:02:26.156284900+00:00,T4,2025-06-03 22:02:26.197848486+00:00
2-20250603-01925,2,126,1.0,count,1.29,False,2025-06-03 22:02:29.805222726+00:00,T1,2025-06-03 22:02:30.674256243+00:00
2-20250603-01926,2,134,3.0,count,6.99,False,2025-06-03 22:03:14.161474460+00:00,T2,2025-06-03 22:03:17.072464651+00:00
1-20250603-00744,1,105,0.606,kg,3.49,False,2025-06-03 22:03:40.342146822+00:00,T2,2025-06-03 22:03:43.126575795+00:00
3-20250603-02856,3,135,3.0,count,4.99,False,2025-06-03 22:03:55.639908553+00:00,T5,2025-06-03 22:03:58.501564619+00:00
2-20250603-01927,2,105,1.282,kg,3.49,False,2025-06-03 22:04:36.123088562+00:00,T5,2025-06-03 22:04:36.492540979+00:00
1-20250603-00745,1,130,0.587,kg,21.99,False,2025-06-03 22:04:53.529720141+00:00,T4,2025-06-03 22:04:55.869614136+00:00
2-20250603-01928,2,140,2.0,count,2.79,False,2025-06-03 22:05:05.492475420+00:00,T1,2025-06-03 22:05:07.943367661+00:00
3-20250603-02857,3,128,2.179,kg,10.99,False,2025-06-03 22:07:32.721942789+00:00,T3,2025-06-03 22:07:35.418511136+00:00
2-20250603-01929,2,111,0.59,kg,1.59,False,2025-06-03 22:08:03.079966318+00:00,T3,2025-06-03 22:08:03.888837174+00:00
1-20250603-00746,1,147,1.0,count,5.99,False,2025-06-03 22:08:56.523086403+00:00,T1,2025-06-03 22:08:56.645338025+00:00
3-20250603-02858,3,146,2.0,count,4.99,False,2025-06-03 22:09:07.663736326+00:00,T1,2025-06-03 22:09:08.098950993+00:00
1-20250603-00747,1,124,1.0,count,3.49,False,2025-06-03 22:09:52.630725935+00:00,T3,2025-06-03 22:09:54.848805386+00:00
2-20250603-01930,2,160,2.0,count,3.99,False,2025-06-03 22:10:11.879232608+00:00,T3,2025-06-03 22:10:12.460228969+00:00
1-20250603-00748,1,107,2.0,count,1.89,False,2025-06-03 22:11:36.301294709+00:00,T2,2025-06-03 22:11:36.399586257+00:00
3-20250603-02859,3,101,0.283,kg,1.49,False,2025-06-03 22:11:35.305769995+00:00,T3,2025-06-03 22:11:36.684575971+00:00
3-20250603-02860,3,102,2.0,count,0.79,False,2025-06-03 22:13:13.670403885+00:00,T3,2025-06-03 22:13:23.003342736+00:00
2-20250603-01931,2,141,1.0,count,5.99,False,2025-06-03 22:13:19.142530793+00:00,T3,2025-06-03 22:13:23.073458940+00:00
3-20250603-02861,3,148,2.0,count,1.99,False,2025-06-03 22:13:28.816568535+00:00,T5,2025-06-03 22:13:29.224182631+00:00
1-20250603-00749,1,110,0.966,kg,1.29,False,2025-06-03 22:13:27.694665974+00:00,T2,2025-06-03 22:13:31.915175526+00:00
3-20250603-02862,3,127,0.398,kg,8.99,False,2025-06-03 22:14:18.688662559+00:00,T4,2025-06-03 22:14:19.107333489+00:00
1-20250603-00750,1,112,1.0,count,3.99,False,2025-06-03 22:14:38.001448294+00:00,T1,2025-06-03 22:14:38.579839410+00:00
3-20250603-02863,3,122,3.0,count,4.29,False,2025-06-03 22:14:53.840318928+00:00,T2,2025-06-03 22:14:57.056131395+00:00
1-20250603-00751,1,132,3.0,count,5.99,False,2025-06-03 22:14:52.813767073+00:00,T4,2025-06-03 22:14:59.445706477+00:00
2-20250603-01909,2,133,2.0,count,3.99,False,2025-06-04 01:35:16.668468795+00:00,T4,2025-06-03 22:16:11.591439327+00:00
2-20250603-01932,2,106,1.405,kg,3.99,False,2025-06-03 22:16:57.828956153+00:00,T3,2025-06-03 22:16:57.928383525+00:00
2-20250603-01933,2,121,1.0,count,4.99,False,2025-06-03 22:17:00.899793226+00:00,T1,2025-06-03 22:17:03.152010642+00:00
2-20250603-01934,2,104,0.195,kg,1.99,False,2025-06-04 02:19:00.766438811+00:00,T4,2025-06-03 22:19:01.254072756+00:00
3-20250603-02864,3,140,2.0,count,2.79,False,2025-06-03 22:19:05.228509170+00:00,T4,2025-06-03 22:19:07.577512256+00:00
3-20250603-02865,3,102,2.0,count,0.79,False,2025-06-03 22:19:06.748531+00:00,T4,2025-06-03 22:19:09.564562832+00:00
2-20250603-01935,2,140,1.0,count,2.79,False,2025-06-03 22:19:10.754778685+00:00,T3,2025-06-03 22:19:11.460432807+00:00
2-20250603-01936,2,102,3.0,count,0.79,False,2025-06-04 02:20:39.124724833+00:00,T4,2025-06-03 22:20:39.999402596+00:00
1-20250603-00752,1,108,1.0,count,1.25,False,2025-06-03 22:22:20.802905925+00:00,T3,2025-06-03 22:22:21.430525028+00:00
2-20250603-01937,2,131,1.0,count,9.99,False,2025-06-04 02:22:31.015134102+00:00,T4,2025-06-03 22:22:32.847412751+00:00
1-20250603-00753,1,109,1.0,count,1.99,False,2025-06-03 22:22:51.900587277+00:00,T4,2025-06-03 22:22:56.682971808+00:00
3-20250603-02866,3,117,1.0,count,3.79,False,2025-06-03 22:25:54.617605738+00:00,T5,2025-06-03 22:25:55.538119615+00:00
3-20250603-02867,3,110,1.89,kg,1.29,False,2025-06-03 22:26:08.912380132+00:00,T4,2025-06-03 22:26:13.584703618+00:00
1-20250603-00754,1,117,1.0,count,3.79,False,2025-06-03 22:26:42.441085205+00:00,T3,2025-06-03 22:26:50.248386533+00:00
1-20250603-00755,1,145,3.0,count,9.99,False,2025-06-03 22:28:07.319569617+00:00,T4,2025-06-03 22:28:10.574302377+00:00
2-20250603-01938,2,108,3.0,count,1.25,False,2025-06-03 22:29:35.683751400+00:00,T3,2025-06-03 22:29:39.780888407+00:00
1-20250603-00756,1,117,1.0,count,3.79,False,2025-06-03 22:29:56.231240073+00:00,T5,2025-06-03 22:29:56.918571151+00:00
2-20250603-01939,2,123,1.0,count,2.99,False,2025-06-03 22:30:34.594434221+00:00,T3,2025-06-03 22:30:36.319692115+00:00
2-20250603-01940,2,133,1.0,count,3.99,False,2025-06-03 22:30:35.774877546+00:00,T5,2025-06-03 22:30:39.094156346+00:00
1-20250603-00757,1,124,1.0,count,3.49,False,2025-06-03 22:31:25.708825029+00:00,T2,2025-06-03 22:31:28.753233968+00:00
2-20250603-01941,2,110,1.25,kg,1.29,False,2025-06-04 02:32:03.094980926+00:00,T4,2025-06-03 22:32:04.486030089+00:00
3-20250603-02868,3,112,2.0,count,3.99,False,2025-06-03 22:32:56.998131087+00:00,T5,2025-06-03 22:33:04.352131734+00:00
1-20250603-00758,1,160,1.0,count,3.99,False,2025-06-03 22:34:11.632049125+00:00,T1,2025-06-03 22:34:12.517329812+00:00
3-20250603-02869,3,111,0.478,kg,1.59,False,2025-06-03 22:36:38.042626954+00:00,T1,2025-06-03 22:36:39.270955938+00:00
2-20250603-01942,2,144,2.0,count,4.29,False,2025-06-03 22:37:24.539155604+00:00,T5,2025-06-03 22:37:26.610900174+00:00
3-20250603-02870,3,160,2.0,count,3.99,False,2025-06-03 22:37:42.655182989+00:00,T5,2025-06-03 22:37:43.524108303+00:00
2-20250603-01943,2,124,1.0,count,3.49,False,2025-06-03 22:37:47.419240483+00:00,T1,2025-06-03 22:37:48.487551411+00:00
2-20250603-01944,2,102,1.0,count,0.79,False,2025-06-04 02:38:48.750028336+00:00,T4,2025-06-03 22:38:50.397313908+00:00
1-20250603-00759,1,122,3.0,count,4.29,False,2025-06-03 22:40:36.837399264+00:00,T4,2025-06-03 22:40:40.939548014+00:00
3-20250603-02871,3,123,2.0,count,2.99,False,2025-06-03 22:41:28.849127798+00:00,T5,2025-06-03 22:41:29.898621230+00:00
3-20250603-02872,3,156,0.914,liter,11.99,False,2025-06-03 22:42:00.374995913+00:00,T5,2025-06-03 22:42:02.830396517+00:00
2-20250603-01945,2,117,2.0,count,3.79,False,2025-06-03 22:42:22.392911983+00:00,T2,2025-06-03 22:42:22.527932715+00:00
3-20250603-02873,3,107,1.0,count,1.89,False,2025-06-03 22:42:38.272937490+00:00,T3,2025-06-03 22:42:38.516729021+00:00
2-20250603-01946,2,156,1.223,liter,11.99,False,2025-06-03 22:43:07.970652175+00:00,T5,2025-06-03 22:43:09.044762672+00:00
1-20250603-00760,1,101,0.81,kg,1.49,False,2025-06-03 22:43:33.075955768+00:00,T3,2025-06-03 22:43:34.209550+00:00
3-20250603-02874,3,107,2.0,count,1.89,False,2025-06-03 22:43:49.873416487+00:00,T2,2025-06-03 22:43:51.495837546+00:00
3-20250603-02875,3,103,3.0,count,2.99,False,2025-06-03 22:44:14.327962525+00:00,T5,2025-06-03 22:44:15.105204096+00:00
1-20250603-00761,1,110,1.711,kg,1.29,False,2025-06-03 22:45:30.100728443+00:00,T4,2025-06-03 22:45:36.273924203+00:00
2-20250603-01947,2,101,0.696,kg,1.49,False,2025-06-03 22:45:46.595525676+00:00,T2,2025-06-03 22:45:47.575084926+00:00
3-20250603-02876,3,116,2.0,count,2.49,False,2025-06-03 22:45:58.669615709+00:00,T1,2025-06-03 22:45:58.674997787+00:00
2-20250603-01948,2,159,0.605,kg,12.99,False,2025-06-04 02:46:13.632310598+00:00,T4,2025-06-03 22:46:18.720322795+00:00
1-20250603-00762,1,134,1.0,count,6.99,False,2025-06-03 22:46:52.475920897+00:00,T2,2025-06-03 22:46:53.519182575+00:00
1-20250603-00763,1,106,0.597,kg,3.99,False,2025-06-03 22:47:03.167209008+00:00,T2,2025-06-03 22:47:04.673452803+00:00
1-20250603-00764,1,101,0.989,kg,1.49,False,2025-06-03 22:47:33.782230669+00:00,T3,2025-06-03 22:47:36.990823580+00:00
3-20250603-02877,3,102,2.0,count,0.79,False,2025-06-03 22:47:45.004908135+00:00,T4,2025-06-03 22:47:45.777450939+00:00
2-20250603-01949,2,157,1.025,liter,2.99,False,2025-06-03 22:48:05.541995212+00:00,T2,2025-06-03 22:48:09.186444623+00:00
2-20250603-01950,2,138,1.0,count,1.49,False,2025-06-03 22:48:25.220263772+00:00,T1,2025-06-03 22:48:26.790696279+00:00
1-20250603-00765,1,151,1.0,count,9.99,False,2025-06-03 22:48:54.284612322+00:00,T5,2025-06-03 22:48:54.546090428+00:00
1-20250603-00766,1,102,1.0,count,0.79,False,2025-06-03 22:49:33.103761846+00:00,T2,2025-06-03 22:49:36.170693384+00:00
1-20250603-00767,1,118,2.0,count,3.29,False,2025-06-03 22:49:41.644506766+00:00,T1,2025-06-03 22:49:42.874824327+00:00
1-20250603-00768,1,106,0.887,kg,3.99,False,2025-06-03 22:49:53.333693934+00:00,T1,2025-06-03 22:49:53.469739776+00:00
2-20250603-01951,2,113,1.0,count,0.55,True,2025-06-03 22:49:55.762123330+00:00,T5,2025-06-03 22:49:56.524081778+00:00
2-20250603-01953,2,129,2.727,kg,9.49,False,2025-06-03 22:50:03.465387338+00:00,T5,2025-06-03 22:50:03.492242749+00:00
2-20250603-01952,2,118,3.0,count,3.29,False,2025-06-03 22:49:57.612233538+00:00,T5,2025-06-03 22:50:08.941521792+00:00
1-20250603-00769,1,128,0.529,kg,10.99,False,2025-06-03 22:50:14.907428953+00:00,T3,2025-06-03 22:50:16.717523793+00:00
1-20250603-00770,1,114,1.0,count,5.99,False,2025-06-03 22:50:28.673397830+00:00,T5,2025-06-03 22:50:30.743417921+00:00
1-20250603-00771,1,118,1.0,count,3.29,False,2025-06-03 22:50:38.279475922+00:00,T2,2025-06-03 22:50:38.677801323+00:00
3-20250603-02878,3,118,2.0,count,3.29,False,2025-06-03 22:50:41.018358074+00:00,T5,2025-06-03 22:50:41.683157030+00:00
2-20250603-01954,2,105,2.588,kg,3.49,False,2025-06-03 22:51:38.189577623+00:00,T1,2025-06-03 22:51:38.542897869+00:00
1-20250603-00772,1,106,1.36,kg,3.99,False,2025-06-03 22:52:13.861670256+00:00,T5,2025-06-03 22:52:18.901573149+00:00
1-20250603-00773,1,128,0.194,kg,10.99,False,2025-06-03 22:52:45.042935432+00:00,T2,2025-06-03 22:52:47.783725939+00:00
1-20250603-00676,1,101,1.3,kg,1.49,False,2025-06-03 19:59:44.829705630+00:00,T1,2025-06-03 22:53:06.506548293+00:00
2-20250603-01955,2,134,1.0,count,6.99,False,2025-06-03 22:53:14.896816146+00:00,T3,2025-06-03 22:53:15.213561447+00:00
1-20250603-00774,1,143,1.0,count,1.19,False,2025-06-03 22:53:52.567177142+00:00,T4,2025-06-03 22:53:55.194913581+00:00
2-20250603-01956,2,149,1.0,count,2.39,True,2025-06-03 22:56:12.640138710+00:00,T2,2025-06-03 22:56:14.912494907+00:00
2-20250603-01957,2,128,0.238,kg,10.99,False,2025-06-03 22:56:19.065789892+00:00,T2,2025-06-03 22:56:19.780168001+00:00
1-20250603-00775,1,111,1.184,kg,1.59,False,2025-06-03 22:59:52.766940023+00:00,T1,2025-06-03 22:59:54.858177750+00:00
1-20250603-00776,1,140,1.0,count,2.79,False,2025-06-03 22:59:54.666318753+00:00,T2,2025-06-03 22:59:55.313865339+00:00
1-20250603-00777,1,106,0.165,kg,3.99,False,2025-06-03 23:01:56.653896898+00:00,T3,2025-06-03 23:01:56.654831153+00:00
1-20250603-00778,1,110,1.608,kg,1.29,False,2025-06-03 23:02:13.722671208+00:00,T4,2025-06-03 23:02:19.738717217+00:00
2-20250603-01958,2,160,1.0,count,3.99,False,2025-06-03 23:02:45.112719004+00:00,T5,2025-06-03 23:02:45.490493832+00:00
2-20250603-01959,2,115,1.0,count,3.49,False,2025-06-03 23:03:25.835520534+00:00,T1,2025-06-03 23:03:27.551681642+00:00
1-20250603-00779,1,117,1.0,count,3.79,False,2025-06-03 23:03:43.228092844+00:00,T5,2025-06-03 23:03:45.695054055+00:00
2-20250603-01960,2,135,1.0,count,4.99,False,2025-06-03 23:03:56.490575842+00:00,T1,2025-06-03 23:03:56.905801013+00:00
1-20250603-00780,1,107,2.0,count,1.89,False,2025-06-03 23:04:17.947678193+00:00,T1,2025-06-03 23:04:19.849354069+00:00
1-20250603-00781,1,129,0.402,kg,9.49,False,2025-06-03 23:04:53.528047974+00:00,T1,2025-06-03 23:04:55.546174426+00:00
2-20250603-01961,2,101,0.794,kg,1.49,False,2025-06-03 23:05:04.954473123+00:00,T2,2025-06-03 23:05:12.154214889+00:00
2-20250603-01962,2,108,1.0,count,1.25,False,2025-06-03 23:05:15.674530854+00:00,T2,2025-06-03 23:05:16.826005438+00:00
2-20250603-01963,2,114,1.0,count,5.99,False,2025-06-03 23:05:22.872916864+00:00,T5,2025-06-03 23:05:23.166771783+00:00
2-20250603-01964,2,150,1.0,count,8.99,False,2025-06-03 23:06:21.081882281+00:00,T1,2025-06-03 23:06:26.854609865+00:00
2-20250603-01965,2,151,1.0,count,9.99,False,2025-06-03 23:08:51.128270495+00:00,T3,2025-06-03 23:08:51.354726272+00:00
1-20250603-00782,1,103,3.0,count,2.99,False,2025-06-03 23:09:47.126694638+00:00,T2,2025-06-03 23:09:48.673731538+00:00
2-20250603-01966,2,158,1.0,count,2.49,False,2025-06-03 23:10:06.146071746+00:00,T2,2025-06-03 23:10:07.504374736+00:00
1-20250603-00783,1,102,2.0,count,0.79,False,2025-06-03 23:10:56.103003855+00:00,T3,2025-06-03 23:10:57.851309396+00:00
1-20250603-00784,1,107,2.0,count,1.89,False,2025-06-03 23:12:25.689616057+00:00,T4,2025-06-03 23:12:27.611314259+00:00
2-20250603-01967,2,126,1.0,count,1.29,False,2025-06-03 23:12:44.473162303+00:00,T5,2025-06-03 23:12:44.976006738+00:00
3-20250603-02879,3,101,0.417,kg,1.49,False,2025-06-03 23:14:43.458847225+00:00,T1,2025-06-03 23:14:45.444402411+00:00
1-20250603-00785,1,145,1.0,count,9.99,False,2025-06-03 23:14:44.643194233+00:00,T3,2025-06-03 23:14:47.065973113+00:00
2-20250603-01968,2,102,1.0,count,0.79,False,2025-06-03 23:17:38.080974931+00:00,T3,2025-06-03 23:17:38.667179951+00:00
3-20250603-02880,3,110,1.421,kg,1.29,False,2025-06-03 23:17:57.990078023+00:00,T3,2025-06-03 23:18:00.376887082+00:00
1-20250603-00786,1,149,3.0,count,2.39,True,2025-06-03 23:18:15.824878437+00:00,T4,2025-06-03 23:18:16.457823903+00:00
2-20250603-01969,2,122,1.0,count,4.29,False,2025-06-04 03:19:07.263436779+00:00,T4,2025-06-03 23:19:11.144984754+00:00
1-20250603-00787,1,150,1.0,count,8.99,False,2025-06-03 23:19:25.124222046+00:00,T1,2025-06-03 23:19:25.249179705+00:00
3-20250603-02881,3,122,1.0,count,4.29,False,2025-06-03 23:19:40.570082129+00:00,T2,2025-06-03 23:19:40.979675313+00:00
2-20250603-01970,2,105,1.72,kg,3.49,False,2025-06-03 23:20:09.653630609+00:00,T2,2025-06-03 23:20:09.866078240+00:00
3-20250603-02882,3,103,1.0,count,2.99,False,2025-06-03 23:21:07.391609772+00:00,T5,2025-06-03 23:21:10.089283286+00:00
3-20250603-02883,3,121,2.0,count,4.99,False,2025-06-03 23:21:13.426321459+00:00,T3,2025-06-03 23:21:13.972658155+00:00
1-20250603-00788,1,126,1.0,count,1.29,False,2025-06-03 23:21:23.191840043+00:00,T1,2025-06-03 23:21:28.174354743+00:00
2-20250603-01972,2,112,1.0,count,3.99,False,2025-06-03 23:21:29.138186097+00:00,T1,2025-06-03 23:21:29.968167117+00:00
2-20250603-01971,2,155,2.4,liter,3.49,False,2025-06-03 23:21:28.167340177+00:00,T5,2025-06-03 23:21:30.337340367+00:00
2-20250603-01973,2,133,3.0,count,3.99,False,2025-06-04 03:22:15.678228855+00:00,T4,2025-06-03 23:22:17.873596667+00:00
1-20250603-00789,1,145,1.0,count,9.99,False,2025-06-03 23:23:12.524945833+00:00,T5,2025-06-03 23:23:13.689402851+00:00
3-20250603-02884,3,109,2.0,count,1.99,False,2025-06-03 23:24:22.934961011+00:00,T5,2025-06-03 23:24:25.307238317+00:00
3-20250603-02885,3,128,0.479,kg,10.99,False,2025-06-03 23:25:11.766550029+00:00,T3,2025-06-03 23:25:16.903269826+00:00
2-20250603-01974,2,120,2.0,count,3.99,False,2025-06-03 23:25:40.179634757+00:00,T3,2025-06-03 23:25:41.629999668+00:00
2-20250603-01975,2,137,1.0,count,3.29,False,2025-06-03 23:25:56.672698504+00:00,T3,2025-06-03 23:25:58.529523981+00:00
2-20250603-01976,2,148,1.0,count,1.99,False,2025-06-03 23:26:05.597344618+00:00,T5,2025-06-03 23:26:06.004750965+00:00
1-20250603-00790,1,103,3.0,count,2.99,False,2025-06-03 23:27:35.192313123+00:00,T1,2025-06-03 23:27:36.931920220+00:00
1-20250603-00791,1,105,0.36,kg,3.49,False,2025-06-03 23:27:56.922786751+00:00,T4,2025-06-03 23:28:00.624928424+00:00
3-20250603-02886,3,131,3.0,count,9.99,False,2025-06-03 23:28:12.056079734+00:00,T5,2025-06-03 23:28:13.288440984+00:00
2-20250603-01977,2,138,1.0,count,1.49,False,2025-06-03 23:29:45.030104029+00:00,T1,2025-06-03 23:29:46.851832680+00:00
1-20250603-00792,1,102,2.0,count,0.79,False,2025-06-03 23:30:56.070404509+00:00,T4,2025-06-03 23:30:56.285290986+00:00
3-20250603-02887,3,136,1.0,count,8.99,False,2025-06-03 23:31:05.204991560+00:00,T4,2025-06-03 23:31:06.235366494+00:00
1-20250603-00793,1,142,2.0,count,3.49,False,2025-06-03 23:32:51.760737431+00:00,T5,2025-06-03 23:32:52.114534782+00:00
2-20250603-01978,2,117,1.0,count,3.79,False,2025-06-03 23:33:11.460840165+00:00,T3,2025-06-03 23:33:12.279618085+00:00
3-20250603-02888,3,102,2.0,count,0.79,False,2025-06-03 23:34:20.410484520+00:00,T3,2025-06-03 23:34:21.450209848+00:00
2-20250603-01979,2,158,3.0,count,2.49,False,2025-06-03 23:35:19.094002636+00:00,T2,2025-06-03 23:35:19.165935420+00:00
2-20250603-01980,2,113,1.0,count,0.55,True,2025-06-03 23:35:26.402141243+00:00,T5,2025-06-03 23:35:30.571351406+00:00
1-20250603-00794,1,101,0.669,kg,1.49,False,2025-06-03 23:36:10.542869348+00:00,T3,2025-06-03 23:36:11.328516700+00:00
1-20250603-00795,1,121,2.0,count,4.99,False,2025-06-03 23:36:17.637043390+00:00,T4,2025-06-03 23:36:19.176459604+00:00
2-20250603-01981,2,104,0.71,kg,1.99,False,2025-06-03 23:36:24.862052842+00:00,T5,2025-06-03 23:36:36.362046304+00:00
1-20250603-00796,1,101,1.438,kg,1.49,False,2025-06-03 23:37:13.716962678+00:00,T5,2025-06-03 23:37:17.050263152+00:00
2-20250603-01982,2,122,1.0,count,4.29,False,2025-06-04 03:37:31.382033292+00:00,T4,2025-06-03 23:37:32.539783037+00:00
2-20250603-01983,2,101,1.213,kg,1.49,False,2025-06-04 03:37:46.317518543+00:00,T4,2025-06-03 23:37:47.731548311+00:00
2-20250603-01984,2,133,2.0,count,3.99,False,2025-06-03 23:37:47.973670949+00:00,T2,2025-06-03 23:37:50.259917961+00:00
2-20250603-01985,2,112,1.0,count,3.99,False,2025-06-03 23:38:38.178117375+00:00,T2,2025-06-03 23:38:40.177828868+00:00
2-20250603-01986,2,116,2.0,count,2.49,False,2025-06-03 23:40:45.087407861+00:00,T5,2025-06-03 23:40:47.312050335+00:00
3-20250603-02889,3,108,3.0,count,1.25,False,2025-06-03 23:40:56.332099847+00:00,T4,2025-06-03 23:40:56.889561836+00:00
2-20250603-01987,2,128,1.929,kg,10.99,False,2025-06-03 23:42:19.822907427+00:00,T1,2025-06-03 23:42:22.107319343+00:00
2-20250603-01988,2,121,2.0,count,4.99,False,2025-06-03 23:42:44.260658862+00:00,T1,2025-06-03 23:42:44.712417554+00:00
1-20250603-00798,1,101,0.902,kg,1.49,False,2025-06-03 23:42:50.389022940+00:00,T5,2025-06-03 23:42:53.969081690+00:00
3-20250603-02890,3,114,1.0,count,5.99,False,2025-06-03 23:43:39.768739551+00:00,T5,2025-06-03 23:43:42.882172919+00:00
1-20250603-00799,1,106,1.58,kg,3.99,False,2025-06-03 23:45:47.759015018+00:00,T4,2025-06-03 23:45:55.193998035+00:00
2-20250603-01989,2,138,1.0,count,1.49,False,2025-06-04 03:46:24.885168297+00:00,T4,2025-06-03 23:46:25.337272398+00:00
3-20250603-02891,3,108,2.0,count,1.25,False,2025-06-03 23:47:20.133807814+00:00,T1,2025-06-03 23:47:20.204325835+00:00
1-20250603-00800,1,138,2.0,count,1.49,False,2025-06-03 23:48:22.624049027+00:00,T3,2025-06-03 23:48:24.374387051+00:00
1-20250603-00801,1,111,2.205,kg,1.59,False,2025-06-03 23:48:40.809971702+00:00,T5,2025-06-03 23:48:40.947278566+00:00
2-20250603-01990,2,101,1.408,kg,1.49,False,2025-06-03 23:48:49.125118595+00:00,T1,2025-06-03 23:48:50.161616287+00:00
3-20250603-02892,3,111,0.885,kg,1.59,False,2025-06-03 23:49:36.478243093+00:00,T4,2025-06-03 23:49:37.198188125+00:00
2-20250603-01991,2,109,1.0,count,1.99,False,2025-06-03 23:50:14.124344496+00:00,T1,2025-06-03 23:50:16.463228256+00:00
1-20250603-00802,1,125,2.0,count,3.99,False,2025-06-03 23:51:14.465552388+00:00,T1,2025-06-03 23:51:17.535737797+00:00
2-20250603-01992,2,111,0.452,kg,1.59,False,2025-06-03 23:52:48.705213539+00:00,T3,2025-06-03 23:52:50.753414652+00:00
1-20250603-00803,1,157,1.144,liter,2.99,False,2025-06-03 23:54:24.901509386+00:00,T1,2025-06-03 23:54:27.959814433+00:00
2-20250603-01993,2,149,1.0,count,2.39,True,2025-06-03 23:54:53.500383194+00:00,T5,2025-06-03 23:54:55.561032054+00:00
1-20250603-00804,1,114,3.0,count,5.99,False,2025-06-03 23:54:56.952761500+00:00,T2,2025-06-03 23:54:57.496439558+00:00
1-20250603-00805,1,101,1.11,kg,1.49,False,2025-06-03 23:55:02.071470768+00:00,T4,2025-06-03 23:55:05.245268118+00:00
1-20250603-00806,1,146,2.0,count,4.99,False,2025-06-03 23:55:37.180322480+00:00,T3,2025-06-03 23:55:41.621682773+00:00
1-20250603-00807,1,118,1.0,count,3.29,False,2025-06-03 23:55:55.702333757+00:00,T5,2025-06-03 23:55:57.028284490+00:00
2-20250603-01994,2,109,2.0,count,1.99,False,2025-06-04 03:56:21.876662530+00:00,T4,2025-06-03 23:56:23.212627614+00:00
1-20250603-00808,1,128,1.002,kg,10.99,False,2025-06-03 23:57:52.655006325+00:00,T4,2025-06-03 23:57:56.741588260+00:00
3-20250603-02893,3,132,2.0,count,5.99,False,2025-06-03 23:58:34.471154900+00:00,T1,2025-06-03 23:58:41.649790573+00:00
1-20250603-00809,1,105,1.355,kg,3.49,False,2025-06-03 23:58:42.373700930+00:00,T3,2025-06-03 23:58:43.366569286+00:00
3-20250603-02894,3,144,2.0,count,4.29,False,2025-06-03 23:59:44.755435091+00:00,T4,2025-06-03 23:59:44.968392351+00:00
3-20250603-02895,3,134,2.0,count,6.99,False,2025-06-04 00:01:03.171790501+00:00,T5,2025-06-04 00:01:05.447892889+00:00
1-20250603-00810,1,103,1.0,count,2.99,False,2025-06-04 00:02:15.347862415+00:00,T2,2025-06-04 00:02:17.261852948+00:00
3-20250603-02896,3,155,0.818,liter,3.49,False,2025-06-04 00:04:10.339583373+00:00,T4,2025-06-04 00:04:10.414330191+00:00
1-20250603-00811,1,143,2.0,count,1.19,False,2025-06-04 00:05:12.762969788+00:00,T2,2025-06-04 00:05:15.695369146+00:00
2-20250603-01995,2,128,1.666,kg,10.99,False,2025-06-04 04:05:22.214187319+00:00,T4,2025-06-04 00:05:23.498860079+00:00
2-20250603-01996,2,101,1.302,kg,1.49,False,2025-06-04 04:05:47.092058475+00:00,T4,2025-06-04 00:05:54.475961672+00:00
3-20250603-02897,3,124,1.0,count,3.49,False,2025-06-04 00:06:44.170085732+00:00,T1,2025-06-04 00:06:45.733653620+00:00
1-20250603-00812,1,132,3.0,count,5.99,False,2025-06-04 00:08:26.321050974+00:00,T4,2025-06-04 00:08:26.444130898+00:00
2-20250603-01997,2,147,1.0,count,5.99,False,2025-06-04 00:08:25.261336681+00:00,T2,2025-06-04 00:08:33.096502686+00:00
3-20250603-02898,3,128,1.02,kg,10.99,False,2025-06-04 00:08:37.313281048+00:00,T5,2025-06-04 00:08:37.516534244+00:00
1-20250603-00813,1,140,2.0,count,2.79,False,2025-06-04 00:09:10.130124314+00:00,T2,2025-06-04 00:09:13.555188399+00:00
1-20250603-00814,1,103,1.0,count,2.99,False,2025-06-04 00:09:15.464141099+00:00,T3,2025-06-04 00:09:16.948729989+00:00
2-20250603-01998,2,101,2.3,kg,1.49,False,2025-06-04 00:10:33.206610168+00:00,T2,2025-06-04 00:10:34.000014479+00:00
2-20250603-01999,2,134,1.0,count,6.99,False,2025-06-04 00:17:20.420425840+00:00,T2,2025-06-04 00:17:21.709050313+00:00
1-20250603-00815,1,111,1.44,kg,1.59,False,2025-06-04 00:18:47.641941270+00:00,T2,2025-06-04 00:18:48.905025583+00:00
1-20250603-00816,1,144,3.0,count,4.29,False,2025-06-04 00:19:10.432810142+00:00,T4,2025-06-04 00:19:19.312594055+00:00
3-20250603-02899,3,111,1.279,kg,1.59,False,2025-06-04 00:20:43.148178530+00:00,T1,2025-06-04 00:20:45.767667927+00:00
2-20250603-02000,2,151,3.0,count,9.99,False,2025-06-04 00:20:50.525424291+00:00,T5,2025-06-04 00:20:50.643794027+00:00
1-20250603-00817,1,146,2.0,count,4.99,False,2025-06-04 00:22:01.593322140+00:00,T2,2025-06-04 00:22:02.068039523+00:00
3-20250603-02901,3,115,2.0,count,3.49,False,2025-06-04 00:24:13.316558755+00:00,T1,2025-06-04 00:24:16.559914493+00:00
1-20250603-00818,1,101,0.436,kg,1.49,False,2025-06-04 00:24:35.857646741+00:00,T2,2025-06-04 00:24:36.436688617+00:00
3-20250603-02902,3,114,1.0,count,5.99,False,2025-06-04 00:25:32.138223845+00:00,T4,2025-06-04 00:25:32.245466827+00:00
1-20250603-00819,1,133,1.0,count,3.99,False,2025-06-04 00:25:36.031461677+00:00,T3,2025-06-04 00:25:41.074805047+00:00
2-20250603-02001,2,135,1.0,count,4.99,False,2025-06-04 00:26:10.943355418+00:00,T3,2025-06-04 00:26:16.662218386+00:00
3-20250603-02903,3,135,1.0,count,4.99,False,2025-06-04 00:26:43.986340424+00:00,T5,2025-06-04 00:26:44.005100869+00:00
2-20250603-02002,2,148,1.0,count,1.99,False,2025-06-04 00:29:23.360380988+00:00,T1,2025-06-04 00:29:25.975049150+00:00
3-20250603-02905,3,122,1.0,count,4.29,False,2025-06-04 00:29:53.841276116+00:00,T2,2025-06-04 00:29:55.012954004+00:00
3-20250603-02906,3,101,0.592,kg,1.49,False,2025-06-04 00:30:47.564384661+00:00,T5,2025-06-04 00:30:48.537625653+00:00
1-20250603-00820,1,159,1.131,kg,12.99,False,2025-06-04 00:31:55.137463969+00:00,T2,2025-06-04 00:31:59.362608666+00:00
3-20250603-02907,3,134,1.0,count,6.99,False,2025-06-04 00:32:30.186343957+00:00,T2,2025-06-04 00:32:31.292002200+00:00
1-20250603-00821,1,126,1.0,count,1.29,False,2025-06-04 00:33:41.528492018+00:00,T3,2025-06-04 00:33:42.813355894+00:00
3-20250603-02908,3,113,3.0,count,0.55,True,2025-06-04 00:34:19.850989464+00:00,T3,2025-06-04 00:34:21.507820054+00:00
1-20250603-00822,1,153,2.0,count,12.99,False,2025-06-04 00:36:49.732352406+00:00,T2,2025-06-04 00:36:52.482809493+00:00
1-20250603-00823,1,136,1.0,count,8.99,False,2025-06-04 00:37:13.121704062+00:00,T5,2025-06-04 00:37:13.796749541+00:00
1-20250603-00824,1,104,1.001,kg,1.99,False,2025-06-04 00:37:37.924042636+00:00,T2,2025-06-04 00:37:41.968708142+00:00
1-20250603-00825,1,123,2.0,count,2.99,False,2025-06-04 00:37:46.608751464+00:00,T1,2025-06-04 00:37:47.893243229+00:00
3-20250603-02909,3,115,2.0,count,3.49,False,2025-06-04 00:37:52.309096415+00:00,T4,2025-06-04 00:37:53.188008303+00:00
2-20250603-02004,2,110,1.864,kg,1.29,False,2025-06-04 00:37:52.089957232+00:00,T3,2025-06-04 00:37:54.866269066+00:00
1-20250603-00826,1,107,1.0,count,1.89,False,2025-06-04 00:39:14.345229644+00:00,T3,2025-06-04 00:39:17.411508668+00:00
2-20250603-02005,2,101,1.921,kg,1.49,False,2025-06-04 04:39:38.451480603+00:00,T4,2025-06-04 00:39:43.531313720+00:00
2-20250603-02006,2,110,1.156,kg,1.29,False,2025-06-04 00:40:34.428209664+00:00,T1,2025-06-04 00:40:35.042837195+00:00
3-20250603-02910,3,124,1.0,count,3.49,False,2025-06-04 00:40:56.468663249+00:00,T4,2025-06-04 00:40:57.510642987+00:00
1-20250603-00827,1,116,2.0,count,2.49,False,2025-06-04 00:41:38.319539297+00:00,T4,2025-06-04 00:41:39.523090152+00:00
3-20250603-02911,3,160,1.0,count,3.99,False,2025-06-04 00:42:21.627393888+00:00,T3,2025-06-04 00:42:24.710439637+00:00
2-20250603-02007,2,106,0.63,kg,3.99,False,2025-06-04 00:42:33.116967208+00:00,T3,2025-06-04 00:42:34.013887707+00:00
1-20250603-00828,1,151,2.0,count,9.99,False,2025-06-04 00:43:56.715459723+00:00,T1,2025-06-04 00:43:57.053918618+00:00
2-20250603-02008,2,135,2.0,count,4.99,False,2025-06-04 00:44:17.778494790+00:00,T1,2025-06-04 00:44:18.196414604+00:00
1-20250603-00829,1,110,1.092,kg,1.29,False,2025-06-04 00:44:37.562977879+00:00,T1,2025-06-04 00:44:40.934690652+00:00
1-20250603-00830,1,123,2.0,count,2.99,False,2025-06-04 00:45:15.055671170+00:00,T3,2025-06-04 00:45:15.790605157+00:00
3-20250603-02912,3,102,1.0,count,0.79,False,2025-06-04 00:45:30.569082492+00:00,T4,2025-06-04 00:45:32.994116777+00:00
1-20250603-00831,1,112,3.0,count,3.99,False,2025-06-04 00:46:35.780485364+00:00,T2,2025-06-04 00:46:36.669105893+00:00
3-20250603-02913,3,138,2.0,count,1.49,False,2025-06-04 00:46:50.335206493+00:00,T1,2025-06-04 00:46:50.756911924+00:00
2-20250603-02009,2,156,0.167,liter,11.99,False,2025-06-04 00:47:14.435890611+00:00,T5,2025-06-04 00:47:21.368607073+00:00
2-20250603-02010,2,122,2.0,count,4.29,False,2025-06-04 00:48:53.733074320+00:00,T2,2025-06-04 00:48:57.461087651+00:00
2-20250603-02003,2,128,0.49,kg,10.99,False,2025-06-04 00:30:11.893188083+00:00,T3,2025-06-04 00:49:16.829852747+00:00
3-20250603-02914,3,124,1.0,count,3.49,False,2025-06-04 00:49:11.934906815+00:00,T3,2025-06-04 00:49:17.429286088+00:00
3-20250603-02915,3,113,1.0,count,0.55,True,2025-06-04 00:50:42.148416740+00:00,T1,2025-06-04 00:50:42.873322967+00:00
1-20250603-00832,1,101,0.633,kg,1.49,False,2025-06-04 00:51:22.280834993+00:00,T3,2025-06-04 00:51:23.106019230+00:00
2-20250603-02011,2,144,1.0,count,4.29,False,2025-06-04 00:54:57.887535203+00:00,T3,2025-06-04 00:54:58.166473040+00:00
1-20250603-00833,1,154,0.855,liter,3.99,False,2025-06-04 00:56:14.176951648+00:00,T4,2025-06-04 00:56:14.284950192+00:00
2-20250603-02012,2,146,1.0,count,4.99,False,2025-06-04 00:56:58.705385121+00:00,T1,2025-06-04 00:56:58.929422677+00:00
2-20250603-02013,2,102,3.0,count,0.79,False,2025-06-04 04:57:01.524413448+00:00,T4,2025-06-04 00:57:07.572679041+00:00
1-20250603-00834,1,154,2.22,liter,3.99,False,2025-06-04 00:59:28.338030269+00:00,T2,2025-06-04 00:59:28.656123500+00:00
2-20250603-02014,2,151,1.0,count,9.99,False,2025-06-04 01:03:09.926172802+00:00,T5,2025-06-04 01:03:11.428188901+00:00
2-20250603-02015,2,132,2.0,count,5.99,False,2025-06-04 05:04:05.224624767+00:00,T4,2025-06-04 01:04:06.204667557+00:00
2-20250603-02016,2,120,2.0,count,3.99,False,2025-06-04 01:04:10.732915623+00:00,T5,2025-06-04 01:04:12.603375042+00:00
1-20250603-00835,1,104,1.261,kg,1.99,False,2025-06-04 01:04:28.486993817+00:00,T1,2025-06-04 01:04:30.473151004+00:00
1-20250603-00836,1,117,1.0,count,3.79,False,2025-06-04 01:06:11.739167279+00:00,T5,2025-06-04 01:06:13.325562172+00:00
2-20250603-02017,2,117,1.0,count,3.79,False,2025-06-04 01:07:12.607511623+00:00,T2,2025-06-04 01:07:12.729575048+00:00
1-20250603-00837,1,110,0.912,kg,1.29,False,2025-06-04 01:08:34.640707850+00:00,T4,2025-06-04 01:08:35.419628360+00:00
1-20250603-00838,1,146,1.0,count,4.99,False,2025-06-04 01:08:47.628328075+00:00,T5,2025-06-04 01:08:48.364105749+00:00
2-20250603-02018,2,101,1.639,kg,1.49,False,2025-06-04 01:09:58.246092728+00:00,T1,2025-06-04 01:09:59.992083776+00:00
2-20250603-02019,2,136,3.0,count,8.99,False,2025-06-04 01:10:49.734506704+00:00,T2,2025-06-04 01:10:50.608260728+00:00
1-20250603-00839,1,115,1.0,count,3.49,False,2025-06-04 01:11:32.852873724+00:00,T4,2025-06-04 01:11:39.797146210+00:00
2-20250603-02020,2,113,1.0,count,0.55,True,2025-06-04 01:11:52.258291681+00:00,T3,2025-06-04 01:11:58.076287847+00:00
1-20250603-00840,1,101,0.762,kg,1.49,False,2025-06-04 01:12:20.445916311+00:00,T4,2025-06-04 01:12:21.972510617+00:00
1-20250603-00841,1,117,1.0,count,3.79,False,2025-06-04 01:12:34.956539818+00:00,T4,2025-06-04 01:12:35.702583867+00:00
2-20250603-02021,2,122,1.0,count,4.29,False,2025-06-04 05:12:43.039991775+00:00,T4,2025-06-04 01:12:44.059007758+00:00
2-20250603-02022,2,117,1.0,count,3.79,False,2025-06-04 01:12:50.642327848+00:00,T5,2025-06-04 01:12:51.499701061+00:00
1-20250603-00842,1,116,2.0,count,2.49,False,2025-06-04 01:12:50.740524210+00:00,T2,2025-06-04 01:12:52.370305826+00:00
1-20250603-00843,1,117,2.0,count,3.79,False,2025-06-04 01:15:05.012757430+00:00,T5,2025-06-04 01:15:06.754946892+00:00
2-20250603-02023,2,129,0.507,kg,9.49,False,2025-06-04 01:15:28.725912428+00:00,T1,2025-06-04 01:15:29.202813339+00:00
1-20250603-00844,1,148,1.0,count,1.99,False,2025-06-04 01:15:50.429367661+00:00,T1,2025-06-04 01:15:51.891355517+00:00
1-20250603-00845,1,105,0.617,kg,3.49,False,2025-06-04 01:16:03.888752284+00:00,T5,2025-06-04 01:16:05.510598249+00:00
3-20250603-02916,3,101,1.815,kg,1.49,False,2025-06-04 01:16:59.439604210+00:00,T4,2025-06-04 01:17:00.214072161+00:00
2-20250603-02024,2,133,1.0,count,3.99,False,2025-06-04 01:17:01.687245930+00:00,T2,2025-06-04 01:17:02.452228630+00:00
1-20250603-00846,1,112,1.0,count,3.99,False,2025-06-04 01:17:08.019990488+00:00,T1,2025-06-04 01:17:13.782629695+00:00
3-20250603-02917,3,105,2.015,kg,3.49,False,2025-06-04 01:17:43.719764608+00:00,T2,2025-06-04 01:17:44.693682850+00:00
2-20250603-02025,2,154,0.654,liter,3.99,False,2025-06-04 01:18:50.353285418+00:00,T2,2025-06-04 01:18:51.101309122+00:00
1-20250603-00847,1,120,1.0,count,3.99,False,2025-06-04 01:19:37.373056265+00:00,T3,2025-06-04 01:19:38.212018253+00:00
1-20250603-00848,1,111,1.796,kg,1.59,False,2025-06-04 01:19:53.031261640+00:00,T3,2025-06-04 01:19:54.144097775+00:00
1-20250603-00848,1,111,1.796,kg,1.59,False,2025-06-04 01:19:53.031261640+00:00,T3,2025-06-04 01:19:56.955100327+00:00
3-20250603-02918,3,113,2.0,count,0.55,True,2025-06-04 01:20:52.656015554+00:00,T5,2025-06-04 01:20:52.824969696+00:00
1-20250603-00849,1,105,1.425,kg,3.49,False,2025-06-04 01:21:02.317448954+00:00,T5,2025-06-04 01:21:02.798529419+00:00
2-20250603-02026,2,108,2.0,count,1.25,False,2025-06-04 01:21:54.360194077+00:00,T3,2025-06-04 01:21:54.773739194+00:00
1-20250603-00850,1,112,2.0,count,3.99,False,2025-06-04 01:22:18.752921340+00:00,T5,2025-06-04 01:22:25.407512057+00:00
2-20250603-02027,2,104,0.871,kg,1.99,False,2025-06-04 05:24:48.717922892+00:00,T4,2025-06-04 01:24:49.592093775+00:00
1-20250603-00851,1,147,2.0,count,5.99,False,2025-06-04 01:25:26.604890876+00:00,T3,2025-06-04 01:25:31.984018360+00:00
3-20250603-02919,3,108,1.0,count,1.25,False,2025-06-04 01:28:00.413185518+00:00,T2,2025-06-04 01:28:04.502780367+00:00
1-20250603-00852,1,107,1.0,count,1.89,False,2025-06-04 01:28:41.836611120+00:00,T3,2025-06-04 01:28:42.279777308+00:00
3-20250603-02920,3,133,2.0,count,3.99,False,2025-06-04 01:28:46.121371968+00:00,T1,2025-06-04 01:28:51.857296267+00:00
2-20250603-02028,2,108,2.0,count,1.25,False,2025-06-04 01:29:13.357701150+00:00,T5,2025-06-04 01:29:14.610402231+00:00
2-20250603-02029,2,129,1.333,kg,9.49,False,2025-06-04 05:29:41.213085793+00:00,T4,2025-06-04 01:29:46.232397030+00:00
2-20250603-02030,2,102,1.0,count,0.79,False,2025-06-04 05:35:11.827061894+00:00,T4,2025-06-04 01:35:13.520877464+00:00
2-20250603-02031,2,106,1.311,kg,3.99,False,2025-06-04 01:35:51.683556692+00:00,T3,2025-06-04 01:35:52.014918199+00:00
2-20250603-02032,2,101,2.868,kg,1.49,False,2025-06-04 01:37:45.724153052+00:00,T1,2025-06-04 01:37:46.989954062+00:00
2-20250603-02033,2,109,2.0,count,1.99,False,2025-06-04 01:37:55.992008519+00:00,T2,2025-06-04 01:37:56.464354229+00:00
1-20250603-00853,1,146,2.0,count,4.99,False,2025-06-04 01:38:19.646926067+00:00,T4,2025-06-04 01:38:20.207651139+00:00
1-20250603-00854,1,102,2.0,count,0.79,False,2025-06-04 01:39:34.636698935+00:00,T3,2025-06-04 01:39:38.181329645+00:00
2-20250603-02034,2,132,1.0,count,5.99,False,2025-06-04 01:39:40.535071519+00:00,T3,2025-06-04 01:39:41.710709951+00:00
2-20250603-02035,2,150,1.0,count,8.99,False,2025-06-04 01:39:43.746488660+00:00,T5,2025-06-04 01:39:47.454447905+00:00
2-20250603-02036,2,147,3.0,count,5.99,False,2025-06-04 01:40:31.629515979+00:00,T1,2025-06-04 01:40:33.429947520+00:00
1-20250603-00855,1,112,3.0,count,3.99,False,2025-06-04 01:41:02.322718818+00:00,T1,2025-06-04 01:41:04.763808555+00:00
3-20250603-02921,3,125,1.0,count,3.99,False,2025-06-04 01:41:22.647938061+00:00,T5,2025-06-04 01:41:24.474517968+00:00
2-20250603-02037,2,110,1.157,kg,1.29,False,2025-06-04 01:41:32.673353346+00:00,T1,2025-06-04 01:41:33.996643101+00:00
1-20250603-00856,1,123,1.0,count,2.99,False,2025-06-04 01:43:08.862392341+00:00,T1,2025-06-04 01:43:09.332095948+00:00
1-20250603-00857,1,142,3.0,count,3.49,False,2025-06-04 01:44:43.150660387+00:00,T5,2025-06-04 01:44:46.290286611+00:00
1-20250603-00858,1,101,0.643,kg,1.49,False,2025-06-04 01:45:18.746976951+00:00,T2,2025-06-04 01:45:22.165842714+00:00
1-20250603-00859,1,139,1.0,count,2.99,False,2025-06-04 01:46:05.132635802+00:00,T4,2025-06-04 01:46:11.841322261+00:00
2-20250603-02038,2,114,1.0,count,5.99,False,2025-06-04 01:46:53.351650912+00:00,T5,2025-06-04 01:46:59.353557285+00:00
1-20250603-00860,1,159,1.16,kg,12.99,False,2025-06-04 01:47:28.390261138+00:00,T5,2025-06-04 01:47:28.822381314+00:00
1-20250603-00861,1,106,0.822,kg,3.99,False,2025-06-04 01:47:37.391180702+00:00,T2,2025-06-04 01:47:39.602263997+00:00
3-20250603-02922,3,104,1.406,kg,1.99,False,2025-06-04 01:47:40.920529779+00:00,T4,2025-06-04 01:47:42.217477344+00:00
1-20250603-00862,1,107,1.0,count,1.89,False,2025-06-04 01:49:08.033804071+00:00,T3,2025-06-04 01:49:09.347685475+00:00
1-20250603-00863,1,102,3.0,count,0.79,False,2025-06-04 01:49:39.298192971+00:00,T4,2025-06-04 01:49:40.779080282+00:00
3-20250603-02923,3,120,1.0,count,3.99,False,2025-06-04 01:52:38.279012430+00:00,T3,2025-06-04 01:52:42.809004519+00:00
1-20250603-00864,1,101,1.45,kg,1.49,False,2025-06-04 01:53:47.402561819+00:00,T5,2025-06-04 01:53:48.328946129+00:00
3-20250603-02924,3,119,2.0,count,5.49,False,2025-06-04 01:54:05.419667044+00:00,T3,2025-06-04 01:54:06.227335589+00:00
2-20250603-02039,2,117,1.0,count,3.79,False,2025-06-04 01:55:25.798733773+00:00,T3,2025-06-04 01:55:28.162500276+00:00
3-20250603-02925,3,128,0.234,kg,10.99,False,2025-06-04 01:55:31.345385983+00:00,T3,2025-06-04 01:55:35.331303107+00:00
3-20250603-02926,3,123,1.0,count,2.99,False,2025-06-04 01:56:46.461051301+00:00,T2,2025-06-04 01:56:48.034040293+00:00
2-20250603-02040,2,144,1.0,count,4.29,False,2025-06-04 05:57:19.907568566+00:00,T4,2025-06-04 01:57:20.966487606+00:00
3-20250603-02927,3,135,2.0,count,4.99,False,2025-06-04 01:57:39.645293053+00:00,T2,2025-06-04 01:57:42.336779729+00:00
1-20250603-00865,1,128,0.521,kg,10.99,False,2025-06-04 01:58:46.597749996+00:00,T4,2025-06-04 01:58:50.334452037+00:00
1-20250603-00866,1,134,2.0,count,6.99,False,2025-06-04 01:58:52.845897343+00:00,T1,2025-06-04 01:58:53.536845925+00:00
1-20250603-00797,1,131,2.0,count,9.99,False,2025-06-03 23:37:25.663930310+00:00,T4,2025-06-04 02:31:34.544097733+00:00
3-20250603-02900,3,127,1.087,kg,8.99,False,2025-06-04 00:24:00.522683527+00:00,T3,2025-06-04 02:33:27.153521379+00:00
3-20250603-02904,3,119,2.0,count,5.49,False,2025-06-04 00:27:21.683105683+00:00,T5,2025-06-04 03:01:41.337309339+00:00
2-20250604-02041,2,132,1.0,count,5.99,False,2025-06-04 11:00:06.012767761+00:00,T3,2025-06-04 11:00:10.741973378+00:00
1-20250604-00867,1,125,2.0,count,3.99,False,2025-06-04 11:00:16.719598479+00:00,T3,2025-06-04 11:00:18.397612383+00:00
2-20250604-02042,2,128,1.129,kg,10.99,False,2025-06-04 11:01:25.841096613+00:00,T1,2025-06-04 11:01:26.485830424+00:00
1-20250604-00868,1,118,1.0,count,3.29,False,2025-06-04 11:02:33.850067940+00:00,T1,2025-06-04 11:02:34.766159061+00:00
2-20250604-02043,2,149,1.0,count,2.39,True,2025-06-04 11:03:05.518766966+00:00,T2,2025-06-04 11:03:05.605336736+00:00
2-20250604-02044,2,154,0.802,liter,3.99,False,2025-06-04 11:05:03.479540324+00:00,T1,2025-06-04 11:05:04.180898012+00:00
2-20250604-02045,2,130,1.792,kg,21.99,False,2025-06-04 11:05:11.177835158+00:00,T1,2025-06-04 11:05:13.459810681+00:00
1-20250604-00869,1,150,2.0,count,8.99,False,2025-06-04 11:06:17.367052398+00:00,T4,2025-06-04 11:06:21.358405327+00:00
3-20250604-02928,3,110,0.725,kg,1.29,False,2025-06-04 11:07:13.162278065+00:00,T2,2025-06-04 11:07:15.200608317+00:00
1-20250604-00870,1,135,2.0,count,4.99,False,2025-06-04 11:09:37.833658754+00:00,T5,2025-06-04 11:09:38.739620757+00:00
2-20250604-02046,2,138,1.0,count,1.49,False,2025-06-04 11:10:22.811653678+00:00,T1,2025-06-04 11:10:24.659923972+00:00
3-20250604-02929,3,135,1.0,count,4.99,False,2025-06-04 11:10:28.006133700+00:00,T1,2025-06-04 11:10:29.089396312+00:00
3-20250604-02930,3,114,2.0,count,5.99,False,2025-06-04 11:10:36.012447823+00:00,T1,2025-06-04 11:10:36.119145297+00:00
1-20250604-00871,1,153,1.0,count,12.99,False,2025-06-04 11:11:36.600216056+00:00,T3,2025-06-04 11:11:37.025797887+00:00
1-20250604-00872,1,157,1.061,liter,2.99,False,2025-06-04 11:11:58.071112962+00:00,T4,2025-06-04 11:12:00.832900503+00:00
1-20250604-00873,1,106,0.763,kg,3.99,False,2025-06-04 11:12:49.590341225+00:00,T5,2025-06-04 11:12:51.656208563+00:00
1-20250604-00874,1,105,2.057,kg,3.49,False,2025-06-04 11:13:11.101497965+00:00,T4,2025-06-04 11:13:11.431266603+00:00
2-20250604-02047,2,119,2.0,count,5.49,False,2025-06-04 15:14:07.047084719+00:00,T4,2025-06-04 11:14:08.507251444+00:00
3-20250604-02931,3,139,1.0,count,2.99,False,2025-06-04 11:16:11.085917643+00:00,T1,2025-06-04 11:16:15.722550611+00:00
2-20250604-02048,2,145,1.0,count,9.99,False,2025-06-04 11:17:16.302841440+00:00,T5,2025-06-04 11:17:20.867938542+00:00
1-20250604-00875,1,135,3.0,count,4.99,False,2025-06-04 11:17:29.887132072+00:00,T5,2025-06-04 11:17:30.947608202+00:00
2-20250604-02049,2,113,1.0,count,0.55,True,2025-06-04 11:18:33.096452093+00:00,T5,2025-06-04 11:18:33.762043932+00:00
1-20250604-00876,1,123,2.0,count,2.99,False,2025-06-04 11:19:54.628513155+00:00,T2,2025-06-04 11:19:59.577178450+00:00
3-20250604-02932,3,126,2.0,count,1.29,False,2025-06-04 11:20:20.377595292+00:00,T5,2025-06-04 11:20:23.433629082+00:00
3-20250604-02933,3,102,1.0,count,0.79,False,2025-06-04 11:21:10.747495689+00:00,T3,2025-06-04 11:21:12.635426546+00:00
3-20250604-02934,3,132,3.0,count,5.99,False,2025-06-04 11:21:37.403782315+00:00,T3,2025-06-04 11:21:38.313596627+00:00
2-20250604-02050,2,135,1.0,count,4.99,False,2025-06-04 11:22:38.838335201+00:00,T5,2025-06-04 11:22:39.987221857+00:00
1-20250604-00877,1,116,3.0,count,2.49,False,2025-06-04 11:22:50.005765142+00:00,T1,2025-06-04 11:22:50.387225532+00:00
3-20250604-02935,3,118,2.0,count,3.29,False,2025-06-04 11:23:36.824119655+00:00,T3,2025-06-04 11:23:41.288672020+00:00
2-20250604-02051,2,105,0.804,kg,3.49,False,2025-06-04 15:24:55.145560661+00:00,T4,2025-06-04 11:24:55.183286762+00:00
2-20250604-02052,2,135,2.0,count,4.99,False,2025-06-04 15:25:04.428434667+00:00,T4,2025-06-04 11:25:06.044499510+00:00
2-20250604-02053,2,102,2.0,count,0.79,False,2025-06-04 11:25:18.060106456+00:00,T1,2025-06-04 11:25:18.391599758+00:00
1-20250604-00878,1,151,3.0,count,9.99,False,2025-06-04 11:25:40.487247854+00:00,T1,2025-06-04 11:25:42.152821772+00:00
2-20250604-02054,2,139,1.0,count,2.99,False,2025-06-04 15:26:57.253047210+00:00,T4,2025-06-04 11:26:58.979411792+00:00
1-20250604-00879,1,111,1.766,kg,1.59,False,2025-06-04 11:27:16.702048618+00:00,T2,2025-06-04 11:27:17.600455797+00:00
2-20250604-02055,2,123,1.0,count,2.99,False,2025-06-04 11:28:29.735030886+00:00,T2,2025-06-04 11:28:31.122173022+00:00
1-20250604-00880,1,114,1.0,count,5.99,False,2025-06-04 11:28:47.712419998+00:00,T3,2025-06-04 11:28:48.202302975+00:00
2-20250604-02056,2,118,1.0,count,3.29,False,2025-06-04 11:30:52.166795390+00:00,T5,2025-06-04 11:30:53.041216478+00:00
1-20250604-00881,1,118,1.0,count,3.29,False,2025-06-04 11:31:02.581408774+00:00,T4,2025-06-04 11:31:07.728674013+00:00
3-20250604-02936,3,115,1.0,count,3.49,False,2025-06-04 11:31:06.666287750+00:00,T4,2025-06-04 11:31:11.881561872+00:00
1-20250604-00882,1,128,2.218,kg,10.99,False,2025-06-04 11:31:48.123536190+00:00,T1,2025-06-04 11:31:48.158178698+00:00
1-20250604-00883,1,117,1.0,count,3.79,False,2025-06-04 11:31:53.125283601+00:00,T3,2025-06-04 11:31:53.903508530+00:00
1-20250604-00884,1,140,1.0,count,2.79,False,2025-06-04 11:33:08.852412905+00:00,T3,2025-06-04 11:33:10.244078558+00:00
2-20250604-02057,2,120,1.0,count,3.99,False,2025-06-04 11:33:19.084103621+00:00,T5,2025-06-04 11:33:19.149808869+00:00
2-20250604-02058,2,106,1.221,kg,3.99,False,2025-06-04 11:34:24.788654101+00:00,T2,2025-06-04 11:34:25.009323714+00:00
1-20250604-00885,1,135,3.0,count,4.99,False,2025-06-04 11:34:27.817492081+00:00,T1,2025-06-04 11:34:29.323313339+00:00
2-20250604-02059,2,118,1.0,count,3.29,False,2025-06-04 11:35:01.290841196+00:00,T5,2025-06-04 11:35:03.895217708+00:00
3-20250604-02937,3,118,3.0,count,3.29,False,2025-06-04 11:35:19.466666898+00:00,T4,2025-06-04 11:35:22.976909450+00:00
2-20250604-02060,2,103,2.0,count,2.99,False,2025-06-04 11:37:00.035086676+00:00,T2,2025-06-04 11:37:00.717464554+00:00
1-20250604-00886,1,108,2.0,count,1.25,False,2025-06-04 11:37:08.514502408+00:00,T2,2025-06-04 11:37:09.154685526+00:00
1-20250604-00887,1,108,2.0,count,1.25,False,2025-06-04 11:37:35.380228924+00:00,T4,2025-06-04 11:37:35.683057026+00:00
1-20250604-00888,1,102,1.0,count,0.79,False,2025-06-04 11:38:25.289741612+00:00,T3,2025-06-04 11:38:28.577717126+00:00
3-20250604-02938,3,151,1.0,count,9.99,False,2025-06-04 11:42:26.466207315+00:00,T2,2025-06-04 11:42:32.325099755+00:00
1-20250604-00890,1,137,2.0,count,3.29,False,2025-06-04 11:44:02.343186118+00:00,T4,2025-06-04 11:44:04.188544493+00:00
1-20250604-00891,1,101,2.248,kg,1.49,False,2025-06-04 11:44:21.998423830+00:00,T1,2025-06-04 11:44:26.448311973+00:00
1-20250604-00892,1,107,1.0,count,1.89,False,2025-06-04 11:44:43.593004875+00:00,T3,2025-06-04 11:44:45.776809167+00:00
2-20250604-02061,2,147,2.0,count,5.99,False,2025-06-04 11:45:10.793699236+00:00,T5,2025-06-04 11:45:16.458490323+00:00
1-20250604-00894,1,159,0.422,kg,12.99,False,2025-06-04 11:45:29.642927857+00:00,T4,2025-06-04 11:45:29.835649578+00:00
1-20250604-00893,1,102,1.0,count,0.79,False,2025-06-04 11:45:28.663634496+00:00,T4,2025-06-04 11:45:34.808120976+00:00
2-20250604-02062,2,159,1.199,kg,12.99,False,2025-06-04 11:46:52.137801316+00:00,T3,2025-06-04 11:46:53.983002495+00:00
2-20250604-02063,2,135,2.0,count,4.99,False,2025-06-04 15:48:03.087091455+00:00,T4,2025-06-04 11:48:04.899769071+00:00
1-20250604-00895,1,123,1.0,count,2.99,False,2025-06-04 11:54:03.009264658+00:00,T4,2025-06-04 11:54:10.009664828+00:00
3-20250604-02939,3,127,0.562,kg,8.99,False,2025-06-04 11:55:10.851202162+00:00,T4,2025-06-04 11:55:13.121841639+00:00
3-20250604-02940,3,110,0.577,kg,1.29,False,2025-06-04 11:55:49.547558308+00:00,T1,2025-06-04 11:55:57.403245720+00:00
1-20250604-00896,1,123,2.0,count,2.99,False,2025-06-04 11:56:30.970693182+00:00,T2,2025-06-04 11:56:35.495633976+00:00
2-20250604-02064,2,155,0.837,liter,3.49,False,2025-06-04 11:57:27.372664228+00:00,T1,2025-06-04 11:57:29.187052178+00:00
1-20250604-00897,1,154,0.212,liter,3.99,False,2025-06-04 11:58:45.915442820+00:00,T4,2025-06-04 11:58:47.993087408+00:00
1-20250604-00898,1,117,3.0,count,3.79,False,2025-06-04 12:00:08.596888687+00:00,T4,2025-06-04 12:00:10.516832176+00:00
3-20250604-02941,3,111,1.505,kg,1.59,False,2025-06-04 12:00:23.281380084+00:00,T2,2025-06-04 12:00:30.752030747+00:00
2-20250604-02065,2,113,3.0,count,0.55,True,2025-06-04 12:01:57.243972230+00:00,T3,2025-06-04 12:02:07.210110930+00:00
2-20250604-02066,2,122,1.0,count,4.29,False,2025-06-04 12:02:46.509554296+00:00,T2,2025-06-04 12:02:46.526380826+00:00
2-20250604-02067,2,110,0.836,kg,1.29,False,2025-06-04 16:02:58.514810674+00:00,T4,2025-06-04 12:02:58.850932081+00:00
1-20250604-00899,1,154,1.512,liter,3.99,False,2025-06-04 12:03:05.347832832+00:00,T5,2025-06-04 12:03:06.250365196+00:00
2-20250604-02068,2,114,1.0,count,5.99,False,2025-06-04 12:05:29.420854057+00:00,T1,2025-06-04 12:05:29.452147912+00:00
3-20250604-02942,3,101,2.64,kg,1.49,False,2025-06-04 12:05:46.446180987+00:00,T1,2025-06-04 12:05:56.147540351+00:00
1-20250604-00900,1,108,2.0,count,1.25,False,2025-06-04 12:06:13.382001226+00:00,T3,2025-06-04 12:06:13.988562606+00:00
3-20250604-02943,3,107,1.0,count,1.89,False,2025-06-04 12:06:56.331367212+00:00,T1,2025-06-04 12:06:59.859644067+00:00
2-20250604-02069,2,118,1.0,count,3.29,False,2025-06-04 12:07:56.451051407+00:00,T3,2025-06-04 12:07:58.686612474+00:00
3-20250604-02944,3,120,2.0,count,3.99,False,2025-06-04 12:08:31.883427626+00:00,T3,2025-06-04 12:08:32.012936453+00:00
1-20250604-00901,1,139,1.0,count,2.99,False,2025-06-04 12:10:46.293628343+00:00,T5,2025-06-04 12:10:46.355588785+00:00
2-20250604-02070,2,128,0.731,kg,10.99,False,2025-06-04 12:10:43.439714563+00:00,T3,2025-06-04 12:10:46.627895077+00:00
3-20250604-02945,3,123,1.0,count,2.99,False,2025-06-04 12:11:59.941847940+00:00,T5,2025-06-04 12:12:00.775260819+00:00
2-20250604-02071,2,127,1.107,kg,8.99,False,2025-06-04 12:12:01.222276578+00:00,T5,2025-06-04 12:12:03.796688002+00:00
2-20250604-02072,2,150,2.0,count,8.99,False,2025-06-04 12:12:42.414889585+00:00,T2,2025-06-04 12:12:46.660372324+00:00
3-20250604-02946,3,101,3.131,kg,1.49,False,2025-06-04 12:15:39.158622355+00:00,T3,2025-06-04 12:15:39.388017175+00:00
2-20250604-02073,2,127,0.94,kg,8.99,False,2025-06-04 12:19:21.062231310+00:00,T2,2025-06-04 12:19:24.159090612+00:00
1-20250604-00902,1,124,1.0,count,3.49,False,2025-06-04 12:20:29.552449940+00:00,T1,2025-06-04 12:20:31.378162006+00:00
2-20250604-02074,2,110,0.588,kg,1.29,False,2025-06-04 12:22:41.406378041+00:00,T5,2025-06-04 12:22:41.653633488+00:00
3-20250604-02947,3,121,1.0,count,4.99,False,2025-06-04 12:23:52.957340709+00:00,T1,2025-06-04 12:23:54.039648717+00:00
3-20250604-02948,3,110,1.772,kg,1.29,False,2025-06-04 12:24:10.487812706+00:00,T4,2025-06-04 12:24:10.985769506+00:00
3-20250604-02949,3,124,1.0,count,3.49,False,2025-06-04 12:24:14.423374982+00:00,T1,2025-06-04 12:24:15.618461109+00:00
2-20250604-02075,2,111,1.94,kg,1.59,False,2025-06-04 12:26:17.025722431+00:00,T1,2025-06-04 12:26:17.111509391+00:00
3-20250604-02950,3,105,0.743,kg,3.49,False,2025-06-04 12:27:34.252215601+00:00,T5,2025-06-04 12:27:34.386759676+00:00
2-20250604-02076,2,118,2.0,count,3.29,False,2025-06-04 12:29:42.242475811+00:00,T3,2025-06-04 12:29:43.148713242+00:00
1-20250604-00903,1,101,0.855,kg,1.49,False,2025-06-04 12:29:45.680379389+00:00,T4,2025-06-04 12:29:46.970953914+00:00
2-20250604-02077,2,152,1.0,count,2.99,False,2025-06-04 12:30:47.461994135+00:00,T3,2025-06-04 12:30:48.732224744+00:00
2-20250604-02078,2,150,1.0,count,8.99,False,2025-06-04 12:33:16.171487268+00:00,T3,2025-06-04 12:33:16.871258979+00:00
1-20250604-00904,1,135,1.0,count,4.99,False,2025-06-04 12:33:30.524019404+00:00,T3,2025-06-04 12:33:31.443927888+00:00
1-20250604-00905,1,130,0.964,kg,21.99,False,2025-06-04 12:35:10.493931471+00:00,T3,2025-06-04 12:35:13.502370722+00:00
1-20250604-00906,1,135,2.0,count,4.99,False,2025-06-04 12:37:45.268575624+00:00,T3,2025-06-04 12:37:50.630556542+00:00
2-20250604-02079,2,106,0.233,kg,3.99,False,2025-06-04 12:38:32.892017049+00:00,T1,2025-06-04 12:38:37.603868598+00:00
3-20250604-02951,3,118,2.0,count,3.29,False,2025-06-04 12:40:30.192212285+00:00,T4,2025-06-04 12:40:35.830919658+00:00
1-20250604-00907,1,144,1.0,count,4.29,False,2025-06-04 12:41:19.242177064+00:00,T4,2025-06-04 12:41:20.235330205+00:00
1-20250604-00908,1,150,1.0,count,8.99,False,2025-06-04 12:42:31.852782884+00:00,T3,2025-06-04 12:42:38.916441446+00:00
1-20250604-00889,1,135,2.0,count,4.99,False,2025-06-04 11:40:41.217351911+00:00,T1,2025-06-04 12:43:10.761920992+00:00
1-20250604-00909,1,138,1.0,count,1.49,False,2025-06-04 12:43:11.357115536+00:00,T3,2025-06-04 12:43:13.051990800+00:00
1-20250604-00910,1,110,1.216,kg,1.29,False,2025-06-04 12:44:07.144218169+00:00,T2,2025-06-04 12:44:07.646197280+00:00
3-20250604-02952,3,123,1.0,count,2.99,False,2025-06-04 12:44:44.857516738+00:00,T1,2025-06-04 12:44:45.112762030+00:00
3-20250604-02953,3,141,1.0,count,5.99,False,2025-06-04 12:45:10.538328486+00:00,T5,2025-06-04 12:45:10.667999321+00:00
2-20250604-02080,2,105,0.422,kg,3.49,False,2025-06-04 12:46:18.701083184+00:00,T1,2025-06-04 12:46:24.127357544+00:00
1-20250604-00911,1,106,0.259,kg,3.99,False,2025-06-04 12:47:44.714245225+00:00,T1,2025-06-04 12:47:46.641036867+00:00
2-20250604-02081,2,116,1.0,count,2.49,False,2025-06-04 12:48:01.836689741+00:00,T1,2025-06-04 12:48:01.984443044+00:00
3-20250604-02954,3,110,0.209,kg,1.29,False,2025-06-04 12:48:01.511451208+00:00,T3,2025-06-04 12:48:08.032068442+00:00
3-20250604-02955,3,103,2.0,count,2.99,False,2025-06-04 12:48:21.708144024+00:00,T2,2025-06-04 12:48:22.744826042+00:00
1-20250604-00912,1,116,2.0,count,2.49,False,2025-06-04 12:48:54.768455761+00:00,T4,2025-06-04 12:48:57.103835763+00:00
3-20250604-02956,3,147,2.0,count,5.99,False,2025-06-04 12:49:02.798009880+00:00,T3,2025-06-04 12:49:03.629477686+00:00
2-20250604-02082,2,101,1.475,kg,1.49,False,2025-06-04 12:49:25.036011662+00:00,T2,2025-06-04 12:49:28.049022624+00:00
1-20250604-00913,1,108,2.0,count,1.25,False,2025-06-04 12:50:06.404867720+00:00,T2,2025-06-04 12:50:11.491292330+00:00
3-20250604-02957,3,105,0.471,kg,3.49,False,2025-06-04 12:50:48.931887936+00:00,T2,2025-06-04 12:50:50.254482779+00:00
3-20250604-02958,3,157,0.083,liter,2.99,False,2025-06-04 12:52:45.909437731+00:00,T5,2025-06-04 12:52:47.043407027+00:00
2-20250604-02083,2,146,1.0,count,4.99,False,2025-06-04 12:53:56.662426528+00:00,T2,2025-06-04 12:54:01.566791127+00:00
1-20250604-00914,1,126,3.0,count,1.29,False,2025-06-04 12:55:50.673268574+00:00,T3,2025-06-04 12:55:52.009909065+00:00
1-20250604-00915,1,144,2.0,count,4.29,False,2025-06-04 12:57:04.997064290+00:00,T4,2025-06-04 12:57:05.835124067+00:00
2-20250604-02084,2,101,1.352,kg,1.49,False,2025-06-04 12:57:01.440820675+00:00,T5,2025-06-04 12:57:08.287755411+00:00
2-20250604-02085,2,118,1.0,count,3.29,False,2025-06-04 12:57:06.328542060+00:00,T1,2025-06-04 12:57:08.861325995+00:00
1-20250604-00916,1,106,0.721,kg,3.99,False,2025-06-04 12:57:21.085378745+00:00,T4,2025-06-04 12:57:23.123742438+00:00
1-20250604-00917,1,151,1.0,count,9.99,False,2025-06-04 12:58:37.715760039+00:00,T3,2025-06-04 12:58:39.258613635+00:00
1-20250604-00918,1,112,1.0,count,3.99,False,2025-06-04 12:59:17.371038081+00:00,T4,2025-06-04 12:59:19.004332085+00:00
3-20250604-02959,3,115,1.0,count,3.49,False,2025-06-04 12:59:20.082689611+00:00,T5,2025-06-04 12:59:21.579381710+00:00
1-20250604-00919,1,118,1.0,count,3.29,False,2025-06-04 12:59:26.242827392+00:00,T4,2025-06-04 12:59:26.308714179+00:00
3-20250604-02960,3,103,1.0,count,2.99,False,2025-06-04 13:00:47.538917355+00:00,T5,2025-06-04 13:00:54.382779336+00:00
1-20250604-00920,1,145,2.0,count,9.99,False,2025-06-04 13:01:13.554244414+00:00,T4,2025-06-04 13:01:14.190427547+00:00
2-20250604-02086,2,118,1.0,count,3.29,False,2025-06-04 13:01:25.876958860+00:00,T5,2025-06-04 13:01:28.325641952+00:00
1-20250604-00921,1,138,3.0,count,1.49,False,2025-06-04 13:02:26.417993773+00:00,T3,2025-06-04 13:02:30.072544695+00:00
1-20250604-00922,1,158,1.0,count,2.49,False,2025-06-04 13:02:29.690873486+00:00,T4,2025-06-04 13:02:32.206000630+00:00
1-20250604-00922,1,158,1.0,count,2.49,False,2025-06-04 13:02:29.690873486+00:00,T4,2025-06-04 13:02:43.950899477+00:00
2-20250604-02087,2,157,0.822,liter,2.99,False,2025-06-04 17:04:59.717713638+00:00,T4,2025-06-04 13:05:01.001609261+00:00
2-20250604-02088,2,105,0.951,kg,3.49,False,2025-06-04 13:05:00.641393753+00:00,T1,2025-06-04 13:05:01.154551656+00:00
1-20250604-00923,1,107,1.0,count,1.89,False,2025-06-04 13:06:17.995842286+00:00,T3,2025-06-04 13:06:18.296532826+00:00
3-20250604-02961,3,131,1.0,count,9.99,False,2025-06-04 13:08:39.280893852+00:00,T5,2025-06-04 13:08:39.916951322+00:00
1-20250604-00924,1,103,2.0,count,2.99,False,2025-06-04 13:08:46.712033239+00:00,T4,2025-06-04 13:08:47.625656155+00:00
2-20250604-02089,2,156,0.721,liter,11.99,False,2025-06-04 13:09:14.362472822+00:00,T3,2025-06-04 13:09:14.838246161+00:00
2-20250604-02090,2,159,0.723,kg,12.99,False,2025-06-04 13:10:03.442152058+00:00,T2,2025-06-04 13:10:04.261453030+00:00
1-20250604-00925,1,139,2.0,count,2.99,False,2025-06-04 13:12:23.206251392+00:00,T4,2025-06-04 13:12:23.418571270+00:00
2-20250604-02091,2,117,2.0,count,3.79,False,2025-06-04 13:12:37.777035274+00:00,T1,2025-06-04 13:12:38.101913630+00:00
3-20250604-02962,3,156,1.24,liter,11.99,False,2025-06-04 13:13:29.041623096+00:00,T3,2025-06-04 13:13:29.647536976+00:00
1-20250604-00926,1,118,3.0,count,3.29,False,2025-06-04 13:13:43.737446756+00:00,T1,2025-06-04 13:13:47.740673588+00:00
1-20250604-00927,1,110,1.848,kg,1.29,False,2025-06-04 13:14:01.891616143+00:00,T1,2025-06-04 13:14:03.773593404+00:00
2-20250604-02092,2,105,3.017,kg,3.49,False,2025-06-04 13:14:15.162283613+00:00,T5,2025-06-04 13:14:15.901728249+00:00
1-20250604-00928,1,123,2.0,count,2.99,False,2025-06-04 13:14:39.302298500+00:00,T2,2025-06-04 13:14:41.206666162+00:00
3-20250604-02963,3,147,2.0,count,5.99,False,2025-06-04 13:15:04.224900921+00:00,T1,2025-06-04 13:15:08.695255573+00:00
2-20250604-02093,2,112,2.0,count,3.99,False,2025-06-04 13:15:07.927926115+00:00,T5,2025-06-04 13:15:09.010110341+00:00
1-20250604-00929,1,124,2.0,count,3.49,False,2025-06-04 13:15:04.508271551+00:00,T3,2025-06-04 13:15:16.703759550+00:00
3-20250604-02964,3,132,2.0,count,5.99,False,2025-06-04 13:15:37.634669223+00:00,T1,2025-06-04 13:15:39.761509280+00:00
2-20250604-02094,2,120,1.0,count,3.99,False,2025-06-04 13:16:14.398985130+00:00,T3,2025-06-04 13:16:16.415368732+00:00
1-20250604-00930,1,102,2.0,count,0.79,False,2025-06-04 13:19:19.546411402+00:00,T3,2025-06-04 13:19:20.074108343+00:00
1-20250604-00931,1,120,1.0,count,3.99,False,2025-06-04 13:19:36.058900397+00:00,T1,2025-06-04 13:19:37.206597969+00:00
3-20250604-02965,3,150,1.0,count,8.99,False,2025-06-04 13:19:56.631953856+00:00,T5,2025-06-04 13:20:02.186381268+00:00
1-20250604-00932,1,107,2.0,count,1.89,False,2025-06-04 13:20:00.553352086+00:00,T4,2025-06-04 13:20:02.937921912+00:00
3-20250604-02966,3,160,3.0,count,3.99,False,2025-06-04 13:20:21.677579926+00:00,T1,2025-06-04 13:20:22.462654589+00:00
3-20250604-02967,3,116,1.0,count,2.49,False,2025-06-04 13:20:29.378562634+00:00,T5,2025-06-04 13:20:29.409347236+00:00
1-20250604-00933,1,146,2.0,count,4.99,False,2025-06-04 13:20:42.256674328+00:00,T1,2025-06-04 13:20:42.998349218+00:00
1-20250604-00934,1,118,2.0,count,3.29,False,2025-06-04 13:20:49.371065350+00:00,T2,2025-06-04 13:20:52.018995932+00:00
1-20250604-00935,1,119,1.0,count,5.49,False,2025-06-04 13:21:24.109858404+00:00,T3,2025-06-04 13:21:26.036420724+00:00
1-20250604-00936,1,144,1.0,count,4.29,False,2025-06-04 13:25:21.778109613+00:00,T2,2025-06-04 13:25:22.962501411+00:00
1-20250604-00937,1,117,1.0,count,3.79,False,2025-06-04 13:26:33.584641382+00:00,T4,2025-06-04 13:26:34.311516135+00:00
2-20250604-02095,2,131,2.0,count,9.99,False,2025-06-04 13:26:41.425812796+00:00,T2,2025-06-04 13:26:46.559990447+00:00
2-20250604-02096,2,112,3.0,count,3.99,False,2025-06-04 17:27:49.239309587+00:00,T4,2025-06-04 13:27:50.037484100+00:00
3-20250604-02968,3,158,1.0,count,2.49,False,2025-06-04 13:28:25.560430445+00:00,T1,2025-06-04 13:28:25.720718697+00:00
3-20250604-02969,3,127,0.625,kg,8.99,False,2025-06-04 13:28:41.278232001+00:00,T3,2025-06-04 13:28:41.767188736+00:00
3-20250604-02970,3,123,1.0,count,2.99,False,2025-06-04 13:30:34.301729975+00:00,T2,2025-06-04 13:30:35.543496385+00:00
1-20250604-00938,1,114,2.0,count,5.99,False,2025-06-04 13:31:23.723101236+00:00,T5,2025-06-04 13:31:24.225317094+00:00
3-20250604-02971,3,152,1.0,count,2.99,False,2025-06-04 13:32:38.545508613+00:00,T3,2025-06-04 13:32:48.733484114+00:00
3-20250604-02972,3,126,2.0,count,1.29,False,2025-06-04 13:34:12.853799614+00:00,T3,2025-06-04 13:34:14.196296746+00:00
3-20250604-02973,3,153,1.0,count,12.99,False,2025-06-04 13:34:35.058943342+00:00,T2,2025-06-04 13:34:36.528910731+00:00
2-20250604-02097,2,105,0.877,kg,3.49,False,2025-06-04 13:38:10.943463319+00:00,T2,2025-06-04 13:38:13.148645348+00:00
2-20250604-02098,2,113,1.0,count,0.55,True,2025-06-04 17:38:24.324526324+00:00,T4,2025-06-04 13:38:24.642960704+00:00
2-20250604-02099,2,153,2.0,count,12.99,False,2025-06-04 13:39:19.291271029+00:00,T3,2025-06-04 13:39:20.647893761+00:00
1-20250604-00939,1,159,1.512,kg,12.99,False,2025-06-04 13:39:37.323712441+00:00,T2,2025-06-04 13:39:40.474230705+00:00
1-20250604-00940,1,154,0.971,liter,3.99,False,2025-06-04 13:39:52.112635133+00:00,T3,2025-06-04 13:39:55.024361664+00:00
1-20250604-00941,1,107,1.0,count,1.89,False,2025-06-04 13:41:49.700185521+00:00,T4,2025-06-04 13:41:50.366292002+00:00
1-20250604-00942,1,130,0.933,kg,21.99,False,2025-06-04 13:43:32.483181987+00:00,T1,2025-06-04 13:43:34.427362514+00:00
1-20250604-00943,1,103,2.0,count,2.99,False,2025-06-04 13:44:15.107530792+00:00,T2,2025-06-04 13:44:15.112865529+00:00
1-20250604-00944,1,152,1.0,count,2.99,False,2025-06-04 13:44:17.126330555+00:00,T4,2025-06-04 13:44:19.815761845+00:00
3-20250604-02974,3,127,0.352,kg,8.99,False,2025-06-04 13:45:27.709540412+00:00,T4,2025-06-04 13:45:28.801121605+00:00
3-20250604-02975,3,157,1.159,liter,2.99,False,2025-06-04 13:45:47.106852450+00:00,T4,2025-06-04 13:45:47.289640671+00:00
2-20250604-02100,2,106,2.048,kg,3.99,False,2025-06-04 13:46:19.193831703+00:00,T5,2025-06-04 13:46:19.278228655+00:00
3-20250604-02976,3,151,1.0,count,9.99,False,2025-06-04 13:47:58.653961006+00:00,T3,2025-06-04 13:48:05.052508065+00:00
2-20250604-02102,2,138,2.0,count,1.49,False,2025-06-04 13:49:41.345866396+00:00,T5,2025-06-04 13:49:42.727476696+00:00
2-20250604-02103,2,111,0.984,kg,1.59,False,2025-06-04 13:49:47.532114741+00:00,T2,2025-06-04 13:49:47.630048887+00:00
1-20250604-00945,1,110,1.063,kg,1.29,False,2025-06-04 13:49:51.526073421+00:00,T5,2025-06-04 13:49:51.621737462+00:00
2-20250604-02104,2,127,0.305,kg,8.99,False,2025-06-04 17:50:15.977490651+00:00,T4,2025-06-04 13:50:18.566589580+00:00
2-20250604-02105,2,108,3.0,count,1.25,False,2025-06-04 13:56:26.564913182+00:00,T5,2025-06-04 13:56:26.909049200+00:00
1-20250604-00946,1,138,1.0,count,1.49,False,2025-06-04 13:56:36.018853640+00:00,T3,2025-06-04 13:56:36.102208641+00:00
3-20250604-02977,3,115,1.0,count,3.49,False,2025-06-04 13:57:01.097410277+00:00,T2,2025-06-04 13:57:05.324749634+00:00
3-20250604-02978,3,134,1.0,count,6.99,False,2025-06-04 13:58:03.656927647+00:00,T2,2025-06-04 13:58:04.750211615+00:00
3-20250604-02979,3,108,2.0,count,1.25,False,2025-06-04 13:59:50.345282376+00:00,T5,2025-06-04 13:59:51.218851820+00:00
2-20250604-02106,2,133,3.0,count,3.99,False,2025-06-04 14:00:31.459787585+00:00,T3,2025-06-04 14:00:32.339726707+00:00
2-20250604-02107,2,148,1.0,count,1.99,False,2025-06-04 14:00:35.135007168+00:00,T1,2025-06-04 14:00:35.169450785+00:00
2-20250604-02108,2,110,2.111,kg,1.29,False,2025-06-04 14:01:55.603669971+00:00,T1,2025-06-04 14:02:02.363855133+00:00
2-20250604-02109,2,108,2.0,count,1.25,False,2025-06-04 18:02:41.573819783+00:00,T4,2025-06-04 14:02:43.459624445+00:00
1-20250604-00947,1,133,1.0,count,3.99,False,2025-06-04 14:03:04.207166096+00:00,T2,2025-06-04 14:03:06.336818932+00:00
1-20250604-00948,1,117,3.0,count,3.79,False,2025-06-04 14:03:09.090245626+00:00,T5,2025-06-04 14:03:10.843154706+00:00
3-20250604-02980,3,119,1.0,count,5.49,False,2025-06-04 14:03:15.464343056+00:00,T2,2025-06-04 14:03:15.507293163+00:00
3-20250604-02981,3,111,0.357,kg,1.59,False,2025-06-04 14:04:38.806736028+00:00,T4,2025-06-04 14:04:44.919727529+00:00
2-20250604-02110,2,137,1.0,count,3.29,False,2025-06-04 18:04:57.226521430+00:00,T4,2025-06-04 14:04:58.417474445+00:00
3-20250604-02982,3,117,3.0,count,3.79,False,2025-06-04 14:05:05.922580803+00:00,T4,2025-06-04 14:05:06.190406112+00:00
2-20250604-02111,2,159,0.314,kg,12.99,False,2025-06-04 18:05:26.763062858+00:00,T4,2025-06-04 14:05:27.186090575+00:00
2-20250604-02112,2,146,2.0,count,4.99,False,2025-06-04 18:06:35.684633211+00:00,T4,2025-06-04 14:06:41.568646999+00:00
1-20250604-00949,1,142,1.0,count,3.49,False,2025-06-04 14:08:39.690224337+00:00,T4,2025-06-04 14:08:42.011446523+00:00
2-20250604-02113,2,149,1.0,count,2.39,True,2025-06-04 14:10:09.580775787+00:00,T5,2025-06-04 14:10:14.259525925+00:00
1-20250604-00950,1,139,1.0,count,2.99,False,2025-06-04 14:11:14.253541387+00:00,T5,2025-06-04 14:11:14.547908564+00:00
3-20250604-02983,3,139,1.0,count,2.99,False,2025-06-04 14:11:45.873090942+00:00,T1,2025-06-04 14:11:48.044387695+00:00
2-20250604-02114,2,137,3.0,count,3.29,False,2025-06-04 18:12:23.874210338+00:00,T4,2025-06-04 14:12:27.059630186+00:00
1-20250604-00951,1,120,1.0,count,3.99,False,2025-06-04 14:12:38.536843170+00:00,T2,2025-06-04 14:12:38.875333148+00:00
2-20250604-02115,2,123,1.0,count,2.99,False,2025-06-04 14:12:58.737000001+00:00,T1,2025-06-04 14:12:58.972706550+00:00
2-20250604-02116,2,112,1.0,count,3.99,False,2025-06-04 14:13:01.376852985+00:00,T1,2025-06-04 14:13:01.508246959+00:00
2-20250604-02117,2,101,1.115,kg,1.49,False,2025-06-04 18:13:25.313539685+00:00,T4,2025-06-04 14:13:29.216409283+00:00
2-20250604-02118,2,114,2.0,count,5.99,False,2025-06-04 14:14:24.136223371+00:00,T1,2025-06-04 14:14:24.608684407+00:00
1-20250604-00952,1,126,1.0,count,1.29,False,2025-06-04 14:15:03.885980906+00:00,T4,2025-06-04 14:15:09.885234790+00:00
2-20250604-02119,2,127,2.184,kg,8.99,False,2025-06-04 14:15:20.937967060+00:00,T2,2025-06-04 14:15:24.811359497+00:00
1-20250604-00953,1,128,0.531,kg,10.99,False,2025-06-04 14:15:34.178574513+00:00,T5,2025-06-04 14:15:34.683293277+00:00
2-20250604-02120,2,139,1.0,count,2.99,False,2025-06-04 14:15:55.964039535+00:00,T2,2025-06-04 14:15:57.934930638+00:00
1-20250604-00954,1,101,0.604,kg,1.49,False,2025-06-04 14:16:27.265492257+00:00,T1,2025-06-04 14:16:30.048331804+00:00
1-20250604-00955,1,153,1.0,count,12.99,False,2025-06-04 14:16:56.590932113+00:00,T2,2025-06-04 14:16:56.677905151+00:00
1-20250604-00956,1,105,0.946,kg,3.49,False,2025-06-04 14:17:58.560583853+00:00,T1,2025-06-04 14:18:05.377606357+00:00
1-20250604-00957,1,103,1.0,count,2.99,False,2025-06-04 14:18:15.758333003+00:00,T2,2025-06-04 14:18:18.269576057+00:00
3-20250604-02984,3,150,2.0,count,8.99,False,2025-06-04 14:18:59.169611687+00:00,T4,2025-06-04 14:18:59.312081593+00:00
2-20250604-02121,2,142,2.0,count,3.49,False,2025-06-04 18:19:50.825016203+00:00,T4,2025-06-04 14:19:59.113337034+00:00
2-20250604-02122,2,156,0.798,liter,11.99,False,2025-06-04 14:22:23.613727342+00:00,T2,2025-06-04 14:22:25.686379992+00:00
3-20250604-02985,3,147,1.0,count,5.99,False,2025-06-04 14:22:33.326724267+00:00,T2,2025-06-04 14:22:34.581693510+00:00
1-20250604-00958,1,109,1.0,count,1.99,False,2025-06-04 14:23:05.956232117+00:00,T3,2025-06-04 14:23:06.225715614+00:00
2-20250604-02123,2,138,1.0,count,1.49,False,2025-06-04 14:24:09.868433053+00:00,T2,2025-06-04 14:24:16.864676100+00:00
1-20250604-00959,1,120,1.0,count,3.99,False,2025-06-04 14:24:44.415567436+00:00,T3,2025-06-04 14:24:50.674115022+00:00
1-20250604-00960,1,117,2.0,count,3.79,False,2025-06-04 14:25:13.787948100+00:00,T3,2025-06-04 14:25:14.513912141+00:00
1-20250604-00961,1,126,1.0,count,1.29,False,2025-06-04 14:25:43.177844699+00:00,T5,2025-06-04 14:25:46.019396600+00:00
1-20250604-00962,1,107,1.0,count,1.89,False,2025-06-04 14:28:55.579344927+00:00,T2,2025-06-04 14:29:00.634735239+00:00
2-20250604-02124,2,154,1.557,liter,3.99,False,2025-06-04 18:29:18.643353005+00:00,T4,2025-06-04 14:29:19.794808741+00:00
1-20250604-00963,1,109,1.0,count,1.99,False,2025-06-04 14:29:35.943782574+00:00,T4,2025-06-04 14:29:37.335308184+00:00
1-20250604-00964,1,137,1.0,count,3.29,False,2025-06-04 14:33:57.997494184+00:00,T4,2025-06-04 14:34:00.744077572+00:00
3-20250604-02986,3,114,2.0,count,5.99,False,2025-06-04 14:36:07.241638695+00:00,T5,2025-06-04 14:36:07.923748958+00:00
1-20250604-00965,1,109,2.0,count,1.99,False,2025-06-04 14:36:32.257141218+00:00,T3,2025-06-04 14:36:33.931605426+00:00
2-20250604-02125,2,112,3.0,count,3.99,False,2025-06-04 14:39:06.844475540+00:00,T1,2025-06-04 14:39:13.790173869+00:00
1-20250604-00966,1,156,1.02,liter,11.99,False,2025-06-04 14:39:19.554544428+00:00,T2,2025-06-04 14:39:20.047076125+00:00
3-20250604-02987,3,142,1.0,count,3.49,False,2025-06-04 14:41:14.675453983+00:00,T4,2025-06-04 14:41:16.619062495+00:00
1-20250604-00967,1,118,2.0,count,3.29,False,2025-06-04 14:41:44.354713107+00:00,T1,2025-06-04 14:41:44.544438233+00:00
2-20250604-02126,2,124,1.0,count,3.49,False,2025-06-04 14:41:45.595334663+00:00,T2,2025-06-04 14:41:45.632103294+00:00
2-20250604-02127,2,115,1.0,count,3.49,False,2025-06-04 14:41:46.729107064+00:00,T5,2025-06-04 14:41:48.847606189+00:00
3-20250604-02988,3,154,1.768,liter,3.99,False,2025-06-04 14:42:13.116441201+00:00,T4,2025-06-04 14:42:13.523639681+00:00
1-20250604-00968,1,120,1.0,count,3.99,False,2025-06-04 14:44:07.123020288+00:00,T5,2025-06-04 14:44:09.256782956+00:00
2-20250604-02101,2,106,2.527,kg,3.99,False,2025-06-04 13:47:43.968454229+00:00,T1,2025-06-04 14:44:59.947233867+00:00
1-20250604-00969,1,144,1.0,count,4.29,False,2025-06-04 14:45:30.333875641+00:00,T3,2025-06-04 14:45:31.662733940+00:00
2-20250604-02128,2,105,0.558,kg,3.49,False,2025-06-04 18:46:45.429805441+00:00,T4,2025-06-04 14:46:46.899138267+00:00
2-20250604-02129,2,133,2.0,count,3.99,False,2025-06-04 18:47:02.884145233+00:00,T4,2025-06-04 14:47:03.225765239+00:00
3-20250604-02989,3,118,1.0,count,3.29,False,2025-06-04 14:47:15.220447445+00:00,T3,2025-06-04 14:47:16.362351023+00:00
2-20250604-02130,2,123,1.0,count,2.99,False,2025-06-04 14:47:49.823787699+00:00,T3,2025-06-04 14:47:51.500812384+00:00
2-20250604-02131,2,123,3.0,count,2.99,False,2025-06-04 18:49:38.101105686+00:00,T4,2025-06-04 14:49:41.405604168+00:00
3-20250604-02990,3,114,3.0,count,5.99,False,2025-06-04 14:49:48.031756617+00:00,T5,2025-06-04 14:49:49.339673572+00:00
1-20250604-00970,1,108,3.0,count,1.25,False,2025-06-04 14:51:17.815216181+00:00,T1,2025-06-04 14:51:20.778586554+00:00
3-20250604-02991,3,102,1.0,count,0.79,False,2025-06-04 14:52:00.250132782+00:00,T1,2025-06-04 14:52:02.740168425+00:00
1-20250604-00971,1,142,1.0,count,3.49,False,2025-06-04 14:53:21.661918384+00:00,T1,2025-06-04 14:53:22.570090398+00:00
1-20250604-00972,1,106,1.524,kg,3.99,False,2025-06-04 14:54:00.253361865+00:00,T4,2025-06-04 14:54:01.517494738+00:00
2-20250604-02132,2,145,1.0,count,9.99,False,2025-06-04 14:57:06.107134750+00:00,T2,2025-06-04 14:57:06.310261978+00:00
1-20250604-00973,1,146,3.0,count,4.99,False,2025-06-04 14:57:11.550683678+00:00,T3,2025-06-04 14:57:12.803063976+00:00
1-20250604-00974,1,102,3.0,count,0.79,False,2025-06-04 14:57:44.870955472+00:00,T5,2025-06-04 14:57:46.880896492+00:00
3-20250604-02992,3,144,2.0,count,4.29,False,2025-06-04 14:59:00.680070944+00:00,T3,2025-06-04 14:59:01.589354319+00:00
2-20250604-02133,2,116,1.0,count,2.49,False,2025-06-04 15:01:01.158031165+00:00,T2,2025-06-04 15:01:03.055443324+00:00
3-20250604-02993,3,136,2.0,count,8.99,False,2025-06-04 15:02:59.943134255+00:00,T2,2025-06-04 15:03:01.226954275+00:00
2-20250604-02134,2,145,1.0,count,9.99,False,2025-06-04 15:03:05.525156842+00:00,T3,2025-06-04 15:03:06.597420362+00:00
1-20250604-00975,1,143,1.0,count,1.19,False,2025-06-04 15:03:21.932756102+00:00,T2,2025-06-04 15:03:26.523173626+00:00
1-20250604-00976,1,112,1.0,count,3.99,False,2025-06-04 15:03:34.243413847+00:00,T5,2025-06-04 15:03:34.486668770+00:00
1-20250604-00977,1,141,1.0,count,5.99,False,2025-06-04 15:04:26.891077921+00:00,T2,2025-06-04 15:04:28.685295383+00:00
1-20250604-00978,1,138,2.0,count,1.49,False,2025-06-04 15:04:38.039944604+00:00,T3,2025-06-04 15:04:43.214284623+00:00
1-20250604-00979,1,108,1.0,count,1.25,False,2025-06-04 15:05:20.138385238+00:00,T4,2025-06-04 15:05:20.300133664+00:00
2-20250604-02135,2,117,1.0,count,3.79,False,2025-06-04 15:05:37.075985244+00:00,T2,2025-06-04 15:05:37.944727671+00:00
1-20250604-00980,1,101,0.729,kg,1.49,False,2025-06-04 15:06:14.402697299+00:00,T2,2025-06-04 15:06:18.250196596+00:00
1-20250604-00981,1,102,2.0,count,0.79,False,2025-06-04 15:06:21.619985184+00:00,T1,2025-06-04 15:06:26.252230519+00:00
2-20250604-02136,2,140,2.0,count,2.79,False,2025-06-04 15:06:42.505347548+00:00,T2,2025-06-04 15:06:47.520570393+00:00
1-20250604-00982,1,115,1.0,count,3.49,False,2025-06-04 15:07:38.325778483+00:00,T1,2025-06-04 15:07:40.143206628+00:00
1-20250604-00983,1,119,1.0,count,5.49,False,2025-06-04 15:08:12.431244800+00:00,T2,2025-06-04 15:08:14.206697998+00:00
3-20250604-02994,3,136,1.0,count,8.99,False,2025-06-04 15:09:44.497555328+00:00,T5,2025-06-04 15:09:44.802106288+00:00
2-20250604-02137,2,117,2.0,count,3.79,False,2025-06-04 15:10:58.318332651+00:00,T5,2025-06-04 15:10:58.635783967+00:00
3-20250604-02995,3,127,0.309,kg,8.99,False,2025-06-04 15:12:52.936344932+00:00,T4,2025-06-04 15:12:53.054446347+00:00
2-20250604-02138,2,145,1.0,count,9.99,False,2025-06-04 19:13:34.796052725+00:00,T4,2025-06-04 15:13:35.298058206+00:00
1-20250604-00984,1,120,1.0,count,3.99,False,2025-06-04 15:14:08.702332590+00:00,T5,2025-06-04 15:14:11.728882909+00:00
3-20250604-02996,3,113,2.0,count,0.55,True,2025-06-04 15:16:13.196131798+00:00,T1,2025-06-04 15:16:15.136179336+00:00
1-20250604-00985,1,123,3.0,count,2.99,False,2025-06-04 15:16:17.823976936+00:00,T5,2025-06-04 15:16:18.989557020+00:00
3-20250604-02997,3,121,3.0,count,4.99,False,2025-06-04 15:16:24.670334068+00:00,T1,2025-06-04 15:16:27.481673611+00:00
3-20250604-02998,3,146,3.0,count,4.99,False,2025-06-04 15:17:15.983864231+00:00,T5,2025-06-04 15:17:18.785696876+00:00
3-20250604-02999,3,146,1.0,count,4.99,False,2025-06-04 15:19:15.251355681+00:00,T4,2025-06-04 15:19:16.099004936+00:00
3-20250604-03000,3,110,0.929,kg,1.29,False,2025-06-04 15:19:51.533927824+00:00,T3,2025-06-04 15:19:51.540922360+00:00
3-20250604-03001,3,107,1.0,count,1.89,False,2025-06-04 15:20:10.631354524+00:00,T3,2025-06-04 15:20:16.340065066+00:00
1-20250604-00986,1,151,1.0,count,9.99,False,2025-06-04 15:20:41.707232159+00:00,T1,2025-06-04 15:20:42.071232503+00:00
1-20250604-00987,1,119,1.0,count,5.49,False,2025-06-04 15:21:05.386893948+00:00,T1,2025-06-04 15:21:05.591326892+00:00
3-20250604-03002,3,117,2.0,count,3.79,False,2025-06-04 15:21:26.544199159+00:00,T4,2025-06-04 15:21:27.470205524+00:00
1-20250604-00988,1,104,1.352,kg,1.99,False,2025-06-04 15:21:51.835646375+00:00,T4,2025-06-04 15:21:53.199671814+00:00
1-20250604-00989,1,120,2.0,count,3.99,False,2025-06-04 15:22:13.438344516+00:00,T3,2025-06-04 15:22:19.420769107+00:00
1-20250604-00990,1,144,1.0,count,4.29,False,2025-06-04 15:22:29.016287739+00:00,T4,2025-06-04 15:22:30.734157751+00:00
1-20250604-00991,1,142,2.0,count,3.49,False,2025-06-04 15:22:34.311181128+00:00,T1,2025-06-04 15:22:35.032194098+00:00
1-20250604-00992,1,107,3.0,count,1.89,False,2025-06-04 15:23:08.562449561+00:00,T1,2025-06-04 15:23:09.861232595+00:00
2-20250604-02139,2,127,1.017,kg,8.99,False,2025-06-04 15:23:31.898508183+00:00,T1,2025-06-04 15:23:33.274647518+00:00
2-20250604-02140,2,108,2.0,count,1.25,False,2025-06-04 15:23:41.103493838+00:00,T2,2025-06-04 15:23:49.045835605+00:00
1-20250604-00993,1,105,0.746,kg,3.49,False,2025-06-04 15:26:30.985367084+00:00,T4,2025-06-04 15:26:32.678157468+00:00
1-20250604-00994,1,133,1.0,count,3.99,False,2025-06-04 15:28:41.925968715+00:00,T1,2025-06-04 15:28:42.453646042+00:00
3-20250604-03003,3,131,1.0,count,9.99,False,2025-06-04 15:28:52.033157391+00:00,T3,2025-06-04 15:28:52.692307991+00:00
1-20250604-00995,1,134,1.0,count,6.99,False,2025-06-04 15:30:12.191124590+00:00,T4,2025-06-04 15:30:15.049831348+00:00
2-20250604-02141,2,111,0.361,kg,1.59,False,2025-06-04 15:30:43.630735734+00:00,T2,2025-06-04 15:30:43.877595692+00:00
3-20250604-03004,3,126,2.0,count,1.29,False,2025-06-04 15:32:46.820685144+00:00,T2,2025-06-04 15:32:47.493881671+00:00
2-20250604-02142,2,151,3.0,count,9.99,False,2025-06-04 15:33:36.957708097+00:00,T2,2025-06-04 15:33:37.041548519+00:00
1-20250604-00996,1,133,2.0,count,3.99,False,2025-06-04 15:34:56.736301984+00:00,T5,2025-06-04 15:34:57.108823529+00:00
1-20250604-00997,1,126,2.0,count,1.29,False,2025-06-04 15:39:44.416977171+00:00,T5,2025-06-04 15:39:44.933161465+00:00
2-20250604-02143,2,147,3.0,count,5.99,False,2025-06-04 19:39:51.296740544+00:00,T4,2025-06-04 15:39:51.628654337+00:00
3-20250604-03005,3,123,2.0,count,2.99,False,2025-06-04 15:40:02.362323797+00:00,T4,2025-06-04 15:40:03.810880665+00:00
3-20250604-03006,3,106,1.054,kg,3.99,False,2025-06-04 15:40:31.015989672+00:00,T5,2025-06-04 15:40:32.222187228+00:00
3-20250604-03007,3,123,1.0,count,2.99,False,2025-06-04 15:40:44.846227303+00:00,T1,2025-06-04 15:40:46.688217713+00:00
1-20250604-00998,1,140,2.0,count,2.79,False,2025-06-04 15:41:07.921759201+00:00,T4,2025-06-04 15:41:09.731582894+00:00
1-20250604-00999,1,127,0.919,kg,8.99,False,2025-06-04 15:41:52.460751098+00:00,T4,2025-06-04 15:42:01.436279761+00:00
3-20250604-03008,3,127,2.052,kg,8.99,False,2025-06-04 15:47:34.167522141+00:00,T5,2025-06-04 15:47:41.201654364+00:00
3-20250604-03009,3,128,1.127,kg,10.99,False,2025-06-04 15:48:18.023777172+00:00,T2,2025-06-04 15:48:21.534834435+00:00
1-20250604-01000,1,109,1.0,count,1.99,False,2025-06-04 15:50:46.729193813+00:00,T1,2025-06-04 15:50:47.229192623+00:00
1-20250604-01001,1,107,1.0,count,1.89,False,2025-06-04 15:51:39.605503161+00:00,T2,2025-06-04 15:51:39.721464327+00:00
1-20250604-01002,1,138,1.0,count,1.49,False,2025-06-04 15:53:02.063703545+00:00,T3,2025-06-04 15:53:04.624284168+00:00
2-20250604-02144,2,129,0.984,kg,9.49,False,2025-06-04 15:53:45.396413324+00:00,T5,2025-06-04 15:53:47.134883085+00:00
1-20250604-01003,1,110,0.944,kg,1.29,False,2025-06-04 15:54:57.952538692+00:00,T4,2025-06-04 15:54:58.050930994+00:00
3-20250604-03010,3,136,1.0,count,8.99,False,2025-06-04 15:55:41.084815006+00:00,T2,2025-06-04 15:55:43.025492771+00:00
3-20250604-03011,3,141,2.0,count,5.99,False,2025-06-04 15:56:02.433522350+00:00,T1,2025-06-04 15:56:02.987351541+00:00
2-20250604-02145,2,102,1.0,count,0.79,False,2025-06-04 19:59:02.963149541+00:00,T4,2025-06-04 15:59:03.984341893+00:00
2-20250604-02146,2,105,1.136,kg,3.49,False,2025-06-04 15:59:52.387293609+00:00,T1,2025-06-04 15:59:54.807694532+00:00
3-20250604-03012,3,134,1.0,count,6.99,False,2025-06-04 16:00:23.154690311+00:00,T3,2025-06-04 16:00:28.080956777+00:00
2-20250604-02147,2,144,2.0,count,4.29,False,2025-06-04 16:00:35.617231405+00:00,T5,2025-06-04 16:00:35.732802779+00:00
1-20250604-01004,1,125,3.0,count,3.99,False,2025-06-04 16:01:24.416152623+00:00,T4,2025-06-04 16:01:24.808314214+00:00
2-20250604-02148,2,125,3.0,count,3.99,False,2025-06-04 16:02:53.031288853+00:00,T5,2025-06-04 16:02:58.118207354+00:00
1-20250604-01005,1,132,3.0,count,5.99,False,2025-06-04 16:04:07.802587174+00:00,T2,2025-06-04 16:04:08.332855388+00:00
1-20250604-01006,1,110,0.276,kg,1.29,False,2025-06-04 16:04:15.800401006+00:00,T3,2025-06-04 16:04:16.813759003+00:00
3-20250604-03013,3,105,1.127,kg,3.49,False,2025-06-04 16:05:02.347958126+00:00,T3,2025-06-04 16:05:03.262654088+00:00
2-20250604-02149,2,126,2.0,count,1.29,False,2025-06-04 16:05:08.578933473+00:00,T2,2025-06-04 16:05:10.784387869+00:00
3-20250604-03014,3,110,1.095,kg,1.29,False,2025-06-04 16:06:06.253989126+00:00,T2,2025-06-04 16:06:11.781514519+00:00
2-20250604-02150,2,110,2.103,kg,1.29,False,2025-06-04 16:06:50.481740974+00:00,T5,2025-06-04 16:06:53.343671382+00:00
3-20250604-03015,3,106,2.376,kg,3.99,False,2025-06-04 16:06:58.041060424+00:00,T1,2025-06-04 16:07:00.957642070+00:00
1-20250604-01007,1,140,1.0,count,2.79,False,2025-06-04 16:07:09.821518684+00:00,T3,2025-06-04 16:07:15.761725890+00:00
1-20250604-01008,1,118,1.0,count,3.29,False,2025-06-04 16:07:22.904562809+00:00,T1,2025-06-04 16:07:23.099331396+00:00
3-20250604-03016,3,109,3.0,count,1.99,False,2025-06-04 16:08:13.147011413+00:00,T2,2025-06-04 16:08:19.539922460+00:00
2-20250604-02151,2,111,1.54,kg,1.59,False,2025-06-04 20:09:20.914724895+00:00,T4,2025-06-04 16:09:21.792986399+00:00
3-20250604-03017,3,138,1.0,count,1.49,False,2025-06-04 16:10:13.309348082+00:00,T1,2025-06-04 16:10:14.284139268+00:00
2-20250604-02152,2,101,1.591,kg,1.49,False,2025-06-04 16:10:27.334719711+00:00,T3,2025-06-04 16:10:27.598874613+00:00
3-20250604-03018,3,151,1.0,count,9.99,False,2025-06-04 16:11:19.790918361+00:00,T1,2025-06-04 16:11:20.725036448+00:00
1-20250604-01009,1,120,1.0,count,3.99,False,2025-06-04 16:11:58.589976385+00:00,T1,2025-06-04 16:12:03.522915956+00:00
1-20250604-01010,1,104,1.142,kg,1.99,False,2025-06-04 16:12:28.952879819+00:00,T4,2025-06-04 16:12:30.119660341+00:00
1-20250604-01011,1,103,1.0,count,2.99,False,2025-06-04 16:14:53.622065437+00:00,T1,2025-06-04 16:14:56.110411764+00:00
1-20250604-01012,1,119,3.0,count,5.49,False,2025-06-04 16:17:17.504164754+00:00,T2,2025-06-04 16:17:17.912955144+00:00
2-20250604-02153,2,102,3.0,count,0.79,False,2025-06-04 16:17:39.133360015+00:00,T3,2025-06-04 16:17:42.694022676+00:00
1-20250604-01013,1,125,1.0,count,3.99,False,2025-06-04 16:19:03.720985352+00:00,T5,2025-06-04 16:19:11.454563601+00:00
1-20250604-01014,1,110,1.127,kg,1.29,False,2025-06-04 16:19:14.392946847+00:00,T1,2025-06-04 16:19:14.670744787+00:00
1-20250604-01015,1,107,3.0,count,1.89,False,2025-06-04 16:19:28.374392225+00:00,T1,2025-06-04 16:19:29.045475423+00:00
1-20250604-01016,1,134,2.0,count,6.99,False,2025-06-04 16:19:40.799831647+00:00,T5,2025-06-04 16:19:41.626436511+00:00
1-20250604-01017,1,110,0.537,kg,1.29,False,2025-06-04 16:21:53.801304998+00:00,T4,2025-06-04 16:21:54.249512291+00:00
1-20250604-01018,1,133,1.0,count,3.99,False,2025-06-04 16:24:06.274844937+00:00,T5,2025-06-04 16:24:06.573673738+00:00
2-20250604-02154,2,110,0.393,kg,1.29,False,2025-06-04 16:24:03.406737273+00:00,T1,2025-06-04 16:24:12.852858374+00:00
2-20250604-02155,2,112,1.0,count,3.99,False,2025-06-04 16:25:09.633457715+00:00,T1,2025-06-04 16:25:12.611700037+00:00
2-20250604-02156,2,117,1.0,count,3.79,False,2025-06-04 16:26:43.458717911+00:00,T5,2025-06-04 16:26:45.060379940+00:00
2-20250604-02157,2,143,2.0,count,1.19,False,2025-06-04 16:28:35.153763984+00:00,T5,2025-06-04 16:28:36.269101929+00:00
1-20250604-01019,1,157,0.207,liter,2.99,False,2025-06-04 16:28:41.866927763+00:00,T4,2025-06-04 16:28:42.210929001+00:00
1-20250604-01020,1,149,1.0,count,2.39,True,2025-06-04 16:29:09.759264119+00:00,T5,2025-06-04 16:29:10.215792395+00:00
2-20250604-02158,2,108,1.0,count,1.25,False,2025-06-04 16:31:25.996255796+00:00,T2,2025-06-04 16:31:26.121741602+00:00
3-20250604-03019,3,115,1.0,count,3.49,False,2025-06-04 16:31:55.172238852+00:00,T5,2025-06-04 16:31:56.884753194+00:00
2-20250604-02159,2,154,0.205,liter,3.99,False,2025-06-04 16:33:55.129654060+00:00,T3,2025-06-04 16:33:59.608460010+00:00
1-20250604-01021,1,140,2.0,count,2.79,False,2025-06-04 16:34:23.724335719+00:00,T4,2025-06-04 16:34:24.417650426+00:00
3-20250604-03020,3,142,1.0,count,3.49,False,2025-06-04 16:37:11.273635650+00:00,T4,2025-06-04 16:37:12.607444226+00:00
1-20250604-01022,1,105,2.892,kg,3.49,False,2025-06-04 16:38:51.658391234+00:00,T1,2025-06-04 16:38:53.287160667+00:00
2-20250604-02160,2,140,1.0,count,2.79,False,2025-06-04 16:39:50.384054617+00:00,T1,2025-06-04 16:39:52.643727787+00:00
2-20250604-02161,2,138,1.0,count,1.49,False,2025-06-04 16:39:51.828589190+00:00,T2,2025-06-04 16:39:54.815714319+00:00
1-20250604-01023,1,108,1.0,count,1.25,False,2025-06-04 16:40:02.196749587+00:00,T2,2025-06-04 16:40:06.750773359+00:00
1-20250604-01024,1,102,1.0,count,0.79,False,2025-06-04 16:40:33.070610152+00:00,T2,2025-06-04 16:40:34.176309694+00:00
1-20250604-01025,1,102,2.0,count,0.79,False,2025-06-04 16:41:09.813427875+00:00,T4,2025-06-04 16:41:09.903765349+00:00
1-20250604-01026,1,123,1.0,count,2.99,False,2025-06-04 16:41:30.828740769+00:00,T4,2025-06-04 16:41:32.604548187+00:00
1-20250604-01027,1,120,1.0,count,3.99,False,2025-06-04 16:41:34.742354226+00:00,T3,2025-06-04 16:41:36.371173845+00:00
2-20250604-02162,2,143,2.0,count,1.19,False,2025-06-04 16:43:17.899742236+00:00,T2,2025-06-04 16:43:18.337813835+00:00
1-20250604-01028,1,129,0.552,kg,9.49,False,2025-06-04 16:43:36.941073816+00:00,T5,2025-06-04 16:43:38.411617188+00:00
2-20250604-02163,2,111,1.142,kg,1.59,False,2025-06-04 16:44:00.798645921+00:00,T3,2025-06-04 16:44:04.091712784+00:00
1-20250604-01029,1,104,1.144,kg,1.99,False,2025-06-04 16:44:03.572546049+00:00,T1,2025-06-04 16:44:04.571220648+00:00
2-20250604-02164,2,124,1.0,count,3.49,False,2025-06-04 16:44:29.767914204+00:00,T2,2025-06-04 16:44:29.938187730+00:00
1-20250604-01030,1,110,0.358,kg,1.29,False,2025-06-04 16:44:29.666084285+00:00,T1,2025-06-04 16:44:31.399769817+00:00
2-20250604-02165,2,105,1.477,kg,3.49,False,2025-06-04 16:44:41.042125260+00:00,T2,2025-06-04 16:44:43.550189113+00:00
1-20250604-01031,1,129,2.001,kg,9.49,False,2025-06-04 16:46:14.848043380+00:00,T1,2025-06-04 16:46:14.892821254+00:00
1-20250604-01032,1,127,2.792,kg,8.99,False,2025-06-04 16:46:24.700070105+00:00,T2,2025-06-04 16:46:25.291459993+00:00
1-20250604-01033,1,152,1.0,count,2.99,False,2025-06-04 16:47:01.221484087+00:00,T4,2025-06-04 16:47:01.818940069+00:00
1-20250604-01034,1,139,2.0,count,2.99,False,2025-06-04 16:50:13.866943997+00:00,T3,2025-06-04 16:50:14.551653738+00:00
1-20250604-01035,1,117,1.0,count,3.79,False,2025-06-04 16:50:46.969970927+00:00,T1,2025-06-04 16:50:48.410020740+00:00
3-20250604-03021,3,110,0.211,kg,1.29,False,2025-06-04 16:51:30.922423571+00:00,T4,2025-06-04 16:51:30.987800863+00:00
1-20250604-01036,1,127,0.701,kg,8.99,False,2025-06-04 16:52:07.088967127+00:00,T4,2025-06-04 16:52:08.273612029+00:00
3-20250604-03022,3,125,1.0,count,3.99,False,2025-06-04 16:52:44.328671033+00:00,T5,2025-06-04 16:52:50.490677752+00:00
2-20250604-02166,2,124,2.0,count,3.49,False,2025-06-04 16:53:22.959248408+00:00,T2,2025-06-04 16:53:23.777911873+00:00
2-20250604-02167,2,146,1.0,count,4.99,False,2025-06-04 16:54:49.014938428+00:00,T2,2025-06-04 16:54:50.540226004+00:00
1-20250604-01037,1,114,3.0,count,5.99,False,2025-06-04 16:55:18.315587114+00:00,T4,2025-06-04 16:55:18.648829901+00:00
3-20250604-03023,3,108,2.0,count,1.25,False,2025-06-04 16:57:10.505825254+00:00,T3,2025-06-04 16:57:14.405864040+00:00
2-20250604-02168,2,113,2.0,count,0.55,True,2025-06-04 16:57:47.726440301+00:00,T3,2025-06-04 16:57:49.393276464+00:00
1-20250604-01038,1,142,1.0,count,3.49,False,2025-06-04 16:59:12.536121140+00:00,T1,2025-06-04 16:59:13.585713975+00:00
3-20250604-03024,3,134,1.0,count,6.99,False,2025-06-04 16:59:23.994666648+00:00,T5,2025-06-04 16:59:27.352829755+00:00
2-20250604-02169,2,135,2.0,count,4.99,False,2025-06-04 16:59:41.892890662+00:00,T3,2025-06-04 16:59:43.138741230+00:00
1-20250604-01039,1,103,2.0,count,2.99,False,2025-06-04 16:59:50.231673079+00:00,T1,2025-06-04 16:59:53.750227400+00:00
1-20250604-01040,1,138,1.0,count,1.49,False,2025-06-04 17:01:07.039615482+00:00,T1,2025-06-04 17:01:11.382104442+00:00
2-20250604-02170,2,104,0.88,kg,1.99,False,2025-06-04 17:02:52.451042690+00:00,T5,2025-06-04 17:02:55.463427073+00:00
3-20250604-03025,3,102,1.0,count,0.79,False,2025-06-04 17:02:54.380273629+00:00,T3,2025-06-04 17:02:57.551586974+00:00
2-20250604-02170,2,104,0.88,kg,1.99,False,2025-06-04 17:02:52.451042690+00:00,T5,2025-06-04 17:03:03.798319475+00:00
2-20250604-02171,2,120,1.0,count,3.99,False,2025-06-04 17:03:13.849399926+00:00,T5,2025-06-04 17:03:15.023868333+00:00
3-20250604-03026,3,106,0.231,kg,3.99,False,2025-06-04 17:04:28.303218702+00:00,T5,2025-06-04 17:04:29.379914071+00:00
2-20250604-02172,2,139,1.0,count,2.99,False,2025-06-04 17:05:05.424299793+00:00,T2,2025-06-04 17:05:06.068831754+00:00
1-20250604-01041,1,103,2.0,count,2.99,False,2025-06-04 17:05:15.933605848+00:00,T4,2025-06-04 17:05:16.704074189+00:00
1-20250604-01042,1,106,0.521,kg,3.99,False,2025-06-04 17:05:38.232048919+00:00,T1,2025-06-04 17:05:40.962219261+00:00
2-20250604-02173,2,135,3.0,count,4.99,False,2025-06-04 17:05:40.791521537+00:00,T1,2025-06-04 17:05:42.799920307+00:00
2-20250604-02174,2,133,2.0,count,3.99,False,2025-06-04 17:07:07.476477301+00:00,T3,2025-06-04 17:07:09.146248539+00:00
3-20250604-03027,3,144,1.0,count,4.29,False,2025-06-04 17:07:38.066443217+00:00,T4,2025-06-04 17:07:39.474342782+00:00
1-20250604-01043,1,101,0.891,kg,1.49,False,2025-06-04 17:07:42.037664942+00:00,T2,2025-06-04 17:07:43.457607475+00:00
3-20250604-03028,3,157,0.525,liter,2.99,False,2025-06-04 17:08:59.499242247+00:00,T3,2025-06-04 17:08:59.957464708+00:00
1-20250604-01044,1,105,0.468,kg,3.49,False,2025-06-04 17:09:43.061263827+00:00,T3,2025-06-04 17:09:50.009045908+00:00
2-20250604-02175,2,101,0.664,kg,1.49,False,2025-06-04 17:10:00.727863866+00:00,T3,2025-06-04 17:10:01.591622804+00:00
2-20250604-02176,2,108,3.0,count,1.25,False,2025-06-04 17:11:17.491521717+00:00,T5,2025-06-04 17:11:20.485324978+00:00
1-20250604-01045,1,112,2.0,count,3.99,False,2025-06-04 17:14:30.010976668+00:00,T1,2025-06-04 17:14:30.562449503+00:00
2-20250604-02177,2,102,2.0,count,0.79,False,2025-06-04 17:14:48.286296719+00:00,T2,2025-06-04 17:14:48.323203955+00:00
3-20250604-03029,3,146,2.0,count,4.99,False,2025-06-04 17:15:42.339821457+00:00,T3,2025-06-04 17:15:43.573289858+00:00
1-20250604-01046,1,141,2.0,count,5.99,False,2025-06-04 17:18:13.565967430+00:00,T1,2025-06-04 17:18:13.666135898+00:00
2-20250604-02178,2,112,2.0,count,3.99,False,2025-06-04 17:19:19.955617506+00:00,T2,2025-06-04 17:19:25.519532856+00:00
1-20250604-01047,1,116,3.0,count,2.49,False,2025-06-04 17:19:34.081747451+00:00,T1,2025-06-04 17:19:38.367118302+00:00
2-20250604-02179,2,102,1.0,count,0.79,False,2025-06-04 17:21:20.911569699+00:00,T5,2025-06-04 17:21:24.306054277+00:00
2-20250604-02180,2,101,1.478,kg,1.49,False,2025-06-04 17:23:05.891086152+00:00,T5,2025-06-04 17:23:06.848025571+00:00
2-20250604-02181,2,106,1.543,kg,3.99,False,2025-06-04 17:23:59.373308893+00:00,T2,2025-06-04 17:24:01.149159246+00:00
2-20250604-02182,2,157,2.078,liter,2.99,False,2025-06-04 17:24:07.338123460+00:00,T1,2025-06-04 17:24:08.513620281+00:00
3-20250604-03030,3,144,1.0,count,4.29,False,2025-06-04 17:25:23.563906735+00:00,T1,2025-06-04 17:25:28.679328476+00:00
1-20250604-01048,1,109,1.0,count,1.99,False,2025-06-04 17:25:32.897167919+00:00,T4,2025-06-04 17:25:33.438173772+00:00
2-20250604-02183,2,101,2.271,kg,1.49,False,2025-06-04 17:25:34.196191174+00:00,T5,2025-06-04 17:25:34.238140184+00:00
1-20250604-01049,1,101,1.227,kg,1.49,False,2025-06-04 17:25:42.837552569+00:00,T5,2025-06-04 17:25:43.805608566+00:00
1-20250604-01050,1,109,1.0,count,1.99,False,2025-06-04 17:26:18.875440979+00:00,T1,2025-06-04 17:26:20.883295245+00:00
2-20250604-02184,2,123,3.0,count,2.99,False,2025-06-04 17:26:24.387556076+00:00,T3,2025-06-04 17:26:25.955236364+00:00
1-20250604-01051,1,117,2.0,count,3.79,False,2025-06-04 17:28:14.525865912+00:00,T3,2025-06-04 17:28:19.509586052+00:00
3-20250604-03031,3,107,1.0,count,1.89,False,2025-06-04 17:28:22.669696251+00:00,T3,2025-06-04 17:28:23.655247543+00:00
3-20250604-03032,3,127,1.603,kg,8.99,False,2025-06-04 17:29:41.389317431+00:00,T3,2025-06-04 17:29:42.610730393+00:00
1-20250604-01052,1,144,2.0,count,4.29,False,2025-06-04 17:31:29.621732417+00:00,T5,2025-06-04 17:31:30.054466403+00:00
1-20250604-01053,1,140,1.0,count,2.79,False,2025-06-04 17:32:10.398050664+00:00,T1,2025-06-04 17:32:13.054665039+00:00
2-20250604-02185,2,129,1.706,kg,9.49,False,2025-06-04 21:34:19.027165358+00:00,T4,2025-06-04 17:34:19.371683669+00:00
2-20250604-02186,2,128,0.159,kg,10.99,False,2025-06-04 21:34:22.108732238+00:00,T4,2025-06-04 17:34:26.990089734+00:00
3-20250604-03033,3,148,1.0,count,1.99,False,2025-06-04 17:34:49.321034623+00:00,T5,2025-06-04 17:34:49.490408154+00:00
2-20250604-02187,2,132,1.0,count,5.99,False,2025-06-04 17:35:57.765877973+00:00,T1,2025-06-04 17:35:59.299438500+00:00
2-20250604-02188,2,103,1.0,count,2.99,False,2025-06-04 17:36:05.551143366+00:00,T3,2025-06-04 17:36:06.240581606+00:00
3-20250604-03034,3,157,0.443,liter,2.99,False,2025-06-04 17:36:35.730592565+00:00,T1,2025-06-04 17:36:37.287652091+00:00
2-20250604-02189,2,145,1.0,count,9.99,False,2025-06-04 17:39:00.339014777+00:00,T3,2025-06-04 17:39:00.647318465+00:00
1-20250604-01054,1,132,2.0,count,5.99,False,2025-06-04 17:40:41.397315959+00:00,T3,2025-06-04 17:40:42.036583925+00:00
1-20250604-01055,1,112,3.0,count,3.99,False,2025-06-04 17:43:49.990506946+00:00,T3,2025-06-04 17:43:50.138595055+00:00
3-20250604-03035,3,126,1.0,count,1.29,False,2025-06-04 17:44:40.024037359+00:00,T1,2025-06-04 17:44:41.238209936+00:00
1-20250604-01056,1,148,2.0,count,1.99,False,2025-06-04 17:44:47.815258319+00:00,T5,2025-06-04 17:44:48.426063644+00:00
2-20250604-02190,2,112,3.0,count,3.99,False,2025-06-04 17:45:19.539247857+00:00,T2,2025-06-04 17:45:21.121822054+00:00
3-20250604-03036,3,113,1.0,count,0.55,True,2025-06-04 17:45:24.989518326+00:00,T2,2025-06-04 17:45:26.276702296+00:00
3-20250604-03037,3,101,0.523,kg,1.49,False,2025-06-04 17:45:53.508833933+00:00,T3,2025-06-04 17:45:54.874289331+00:00
2-20250604-02191,2,104,0.687,kg,1.99,False,2025-06-04 17:46:09.687759753+00:00,T2,2025-06-04 17:46:09.743229841+00:00
1-20250604-01057,1,122,1.0,count,4.29,False,2025-06-04 17:47:36.715606818+00:00,T4,2025-06-04 17:47:37.076852654+00:00
2-20250604-02192,2,105,0.664,kg,3.49,False,2025-06-04 21:47:46.046330195+00:00,T4,2025-06-04 17:47:46.427169203+00:00
1-20250604-01058,1,128,0.084,kg,10.99,False,2025-06-04 17:48:25.622927952+00:00,T3,2025-06-04 17:48:26.929200687+00:00
1-20250604-01059,1,110,2.607,kg,1.29,False,2025-06-04 17:49:19.856877503+00:00,T5,2025-06-04 17:49:21.082857151+00:00
1-20250604-01060,1,112,1.0,count,3.99,False,2025-06-04 17:50:46.398407127+00:00,T1,2025-06-04 17:50:50.007203844+00:00
3-20250604-03038,3,160,2.0,count,3.99,False,2025-06-04 17:50:47.296601873+00:00,T4,2025-06-04 17:50:50.622314180+00:00
3-20250604-03039,3,158,1.0,count,2.49,False,2025-06-04 17:51:18.477519791+00:00,T1,2025-06-04 17:51:18.930038543+00:00
2-20250604-02193,2,105,0.907,kg,3.49,False,2025-06-04 17:52:27.425218105+00:00,T5,2025-06-04 17:52:28.498114+00:00
1-20250604-01061,1,140,2.0,count,2.79,False,2025-06-04 17:52:37.522065248+00:00,T2,2025-06-04 17:52:38.480103260+00:00
3-20250604-03040,3,107,3.0,count,1.89,False,2025-06-04 17:54:26.814080501+00:00,T5,2025-06-04 17:54:29.355863715+00:00
2-20250604-02194,2,102,1.0,count,0.79,False,2025-06-04 21:56:20.630574751+00:00,T4,2025-06-04 17:56:29.874310964+00:00
2-20250604-02195,2,151,1.0,count,9.99,False,2025-06-04 17:57:24.445390875+00:00,T5,2025-06-04 17:57:24.742030986+00:00
3-20250604-03041,3,159,1.7,kg,12.99,False,2025-06-04 17:57:54.219846936+00:00,T5,2025-06-04 17:57:54.879580570+00:00
2-20250604-02196,2,145,1.0,count,9.99,False,2025-06-04 17:58:21.828403653+00:00,T1,2025-06-04 17:58:22.006134644+00:00
3-20250604-03042,3,101,0.497,kg,1.49,False,2025-06-04 18:01:12.844072446+00:00,T2,2025-06-04 18:01:16.138174733+00:00
1-20250604-01062,1,151,1.0,count,9.99,False,2025-06-04 18:01:43.445979573+00:00,T3,2025-06-04 18:01:49.727196148+00:00
1-20250604-01063,1,137,1.0,count,3.29,False,2025-06-04 18:02:01.627498707+00:00,T1,2025-06-04 18:02:06.028909684+00:00
3-20250604-03043,3,124,2.0,count,3.49,False,2025-06-04 18:03:41.894034327+00:00,T2,2025-06-04 18:03:45.857582893+00:00
3-20250604-03044,3,118,3.0,count,3.29,False,2025-06-04 18:04:56.610379848+00:00,T3,2025-06-04 18:05:00.721844427+00:00
1-20250604-01064,1,121,2.0,count,4.99,False,2025-06-04 18:06:21.340960788+00:00,T3,2025-06-04 18:06:21.562020496+00:00
2-20250604-02197,2,118,2.0,count,3.29,False,2025-06-04 18:07:45.863633355+00:00,T2,2025-06-04 18:07:46.916259861+00:00
1-20250604-01065,1,107,3.0,count,1.89,False,2025-06-04 18:08:05.158699332+00:00,T5,2025-06-04 18:08:07.509663348+00:00
3-20250604-03045,3,110,0.567,kg,1.29,False,2025-06-04 18:08:40.788311815+00:00,T2,2025-06-04 18:08:44.118006449+00:00
1-20250604-01066,1,105,1.587,kg,3.49,False,2025-06-04 18:08:45.277216219+00:00,T4,2025-06-04 18:08:46.411160857+00:00
1-20250604-01067,1,130,2.786,kg,21.99,False,2025-06-04 18:08:50.980638828+00:00,T3,2025-06-04 18:08:52.077208018+00:00
1-20250604-01068,1,150,1.0,count,8.99,False,2025-06-04 18:08:57.928584727+00:00,T1,2025-06-04 18:08:59.606965159+00:00
2-20250604-02198,2,102,1.0,count,0.79,False,2025-06-04 18:09:08.335858710+00:00,T1,2025-06-04 18:09:09.366041853+00:00
1-20250604-01069,1,101,1.587,kg,1.49,False,2025-06-04 18:10:34.703322530+00:00,T1,2025-06-04 18:10:35.406696465+00:00
2-20250604-02199,2,105,1.053,kg,3.49,False,2025-06-04 18:11:15.086159516+00:00,T5,2025-06-04 18:11:17.938974727+00:00
2-20250604-02200,2,138,2.0,count,1.49,False,2025-06-04 18:11:47.175255063+00:00,T2,2025-06-04 18:11:47.660195227+00:00
3-20250604-03046,3,143,2.0,count,1.19,False,2025-06-04 18:12:50.435367778+00:00,T5,2025-06-04 18:12:52.871295025+00:00
2-20250604-02201,2,110,0.34,kg,1.29,False,2025-06-04 22:13:18.683241795+00:00,T4,2025-06-04 18:13:22.664240196+00:00
2-20250604-02202,2,130,1.122,kg,21.99,False,2025-06-04 22:13:34.127749818+00:00,T4,2025-06-04 18:13:36.536297164+00:00
2-20250604-02203,2,118,1.0,count,3.29,False,2025-06-04 18:17:57.656402415+00:00,T1,2025-06-04 18:17:57.664621188+00:00
1-20250604-01070,1,101,2.116,kg,1.49,False,2025-06-04 18:18:11.666470507+00:00,T3,2025-06-04 18:18:11.924911171+00:00
3-20250604-03047,3,148,3.0,count,1.99,False,2025-06-04 18:18:10.643192962+00:00,T4,2025-06-04 18:18:13.783025381+00:00
2-20250604-02204,2,133,2.0,count,3.99,False,2025-06-04 18:18:25.410698146+00:00,T2,2025-06-04 18:18:26.880960496+00:00
2-20250604-02205,2,105,1.047,kg,3.49,False,2025-06-04 22:18:27.520785748+00:00,T4,2025-06-04 18:18:28.205789519+00:00
2-20250604-02206,2,151,1.0,count,9.99,False,2025-06-04 22:18:46.793154997+00:00,T4,2025-06-04 18:18:46.859812630+00:00
1-20250604-01071,1,126,2.0,count,1.29,False,2025-06-04 18:22:06.258024482+00:00,T3,2025-06-04 18:22:07.339060584+00:00
3-20250604-03048,3,152,1.0,count,2.99,False,2025-06-04 18:22:28.053074502+00:00,T5,2025-06-04 18:22:28.159067872+00:00
3-20250604-03049,3,151,2.0,count,9.99,False,2025-06-04 18:23:05.083237169+00:00,T1,2025-06-04 18:23:07.168505170+00:00
1-20250604-01072,1,112,1.0,count,3.99,False,2025-06-04 18:23:06.453902128+00:00,T2,2025-06-04 18:23:09.397189403+00:00
1-20250604-01073,1,123,1.0,count,2.99,False,2025-06-04 18:23:52.858041741+00:00,T5,2025-06-04 18:23:56.330252723+00:00
1-20250604-01074,1,120,2.0,count,3.99,False,2025-06-04 18:24:08.699983692+00:00,T3,2025-06-04 18:24:10.397169031+00:00
1-20250604-01075,1,154,1.395,liter,3.99,False,2025-06-04 18:24:26.860216177+00:00,T4,2025-06-04 18:24:26.861734321+00:00
3-20250604-03050,3,107,1.0,count,1.89,False,2025-06-04 18:24:36.189044873+00:00,T5,2025-06-04 18:24:40.656985982+00:00
3-20250604-03051,3,110,0.334,kg,1.29,False,2025-06-04 18:25:46.461223517+00:00,T1,2025-06-04 18:25:48.605100132+00:00
2-20250604-02207,2,155,1.533,liter,3.49,False,2025-06-04 18:27:41.752250705+00:00,T5,2025-06-04 18:27:42.848023927+00:00
3-20250604-03052,3,105,0.605,kg,3.49,False,2025-06-04 18:28:07.164965768+00:00,T5,2025-06-04 18:28:09.906460091+00:00
1-20250604-01076,1,111,0.729,kg,1.59,False,2025-06-04 18:29:37.417668468+00:00,T4,2025-06-04 18:29:39.547433274+00:00
1-20250604-01077,1,132,1.0,count,5.99,False,2025-06-04 18:29:57.854658262+00:00,T5,2025-06-04 18:30:03.582266746+00:00
3-20250604-03053,3,118,1.0,count,3.29,False,2025-06-04 18:30:01.538886041+00:00,T2,2025-06-04 18:30:04.811498899+00:00
2-20250604-02208,2,118,1.0,count,3.29,False,2025-06-04 18:30:24.913974837+00:00,T3,2025-06-04 18:30:25.284722962+00:00
1-20250604-01078,1,151,3.0,count,9.99,False,2025-06-04 18:30:37.144486612+00:00,T2,2025-06-04 18:30:43.376407268+00:00
2-20250604-02209,2,120,1.0,count,3.99,False,2025-06-04 18:31:45.289399107+00:00,T3,2025-06-04 18:31:47.015282460+00:00
1-20250604-01079,1,127,2.174,kg,8.99,False,2025-06-04 18:32:18.753637023+00:00,T4,2025-06-04 18:32:21.066127339+00:00
2-20250604-02210,2,159,0.16,kg,12.99,False,2025-06-04 18:32:28.646899011+00:00,T3,2025-06-04 18:32:28.927348175+00:00
1-20250604-01080,1,118,2.0,count,3.29,False,2025-06-04 18:33:31.792845080+00:00,T1,2025-06-04 18:33:32.230687692+00:00
3-20250604-03054,3,111,0.818,kg,1.59,False,2025-06-04 18:33:32.638666680+00:00,T4,2025-06-04 18:33:34.747082917+00:00
1-20250604-01081,1,113,1.0,count,0.55,True,2025-06-04 18:34:57.236824755+00:00,T5,2025-06-04 18:34:59.432752823+00:00
1-20250604-01082,1,107,1.0,count,1.89,False,2025-06-04 18:35:01.699739376+00:00,T3,2025-06-04 18:35:04.629256601+00:00
1-20250604-01083,1,132,1.0,count,5.99,False,2025-06-04 18:35:31.083923044+00:00,T4,2025-06-04 18:35:31.803955437+00:00
3-20250604-03055,3,105,0.376,kg,3.49,False,2025-06-04 18:36:18.221008127+00:00,T5,2025-06-04 18:36:24.211077073+00:00
2-20250604-02211,2,118,1.0,count,3.29,False,2025-06-04 18:36:24.434498566+00:00,T1,2025-06-04 18:36:28.739403939+00:00
1-20250604-01084,1,132,2.0,count,5.99,False,2025-06-04 18:37:46.780244093+00:00,T4,2025-06-04 18:37:46.944987111+00:00
2-20250604-02212,2,101,1.42,kg,1.49,False,2025-06-04 18:38:46.089953266+00:00,T3,2025-06-04 18:38:48.383665867+00:00
3-20250604-03056,3,109,1.0,count,1.99,False,2025-06-04 18:39:07.887571264+00:00,T2,2025-06-04 18:39:09.036170595+00:00
1-20250604-01085,1,105,1.102,kg,3.49,False,2025-06-04 18:39:09.016856835+00:00,T2,2025-06-04 18:39:09.142339301+00:00
1-20250604-01086,1,109,2.0,count,1.99,False,2025-06-04 18:39:21.884092705+00:00,T3,2025-06-04 18:39:22.186466624+00:00
2-20250604-02213,2,147,1.0,count,5.99,False,2025-06-04 18:39:47.691984603+00:00,T2,2025-06-04 18:39:52.733611868+00:00
3-20250604-03057,3,139,1.0,count,2.99,False,2025-06-04 18:40:08.514518559+00:00,T1,2025-06-04 18:40:16.535180863+00:00
1-20250604-01087,1,104,0.433,kg,1.99,False,2025-06-04 18:41:10.188561390+00:00,T4,2025-06-04 18:41:12.366123347+00:00
2-20250604-02214,2,118,2.0,count,3.29,False,2025-06-04 18:41:15.333898481+00:00,T3,2025-06-04 18:41:17.145356094+00:00
2-20250604-02215,2,118,3.0,count,3.29,False,2025-06-04 22:42:02.691719505+00:00,T4,2025-06-04 18:42:05.713857243+00:00
2-20250604-02216,2,103,2.0,count,2.99,False,2025-06-04 18:44:41.018064989+00:00,T3,2025-06-04 18:44:41.612084304+00:00
1-20250604-01088,1,127,0.77,kg,8.99,False,2025-06-04 18:44:43.692831067+00:00,T2,2025-06-04 18:44:48.702074300+00:00
2-20250604-02217,2,102,2.0,count,0.79,False,2025-06-04 18:45:07.412943080+00:00,T2,2025-06-04 18:45:10.330936811+00:00
1-20250604-01089,1,102,1.0,count,0.79,False,2025-06-04 18:45:30.181418264+00:00,T2,2025-06-04 18:45:30.650065734+00:00
3-20250604-03058,3,105,2.474,kg,3.49,False,2025-06-04 18:45:52.287137179+00:00,T1,2025-06-04 18:45:52.981247421+00:00
3-20250604-03059,3,147,1.0,count,5.99,False,2025-06-04 18:47:06.188074113+00:00,T5,2025-06-04 18:47:07.877043823+00:00
1-20250604-01090,1,111,2.148,kg,1.59,False,2025-06-04 18:47:59.959464615+00:00,T2,2025-06-04 18:48:02.173499273+00:00
1-20250604-01091,1,102,3.0,count,0.79,False,2025-06-04 18:48:34.899811001+00:00,T4,2025-06-04 18:48:40.089260957+00:00
3-20250604-03060,3,125,2.0,count,3.99,False,2025-06-04 18:49:42.642054089+00:00,T4,2025-06-04 18:49:52.262118259+00:00
2-20250604-02218,2,130,0.51,kg,21.99,False,2025-06-04 18:50:45.445741976+00:00,T2,2025-06-04 18:50:46.046116859+00:00
2-20250604-02220,2,128,2.049,kg,10.99,False,2025-06-04 18:52:54.697955358+00:00,T5,2025-06-04 18:52:55.197988176+00:00
3-20250604-03061,3,102,2.0,count,0.79,False,2025-06-04 18:53:13.428313081+00:00,T5,2025-06-04 18:53:14.167482259+00:00
1-20250604-01092,1,109,1.0,count,1.99,False,2025-06-04 18:53:52.778148195+00:00,T3,2025-06-04 18:53:56.647540928+00:00
3-20250604-03062,3,109,1.0,count,1.99,False,2025-06-04 18:54:53.090966070+00:00,T4,2025-06-04 18:54:55.251282582+00:00
1-20250604-01093,1,109,1.0,count,1.99,False,2025-06-04 18:55:15.687272995+00:00,T3,2025-06-04 18:55:17.641405752+00:00
3-20250604-03063,3,109,1.0,count,1.99,False,2025-06-04 18:56:58.512732372+00:00,T4,2025-06-04 18:56:58.840241749+00:00
1-20250604-01094,1,131,2.0,count,9.99,False,2025-06-04 18:57:39.185135206+00:00,T4,2025-06-04 18:57:41.998570311+00:00
3-20250604-03064,3,104,2.08,kg,1.99,False,2025-06-04 18:58:34.596465779+00:00,T1,2025-06-04 18:58:35.128327514+00:00
3-20250604-03065,3,107,2.0,count,1.89,False,2025-06-04 18:58:39.525681215+00:00,T1,2025-06-04 18:58:40.525249016+00:00
2-20250604-02221,2,112,1.0,count,3.99,False,2025-06-04 18:59:07.955868493+00:00,T1,2025-06-04 18:59:08.186650587+00:00
3-20250604-03066,3,118,1.0,count,3.29,False,2025-06-04 18:59:19.281909803+00:00,T3,2025-06-04 18:59:21.666357623+00:00
2-20250604-02222,2,122,1.0,count,4.29,False,2025-06-04 19:00:45.055693455+00:00,T1,2025-06-04 19:00:47.578464178+00:00
2-20250604-02223,2,153,2.0,count,12.99,False,2025-06-04 19:01:12.491848051+00:00,T5,2025-06-04 19:01:16.069663186+00:00
3-20250604-03067,3,134,1.0,count,6.99,False,2025-06-04 19:01:53.309921199+00:00,T2,2025-06-04 19:01:55.229297726+00:00
2-20250604-02224,2,104,1.189,kg,1.99,False,2025-06-04 19:02:16.618538272+00:00,T2,2025-06-04 19:02:19.433470684+00:00
2-20250604-02225,2,104,0.974,kg,1.99,False,2025-06-04 19:02:23.787297599+00:00,T5,2025-06-04 19:02:23.814011120+00:00
1-20250604-01095,1,128,1.551,kg,10.99,False,2025-06-04 19:02:58.307537689+00:00,T2,2025-06-04 19:02:58.375389740+00:00
3-20250604-03068,3,118,1.0,count,3.29,False,2025-06-04 19:03:26.990470074+00:00,T5,2025-06-04 19:03:28.748294431+00:00
2-20250604-02226,2,158,1.0,count,2.49,False,2025-06-04 19:03:47.753355068+00:00,T1,2025-06-04 19:03:50.794604307+00:00
2-20250604-02227,2,105,1.686,kg,3.49,False,2025-06-04 19:03:50.727070652+00:00,T3,2025-06-04 19:03:51.851133742+00:00
1-20250604-01096,1,109,1.0,count,1.99,False,2025-06-04 19:04:10.191253865+00:00,T2,2025-06-04 19:04:11.123627261+00:00
1-20250604-01097,1,158,1.0,count,2.49,False,2025-06-04 19:04:33.324195175+00:00,T4,2025-06-04 19:04:33.847903207+00:00
3-20250604-03069,3,110,1.399,kg,1.29,False,2025-06-04 19:06:05.939514964+00:00,T4,2025-06-04 19:06:07.527525505+00:00
3-20250604-03070,3,117,2.0,count,3.79,False,2025-06-04 19:06:21.725222696+00:00,T4,2025-06-04 19:06:22.773624452+00:00
2-20250604-02228,2,152,3.0,count,2.99,False,2025-06-04 19:06:37.090738052+00:00,T1,2025-06-04 19:06:37.337072774+00:00
2-20250604-02229,2,106,0.895,kg,3.99,False,2025-06-04 23:08:27.650572919+00:00,T4,2025-06-04 19:08:29.427854339+00:00
1-20250604-01098,1,102,3.0,count,0.79,False,2025-06-04 19:10:03.280662373+00:00,T5,2025-06-04 19:10:04.679137462+00:00
2-20250604-02230,2,128,0.906,kg,10.99,False,2025-06-04 19:10:27.266909247+00:00,T1,2025-06-04 19:10:27.315744592+00:00
3-20250604-03071,3,113,3.0,count,0.55,True,2025-06-04 19:11:40.305796363+00:00,T4,2025-06-04 19:11:40.864834280+00:00
2-20250604-02231,2,126,2.0,count,1.29,False,2025-06-04 23:12:25.580307654+00:00,T4,2025-06-04 19:12:27.599553473+00:00
2-20250604-02232,2,111,1.635,kg,1.59,False,2025-06-04 19:14:56.757666986+00:00,T5,2025-06-04 19:14:57.899700747+00:00
1-20250604-01099,1,108,1.0,count,1.25,False,2025-06-04 19:15:26.145613192+00:00,T3,2025-06-04 19:15:27.785570414+00:00
2-20250604-02233,2,135,2.0,count,4.99,False,2025-06-04 19:16:04.423852551+00:00,T3,2025-06-04 19:16:04.643269028+00:00
1-20250604-01100,1,135,1.0,count,4.99,False,2025-06-04 19:16:04.005142874+00:00,T2,2025-06-04 19:16:04.884276694+00:00
1-20250604-01101,1,155,1.501,liter,3.49,False,2025-06-04 19:17:22.035079377+00:00,T5,2025-06-04 19:17:25.034202983+00:00
1-20250604-01102,1,106,0.88,kg,3.99,False,2025-06-04 19:18:46.488619795+00:00,T2,2025-06-04 19:18:46.817513131+00:00
1-20250604-01103,1,140,1.0,count,2.79,False,2025-06-04 19:20:48.685812137+00:00,T2,2025-06-04 19:20:49.569704628+00:00
1-20250604-01104,1,133,1.0,count,3.99,False,2025-06-04 19:21:50.380355175+00:00,T4,2025-06-04 19:21:50.594766642+00:00
1-20250604-01105,1,135,1.0,count,4.99,False,2025-06-04 19:25:01.163504411+00:00,T1,2025-06-04 19:25:03.345118792+00:00
3-20250604-03072,3,103,1.0,count,2.99,False,2025-06-04 19:25:08.805727457+00:00,T5,2025-06-04 19:25:08.853163048+00:00
2-20250604-02234,2,124,1.0,count,3.49,False,2025-06-04 23:25:48.460855399+00:00,T4,2025-06-04 19:25:49.112106070+00:00
2-20250604-02235,2,147,1.0,count,5.99,False,2025-06-04 19:26:16.814443635+00:00,T3,2025-06-04 19:26:16.913324830+00:00
1-20250604-01106,1,117,2.0,count,3.79,False,2025-06-04 19:26:47.983475816+00:00,T2,2025-06-04 19:26:50.071240506+00:00
1-20250604-01107,1,160,2.0,count,3.99,False,2025-06-04 19:28:06.323607738+00:00,T3,2025-06-04 19:28:06.329641740+00:00
1-20250604-01108,1,132,3.0,count,5.99,False,2025-06-04 19:28:06.529492046+00:00,T4,2025-06-04 19:28:07.534393688+00:00
1-20250604-01109,1,153,1.0,count,12.99,False,2025-06-04 19:28:58.850264655+00:00,T2,2025-06-04 19:29:04.370525482+00:00
1-20250604-01110,1,108,2.0,count,1.25,False,2025-06-04 19:29:26.073977171+00:00,T5,2025-06-04 19:29:26.572508904+00:00
3-20250604-03073,3,143,1.0,count,1.19,False,2025-06-04 19:29:29.352875213+00:00,T5,2025-06-04 19:29:32.541908669+00:00
2-20250604-02236,2,110,2.151,kg,1.29,False,2025-06-04 19:29:34.356431407+00:00,T1,2025-06-04 19:29:36.846224735+00:00
3-20250604-03074,3,135,1.0,count,4.99,False,2025-06-04 19:30:10.929272603+00:00,T1,2025-06-04 19:30:12.460360080+00:00
3-20250604-03075,3,129,1.221,kg,9.49,False,2025-06-04 19:30:25.583870721+00:00,T4,2025-06-04 19:30:26.336534976+00:00
1-20250604-01111,1,159,0.868,kg,12.99,False,2025-06-04 19:31:14.904071374+00:00,T3,2025-06-04 19:31:15.293978868+00:00
2-20250604-02238,2,104,0.431,kg,1.99,False,2025-06-04 19:31:23.405127051+00:00,T1,2025-06-04 19:31:24.369882501+00:00
1-20250604-01112,1,108,1.0,count,1.25,False,2025-06-04 19:31:52.609722956+00:00,T4,2025-06-04 19:31:55.926007756+00:00
1-20250604-01113,1,112,1.0,count,3.99,False,2025-06-04 19:32:01.216187260+00:00,T3,2025-06-04 19:32:02.024945284+00:00
3-20250604-03076,3,147,1.0,count,5.99,False,2025-06-04 19:33:34.224224808+00:00,T5,2025-06-04 19:33:36.606359308+00:00
3-20250604-03077,3,115,1.0,count,3.49,False,2025-06-04 19:33:39.055876276+00:00,T4,2025-06-04 19:33:43.109258398+00:00
1-20250604-01114,1,101,1.25,kg,1.49,False,2025-06-04 19:33:53.132911635+00:00,T2,2025-06-04 19:33:57.824103126+00:00
3-20250604-03078,3,151,3.0,count,9.99,False,2025-06-04 19:35:02.994630171+00:00,T5,2025-06-04 19:35:05.677419573+00:00
2-20250604-02239,2,137,1.0,count,3.29,False,2025-06-04 19:36:38.996967833+00:00,T5,2025-06-04 19:36:39.464121488+00:00
3-20250604-03079,3,102,2.0,count,0.79,False,2025-06-04 19:37:04.568412640+00:00,T1,2025-06-04 19:37:09.627064910+00:00
2-20250604-02240,2,158,3.0,count,2.49,False,2025-06-04 19:37:33.023772985+00:00,T3,2025-06-04 19:37:36.125740934+00:00
1-20250604-01115,1,138,2.0,count,1.49,False,2025-06-04 19:38:15.551761506+00:00,T5,2025-06-04 19:38:18.086035766+00:00
2-20250604-02241,2,132,1.0,count,5.99,False,2025-06-04 23:39:15.676990366+00:00,T4,2025-06-04 19:39:15.679095024+00:00
1-20250604-01116,1,110,0.913,kg,1.29,False,2025-06-04 19:40:02.517852602+00:00,T2,2025-06-04 19:40:06.636427763+00:00
2-20250604-02242,2,125,1.0,count,3.99,False,2025-06-04 19:40:39.539135851+00:00,T3,2025-06-04 19:40:41.371519918+00:00
2-20250604-02243,2,119,3.0,count,5.49,False,2025-06-04 19:40:44.976097188+00:00,T3,2025-06-04 19:40:48.026520704+00:00
1-20250604-01117,1,135,1.0,count,4.99,False,2025-06-04 19:41:36.492927952+00:00,T4,2025-06-04 19:41:37.028905845+00:00
1-20250604-01118,1,151,2.0,count,9.99,False,2025-06-04 19:42:06.254447247+00:00,T5,2025-06-04 19:42:15.418036984+00:00
2-20250604-02237,2,159,0.904,kg,12.99,False,2025-06-04 19:30:18.770855969+00:00,T3,2025-06-04 19:42:46.835869291+00:00
1-20250604-01119,1,133,1.0,count,3.99,False,2025-06-04 19:42:49.522784936+00:00,T1,2025-06-04 19:42:51.667112566+00:00
2-20250604-02244,2,117,1.0,count,3.79,False,2025-06-04 19:43:26.122609598+00:00,T3,2025-06-04 19:43:28.169043017+00:00
1-20250604-01120,1,102,3.0,count,0.79,False,2025-06-04 19:44:29.202996340+00:00,T4,2025-06-04 19:44:30.182025938+00:00
3-20250604-03080,3,108,1.0,count,1.25,False,2025-06-04 19:44:57.258586802+00:00,T3,2025-06-04 19:45:00.785107204+00:00
3-20250604-03081,3,105,0.719,kg,3.49,False,2025-06-04 19:46:17.130001984+00:00,T2,2025-06-04 19:46:19.323028964+00:00
3-20250604-03082,3,102,2.0,count,0.79,False,2025-06-04 19:48:12.967232876+00:00,T4,2025-06-04 19:48:13.255703469+00:00
2-20250604-02245,2,117,2.0,count,3.79,False,2025-06-04 19:48:44.713697475+00:00,T1,2025-06-04 19:48:47.766521251+00:00
1-20250604-01121,1,157,1.344,liter,2.99,False,2025-06-04 19:49:15.569615602+00:00,T2,2025-06-04 19:49:19.626638654+00:00
2-20250604-02246,2,118,2.0,count,3.29,False,2025-06-04 19:49:35.970830983+00:00,T3,2025-06-04 19:49:38.639893835+00:00
1-20250604-01122,1,118,1.0,count,3.29,False,2025-06-04 19:51:23.942566621+00:00,T2,2025-06-04 19:51:25.098074405+00:00
1-20250604-01123,1,113,2.0,count,0.55,True,2025-06-04 19:52:38.941154253+00:00,T4,2025-06-04 19:52:39.465203920+00:00
2-20250604-02247,2,159,0.398,kg,12.99,False,2025-06-04 19:55:03.375250802+00:00,T5,2025-06-04 19:55:04.571429553+00:00
2-20250604-02248,2,113,1.0,count,0.55,True,2025-06-04 19:56:41.666157516+00:00,T1,2025-06-04 19:56:45.941789405+00:00
1-20250604-01124,1,112,3.0,count,3.99,False,2025-06-04 19:57:09.874610538+00:00,T2,2025-06-04 19:57:11.070588731+00:00
1-20250604-01125,1,101,0.609,kg,1.49,False,2025-06-04 20:00:04.082834814+00:00,T5,2025-06-04 20:00:04.095896092+00:00
3-20250604-03083,3,150,3.0,count,8.99,False,2025-06-04 20:02:24.991459740+00:00,T3,2025-06-04 20:02:26.884883287+00:00
3-20250604-03084,3,105,1.322,kg,3.49,False,2025-06-04 20:03:19.926314440+00:00,T5,2025-06-04 20:03:20.644038690+00:00
3-20250604-03085,3,110,2.546,kg,1.29,False,2025-06-04 20:03:27.362316247+00:00,T3,2025-06-04 20:03:28.937497928+00:00
2-20250604-02249,2,110,0.415,kg,1.29,False,2025-06-04 20:04:11.593264372+00:00,T5,2025-06-04 20:04:11.944278900+00:00
2-20250604-02250,2,159,0.843,kg,12.99,False,2025-06-04 20:05:07.617710501+00:00,T1,2025-06-04 20:05:07.918687624+00:00
3-20250604-03086,3,110,1.012,kg,1.29,False,2025-06-04 20:05:31.499530359+00:00,T3,2025-06-04 20:05:32.442928722+00:00
2-20250604-02251,2,116,1.0,count,2.49,False,2025-06-04 20:06:13.688503275+00:00,T3,2025-06-04 20:06:20.896724090+00:00
1-20250604-01126,1,150,1.0,count,8.99,False,2025-06-04 20:06:53.485013039+00:00,T3,2025-06-04 20:06:54.244789409+00:00
1-20250604-01127,1,160,1.0,count,3.99,False,2025-06-04 20:09:54.779774334+00:00,T2,2025-06-04 20:09:59.930601208+00:00
2-20250604-02252,2,137,1.0,count,3.29,False,2025-06-04 20:11:50.032117726+00:00,T2,2025-06-04 20:11:50.147096658+00:00
1-20250604-01128,1,108,2.0,count,1.25,False,2025-06-04 20:13:08.530024606+00:00,T1,2025-06-04 20:13:10.217209223+00:00
3-20250604-03087,3,118,2.0,count,3.29,False,2025-06-04 20:13:50.924459849+00:00,T5,2025-06-04 20:13:51.286082798+00:00
2-20250604-02253,2,158,1.0,count,2.49,False,2025-06-04 20:15:07.297850567+00:00,T5,2025-06-04 20:15:07.948923562+00:00
3-20250604-03088,3,139,1.0,count,2.99,False,2025-06-04 20:15:06.084219439+00:00,T1,2025-06-04 20:15:12.272532727+00:00
3-20250604-03089,3,133,2.0,count,3.99,False,2025-06-04 20:16:55.423160964+00:00,T1,2025-06-04 20:16:56.593439715+00:00
1-20250604-01129,1,105,1.4,kg,3.49,False,2025-06-04 20:17:44.839035005+00:00,T5,2025-06-04 20:17:45.013797849+00:00
1-20250604-01130,1,134,2.0,count,6.99,False,2025-06-04 20:17:59.555321173+00:00,T1,2025-06-04 20:18:00.664296871+00:00
2-20250604-02254,2,113,2.0,count,0.55,True,2025-06-04 20:18:45.948018752+00:00,T3,2025-06-04 20:18:47.159599564+00:00
3-20250604-03090,3,107,2.0,count,1.89,False,2025-06-04 20:18:59.075254450+00:00,T3,2025-06-04 20:19:01.014325610+00:00
1-20250604-01131,1,112,1.0,count,3.99,False,2025-06-04 20:19:56.745342019+00:00,T4,2025-06-04 20:19:58.402219915+00:00
1-20250604-01132,1,132,2.0,count,5.99,False,2025-06-04 20:21:09.250410085+00:00,T4,2025-06-04 20:21:12.558435082+00:00
1-20250604-01133,1,103,1.0,count,2.99,False,2025-06-04 20:21:47.323745365+00:00,T2,2025-06-04 20:21:49.246750303+00:00
3-20250604-03091,3,145,2.0,count,9.99,False,2025-06-04 20:22:40.336036831+00:00,T3,2025-06-04 20:22:41.541946191+00:00
3-20250604-03092,3,160,1.0,count,3.99,False,2025-06-04 20:23:08.539455859+00:00,T2,2025-06-04 20:23:09.989312027+00:00
1-20250604-01134,1,131,2.0,count,9.99,False,2025-06-04 20:24:01.149184915+00:00,T2,2025-06-04 20:24:03.016461316+00:00
2-20250604-02255,2,159,0.179,kg,12.99,False,2025-06-04 20:24:15.013969665+00:00,T3,2025-06-04 20:24:16.089927943+00:00
3-20250604-03093,3,110,0.989,kg,1.29,False,2025-06-04 20:24:15.061036415+00:00,T3,2025-06-04 20:24:16.371873793+00:00
1-20250604-01135,1,147,3.0,count,5.99,False,2025-06-04 20:24:39.506914383+00:00,T2,2025-06-04 20:24:39.915823613+00:00
1-20250604-01136,1,120,1.0,count,3.99,False,2025-06-04 20:25:26.986451068+00:00,T4,2025-06-04 20:25:29.372265174+00:00
3-20250604-03094,3,101,2.845,kg,1.49,False,2025-06-04 20:25:38.917590087+00:00,T1,2025-06-04 20:25:39.796502554+00:00
2-20250604-02256,2,146,1.0,count,4.99,False,2025-06-04 20:25:47.938813318+00:00,T3,2025-06-04 20:25:48.167617471+00:00
3-20250604-03095,3,133,1.0,count,3.99,False,2025-06-04 20:26:14.776513158+00:00,T1,2025-06-04 20:26:19.948748976+00:00
1-20250604-01137,1,105,2.462,kg,3.49,False,2025-06-04 20:26:22.999816822+00:00,T4,2025-06-04 20:26:23.645075435+00:00
2-20250604-02257,2,146,3.0,count,4.99,False,2025-06-04 20:26:15.977559391+00:00,T3,2025-06-04 20:26:24.445457894+00:00
2-20250604-02258,2,133,2.0,count,3.99,False,2025-06-04 20:28:36.557362342+00:00,T1,2025-06-04 20:28:38.396065241+00:00
1-20250604-01138,1,102,1.0,count,0.79,False,2025-06-04 20:31:16.147867812+00:00,T3,2025-06-04 20:31:16.969370558+00:00
1-20250604-01139,1,109,2.0,count,1.99,False,2025-06-04 20:31:24.377458176+00:00,T4,2025-06-04 20:31:26.035506726+00:00
2-20250604-02259,2,110,0.686,kg,1.29,False,2025-06-04 20:32:01.786218194+00:00,T5,2025-06-04 20:32:03.781747991+00:00
1-20250604-01140,1,141,2.0,count,5.99,False,2025-06-04 20:33:10.360342495+00:00,T3,2025-06-04 20:33:13.804667758+00:00
2-20250604-02260,2,127,1.92,kg,8.99,False,2025-06-04 20:33:33.018302801+00:00,T2,2025-06-04 20:33:36.985440127+00:00
1-20250604-01141,1,107,2.0,count,1.89,False,2025-06-04 20:33:55.915327402+00:00,T3,2025-06-04 20:34:02.171625202+00:00
3-20250604-03096,3,117,1.0,count,3.79,False,2025-06-04 20:35:35.043876460+00:00,T3,2025-06-04 20:35:39.242596562+00:00
2-20250604-02261,2,132,3.0,count,5.99,False,2025-06-04 20:35:38.892995068+00:00,T1,2025-06-04 20:35:43.115725478+00:00
1-20250604-01142,1,110,1.802,kg,1.29,False,2025-06-04 20:35:45.608020364+00:00,T4,2025-06-04 20:35:47.935555550+00:00
1-20250604-01143,1,102,2.0,count,0.79,False,2025-06-04 20:37:13.533983808+00:00,T1,2025-06-04 20:37:14.303679627+00:00
2-20250604-02262,2,148,2.0,count,1.99,False,2025-06-05 00:38:47.720083163+00:00,T4,2025-06-04 20:38:47.919884752+00:00
2-20250604-02263,2,107,3.0,count,1.89,False,2025-06-04 20:41:12.130684503+00:00,T1,2025-06-04 20:41:13.938683610+00:00
2-20250604-02264,2,118,1.0,count,3.29,False,2025-06-04 20:41:40.988433924+00:00,T1,2025-06-04 20:41:41.151419512+00:00
1-20250604-01144,1,145,1.0,count,9.99,False,2025-06-04 20:42:38.132405329+00:00,T3,2025-06-04 20:42:41.113824204+00:00
3-20250604-03097,3,154,0.752,liter,3.99,False,2025-06-04 20:42:52.503161520+00:00,T3,2025-06-04 20:42:52.621699736+00:00
3-20250604-03098,3,143,2.0,count,1.19,False,2025-06-04 20:43:31.474327702+00:00,T4,2025-06-04 20:43:35.391702216+00:00
2-20250604-02265,2,105,0.699,kg,3.49,False,2025-06-05 00:45:35.669213806+00:00,T4,2025-06-04 20:45:36.242503710+00:00
1-20250604-01145,1,101,1.448,kg,1.49,False,2025-06-04 20:48:15.314240027+00:00,T1,2025-06-04 20:48:15.675563097+00:00
2-20250604-02266,2,105,0.793,kg,3.49,False,2025-06-04 20:49:27.608118451+00:00,T2,2025-06-04 20:49:29.083163913+00:00
3-20250604-03099,3,132,1.0,count,5.99,False,2025-06-04 20:49:36.413838925+00:00,T2,2025-06-04 20:49:39.638016923+00:00
1-20250604-01146,1,111,0.625,kg,1.59,False,2025-06-04 20:50:04.600790987+00:00,T4,2025-06-04 20:50:07.984749187+00:00
3-20250604-03100,3,114,1.0,count,5.99,False,2025-06-04 20:50:41.398625964+00:00,T3,2025-06-04 20:50:41.640122828+00:00
2-20250604-02267,2,116,1.0,count,2.49,False,2025-06-04 20:50:42.993798524+00:00,T2,2025-06-04 20:50:43.300495362+00:00
3-20250604-03101,3,116,2.0,count,2.49,False,2025-06-04 20:51:54.744251263+00:00,T1,2025-06-04 20:51:56.218095040+00:00
3-20250604-03102,3,106,0.538,kg,3.99,False,2025-06-04 20:52:56.007041049+00:00,T4,2025-06-04 20:52:57.358132306+00:00
3-20250604-03103,3,144,1.0,count,4.29,False,2025-06-04 20:53:08.425262483+00:00,T5,2025-06-04 20:53:11.549443936+00:00
3-20250604-03104,3,156,0.2,liter,11.99,False,2025-06-04 20:53:55.877621951+00:00,T4,2025-06-04 20:53:57.342641028+00:00
3-20250604-03105,3,110,1.412,kg,1.29,False,2025-06-04 20:54:24.449233995+00:00,T1,2025-06-04 20:54:25.581088814+00:00
1-20250604-01147,1,150,2.0,count,8.99,False,2025-06-04 20:57:28.794378539+00:00,T2,2025-06-04 20:57:30.699543918+00:00
1-20250604-01148,1,143,3.0,count,1.19,False,2025-06-04 20:57:48.880834558+00:00,T2,2025-06-04 20:57:49.060913085+00:00
1-20250604-01149,1,150,1.0,count,8.99,False,2025-06-04 20:58:38.801110647+00:00,T5,2025-06-04 20:58:40.111869107+00:00
1-20250604-01150,1,155,0.849,liter,3.49,False,2025-06-04 21:00:20.224946668+00:00,T4,2025-06-04 21:00:22.644951729+00:00
1-20250604-01151,1,116,1.0,count,2.49,False,2025-06-04 21:00:41.956423159+00:00,T1,2025-06-04 21:00:43.749506886+00:00
1-20250604-01152,1,144,2.0,count,4.29,False,2025-06-04 21:01:08.094254518+00:00,T4,2025-06-04 21:01:08.633500118+00:00
1-20250604-01153,1,158,1.0,count,2.49,False,2025-06-04 21:02:32.921284558+00:00,T3,2025-06-04 21:02:33.937738586+00:00
3-20250604-03106,3,118,1.0,count,3.29,False,2025-06-04 21:05:07.589464553+00:00,T3,2025-06-04 21:05:13.271676642+00:00
3-20250604-03107,3,128,0.922,kg,10.99,False,2025-06-04 21:05:20.319645876+00:00,T4,2025-06-04 21:05:20.901458458+00:00
1-20250604-01154,1,126,2.0,count,1.29,False,2025-06-04 21:06:22.766824620+00:00,T5,2025-06-04 21:06:27.875285715+00:00
1-20250604-01155,1,110,3.302,kg,1.29,False,2025-06-04 21:08:37.200310204+00:00,T5,2025-06-04 21:08:38.533172492+00:00
2-20250604-02268,2,104,0.318,kg,1.99,False,2025-06-04 21:09:50.363725786+00:00,T5,2025-06-04 21:09:52.387881028+00:00
3-20250604-03108,3,107,1.0,count,1.89,False,2025-06-04 21:10:57.474789047+00:00,T3,2025-06-04 21:10:57.733873118+00:00
1-20250604-01156,1,113,2.0,count,0.55,True,2025-06-04 21:11:07.182065741+00:00,T5,2025-06-04 21:11:08.132925220+00:00
3-20250604-03109,3,128,1.742,kg,10.99,False,2025-06-04 21:11:11.171232414+00:00,T1,2025-06-04 21:11:12.337692369+00:00
1-20250604-01157,1,132,1.0,count,5.99,False,2025-06-04 21:11:46.706815211+00:00,T1,2025-06-04 21:11:50.920941924+00:00
1-20250604-01158,1,146,2.0,count,4.99,False,2025-06-04 21:13:14.972871140+00:00,T3,2025-06-04 21:13:17.834647026+00:00
2-20250604-02269,2,105,0.651,kg,3.49,False,2025-06-05 01:13:28.635735295+00:00,T4,2025-06-04 21:13:30.741139244+00:00
2-20250604-02270,2,147,3.0,count,5.99,False,2025-06-05 01:13:36.139527767+00:00,T4,2025-06-04 21:13:37.480615308+00:00
2-20250604-02271,2,101,2.164,kg,1.49,False,2025-06-04 21:16:14.621995055+00:00,T2,2025-06-04 21:16:18.158169516+00:00
2-20250604-02272,2,135,1.0,count,4.99,False,2025-06-04 21:16:21.295296342+00:00,T3,2025-06-04 21:16:23.298145907+00:00
2-20250604-02273,2,106,0.658,kg,3.99,False,2025-06-04 21:16:41.809467119+00:00,T2,2025-06-04 21:16:47.305272710+00:00
2-20250604-02274,2,137,1.0,count,3.29,False,2025-06-04 21:19:35.598586063+00:00,T3,2025-06-04 21:19:35.603378560+00:00
2-20250604-02275,2,136,3.0,count,8.99,False,2025-06-04 21:21:37.768170120+00:00,T1,2025-06-04 21:21:39.739829773+00:00
1-20250604-01159,1,106,1.385,kg,3.99,False,2025-06-04 21:21:49.269556224+00:00,T2,2025-06-04 21:21:51.836674943+00:00
1-20250604-01160,1,138,2.0,count,1.49,False,2025-06-04 21:22:19.164568103+00:00,T5,2025-06-04 21:22:24.152160339+00:00
2-20250604-02276,2,128,0.245,kg,10.99,False,2025-06-04 21:22:28.106183133+00:00,T3,2025-06-04 21:22:30.223066635+00:00
1-20250604-01161,1,123,1.0,count,2.99,False,2025-06-04 21:23:29.952401064+00:00,T5,2025-06-04 21:23:30.367948469+00:00
1-20250604-01162,1,106,2.725,kg,3.99,False,2025-06-04 21:24:16.476041535+00:00,T5,2025-06-04 21:24:18.994271662+00:00
1-20250604-01163,1,105,0.153,kg,3.49,False,2025-06-04 21:24:21.797742981+00:00,T2,2025-06-04 21:24:22.131789444+00:00
1-20250604-01164,1,132,1.0,count,5.99,False,2025-06-04 21:24:23.203535733+00:00,T4,2025-06-04 21:24:26.374360389+00:00
2-20250604-02277,2,122,2.0,count,4.29,False,2025-06-04 21:24:25.778510516+00:00,T5,2025-06-04 21:24:29.655525777+00:00
1-20250604-01165,1,125,1.0,count,3.99,False,2025-06-04 21:25:15.427428753+00:00,T4,2025-06-04 21:25:26.958915951+00:00
2-20250604-02278,2,105,0.589,kg,3.49,False,2025-06-04 21:25:36.401500078+00:00,T3,2025-06-04 21:25:37.260824245+00:00
2-20250604-02279,2,119,2.0,count,5.49,False,2025-06-04 21:25:58.335724384+00:00,T5,2025-06-04 21:26:00.617717892+00:00
1-20250604-01166,1,149,2.0,count,2.39,True,2025-06-04 21:28:15.828510305+00:00,T2,2025-06-04 21:28:15.985492127+00:00
3-20250604-03110,3,149,1.0,count,2.39,True,2025-06-04 21:28:28.294544735+00:00,T5,2025-06-04 21:28:28.854632165+00:00
2-20250604-02219,2,134,2.0,count,6.99,False,2025-06-04 18:51:28.700409071+00:00,T5,2025-06-04 21:29:35.269089576+00:00
1-20250604-01167,1,158,2.0,count,2.49,False,2025-06-04 21:30:03.199286185+00:00,T4,2025-06-04 21:30:03.494919070+00:00
2-20250604-02280,2,104,2.748,kg,1.99,False,2025-06-04 21:30:39.181403076+00:00,T1,2025-06-04 21:30:41.240950196+00:00
1-20250604-01168,1,122,3.0,count,4.29,False,2025-06-04 21:31:33.986601921+00:00,T2,2025-06-04 21:31:35.120487660+00:00
1-20250604-01169,1,149,2.0,count,2.39,True,2025-06-04 21:33:55.802389776+00:00,T4,2025-06-04 21:33:56.015860949+00:00
2-20250604-02281,2,132,2.0,count,5.99,False,2025-06-04 21:36:44.300225690+00:00,T1,2025-06-04 21:36:45.186346610+00:00
2-20250604-02282,2,138,3.0,count,1.49,False,2025-06-05 01:39:10.820289327+00:00,T4,2025-06-04 21:39:11.493628636+00:00
3-20250604-03112,3,113,2.0,count,0.55,True,2025-06-04 21:39:15.947892419+00:00,T5,2025-06-04 21:39:16.019947294+00:00
3-20250604-03113,3,128,0.87,kg,10.99,False,2025-06-04 21:41:29.192603002+00:00,T3,2025-06-04 21:41:32.307765360+00:00
3-20250604-03114,3,130,1.629,kg,21.99,False,2025-06-04 21:42:19.338444401+00:00,T5,2025-06-04 21:42:21.075139453+00:00
1-20250604-01170,1,125,1.0,count,3.99,False,2025-06-04 21:42:32.979829139+00:00,T5,2025-06-04 21:42:34.060037263+00:00
3-20250604-03115,3,108,1.0,count,1.25,False,2025-06-04 21:45:18.992090276+00:00,T3,2025-06-04 21:45:19.219443515+00:00
2-20250604-02283,2,102,3.0,count,0.79,False,2025-06-04 21:45:23.254326231+00:00,T1,2025-06-04 21:45:23.526791213+00:00
3-20250604-03116,3,122,1.0,count,4.29,False,2025-06-04 21:45:45.896329065+00:00,T1,2025-06-04 21:45:47.521191913+00:00
1-20250604-01171,1,104,0.191,kg,1.99,False,2025-06-04 21:46:13.038143173+00:00,T5,2025-06-04 21:46:13.672112347+00:00
2-20250604-02284,2,102,1.0,count,0.79,False,2025-06-04 21:47:17.902005705+00:00,T2,2025-06-04 21:47:20.278296856+00:00
3-20250604-03117,3,160,1.0,count,3.99,False,2025-06-04 21:48:47.054670062+00:00,T4,2025-06-04 21:48:48.424926443+00:00
1-20250604-01172,1,110,1.257,kg,1.29,False,2025-06-04 21:49:04.918640326+00:00,T5,2025-06-04 21:49:05.259332758+00:00
2-20250604-02285,2,123,2.0,count,2.99,False,2025-06-04 21:50:06.046599331+00:00,T3,2025-06-04 21:50:07.430025280+00:00
1-20250604-01173,1,128,2.111,kg,10.99,False,2025-06-04 21:50:29.753868953+00:00,T4,2025-06-04 21:50:35.558844655+00:00
1-20250604-01174,1,115,1.0,count,3.49,False,2025-06-04 21:50:44.855503043+00:00,T2,2025-06-04 21:50:44.974469019+00:00
2-20250604-02286,2,137,2.0,count,3.29,False,2025-06-04 21:53:22.482361735+00:00,T2,2025-06-04 21:53:22.650547234+00:00
3-20250604-03118,3,101,2.115,kg,1.49,False,2025-06-04 21:56:21.504072837+00:00,T1,2025-06-04 21:56:24.622438163+00:00
2-20250604-02287,2,112,2.0,count,3.99,False,2025-06-04 21:56:24.388393206+00:00,T5,2025-06-04 21:56:26.274948795+00:00
2-20250604-02288,2,107,3.0,count,1.89,False,2025-06-04 21:56:26.039279285+00:00,T1,2025-06-04 21:56:27.068739405+00:00
2-20250604-02289,2,108,2.0,count,1.25,False,2025-06-04 21:56:43.615047193+00:00,T5,2025-06-04 21:56:45.146179956+00:00
1-20250604-01175,1,120,3.0,count,3.99,False,2025-06-04 21:57:23.847990814+00:00,T1,2025-06-04 21:57:23.912399502+00:00
1-20250604-01176,1,157,0.748,liter,2.99,False,2025-06-04 21:58:20.407100715+00:00,T1,2025-06-04 21:58:21.415159428+00:00
3-20250604-03119,3,110,0.963,kg,1.29,False,2025-06-04 21:59:13.740666293+00:00,T5,2025-06-04 21:59:13.992562651+00:00
1-20250604-01177,1,103,1.0,count,2.99,False,2025-06-04 22:01:18.364542425+00:00,T2,2025-06-04 22:01:20.404589287+00:00
2-20250604-02290,2,111,2.202,kg,1.59,False,2025-06-04 22:02:25.006517099+00:00,T1,2025-06-04 22:02:26.639188512+00:00
3-20250604-03120,3,102,1.0,count,0.79,False,2025-06-04 22:03:06.346323739+00:00,T4,2025-06-04 22:03:06.498876106+00:00
3-20250604-03121,3,110,1.504,kg,1.29,False,2025-06-04 22:04:23.789998671+00:00,T2,2025-06-04 22:04:25.543839988+00:00
1-20250604-01178,1,102,3.0,count,0.79,False,2025-06-04 22:04:30.388431771+00:00,T5,2025-06-04 22:04:30.812014228+00:00
2-20250604-02291,2,158,1.0,count,2.49,False,2025-06-04 22:04:53.387243121+00:00,T1,2025-06-04 22:04:55.207661025+00:00
1-20250604-01179,1,116,1.0,count,2.49,False,2025-06-04 22:05:13.793222676+00:00,T1,2025-06-04 22:05:19.992287230+00:00
1-20250604-01180,1,133,1.0,count,3.99,False,2025-06-04 22:05:18.002323216+00:00,T2,2025-06-04 22:05:22.578257059+00:00
3-20250604-03122,3,160,1.0,count,3.99,False,2025-06-04 22:06:14.348628319+00:00,T3,2025-06-04 22:06:14.660073868+00:00
1-20250604-01181,1,121,1.0,count,4.99,False,2025-06-04 22:06:37.045685799+00:00,T2,2025-06-04 22:06:37.373135748+00:00
1-20250604-01182,1,137,1.0,count,3.29,False,2025-06-04 22:08:12.525266221+00:00,T5,2025-06-04 22:08:15.570450947+00:00
1-20250604-01183,1,138,1.0,count,1.49,False,2025-06-04 22:08:19.691911588+00:00,T5,2025-06-04 22:08:28.843913142+00:00
3-20250604-03123,3,101,0.993,kg,1.49,False,2025-06-04 22:09:07.640912112+00:00,T4,2025-06-04 22:09:08.726015039+00:00
1-20250604-01184,1,106,0.553,kg,3.99,False,2025-06-04 22:09:59.337896165+00:00,T4,2025-06-04 22:09:59.560802562+00:00
1-20250604-01185,1,127,0.807,kg,8.99,False,2025-06-04 22:12:08.047655121+00:00,T2,2025-06-04 22:12:08.182495187+00:00
1-20250604-01186,1,114,1.0,count,5.99,False,2025-06-04 22:12:36.669741665+00:00,T4,2025-06-04 22:12:40.103595542+00:00
3-20250604-03124,3,113,1.0,count,0.55,True,2025-06-04 22:12:59.068261760+00:00,T5,2025-06-04 22:12:59.787489697+00:00
1-20250604-01187,1,147,3.0,count,5.99,False,2025-06-04 22:13:02.389337206+00:00,T5,2025-06-04 22:13:02.433936914+00:00
3-20250604-03125,3,111,1.315,kg,1.59,False,2025-06-04 22:13:05.067430144+00:00,T4,2025-06-04 22:13:07.548026759+00:00
1-20250604-01188,1,134,2.0,count,6.99,False,2025-06-04 22:13:57.788957225+00:00,T4,2025-06-04 22:13:58.640595757+00:00
3-20250604-03126,3,134,3.0,count,6.99,False,2025-06-04 22:14:20.336933211+00:00,T1,2025-06-04 22:14:20.399319156+00:00
2-20250604-02292,2,106,1.04,kg,3.99,False,2025-06-04 22:16:35.337086940+00:00,T3,2025-06-04 22:16:37.224809447+00:00
2-20250604-02293,2,150,1.0,count,8.99,False,2025-06-05 02:17:14.667736111+00:00,T4,2025-06-04 22:17:15.217277686+00:00
1-20250604-01189,1,117,2.0,count,3.79,False,2025-06-04 22:17:15.756797551+00:00,T3,2025-06-04 22:17:18.642223115+00:00
2-20250604-02294,2,146,1.0,count,4.99,False,2025-06-04 22:17:36.212852635+00:00,T5,2025-06-04 22:17:37.782255462+00:00
1-20250604-01190,1,128,1.226,kg,10.99,False,2025-06-04 22:17:33.630025570+00:00,T2,2025-06-04 22:17:38.022781304+00:00
1-20250604-01191,1,136,1.0,count,8.99,False,2025-06-04 22:18:39.890806484+00:00,T3,2025-06-04 22:18:43.308556965+00:00
2-20250604-02295,2,101,1.393,kg,1.49,False,2025-06-05 02:18:51.189102193+00:00,T4,2025-06-04 22:19:01.974718762+00:00
1-20250604-01192,1,112,1.0,count,3.99,False,2025-06-04 22:19:36.102911658+00:00,T3,2025-06-04 22:19:38.364373492+00:00
2-20250604-02296,2,114,1.0,count,5.99,False,2025-06-04 22:21:22.330728869+00:00,T3,2025-06-04 22:21:22.983818223+00:00
2-20250604-02297,2,111,1.042,kg,1.59,False,2025-06-04 22:22:13.139760388+00:00,T3,2025-06-04 22:22:13.214254165+00:00
1-20250604-01193,1,107,1.0,count,1.89,False,2025-06-04 22:22:35.304755678+00:00,T3,2025-06-04 22:22:35.700360432+00:00
2-20250604-02298,2,110,3.359,kg,1.29,False,2025-06-04 22:22:47.972687678+00:00,T5,2025-06-04 22:22:48.277066696+00:00
2-20250604-02299,2,124,1.0,count,3.49,False,2025-06-04 22:23:46.135794287+00:00,T3,2025-06-04 22:23:46.547357648+00:00
3-20250604-03127,3,101,0.743,kg,1.49,False,2025-06-04 22:24:52.736172139+00:00,T4,2025-06-04 22:24:53.518140211+00:00
1-20250604-01194,1,115,2.0,count,3.49,False,2025-06-04 22:25:07.483003983+00:00,T2,2025-06-04 22:25:09.041107695+00:00
1-20250604-01195,1,149,1.0,count,2.39,True,2025-06-04 22:27:08.183153045+00:00,T4,2025-06-04 22:27:11.161699312+00:00
1-20250604-01196,1,103,1.0,count,2.99,False,2025-06-04 22:29:00.059454655+00:00,T3,2025-06-04 22:29:00.829233489+00:00
3-20250604-03128,3,118,1.0,count,3.29,False,2025-06-04 22:29:44.088240898+00:00,T1,2025-06-04 22:29:44.556624631+00:00
2-20250604-02300,2,160,1.0,count,3.99,False,2025-06-04 22:33:26.815688709+00:00,T2,2025-06-04 22:33:30.311868722+00:00
3-20250604-03129,3,113,1.0,count,0.55,True,2025-06-04 22:34:14.357836680+00:00,T2,2025-06-04 22:34:14.967624920+00:00
3-20250604-03130,3,147,1.0,count,5.99,False,2025-06-04 22:34:27.835198810+00:00,T4,2025-06-04 22:34:29.099177180+00:00
3-20250604-03131,3,154,0.322,liter,3.99,False,2025-06-04 22:34:58.139213730+00:00,T3,2025-06-04 22:34:59.212435509+00:00
1-20250604-01198,1,113,2.0,count,0.55,True,2025-06-04 22:35:40.990738094+00:00,T3,2025-06-04 22:35:42.877676167+00:00
1-20250604-01197,1,112,2.0,count,3.99,False,2025-06-04 22:35:36.748245524+00:00,T3,2025-06-04 22:35:43.310414059+00:00
3-20250604-03111,3,141,1.0,count,5.99,False,2025-06-04 21:33:46.950837543+00:00,T1,2025-06-04 22:36:49.030061721+00:00
1-20250604-01199,1,127,0.507,kg,8.99,False,2025-06-04 22:37:35.447320559+00:00,T3,2025-06-04 22:37:42.040082223+00:00
1-20250604-01200,1,130,0.593,kg,21.99,False,2025-06-04 22:37:43.271791788+00:00,T5,2025-06-04 22:37:43.711345249+00:00
1-20250604-01201,1,132,1.0,count,5.99,False,2025-06-04 22:37:53.819782091+00:00,T5,2025-06-04 22:37:55.935540236+00:00
1-20250604-01202,1,110,1.231,kg,1.29,False,2025-06-04 22:37:56.345727101+00:00,T2,2025-06-04 22:37:57.316013266+00:00
1-20250604-01203,1,101,0.224,kg,1.49,False,2025-06-04 22:38:19.806975461+00:00,T5,2025-06-04 22:38:21.724535612+00:00
3-20250604-03132,3,112,1.0,count,3.99,False,2025-06-04 22:39:59.587528653+00:00,T1,2025-06-04 22:40:01.178632396+00:00
1-20250604-01204,1,115,2.0,count,3.49,False,2025-06-04 22:41:38.267226701+00:00,T3,2025-06-04 22:41:38.880796440+00:00
3-20250604-03133,3,122,2.0,count,4.29,False,2025-06-04 22:42:43.269868987+00:00,T3,2025-06-04 22:42:43.321572782+00:00
2-20250604-02301,2,149,1.0,count,2.39,True,2025-06-05 02:42:56.479844411+00:00,T4,2025-06-04 22:42:56.953685941+00:00
3-20250604-03134,3,116,2.0,count,2.49,False,2025-06-04 22:43:46.332206170+00:00,T5,2025-06-04 22:43:49.067705021+00:00
2-20250604-02302,2,127,1.338,kg,8.99,False,2025-06-05 02:45:44.577284907+00:00,T4,2025-06-04 22:45:45.354243489+00:00
3-20250604-03135,3,101,1.183,kg,1.49,False,2025-06-04 22:47:11.211271134+00:00,T3,2025-06-04 22:47:11.439584136+00:00
1-20250604-01205,1,110,1.805,kg,1.29,False,2025-06-04 22:47:15.225697389+00:00,T3,2025-06-04 22:47:15.704038550+00:00
1-20250604-01206,1,140,1.0,count,2.79,False,2025-06-04 22:49:18.206874492+00:00,T2,2025-06-04 22:49:24.635872975+00:00
1-20250604-01207,1,109,2.0,count,1.99,False,2025-06-04 22:49:31.532933165+00:00,T3,2025-06-04 22:49:35.132336427+00:00
3-20250604-03136,3,108,3.0,count,1.25,False,2025-06-04 22:49:47.313226163+00:00,T4,2025-06-04 22:49:47.355983107+00:00
1-20250604-01208,1,119,2.0,count,5.49,False,2025-06-04 22:51:58.062805277+00:00,T1,2025-06-04 22:52:01.574034538+00:00
3-20250604-03137,3,103,2.0,count,2.99,False,2025-06-04 22:52:55.353639422+00:00,T1,2025-06-04 22:52:56.671485189+00:00
3-20250604-03138,3,102,2.0,count,0.79,False,2025-06-04 22:53:11.502705992+00:00,T4,2025-06-04 22:53:13.702816821+00:00
1-20250604-01209,1,152,1.0,count,2.99,False,2025-06-04 22:53:38.639311911+00:00,T4,2025-06-04 22:53:39.227163791+00:00
3-20250604-03139,3,105,1.433,kg,3.49,False,2025-06-04 22:55:08.558590526+00:00,T4,2025-06-04 22:55:08.606317221+00:00
3-20250604-03140,3,122,2.0,count,4.29,False,2025-06-04 22:56:00.937327761+00:00,T4,2025-06-04 22:56:07.490417187+00:00
3-20250604-03141,3,141,1.0,count,5.99,False,2025-06-04 22:57:20.129862813+00:00,T4,2025-06-04 22:57:20.483518350+00:00
1-20250604-01210,1,117,2.0,count,3.79,False,2025-06-04 22:59:33.897713570+00:00,T5,2025-06-04 22:59:35.059466817+00:00
1-20250604-01211,1,116,2.0,count,2.49,False,2025-06-04 22:59:43.773017667+00:00,T2,2025-06-04 22:59:44.386937698+00:00
2-20250604-02303,2,142,1.0,count,3.49,False,2025-06-04 23:00:30.148077026+00:00,T1,2025-06-04 23:00:34.541667052+00:00
3-20250604-03142,3,124,1.0,count,3.49,False,2025-06-04 23:01:08.666617614+00:00,T4,2025-06-04 23:01:11.881633570+00:00
2-20250604-02304,2,101,2.045,kg,1.49,False,2025-06-04 23:01:59.403845679+00:00,T3,2025-06-04 23:02:00.489193252+00:00
2-20250604-02305,2,122,1.0,count,4.29,False,2025-06-04 23:02:06.160019172+00:00,T1,2025-06-04 23:02:06.835442682+00:00
1-20250604-01212,1,102,1.0,count,0.79,False,2025-06-04 23:02:58.474535613+00:00,T2,2025-06-04 23:02:59.896083684+00:00
3-20250604-03143,3,149,1.0,count,2.39,True,2025-06-04 23:03:31.558184928+00:00,T1,2025-06-04 23:03:31.977531373+00:00
3-20250604-03144,3,117,1.0,count,3.79,False,2025-06-04 23:03:39.748776291+00:00,T3,2025-06-04 23:03:45.523924890+00:00
2-20250604-02306,2,110,0.753,kg,1.29,False,2025-06-04 23:03:49.563977435+00:00,T1,2025-06-04 23:03:50.525250888+00:00
1-20250604-01213,1,127,1.465,kg,8.99,False,2025-06-04 23:06:15.309039533+00:00,T3,2025-06-04 23:06:17.047146174+00:00
2-20250604-02307,2,120,2.0,count,3.99,False,2025-06-05 03:07:27.498937640+00:00,T4,2025-06-04 23:07:29.064157359+00:00
1-20250604-01214,1,142,1.0,count,3.49,False,2025-06-04 23:08:03.193975725+00:00,T4,2025-06-04 23:08:03.209050120+00:00
2-20250604-02308,2,101,0.836,kg,1.49,False,2025-06-04 23:10:06.414925693+00:00,T3,2025-06-04 23:10:07.737572383+00:00
2-20250604-02309,2,127,0.817,kg,8.99,False,2025-06-05 03:10:38.872011163+00:00,T4,2025-06-04 23:10:38.949469755+00:00
1-20250604-01215,1,121,1.0,count,4.99,False,2025-06-04 23:11:01.795726541+00:00,T4,2025-06-04 23:11:09.122514364+00:00
1-20250604-01216,1,139,1.0,count,2.99,False,2025-06-04 23:12:25.027368323+00:00,T4,2025-06-04 23:12:25.048451770+00:00
2-20250604-02310,2,113,1.0,count,0.55,True,2025-06-04 23:13:34.835914395+00:00,T3,2025-06-04 23:13:37.364389898+00:00
3-20250604-03145,3,128,0.316,kg,10.99,False,2025-06-04 23:14:14.348561655+00:00,T4,2025-06-04 23:14:20.870412052+00:00
1-20250604-01217,1,105,0.083,kg,3.49,False,2025-06-04 23:15:57.802000221+00:00,T1,2025-06-04 23:15:58.072136960+00:00
1-20250604-01218,1,126,2.0,count,1.29,False,2025-06-04 23:16:05.887237611+00:00,T3,2025-06-04 23:16:07.282382881+00:00
1-20250604-01219,1,127,1.605,kg,8.99,False,2025-06-04 23:16:08.295100805+00:00,T2,2025-06-04 23:16:09.119801185+00:00
3-20250604-03146,3,149,1.0,count,2.39,True,2025-06-04 23:17:18.797842123+00:00,T4,2025-06-04 23:17:20.696650797+00:00
2-20250604-02311,2,146,2.0,count,4.99,False,2025-06-04 23:17:30.928967064+00:00,T2,2025-06-04 23:17:33.261887904+00:00
1-20250604-01220,1,105,0.057,kg,3.49,False,2025-06-04 23:17:35.521767139+00:00,T3,2025-06-04 23:17:36.420591843+00:00
3-20250604-03147,3,126,2.0,count,1.29,False,2025-06-04 23:18:35.598307294+00:00,T3,2025-06-04 23:18:35.819300412+00:00
3-20250604-03148,3,133,1.0,count,3.99,False,2025-06-04 23:19:31.015656528+00:00,T5,2025-06-04 23:19:31.843065921+00:00
3-20250604-03149,3,135,2.0,count,4.99,False,2025-06-04 23:20:59.972343322+00:00,T2,2025-06-04 23:21:03.683597969+00:00
3-20250604-03150,3,105,1.212,kg,3.49,False,2025-06-04 23:22:02.510329467+00:00,T5,2025-06-04 23:22:04.561911608+00:00
1-20250604-01221,1,117,1.0,count,3.79,False,2025-06-04 23:22:09.434656244+00:00,T1,2025-06-04 23:22:12.303839869+00:00
1-20250604-01222,1,143,2.0,count,1.19,False,2025-06-04 23:22:25.522681566+00:00,T2,2025-06-04 23:22:25.643291209+00:00
1-20250604-01223,1,108,2.0,count,1.25,False,2025-06-04 23:22:48.448032845+00:00,T1,2025-06-04 23:22:49.213371586+00:00
3-20250604-03151,3,121,1.0,count,4.99,False,2025-06-04 23:22:55.623086002+00:00,T1,2025-06-04 23:22:57.220743715+00:00
1-20250604-01224,1,104,0.491,kg,1.99,False,2025-06-04 23:23:29.669090281+00:00,T2,2025-06-04 23:23:32.345512766+00:00
2-20250604-02312,2,108,3.0,count,1.25,False,2025-06-04 23:26:00.487045417+00:00,T5,2025-06-04 23:26:03.670988092+00:00
2-20250604-02313,2,127,0.672,kg,8.99,False,2025-06-04 23:29:29.884001379+00:00,T1,2025-06-04 23:29:33.480724562+00:00
1-20250604-01225,1,104,0.446,kg,1.99,False,2025-06-04 23:29:49.503681030+00:00,T5,2025-06-04 23:29:52.406880767+00:00
1-20250604-01226,1,147,1.0,count,5.99,False,2025-06-04 23:29:51.019027809+00:00,T2,2025-06-04 23:29:54.382521457+00:00
1-20250604-01227,1,123,1.0,count,2.99,False,2025-06-04 23:30:33.221359253+00:00,T1,2025-06-04 23:30:33.318734156+00:00
1-20250604-01228,1,127,2.529,kg,8.99,False,2025-06-04 23:31:24.141196448+00:00,T5,2025-06-04 23:31:24.980156998+00:00
3-20250604-03152,3,128,1.748,kg,10.99,False,2025-06-04 23:31:24.804788829+00:00,T1,2025-06-04 23:31:25.546067894+00:00
3-20250604-03153,3,108,1.0,count,1.25,False,2025-06-04 23:31:40.516277662+00:00,T1,2025-06-04 23:31:42.123150743+00:00
1-20250604-01229,1,127,1.185,kg,8.99,False,2025-06-04 23:31:42.127883277+00:00,T5,2025-06-04 23:31:48.714123061+00:00
2-20250604-02314,2,118,2.0,count,3.29,False,2025-06-04 23:31:56.382161312+00:00,T1,2025-06-04 23:31:57.132490326+00:00
2-20250604-02314,2,118,2.0,count,3.29,False,2025-06-04 23:31:56.382161312+00:00,T1,2025-06-04 23:32:20.904261403+00:00
1-20250604-01230,1,156,0.48,liter,11.99,False,2025-06-04 23:34:04.562586739+00:00,T4,2025-06-04 23:34:06.267951576+00:00
2-20250604-02315,2,128,1.392,kg,10.99,False,2025-06-04 23:35:09.285823791+00:00,T1,2025-06-04 23:35:10.055957095+00:00
1-20250604-01231,1,144,3.0,count,4.29,False,2025-06-04 23:35:13.382360247+00:00,T2,2025-06-04 23:35:14.501725433+00:00
1-20250604-01232,1,107,1.0,count,1.89,False,2025-06-04 23:36:18.883063759+00:00,T3,2025-06-04 23:36:19.380935378+00:00
2-20250604-02316,2,121,1.0,count,4.99,False,2025-06-04 23:36:37.883731365+00:00,T1,2025-06-04 23:36:38.380155272+00:00
2-20250604-02317,2,156,0.411,liter,11.99,False,2025-06-04 23:38:26.820967628+00:00,T2,2025-06-04 23:38:27.015624200+00:00
2-20250604-02318,2,103,1.0,count,2.99,False,2025-06-04 23:39:19.023378896+00:00,T2,2025-06-04 23:39:22.094147619+00:00
1-20250604-01233,1,111,1.072,kg,1.59,False,2025-06-04 23:44:17.107837059+00:00,T4,2025-06-04 23:44:18.555157605+00:00
2-20250604-02319,2,124,1.0,count,3.49,False,2025-06-04 23:45:16.277259472+00:00,T3,2025-06-04 23:45:17.451736156+00:00
1-20250604-01234,1,131,1.0,count,9.99,False,2025-06-04 23:45:43.162271004+00:00,T5,2025-06-04 23:45:43.403599336+00:00
1-20250604-01235,1,123,1.0,count,2.99,False,2025-06-04 23:45:55.219755841+00:00,T1,2025-06-04 23:45:55.525903771+00:00
1-20250604-01236,1,126,1.0,count,1.29,False,2025-06-04 23:46:55.138650060+00:00,T4,2025-06-04 23:46:55.674967559+00:00
2-20250604-02320,2,118,3.0,count,3.29,False,2025-06-05 03:47:50.094784538+00:00,T4,2025-06-04 23:47:50.610107297+00:00
3-20250604-03154,3,155,1.15,liter,3.49,False,2025-06-04 23:48:08.332492361+00:00,T3,2025-06-04 23:48:09.810293926+00:00
1-20250604-01237,1,102,1.0,count,0.79,False,2025-06-04 23:48:19.883662085+00:00,T4,2025-06-04 23:48:20.018458079+00:00
3-20250604-03155,3,124,2.0,count,3.49,False,2025-06-04 23:48:40.327986372+00:00,T5,2025-06-04 23:48:41.255895426+00:00
1-20250604-01238,1,146,3.0,count,4.99,False,2025-06-04 23:48:53.094609358+00:00,T4,2025-06-04 23:48:56.170397033+00:00
3-20250604-03156,3,143,2.0,count,1.19,False,2025-06-04 23:48:59.896189678+00:00,T5,2025-06-04 23:49:00.193895382+00:00
3-20250604-03157,3,122,2.0,count,4.29,False,2025-06-04 23:50:47.498359776+00:00,T2,2025-06-04 23:50:51.408104946+00:00
3-20250604-03158,3,105,2.118,kg,3.49,False,2025-06-04 23:51:32.684441047+00:00,T5,2025-06-04 23:51:33.031548505+00:00
1-20250604-01239,1,104,0.801,kg,1.99,False,2025-06-04 23:51:40.632761396+00:00,T3,2025-06-04 23:51:42.804182120+00:00
1-20250604-01240,1,123,3.0,count,2.99,False,2025-06-04 23:52:46.702944762+00:00,T1,2025-06-04 23:52:48.406929288+00:00
1-20250604-01241,1,102,1.0,count,0.79,False,2025-06-04 23:54:20.829034075+00:00,T4,2025-06-04 23:54:22.536525890+00:00
2-20250604-02321,2,117,1.0,count,3.79,False,2025-06-04 23:54:50.826245517+00:00,T5,2025-06-04 23:54:57.327635642+00:00
3-20250604-03159,3,113,3.0,count,0.55,True,2025-06-04 23:56:25.600601898+00:00,T5,2025-06-04 23:56:28.099274866+00:00
3-20250604-03160,3,154,1.139,liter,3.99,False,2025-06-04 23:56:54.021811504+00:00,T3,2025-06-04 23:56:57.200145823+00:00
2-20250604-02322,2,111,3.374,kg,1.59,False,2025-06-04 23:57:16.199183497+00:00,T2,2025-06-04 23:57:17.177001863+00:00
1-20250604-01242,1,123,1.0,count,2.99,False,2025-06-04 23:58:09.840833762+00:00,T1,2025-06-04 23:58:11.359192013+00:00
2-20250604-02323,2,154,2.026,liter,3.99,False,2025-06-05 03:59:47.361206485+00:00,T4,2025-06-04 23:59:47.859992217+00:00
2-20250604-02324,2,149,1.0,count,2.39,True,2025-06-05 04:01:22.228535938+00:00,T4,2025-06-05 00:01:23.284699573+00:00
2-20250604-02325,2,148,1.0,count,1.99,False,2025-06-05 00:08:33.828856383+00:00,T2,2025-06-05 00:08:37.277936447+00:00
3-20250604-03161,3,140,2.0,count,2.79,False,2025-06-05 00:08:47.397627820+00:00,T2,2025-06-05 00:08:48.856526181+00:00
3-20250604-03162,3,125,1.0,count,3.99,False,2025-06-05 00:08:51.146461944+00:00,T2,2025-06-05 00:08:57.773670112+00:00
2-20250604-02326,2,112,1.0,count,3.99,False,2025-06-05 00:09:14.675403922+00:00,T2,2025-06-05 00:09:15.142243110+00:00
2-20250604-02327,2,109,2.0,count,1.99,False,2025-06-05 00:09:26.730801498+00:00,T1,2025-06-05 00:09:28.659052879+00:00
3-20250604-03163,3,119,3.0,count,5.49,False,2025-06-05 00:09:47.607733678+00:00,T4,2025-06-05 00:09:48.043300167+00:00
1-20250604-01243,1,133,2.0,count,3.99,False,2025-06-05 00:10:51.189943778+00:00,T5,2025-06-05 00:10:54.370853851+00:00
1-20250604-01244,1,127,0.706,kg,8.99,False,2025-06-05 00:11:08.692227084+00:00,T1,2025-06-05 00:11:14.311236579+00:00
2-20250604-02328,2,140,2.0,count,2.79,False,2025-06-05 00:11:46.223413681+00:00,T5,2025-06-05 00:11:50.395776761+00:00
2-20250604-02329,2,110,1.478,kg,1.29,False,2025-06-05 00:12:02.465450773+00:00,T2,2025-06-05 00:12:03.520698286+00:00
1-20250604-01245,1,112,3.0,count,3.99,False,2025-06-05 00:12:45.382885711+00:00,T3,2025-06-05 00:12:47.407407100+00:00
3-20250604-03164,3,102,2.0,count,0.79,False,2025-06-05 00:13:42.805785985+00:00,T5,2025-06-05 00:13:45.671131205+00:00
2-20250604-02330,2,123,2.0,count,2.99,False,2025-06-05 00:14:07.974201766+00:00,T2,2025-06-05 00:14:10.495057008+00:00
3-20250604-03165,3,141,2.0,count,5.99,False,2025-06-05 00:14:37.419486755+00:00,T1,2025-06-05 00:14:42.443407778+00:00
1-20250604-01247,1,138,1.0,count,1.49,False,2025-06-05 00:14:53.208325987+00:00,T2,2025-06-05 00:14:54.200020220+00:00
1-20250604-01246,1,120,1.0,count,3.99,False,2025-06-05 00:14:52.565130449+00:00,T1,2025-06-05 00:14:56.304975651+00:00
3-20250604-03166,3,120,2.0,count,3.99,False,2025-06-05 00:15:13.502496509+00:00,T1,2025-06-05 00:15:14.062251698+00:00
2-20250604-02331,2,138,2.0,count,1.49,False,2025-06-05 00:15:45.436137584+00:00,T1,2025-06-05 00:15:48.167705467+00:00
1-20250604-01248,1,108,2.0,count,1.25,False,2025-06-05 00:16:25.200506505+00:00,T5,2025-06-05 00:16:25.516598358+00:00
2-20250604-02332,2,122,3.0,count,4.29,False,2025-06-05 00:16:29.499179588+00:00,T3,2025-06-05 00:16:31.764830210+00:00
2-20250604-02333,2,148,2.0,count,1.99,False,2025-06-05 04:17:53.026886622+00:00,T4,2025-06-05 00:17:53.647655363+00:00
1-20250604-01249,1,107,2.0,count,1.89,False,2025-06-05 00:20:01.516867745+00:00,T4,2025-06-05 00:20:02.134539057+00:00
3-20250604-03167,3,119,1.0,count,5.49,False,2025-06-05 00:20:22.307779918+00:00,T5,2025-06-05 00:20:22.930148235+00:00
1-20250604-01250,1,123,2.0,count,2.99,False,2025-06-05 00:20:23.380010736+00:00,T3,2025-06-05 00:20:25.594467936+00:00
3-20250604-03168,3,126,2.0,count,1.29,False,2025-06-05 00:20:35.765582201+00:00,T3,2025-06-05 00:20:35.912568674+00:00
1-20250604-01251,1,133,1.0,count,3.99,False,2025-06-05 00:24:37.985697761+00:00,T2,2025-06-05 00:24:38.014344119+00:00
2-20250604-02334,2,126,1.0,count,1.29,False,2025-06-05 04:24:44.822647059+00:00,T4,2025-06-05 00:24:45.341044625+00:00
3-20250604-03169,3,106,0.954,kg,3.99,False,2025-06-05 00:25:21.495657357+00:00,T2,2025-06-05 00:25:23.894138399+00:00
2-20250604-02335,2,101,1.427,kg,1.49,False,2025-06-05 00:25:25.241431532+00:00,T5,2025-06-05 00:25:26.125914098+00:00
3-20250604-03170,3,106,0.252,kg,3.99,False,2025-06-05 00:28:31.865464657+00:00,T4,2025-06-05 00:28:32.036495195+00:00
1-20250604-01252,1,136,1.0,count,8.99,False,2025-06-05 00:28:36.839458340+00:00,T3,2025-06-05 00:28:36.976072250+00:00
2-20250604-02336,2,105,0.688,kg,3.49,False,2025-06-05 00:31:16.124665561+00:00,T2,2025-06-05 00:31:17.677101998+00:00
1-20250604-01253,1,116,3.0,count,2.49,False,2025-06-05 00:31:20.779361818+00:00,T2,2025-06-05 00:31:22.317240887+00:00
1-20250604-01254,1,128,0.079,kg,10.99,False,2025-06-05 00:34:09.317196215+00:00,T5,2025-06-05 00:34:09.773746039+00:00
3-20250604-03172,3,102,2.0,count,0.79,False,2025-06-05 00:34:23.668185944+00:00,T2,2025-06-05 00:34:24.944985164+00:00
3-20250604-03173,3,129,1.119,kg,9.49,False,2025-06-05 00:35:24.661424789+00:00,T1,2025-06-05 00:35:25.961737552+00:00
2-20250604-02337,2,128,0.368,kg,10.99,False,2025-06-05 00:35:53.565024325+00:00,T2,2025-06-05 00:35:55.633342506+00:00
2-20250604-02338,2,149,2.0,count,2.39,True,2025-06-05 00:36:04.384870951+00:00,T2,2025-06-05 00:36:08.710788260+00:00
2-20250604-02339,2,117,3.0,count,3.79,False,2025-06-05 00:36:17.664339215+00:00,T3,2025-06-05 00:36:18.483510069+00:00
1-20250604-01255,1,126,2.0,count,1.29,False,2025-06-05 00:36:20.736374179+00:00,T2,2025-06-05 00:36:20.928361307+00:00
2-20250604-02340,2,103,2.0,count,2.99,False,2025-06-05 00:36:50.336347474+00:00,T2,2025-06-05 00:36:50.906877695+00:00
2-20250604-02341,2,105,1.384,kg,3.49,False,2025-06-05 00:37:18.292959603+00:00,T3,2025-06-05 00:37:21.350329964+00:00
1-20250604-01256,1,120,2.0,count,3.99,False,2025-06-05 00:37:34.022587046+00:00,T2,2025-06-05 00:37:34.165718854+00:00
1-20250604-01257,1,101,0.345,kg,1.49,False,2025-06-05 00:37:58.038261913+00:00,T1,2025-06-05 00:37:58.364579664+00:00
1-20250604-01258,1,120,3.0,count,3.99,False,2025-06-05 00:38:13.788102661+00:00,T1,2025-06-05 00:38:19.118711610+00:00
1-20250604-01259,1,143,3.0,count,1.19,False,2025-06-05 00:38:19.943259887+00:00,T3,2025-06-05 00:38:22.621723833+00:00
3-20250604-03175,3,118,1.0,count,3.29,False,2025-06-05 00:39:07.334871110+00:00,T5,2025-06-05 00:39:07.602059115+00:00
2-20250604-02342,2,151,1.0,count,9.99,False,2025-06-05 00:39:21.883745975+00:00,T1,2025-06-05 00:39:24.698713166+00:00
3-20250604-03176,3,130,0.1,kg,21.99,False,2025-06-05 00:39:26.268383859+00:00,T4,2025-06-05 00:39:27.837205310+00:00
1-20250604-01260,1,110,0.77,kg,1.29,False,2025-06-05 00:41:06.786576622+00:00,T2,2025-06-05 00:41:09.078167568+00:00
3-20250604-03177,3,127,1.467,kg,8.99,False,2025-06-05 00:41:35.963621905+00:00,T1,2025-06-05 00:41:38.844730730+00:00
1-20250604-01261,1,105,1.897,kg,3.49,False,2025-06-05 00:41:47.480797706+00:00,T1,2025-06-05 00:41:48.778611086+00:00
1-20250604-01262,1,123,1.0,count,2.99,False,2025-06-05 00:41:52.826237424+00:00,T3,2025-06-05 00:41:58.630723784+00:00
3-20250604-03178,3,146,1.0,count,4.99,False,2025-06-05 00:42:32.849681563+00:00,T2,2025-06-05 00:42:36.390553064+00:00
1-20250604-01263,1,110,0.235,kg,1.29,False,2025-06-05 00:43:40.717341249+00:00,T4,2025-06-05 00:43:40.923633080+00:00
2-20250604-02343,2,150,1.0,count,8.99,False,2025-06-05 00:43:40.519508288+00:00,T3,2025-06-05 00:43:44.005038399+00:00
3-20250604-03179,3,127,1.016,kg,8.99,False,2025-06-05 00:44:02.362469621+00:00,T1,2025-06-05 00:44:02.795496273+00:00
3-20250604-03180,3,103,1.0,count,2.99,False,2025-06-05 00:44:13.326962444+00:00,T1,2025-06-05 00:44:15.518037128+00:00
3-20250604-03181,3,113,1.0,count,0.55,True,2025-06-05 00:44:53.746871670+00:00,T3,2025-06-05 00:44:55.393552326+00:00
3-20250604-03182,3,125,2.0,count,3.99,False,2025-06-05 00:44:57.959149053+00:00,T2,2025-06-05 00:44:58.437162614+00:00
3-20250604-03183,3,106,0.702,kg,3.99,False,2025-06-05 00:45:53.129691534+00:00,T2,2025-06-05 00:45:53.614995245+00:00
1-20250604-01264,1,115,1.0,count,3.49,False,2025-06-05 00:49:01.358196653+00:00,T4,2025-06-05 00:49:02.541450816+00:00
3-20250604-03184,3,128,0.83,kg,10.99,False,2025-06-05 00:51:46.229590827+00:00,T3,2025-06-05 00:51:46.940130927+00:00
1-20250604-01265,1,112,2.0,count,3.99,False,2025-06-05 00:51:59.781706653+00:00,T4,2025-06-05 00:52:00.628881371+00:00
2-20250604-02344,2,104,0.433,kg,1.99,False,2025-06-05 00:53:30.415204825+00:00,T1,2025-06-05 00:53:32.949946415+00:00
1-20250604-01266,1,101,1.767,kg,1.49,False,2025-06-05 00:53:29.794403243+00:00,T3,2025-06-05 00:53:33.714479896+00:00
3-20250604-03185,3,112,3.0,count,3.99,False,2025-06-05 00:55:11.024867680+00:00,T1,2025-06-05 00:55:11.347560487+00:00
1-20250604-01267,1,130,1.584,kg,21.99,False,2025-06-05 00:55:49.903362817+00:00,T4,2025-06-05 00:55:50.776613561+00:00
1-20250604-01268,1,117,1.0,count,3.79,False,2025-06-05 00:56:17.373821618+00:00,T1,2025-06-05 00:56:18.247726989+00:00
1-20250604-01269,1,102,1.0,count,0.79,False,2025-06-05 00:57:47.280104034+00:00,T4,2025-06-05 00:57:50.566535662+00:00
1-20250604-01270,1,116,2.0,count,2.49,False,2025-06-05 00:58:15.898216914+00:00,T4,2025-06-05 00:58:16.205362938+00:00
1-20250604-01271,1,102,1.0,count,0.79,False,2025-06-05 01:00:15.139222920+00:00,T1,2025-06-05 01:00:15.962534749+00:00
3-20250604-03186,3,110,1.883,kg,1.29,False,2025-06-05 01:00:39.047701178+00:00,T3,2025-06-05 01:00:39.473206638+00:00
1-20250604-01272,1,159,0.438,kg,12.99,False,2025-06-05 01:01:49.939941437+00:00,T4,2025-06-05 01:01:50.152338826+00:00
1-20250604-01273,1,133,2.0,count,3.99,False,2025-06-05 01:02:21.922257936+00:00,T5,2025-06-05 01:02:24.161696503+00:00
3-20250604-03187,3,147,1.0,count,5.99,False,2025-06-05 01:03:24.230353617+00:00,T4,2025-06-05 01:03:25.121861850+00:00
1-20250604-01274,1,116,1.0,count,2.49,False,2025-06-05 01:04:43.076691865+00:00,T4,2025-06-05 01:04:49.068413632+00:00
2-20250604-02345,2,124,1.0,count,3.49,False,2025-06-05 01:04:52.312744177+00:00,T2,2025-06-05 01:04:52.467159178+00:00
1-20250604-01275,1,125,1.0,count,3.99,False,2025-06-05 01:05:35.647806023+00:00,T3,2025-06-05 01:05:44.524311170+00:00
3-20250604-03188,3,128,1.145,kg,10.99,False,2025-06-05 01:06:11.776552126+00:00,T3,2025-06-05 01:06:14.935877800+00:00
2-20250604-02346,2,102,1.0,count,0.79,False,2025-06-05 01:06:19.485486457+00:00,T3,2025-06-05 01:06:20.795545359+00:00
3-20250604-03189,3,139,2.0,count,2.99,False,2025-06-05 01:06:24.050048274+00:00,T1,2025-06-05 01:06:25.150349312+00:00
2-20250604-02347,2,142,3.0,count,3.49,False,2025-06-05 01:06:25.823617043+00:00,T3,2025-06-05 01:06:26.249937661+00:00
2-20250604-02348,2,109,1.0,count,1.99,False,2025-06-05 01:06:30.850631085+00:00,T2,2025-06-05 01:06:30.913539626+00:00
3-20250604-03190,3,134,3.0,count,6.99,False,2025-06-05 01:07:08.258716375+00:00,T5,2025-06-05 01:07:10.486072097+00:00
1-20250604-01276,1,133,1.0,count,3.99,False,2025-06-05 01:07:09.118381988+00:00,T1,2025-06-05 01:07:11.930795897+00:00
3-20250604-03191,3,130,0.611,kg,21.99,False,2025-06-05 01:08:20.760924261+00:00,T5,2025-06-05 01:08:26.103672076+00:00
3-20250604-03192,3,106,0.743,kg,3.99,False,2025-06-05 01:09:08.915502303+00:00,T3,2025-06-05 01:09:08.997296460+00:00
2-20250604-02349,2,123,1.0,count,2.99,False,2025-06-05 05:09:26.561256727+00:00,T4,2025-06-05 01:09:26.654494383+00:00
3-20250604-03193,3,102,2.0,count,0.79,False,2025-06-05 01:10:16.472008846+00:00,T1,2025-06-05 01:10:19.602342003+00:00
1-20250604-01277,1,142,1.0,count,3.49,False,2025-06-05 01:11:08.659414009+00:00,T1,2025-06-05 01:11:12.885330141+00:00
3-20250604-03194,3,103,2.0,count,2.99,False,2025-06-05 01:12:15.550368480+00:00,T1,2025-06-05 01:12:16.071338787+00:00
1-20250604-01278,1,107,2.0,count,1.89,False,2025-06-05 01:12:39.699701969+00:00,T2,2025-06-05 01:12:40.737487657+00:00
2-20250604-02350,2,115,1.0,count,3.49,False,2025-06-05 01:12:50.892223688+00:00,T3,2025-06-05 01:12:51.709679800+00:00
2-20250604-02351,2,130,0.696,kg,21.99,False,2025-06-05 01:14:00.683718609+00:00,T2,2025-06-05 01:14:04.829218951+00:00
3-20250604-03195,3,111,1.503,kg,1.59,False,2025-06-05 01:16:28.897694010+00:00,T4,2025-06-05 01:16:30.370104229+00:00
2-20250604-02352,2,116,1.0,count,2.49,False,2025-06-05 01:18:25.778511750+00:00,T1,2025-06-05 01:18:29.267225225+00:00
3-20250604-03196,3,116,3.0,count,2.49,False,2025-06-05 01:18:43.760710151+00:00,T4,2025-06-05 01:18:43.869995219+00:00
3-20250604-03197,3,111,1.08,kg,1.59,False,2025-06-05 01:19:16.425894977+00:00,T2,2025-06-05 01:19:18.151072465+00:00
2-20250604-02353,2,110,0.987,kg,1.29,False,2025-06-05 01:20:24.283856664+00:00,T1,2025-06-05 01:20:25.638850653+00:00
1-20250604-01279,1,110,0.299,kg,1.29,False,2025-06-05 01:20:33.245512724+00:00,T3,2025-06-05 01:20:36.316276909+00:00
3-20250604-03198,3,127,0.484,kg,8.99,False,2025-06-05 01:21:04.858568853+00:00,T4,2025-06-05 01:21:05.228183676+00:00
3-20250604-03199,3,134,1.0,count,6.99,False,2025-06-05 01:21:33.808056467+00:00,T4,2025-06-05 01:21:37.862849306+00:00
1-20250604-01280,1,158,1.0,count,2.49,False,2025-06-05 01:21:51.387101095+00:00,T1,2025-06-05 01:21:53.238344375+00:00
2-20250604-02354,2,124,1.0,count,3.49,False,2025-06-05 05:21:53.212045337+00:00,T4,2025-06-05 01:21:53.432078537+00:00
1-20250604-01281,1,151,1.0,count,9.99,False,2025-06-05 01:23:39.761998073+00:00,T3,2025-06-05 01:23:43.320543513+00:00
1-20250604-01282,1,155,0.17,liter,3.49,False,2025-06-05 01:24:55.779751072+00:00,T5,2025-06-05 01:24:58.615067875+00:00
2-20250604-02355,2,117,1.0,count,3.79,False,2025-06-05 01:26:19.769935770+00:00,T2,2025-06-05 01:26:19.789416354+00:00
3-20250604-03200,3,118,1.0,count,3.29,False,2025-06-05 01:27:10.162058946+00:00,T2,2025-06-05 01:27:12.069008392+00:00
1-20250604-01283,1,129,0.815,kg,9.49,False,2025-06-05 01:29:30.375872080+00:00,T2,2025-06-05 01:29:33.657859338+00:00
3-20250604-03201,3,117,3.0,count,3.79,False,2025-06-05 01:29:56.268684158+00:00,T5,2025-06-05 01:30:05.218389344+00:00
1-20250604-01284,1,106,2.329,kg,3.99,False,2025-06-05 01:30:10.038557203+00:00,T3,2025-06-05 01:30:10.155765880+00:00
3-20250604-03202,3,142,1.0,count,3.49,False,2025-06-05 01:31:44.775307051+00:00,T5,2025-06-05 01:31:45.919307925+00:00
2-20250604-02356,2,105,1.127,kg,3.49,False,2025-06-05 01:32:47.276866647+00:00,T2,2025-06-05 01:32:49.272332987+00:00
3-20250604-03203,3,133,2.0,count,3.99,False,2025-06-05 01:33:42.483386106+00:00,T5,2025-06-05 01:33:43.386910601+00:00
1-20250604-01285,1,125,2.0,count,3.99,False,2025-06-05 01:33:52.629221339+00:00,T2,2025-06-05 01:33:57.426804136+00:00
3-20250604-03204,3,140,2.0,count,2.79,False,2025-06-05 01:34:12.235763115+00:00,T3,2025-06-05 01:34:13.532069788+00:00
2-20250604-02357,2,123,1.0,count,2.99,False,2025-06-05 01:34:41.131420952+00:00,T3,2025-06-05 01:34:47.280251846+00:00
3-20250604-03205,3,111,0.562,kg,1.59,False,2025-06-05 01:35:36.085009067+00:00,T4,2025-06-05 01:35:38.740622518+00:00
3-20250604-03206,3,102,3.0,count,0.79,False,2025-06-05 01:36:16.959770237+00:00,T1,2025-06-05 01:36:17.379927342+00:00
3-20250604-03207,3,108,3.0,count,1.25,False,2025-06-05 01:36:33.898194194+00:00,T1,2025-06-05 01:36:34.081147274+00:00
1-20250604-01286,1,113,1.0,count,0.55,True,2025-06-05 01:36:32.539034419+00:00,T1,2025-06-05 01:36:35.582001326+00:00
3-20250604-03208,3,158,1.0,count,2.49,False,2025-06-05 01:36:37.897895175+00:00,T5,2025-06-05 01:36:41.760685466+00:00
3-20250604-03209,3,133,2.0,count,3.99,False,2025-06-05 01:36:40.917651976+00:00,T4,2025-06-05 01:36:41.950726263+00:00
2-20250604-02358,2,101,1.589,kg,1.49,False,2025-06-05 01:36:49.611330077+00:00,T5,2025-06-05 01:36:58.108238651+00:00
1-20250604-01287,1,117,1.0,count,3.79,False,2025-06-05 01:38:21.762283784+00:00,T2,2025-06-05 01:38:27.502372633+00:00
1-20250604-01288,1,160,2.0,count,3.99,False,2025-06-05 01:38:50.879728940+00:00,T2,2025-06-05 01:38:51.335636908+00:00
2-20250604-02359,2,118,2.0,count,3.29,False,2025-06-05 01:40:52.455557080+00:00,T1,2025-06-05 01:40:53.495097211+00:00
1-20250604-01289,1,157,0.8,liter,2.99,False,2025-06-05 01:41:48.347591527+00:00,T3,2025-06-05 01:41:48.444718399+00:00
3-20250604-03210,3,103,2.0,count,2.99,False,2025-06-05 01:43:07.534908976+00:00,T3,2025-06-05 01:43:08.646553612+00:00
3-20250604-03211,3,154,0.399,liter,3.99,False,2025-06-05 01:43:37.933232122+00:00,T2,2025-06-05 01:43:39.290277288+00:00
1-20250604-01290,1,129,1.152,kg,9.49,False,2025-06-05 01:47:54.254831792+00:00,T1,2025-06-05 01:47:54.808737356+00:00
2-20250604-02360,2,128,2.341,kg,10.99,False,2025-06-05 01:47:57.884363171+00:00,T5,2025-06-05 01:48:00.570078718+00:00
2-20250604-02361,2,132,1.0,count,5.99,False,2025-06-05 01:50:17.521403213+00:00,T5,2025-06-05 01:50:19.513548861+00:00
1-20250604-01291,1,139,1.0,count,2.99,False,2025-06-05 01:51:34.979889548+00:00,T5,2025-06-05 01:51:35.784963893+00:00
3-20250604-03212,3,124,3.0,count,3.49,False,2025-06-05 01:51:57.447248539+00:00,T4,2025-06-05 01:52:02.432474370+00:00
1-20250604-01292,1,103,2.0,count,2.99,False,2025-06-05 01:52:06.708885526+00:00,T5,2025-06-05 01:52:10.509225020+00:00
3-20250604-03213,3,110,0.843,kg,1.29,False,2025-06-05 01:53:15.723780127+00:00,T2,2025-06-05 01:53:16.156219984+00:00
1-20250604-01293,1,152,2.0,count,2.99,False,2025-06-05 01:53:30.271767336+00:00,T2,2025-06-05 01:53:34.383940868+00:00
2-20250604-02364,2,109,3.0,count,1.99,False,2025-06-05 05:55:48.885255840+00:00,T4,2025-06-05 01:55:49.401015993+00:00
1-20250604-01294,1,134,1.0,count,6.99,False,2025-06-05 01:55:55.991735102+00:00,T1,2025-06-05 01:55:57.952167064+00:00
2-20250604-02365,2,116,1.0,count,2.49,False,2025-06-05 01:59:47.317175971+00:00,T1,2025-06-05 01:59:49.645002247+00:00
2-20250604-02363,2,106,0.985,kg,3.99,False,2025-06-05 05:55:18.429976660+00:00,T4,2025-06-05 02:38:07.702431184+00:00
3-20250604-03171,3,134,2.0,count,6.99,False,2025-06-05 00:29:01.926765376+00:00,T4,2025-06-05 03:21:09.655086346+00:00
3-20250604-03174,3,122,3.0,count,4.29,False,2025-06-05 00:36:22.201335139+00:00,T3,2025-06-05 03:31:12.712281775+00:00
3-20250604-03214,3,102,1.0,count,0.79,False,2025-06-05 01:57:41.737100273+00:00,T1,2025-06-05 04:10:33.840552266+00:00
2-20250604-02362,2,136,1.0,count,8.99,False,2025-06-05 01:51:33.582215098+00:00,T3,2025-06-05 04:19:42.366657299+00:00
