date,station,temp_c,precip_mm
2024-01-01,PIT,-0.4,0.0
2024-01-02,PIT,-1.8,0.0
2024-01-03,PIT,-0.3,0.0
2024-01-04,PIT,1.5,0.0
2024-01-05,PIT,-2.5,0.0
2024-01-06,PIT,-3.6,0.0
2024-01-07,PIT,-1.9,0.2
2024-01-08,PIT,-3.8,0.0
2024-01-09,PIT,-5.0,1.9
2024-01-10,PIT,-4.1,4.3
2024-01-11,PIT,-0.4,0.0
2024-01-12,PIT,-0.2,0.0
2024-01-13,PIT,-2.1,0.0
2024-01-14,PIT,0.6,3.1
2024-01-15,PIT,1.9,12.8
2024-01-16,PIT,1.2,0.0
2024-01-17,PIT,1.5,5.3
2024-01-18,PIT,-1.5,4.7
2024-01-19,PIT,-0.7,0.5
2024-01-20,PIT,-0.8,0.0
2024-01-21,PIT,-1.4,0.0
2024-01-22,PIT,-3.5,0.0
2024-01-23,PIT,1.6,0.0
2024-01-24,PIT,2.1,6.9
2024-01-25,PIT,1.3,0.0
2024-01-26,PIT,-1.1,0.0
2024-01-27,PIT,0.7,1.3
2024-01-28,PIT,1.4,4.7
2024-01-29,PIT,1.7,3.7
2024-01-30,PIT,2.8,1.9
2024-01-31,PIT,6.0,0.0
2024-02-01,PIT,3.8,0.0
2024-02-02,PIT,2.0,2.1
2024-02-03,PIT,-0.0,0.0
2024-02-04,PIT,-0.9,0.0
2024-02-05,PIT,1.4,0.0
2024-02-06,PIT,0.2,0.0
2024-02-07,PIT,-2.6,0.0
2024-02-08,PIT,-1.6,0.0
2024-02-09,PIT,1.6,4.2
2024-02-10,PIT,3.6,0.0
2024-02-11,PIT,3.5,4.1
2024-02-12,PIT,2.4,0.0
2024-02-13,PIT,1.9,0.0
2024-02-14,PIT,1.7,12.1
2024-02-15,PIT,0.5,0.0
2024-02-16,PIT,2.5,2.7
2024-02-17,PIT,2.4,15.6
2024-02-18,PIT,1.8,14.1
2024-02-19,PIT,1.7,0.0
2024-02-20,PIT,2.0,10.1
2024-02-21,PIT,4.6,0.0
2024-02-22,PIT,1.7,8.1
2024-02-23,PIT,0.8,0.0
2024-02-24,PIT,0.3,0.0
2024-02-25,PIT,-0.5,0.0
2024-02-26,PIT,-0.6,0.0
2024-02-27,PIT,1.7,0.0
2024-02-28,PIT,0.2,0.0
2024-02-29,PIT,1.8,0.0
2024-03-01,PIT,-2.2,0.0
2024-03-02,PIT,-0.7,0.0
2024-03-03,PIT,1.0,0.0
2024-03-04,PIT,0.8,0.0
2024-03-05,PIT,2.7,30.3
2024-03-06,PIT,5.2,7.9
2024-03-07,PIT,5.0,0.0
2024-03-08,PIT,4.5,0.0
2024-03-09,PIT,5.6,0.0
2024-03-10,PIT,3.7,0.0
2024-03-11,PIT,0.4,0.0
2024-03-12,PIT,-0.1,0.0
2024-03-13,PIT,-0.1,41.0
2024-03-14,PIT,3.3,13.5
2024-03-15,PIT,4.8,0.0
2024-03-16,PIT,5.6,0.0
2024-03-17,PIT,3.3,0.0
2024-03-18,PIT,3.8,0.0
2024-03-19,PIT,5.6,0.0
2024-03-20,PIT,4.8,9.8
2024-03-21,PIT,5.3,0.0
2024-03-22,PIT,4.5,1.0
2024-03-23,PIT,3.8,0.0
2024-03-24,PIT,3.2,0.0
2024-03-25,PIT,2.4,3.5
2024-03-26,PIT,4.1,0.0
2024-03-27,PIT,4.3,14.3
2024-03-28,PIT,5.3,1.7
2024-03-29,PIT,5.6,1.2
2024-03-30,PIT,6.5,4.6
2024-03-31,PIT,9.4,0.0
2024-04-01,PIT,7.5,0.0
2024-04-02,PIT,4.8,0.0
2024-04-03,PIT,4.1,0.0
2024-04-04,PIT,2.6,0.5
2024-04-05,PIT,2.0,10.0
2024-04-06,PIT,1.6,0.0
2024-04-07,PIT,3.2,14.3
2024-04-08,PIT,3.0,0.0
2024-04-09,PIT,3.8,0.3
2024-04-10,PIT,6.4,0.0
2024-04-11,PIT,8.5,0.0
2024-04-12,PIT,7.9,2.4
2024-04-13,PIT,9.2,3.1
2024-04-14,PIT,7.1,0.0
2024-04-15,PIT,7.6,1.7
2024-04-16,PIT,8.3,0.0
2024-04-17,PIT,10.1,0.0
2024-04-18,PIT,11.4,0.3
2024-04-19,PIT,10.0,0.0
2024-04-20,PIT,11.0,0.0
2024-04-21,PIT,13.1,0.0
2024-04-22,PIT,11.3,0.0
2024-04-23,PIT,9.0,19.6
2024-04-24,PIT,10.3,5.8
2024-04-25,PIT,13.0,0.0
2024-04-26,PIT,13.8,0.0
2024-04-27,PIT,12.5,1.3
2024-04-28,PIT,16.4,4.0
2024-04-29,PIT,14.5,0.0
2024-04-30,PIT,11.8,0.0
2024-05-01,PIT,13.6,5.6
2024-05-02,PIT,14.0,0.0
2024-05-03,PIT,16.7,0.0
2024-05-04,PIT,17.4,0.0
2024-05-05,PIT,17.5,10.8
2024-05-06,PIT,19.6,2.7
2024-05-07,PIT,14.1,0.0
2024-05-08,PIT,14.0,0.0
2024-05-09,PIT,11.8,0.0
2024-05-10,PIT,10.9,0.0
2024-05-11,PIT,10.0,0.0
2024-05-12,PIT,13.1,0.0
2024-05-13,PIT,13.0,0.0
2024-05-14,PIT,12.2,0.0
2024-05-15,PIT,10.4,0.0
2024-05-16,PIT,12.5,3.0
2024-05-17,PIT,14.8,0.0
2024-05-18,PIT,19.1,0.0
2024-05-19,PIT,24.1,10.7
2024-05-20,PIT,21.8,0.0
2024-05-21,PIT,19.6,6.5
2024-05-22,PIT,15.2,4.7
2024-05-23,PIT,14.7,0.0
2024-05-24,PIT,12.5,17.3
2024-05-25,PIT,13.7,0.0
2024-05-26,PIT,14.0,0.0
2024-05-27,PIT,15.1,0.0
2024-05-28,PIT,18.1,14.0
2024-05-29,PIT,18.9,4.5
2024-05-30,PIT,19.5,2.7
2024-05-31,PIT,16.4,8.9
2024-06-01,PIT,13.2,0.0
2024-06-02,PIT,13.3,0.0
2024-06-03,PIT,15.6,19.2
2024-06-04,PIT,21.2,0.0
2024-06-05,PIT,20.6,0.0
2024-06-06,PIT,19.8,6.5
2024-06-07,PIT,17.6,5.9
2024-06-08,PIT,15.8,0.0
2024-06-09,PIT,15.2,0.0
2024-06-10,PIT,15.3,4.1
2024-06-11,PIT,20.9,0.0
2024-06-12,PIT,19.2,0.0
2024-06-13,PIT,22.3,0.0
2024-06-14,PIT,19.6,13.9
2024-06-15,PIT,20.9,14.6
2024-06-16,PIT,22.3,0.0
2024-06-17,PIT,20.2,4.3
2024-06-18,PIT,21.1,0.0
2024-06-19,PIT,20.2,0.0
2024-06-20,PIT,21.3,9.6
2024-06-21,PIT,22.2,0.0
2024-06-22,PIT,19.1,0.0
2024-06-23,PIT,19.6,0.0
2024-06-24,PIT,20.2,0.0
2024-06-25,PIT,22.3,0.0
2024-06-26,PIT,22.6,0.0
2024-06-27,PIT,21.3,0.0
2024-06-28,PIT,21.5,0.0
2024-06-29,PIT,24.6,0.0
2024-06-30,PIT,24.9,5.5
2024-07-01,PIT,22.9,21.4
2024-07-02,PIT,25.7,1.5
2024-07-03,PIT,26.6,0.0
2024-07-04,PIT,29.4,0.0
2024-07-05,PIT,28.0,0.0
2024-07-06,PIT,25.4,0.0
2024-07-07,PIT,20.1,0.0
2024-07-08,PIT,23.6,0.0
2024-07-09,PIT,25.7,17.2
2024-07-10,PIT,24.7,0.0
2024-07-11,PIT,23.0,0.0
2024-07-12,PIT,25.5,0.0
2024-07-13,PIT,24.7,17.7
2024-07-14,PIT,22.3,0.0
2024-07-15,PIT,24.0,0.0
2024-07-16,PIT,22.7,0.0
2024-07-17,PIT,22.8,0.0
2024-07-18,PIT,22.6,0.0
2024-07-19,PIT,23.7,0.0
2024-07-20,PIT,27.1,0.0
2024-07-21,PIT,27.5,0.0
2024-07-22,PIT,27.3,0.0
2024-07-23,PIT,22.7,4.2
2024-07-24,PIT,21.5,0.0
2024-07-25,PIT,20.3,0.0
2024-07-26,PIT,19.8,3.3
2024-07-27,PIT,19.9,0.0
2024-07-28,PIT,20.3,0.0
2024-07-29,PIT,23.4,0.0
2024-07-30,PIT,21.2,0.0
2024-07-31,PIT,22.7,6.5
2024-08-01,PIT,21.9,0.0
2024-08-02,PIT,21.1,18.4
2024-08-03,PIT,23.6,0.0
2024-08-04,PIT,21.3,0.0
2024-08-05,PIT,24.7,0.0
2024-08-06,PIT,20.3,15.3
2024-08-07,PIT,18.4,4.1
2024-08-08,PIT,20.0,0.0
2024-08-09,PIT,21.8,0.0
2024-08-10,PIT,21.1,0.0
2024-08-11,PIT,18.9,4.4
2024-08-12,PIT,21.5,2.8
2024-08-13,PIT,21.5,0.0
2024-08-14,PIT,28.3,1.8
2024-08-15,PIT,29.4,0.0
2024-08-16,PIT,25.8,0.0
2024-08-17,PIT,25.4,8.1
2024-08-18,PIT,21.5,0.0
2024-08-19,PIT,19.3,0.6
2024-08-20,PIT,20.3,0.0
2024-08-21,PIT,22.7,0.0
2024-08-22,PIT,19.5,0.0
2024-08-23,PIT,18.6,18.1
2024-08-24,PIT,14.8,0.0
2024-08-25,PIT,17.3,0.0
2024-08-26,PIT,16.3,8.6
2024-08-27,PIT,16.3,8.2
2024-08-28,PIT,15.8,4.1
2024-08-29,PIT,17.2,0.0
2024-08-30,PIT,15.4,0.0
2024-08-31,PIT,13.1,0.0
2024-09-01,PIT,17.9,0.0
2024-09-02,PIT,17.3,0.0
2024-09-03,PIT,15.5,0.0
2024-09-04,PIT,18.5,0.0
2024-09-05,PIT,24.4,0.0
2024-09-06,PIT,21.2,1.1
2024-09-07,PIT,18.3,0.0
2024-09-08,PIT,19.3,0.0
2024-09-09,PIT,22.9,7.1
2024-09-10,PIT,20.1,0.0
2024-09-11,PIT,19.6,4.8
2024-09-12,PIT,19.0,0.0
2024-09-13,PIT,19.8,0.0
2024-09-14,PIT,18.2,0.0
2024-09-15,PIT,17.3,6.2
2024-09-16,PIT,15.7,0.3
2024-09-17,PIT,17.0,2.6
2024-09-18,PIT,18.1,1.6
2024-09-19,PIT,19.0,23.8
2024-09-20,PIT,16.9,22.0
2024-09-21,PIT,17.7,0.0
2024-09-22,PIT,19.6,1.5
2024-09-23,PIT,18.8,34.6
2024-09-24,PIT,18.5,0.0
2024-09-25,PIT,18.4,0.0
2024-09-26,PIT,17.3,0.0
2024-09-27,PIT,14.6,0.0
2024-09-28,PIT,14.9,0.0
2024-09-29,PIT,15.3,0.0
2024-09-30,PIT,18.8,0.0
2024-10-01,PIT,20.6,0.0
2024-10-02,PIT,20.0,0.0
2024-10-03,PIT,16.3,7.3
2024-10-04,PIT,14.3,0.0
2024-10-05,PIT,16.5,0.4
2024-10-06,PIT,14.7,0.0
2024-10-07,PIT,16.6,2.2
2024-10-08,PIT,11.8,22.4
2024-10-09,PIT,12.1,10.8
2024-10-10,PIT,12.2,0.0
2024-10-11,PIT,9.5,4.3
2024-10-12,PIT,9.7,0.0
2024-10-13,PIT,10.7,0.0
2024-10-14,PIT,10.9,1.4
2024-10-15,PIT,11.2,0.0
2024-10-16,PIT,11.4,13.7
2024-10-17,PIT,11.1,5.7
2024-10-18,PIT,11.7,0.0
2024-10-19,PIT,14.5,0.0
2024-10-20,PIT,6.6,4.6
2024-10-21,PIT,7.1,0.0
2024-10-22,PIT,6.3,10.0
2024-10-23,PIT,8.2,0.0
2024-10-24,PIT,8.1,0.0
2024-10-25,PIT,6.5,0.0
2024-10-26,PIT,9.0,0.0
2024-10-27,PIT,12.1,5.8
2024-10-28,PIT,7.8,0.0
2024-10-29,PIT,10.1,0.0
2024-10-30,PIT,8.4,0.0
2024-10-31,PIT,8.3,2.8
2024-11-01,PIT,7.3,0.0
2024-11-02,PIT,6.2,0.0
2024-11-03,PIT,9.7,11.5
2024-11-04,PIT,10.6,7.1
2024-11-05,PIT,11.7,0.0
2024-11-06,PIT,13.4,0.0
2024-11-07,PIT,12.8,25.1
2024-11-08,PIT,14.0,0.0
2024-11-09,PIT,11.7,0.0
2024-11-10,PIT,10.8,0.0
2024-11-11,PIT,8.4,0.0
2024-11-12,PIT,8.4,0.0
2024-11-13,PIT,5.4,0.0
2024-11-14,PIT,7.7,0.0
2024-11-15,PIT,3.7,0.0
2024-11-16,PIT,5.5,0.0
2024-11-17,PIT,5.2,0.0
2024-11-18,PIT,9.6,0.0
2024-11-19,PIT,7.9,18.0
2024-11-20,PIT,11.5,0.0
2024-11-21,PIT,10.7,0.0
2024-11-22,PIT,6.2,0.0
2024-11-23,PIT,5.4,0.0
2024-11-24,PIT,3.2,0.0
2024-11-25,PIT,2.1,0.0
2024-11-26,PIT,6.6,0.0
2024-11-27,PIT,6.1,9.1
2024-11-28,PIT,5.0,2.3
2024-11-29,PIT,1.8,0.2
2024-11-30,PIT,2.1,0.0
2024-12-01,PIT,-0.9,0.0
2024-12-02,PIT,-0.6,0.0
2024-12-03,PIT,2.3,0.0
2024-12-04,PIT,4.1,14.5
2024-12-05,PIT,4.3,0.0
2024-12-06,PIT,-1.6,6.0
2024-12-07,PIT,-0.1,0.0
2024-12-08,PIT,-0.9,7.9
2024-12-09,PIT,-0.1,0.0
2024-12-10,PIT,3.7,0.9
2024-12-11,PIT,0.6,0.0
2024-12-12,PIT,2.4,0.0
2024-12-13,PIT,2.2,0.0
2024-12-14,PIT,0.2,2.7
2024-12-15,PIT,3.1,0.0
2024-12-16,PIT,2.7,0.0
2024-12-17,PIT,3.9,0.0
2024-12-18,PIT,1.9,0.0
2024-12-19,PIT,2.9,0.0
2024-12-20,PIT,3.6,25.4
2024-12-21,PIT,1.7,23.6
2024-12-22,PIT,0.3,12.1
2024-12-23,PIT,1.6,6.6
2024-12-24,PIT,-0.6,0.0
2024-12-25,PIT,-1.2,0.0
2024-12-26,PIT,-1.1,0.0
2024-12-27,PIT,0.7,0.0
2024-12-28,PIT,2.3,0.0
2024-12-29,PIT,-1.1,0.0
2024-12-30,PIT,0.1,0.0
2024-12-31,PIT,4.0,2.0
2025-01-01,PIT,1.6,0.0
2025-01-02,PIT,0.2,0.0
2025-01-03,PIT,1.3,6.6
2025-01-04,PIT,3.1,0.0
2025-01-05,PIT,2.3,0.0
2025-01-06,PIT,4.1,0.0
2025-01-07,PIT,4.5,0.0
2025-01-08,PIT,3.2,0.0
2025-01-09,PIT,3.6,6.3
2025-01-10,PIT,5.1,0.8
2025-01-11,PIT,2.2,0.0
2025-01-12,PIT,-0.9,0.0
2025-01-13,PIT,2.7,0.0
2025-01-14,PIT,2.1,0.0
2025-01-15,PIT,0.9,0.0
2025-01-16,PIT,1.4,0.0
2025-01-17,PIT,-2.3,5.9
2025-01-18,PIT,-4.0,1.9
2025-01-19,PIT,-5.9,2.5
2025-01-20,PIT,-4.7,4.7
2025-01-21,PIT,-3.3,0.0
2025-01-22,PIT,-1.3,0.0
2025-01-23,PIT,-1.7,17.9
2025-01-24,PIT,-3.5,0.0
2025-01-25,PIT,-6.9,0.0
2025-01-26,PIT,-5.7,20.6
2025-01-27,PIT,-5.2,33.2
2025-01-28,PIT,-3.2,2.0
2025-01-29,PIT,-1.4,0.0
2025-01-30,PIT,0.8,3.5
2025-01-31,PIT,1.5,10.1
2025-02-01,PIT,0.9,3.0
2025-02-02,PIT,-0.6,0.0
2025-02-03,PIT,-2.5,10.5
2025-02-04,PIT,-2.3,0.0
2025-02-05,PIT,-1.9,5.9
2025-02-06,PIT,1.5,0.0
2025-02-07,PIT,0.1,0.0
2025-02-08,PIT,2.1,0.0
2025-02-09,PIT,0.9,2.0
2025-02-10,PIT,0.4,0.0
2025-02-11,PIT,1.6,0.0
2025-02-12,PIT,-2.4,9.1
2025-02-13,PIT,-2.3,7.5
2025-02-14,PIT,-6.6,0.0
2025-02-15,PIT,-10.5,0.0
2025-02-16,PIT,-8.6,4.8
2025-02-17,PIT,-4.3,4.6
2025-02-18,PIT,-2.5,0.0
2025-02-19,PIT,-0.7,0.0
2025-02-20,PIT,1.3,0.0
2025-02-21,PIT,4.6,0.0
2025-02-22,PIT,4.3,0.0
2025-02-23,PIT,5.8,4.8
2025-02-24,PIT,5.5,0.0
2025-02-25,PIT,2.9,0.0
2025-02-26,PIT,0.8,3.6
2025-02-27,PIT,-0.9,6.4
2025-02-28,PIT,-1.6,0.0
2025-03-01,PIT,-1.2,0.0
2025-03-02,PIT,2.6,8.0
2025-03-03,PIT,3.1,0.0
2025-03-04,PIT,-0.8,0.0
2025-03-05,PIT,0.0,0.0
2025-03-06,PIT,-1.1,0.0
2025-03-07,PIT,0.9,0.0
2025-03-08,PIT,-0.0,0.0
2025-03-09,PIT,-3.0,1.1
2025-03-10,PIT,-0.1,0.0
2025-03-11,PIT,2.5,0.0
2025-03-12,PIT,3.6,1.6
2025-03-13,PIT,1.1,12.7
2025-03-14,PIT,0.4,2.3
2025-03-15,PIT,1.2,0.0
2025-03-16,PIT,0.0,0.0
2025-03-17,PIT,2.1,9.3
2025-03-18,PIT,2.7,0.0
2025-03-19,PIT,5.9,0.0
2025-03-20,PIT,3.6,5.5
2025-03-21,PIT,1.0,0.0
2025-03-22,PIT,4.6,1.9
2025-03-23,PIT,4.8,0.0
2025-03-24,PIT,7.5,0.0
2025-03-25,PIT,6.4,10.6
2025-03-26,PIT,7.1,0.0
2025-03-27,PIT,6.7,0.0
2025-03-28,PIT,10.8,0.0
2025-03-29,PIT,13.3,0.0
2025-03-30,PIT,10.2,0.0
2025-03-31,PIT,9.4,7.9
2025-04-01,PIT,11.2,0.0
2025-04-02,PIT,9.2,0.0
2025-04-03,PIT,9.2,0.0
2025-04-04,PIT,10.2,0.0
2025-04-05,PIT,11.0,0.0
2025-04-06,PIT,8.3,25.8
2025-04-07,PIT,6.1,0.0
2025-04-08,PIT,5.0,6.8
2025-04-09,PIT,5.8,0.0
2025-04-10,PIT,4.5,0.0
2025-04-11,PIT,4.4,0.0
2025-04-12,PIT,10.9,0.0
2025-04-13,PIT,11.4,4.5
2025-04-14,PIT,8.0,0.0
2025-04-15,PIT,9.0,0.0
2025-04-16,PIT,9.2,0.0
2025-04-17,PIT,9.1,8.9
2025-04-18,PIT,9.3,10.0
2025-04-19,PIT,10.4,0.0
2025-04-20,PIT,9.5,0.0
2025-04-21,PIT,11.2,0.0
2025-04-22,PIT,11.7,10.1
2025-04-23,PIT,11.9,0.0
2025-04-24,PIT,17.3,0.0
2025-04-25,PIT,15.6,0.0
2025-04-26,PIT,17.0,7.6
2025-04-27,PIT,15.2,0.0
2025-04-28,PIT,13.0,0.0
2025-04-29,PIT,11.9,0.7
2025-04-30,PIT,10.6,0.0
2025-05-01,PIT,8.3,0.0
2025-05-02,PIT,9.9,1.8
2025-05-03,PIT,11.2,1.0
2025-05-04,PIT,13.3,0.0
2025-05-05,PIT,16.9,4.1
2025-05-06,PIT,17.1,3.2
2025-05-07,PIT,16.5,0.0
2025-05-08,PIT,15.8,0.0
2025-05-09,PIT,15.6,3.5
2025-05-10,PIT,17.8,7.2
2025-05-11,PIT,13.2,0.0
2025-05-12,PIT,13.9,0.0
2025-05-13,PIT,11.4,0.0
2025-05-14,PIT,9.5,0.0
2025-05-15,PIT,12.9,0.0
2025-05-16,PIT,14.5,0.0
2025-05-17,PIT,14.1,5.7
2025-05-18,PIT,12.6,0.0
2025-05-19,PIT,7.9,0.0
2025-05-20,PIT,9.8,4.9
2025-05-21,PIT,17.0,0.8
2025-05-22,PIT,18.5,0.0
2025-05-23,PIT,18.6,19.0
2025-05-24,PIT,20.3,11.7
2025-05-25,PIT,15.6,8.9
2025-05-26,PIT,17.4,0.0
2025-05-27,PIT,17.2,0.0
2025-05-28,PIT,18.3,0.0
2025-05-29,PIT,19.8,6.8
2025-05-30,PIT,19.6,7.3
2025-05-31,PIT,18.9,0.0
2025-06-01,PIT,17.7,0.0
2025-06-02,PIT,18.4,0.0
2025-06-03,PIT,22.8,12.7
2025-06-04,PIT,21.6,7.4
2025-06-05,PIT,18.5,20.9
2025-06-06,PIT,21.6,0.0
2025-06-07,PIT,20.1,0.0
2025-06-08,PIT,22.0,0.0
2025-06-09,PIT,21.5,0.0
2025-06-10,PIT,23.7,0.0
2025-06-11,PIT,24.7,0.0
2025-06-12,PIT,23.3,3.6
2025-06-13,PIT,26.2,0.0
2025-06-14,PIT,23.9,1.1
2025-06-15,PIT,22.1,0.0
2025-06-16,PIT,20.4,3.3
2025-06-17,PIT,21.4,0.0
2025-06-18,PIT,18.4,0.0
2025-06-19,PIT,19.7,13.1
2025-06-20,PIT,20.0,0.0
2025-06-21,PIT,23.1,0.0
2025-06-22,PIT,18.9,6.9
2025-06-23,PIT,19.8,0.0
2025-06-24,PIT,18.6,0.0
2025-06-25,PIT,17.5,0.0
2025-06-26,PIT,19.6,0.0
2025-06-27,PIT,19.3,12.8
2025-06-28,PIT,19.7,0.0
2025-06-29,PIT,19.6,0.0
2025-06-30,PIT,22.4,3.1
2025-07-01,PIT,20.9,9.7
2025-07-02,PIT,22.3,0.0
2025-07-03,PIT,24.7,11.7
2025-07-04,PIT,22.5,0.0
2025-07-05,PIT,21.7,0.0
2025-07-06,PIT,23.6,3.6
2025-07-07,PIT,27.1,0.0
2025-07-08,PIT,25.9,0.0
2025-07-09,PIT,23.2,0.0
2025-07-10,PIT,29.9,3.9
2025-07-11,PIT,30.3,5.0
2025-07-12,PIT,28.9,0.0
2025-07-13,PIT,27.9,3.8
2025-07-14,PIT,28.2,0.0
2025-07-15,PIT,29.2,0.4
2025-07-16,PIT,27.8,0.0
2025-07-17,PIT,27.9,0.0
2025-07-18,PIT,31.3,0.0
2025-07-19,PIT,31.0,0.0
2025-07-20,PIT,30.2,1.6
2025-07-21,PIT,28.3,0.0
2025-07-22,PIT,29.4,0.0
2025-07-23,PIT,30.5,0.0
2025-07-24,PIT,26.2,1.3
2025-07-25,PIT,28.3,0.0
2025-07-26,PIT,30.4,0.0
2025-07-27,PIT,28.7,0.0
2025-07-28,PIT,27.3,0.0
2025-07-29,PIT,25.1,7.1
2025-07-30,PIT,30.6,3.9
2025-07-31,PIT,30.2,0.5
2025-08-01,PIT,21.9,0.0
2025-08-02,PIT,21.8,9.5
2025-08-03,PIT,18.8,0.0
2025-08-04,PIT,17.3,6.6
2025-08-05,PIT,18.8,0.0
2025-08-06,PIT,18.6,4.8
2025-08-07,PIT,22.7,0.0
2025-08-08,PIT,25.8,0.5
2025-08-09,PIT,22.9,0.0
2025-08-10,PIT,19.6,0.0
2025-08-11,PIT,22.0,0.0
2025-08-12,PIT,24.1,0.0
2025-08-13,PIT,20.8,0.0
2025-08-14,PIT,21.6,2.1
2025-08-15,PIT,23.4,0.0
2025-08-16,PIT,20.4,10.3
2025-08-17,PIT,19.4,3.4
2025-08-18,PIT,19.5,0.0
2025-08-19,PIT,17.6,0.5
2025-08-20,PIT,20.1,6.0
2025-08-21,PIT,21.7,0.0
2025-08-22,PIT,16.5,5.9
2025-08-23,PIT,17.9,0.0
2025-08-24,PIT,18.8,0.0
2025-08-25,PIT,21.9,0.0
2025-08-26,PIT,20.8,0.0
2025-08-27,PIT,21.3,0.0
2025-08-28,PIT,22.2,0.0
2025-08-29,PIT,23.4,0.8
2025-08-30,PIT,25.6,2.3
2025-08-31,PIT,20.3,0.0
2025-09-01,PIT,20.2,0.0
2025-09-02,PIT,18.5,5.6
2025-09-03,PIT,19.6,0.0
2025-09-04,PIT,16.4,3.2
2025-09-05,PIT,17.0,0.0
2025-09-06,PIT,18.5,0.4
2025-09-07,PIT,16.5,25.3
2025-09-08,PIT,17.6,18.4
2025-09-09,PIT,19.2,6.6
2025-09-10,PIT,17.6,4.0
2025-09-11,PIT,20.1,5.8
2025-09-12,PIT,19.2,0.8
2025-09-13,PIT,17.6,8.5
2025-09-14,PIT,18.5,0.0
2025-09-15,PIT,19.0,0.0
2025-09-16,PIT,19.6,0.5
2025-09-17,PIT,17.4,14.0
2025-09-18,PIT,16.0,0.8
2025-09-19,PIT,18.3,0.1
2025-09-20,PIT,15.8,14.5
2025-09-21,PIT,11.4,0.0
2025-09-22,PIT,16.7,0.0
2025-09-23,PIT,19.3,0.0
2025-09-24,PIT,18.5,0.0
2025-09-25,PIT,13.9,0.0
2025-09-26,PIT,14.2,0.9
2025-09-27,PIT,12.9,0.0
2025-09-28,PIT,14.6,0.0
2025-09-29,PIT,13.9,0.0
2025-09-30,PIT,15.9,0.0
2025-10-01,PIT,14.8,0.0
2025-10-02,PIT,12.8,0.0
2025-10-03,PIT,14.8,0.0
2025-10-04,PIT,16.6,4.3
2025-10-05,PIT,16.1,0.0
2025-10-06,PIT,15.2,8.6
2025-10-07,PIT,14.9,0.0
2025-10-08,PIT,15.6,0.0
2025-10-09,PIT,11.9,8.1
2025-10-10,PIT,13.8,0.0
2025-10-11,PIT,13.7,2.1
2025-10-12,PIT,13.6,0.0
2025-10-13,PIT,12.7,0.0
2025-10-14,PIT,15.4,0.0
2025-10-15,PIT,51.3,0.0
2025-10-16,PIT,54.1,19.7
2025-10-17,PIT,57.0,16.4
2025-10-18,PIT,50.7,0.0
2025-10-19,PIT,52.3,12.4
2025-10-20,PIT,54.3,0.0
2025-10-21,PIT,51.3,6.3
2025-10-22,PIT,48.4,0.0
2025-10-23,PIT,47.8,0.0
2025-10-24,PIT,46.2,0.0
2025-10-25,PIT,42.8,2.1
2025-10-26,PIT,47.8,0.0
2025-10-27,PIT,43.5,0.0
2025-10-28,PIT,39.2,4.1
2025-10-29,PIT,44.2,0.0
2025-10-30,PIT,41.0,0.0
2025-10-31,PIT,36.9,0.9
2025-11-01,PIT,41.7,0.0
2025-11-02,PIT,43.5,10.3
2025-11-03,PIT,41.2,0.0
2025-11-04,PIT,37.4,0.0
2025-11-05,PIT,43.9,0.0
2025-11-06,PIT,45.7,0.0
2025-11-07,PIT,54.1,6.3
2025-11-08,PIT,52.3,0.0
2025-11-09,PIT,52.0,0.0
2025-11-10,PIT,48.0,0.0
2025-11-11,PIT,53.1,0.0
2025-11-12,PIT,48.9,6.4
2025-11-13,PIT,53.2,0.0
2025-11-14,PIT,50.4,16.9
2025-11-15,PIT,44.6,0.0
2025-11-16,PIT,46.0,0.0
2025-11-17,PIT,48.4,2.6
2025-11-18,PIT,52.2,0.0
2025-11-19,PIT,46.9,18.3
2025-11-20,PIT,43.0,0.0
2025-11-21,PIT,42.6,0.0
2025-11-22,PIT,41.5,5.0
2025-11-23,PIT,46.2,0.0
2025-11-24,PIT,36.9,0.0
2025-11-25,PIT,33.1,6.0
2025-11-26,PIT,33.6,0.0
2025-11-27,PIT,28.9,2.2
2025-11-28,PIT,29.5,0.0
2025-11-29,PIT,30.0,2.4
2025-11-30,PIT,30.7,0.0
2025-12-01,PIT,34.5,0.0
2025-12-02,PIT,33.1,1.6
2025-12-03,PIT,28.0,9.6
2025-12-04,PIT,31.3,0.0
2025-12-05,PIT,36.1,0.0
2025-12-06,PIT,32.2,0.0
2025-12-07,PIT,25.3,16.8
2025-12-08,PIT,28.6,0.7
2025-12-09,PIT,32.4,0.0
2025-12-10,PIT,34.2,0.0
2025-12-11,PIT,35.1,0.0
2025-12-12,PIT,34.7,0.0
2025-12-13,PIT,34.0,0.0
2025-12-14,PIT,33.6,6.8
2025-12-15,PIT,33.4,10.3
2025-12-16,PIT,33.4,0.0
2025-12-17,PIT,30.6,0.0
2025-12-18,PIT,32.5,5.2
2025-12-19,PIT,30.2,0.0
2025-12-20,PIT,27.1,0.0
2025-12-21,PIT,29.3,0.0
2025-12-22,PIT,33.6,1.2
2025-12-23,PIT,25.2,0.0
2025-12-24,PIT,25.0,8.7
2025-12-25,PIT,23.7,0.0
2025-12-26,PIT,34.7,25.8
2025-12-27,PIT,34.3,9.4
2025-12-28,PIT,38.8,0.0
2025-12-29,PIT,33.1,9.0
2025-12-30,PIT,30.2,0.0
2025-12-31,PIT,30.4,6.8
2024-01-01,ERI,-1.4,0.0
2024-01-02,ERI,-0.8,0.0
2024-01-03,ERI,1.4,0.0
2024-01-04,ERI,2.5,0.0
2024-01-05,ERI,-2.5,0.0
2024-01-06,ERI,-6.6,0.0
2024-01-07,ERI,-6.1,2.9
2024-01-08,ERI,-4.0,0.0
2024-01-09,ERI,-4.1,0.0
2024-01-10,ERI,-5.6,5.5
2024-01-11,ERI,-3.0,0.0
2024-01-12,ERI,-2.2,0.0
2024-01-13,ERI,-3.1,0.0
2024-01-14,ERI,-0.6,4.9
2024-01-15,ERI,-0.9,0.0
2024-01-16,ERI,-3.3,0.0
2024-01-17,ERI,-2.8,0.2
2024-01-18,ERI,-3.6,0.0
2024-01-19,ERI,-1.7,10.4
2024-01-20,ERI,-2.0,3.1
2024-01-21,ERI,-1.7,0.0
2024-01-22,ERI,-3.2,0.0
2024-01-23,ERI,-0.9,0.0
2024-01-24,ERI,-1.0,2.3
2024-01-25,ERI,-1.4,0.0
2024-01-26,ERI,-2.4,7.7
2024-01-27,ERI,-1.3,0.0
2024-01-28,ERI,-1.6,5.2
2024-01-29,ERI,-1.7,1.3
2024-01-30,ERI,-0.1,0.0
2024-01-31,ERI,3.7,9.1
2024-02-01,ERI,1.8,0.0
2024-02-02,ERI,0.0,1.0
2024-02-03,ERI,-1.9,0.0
2024-02-04,ERI,-0.1,0.0
2024-02-05,ERI,2.3,0.0
2024-02-06,ERI,1.8,4.0
2024-02-07,ERI,-0.9,0.0
2024-02-08,ERI,-1.2,0.0
2024-02-09,ERI,-0.0,10.5
2024-02-10,ERI,1.5,3.1
2024-02-11,ERI,1.8,0.0
2024-02-12,ERI,-0.0,15.2
2024-02-13,ERI,-0.7,0.0
2024-02-14,ERI,0.2,0.0
2024-02-15,ERI,3.0,7.7
2024-02-16,ERI,2.9,0.0
2024-02-17,ERI,2.2,0.0
2024-02-18,ERI,2.1,0.4
2024-02-19,ERI,1.1,0.0
2024-02-20,ERI,2.8,4.0
2024-02-21,ERI,2.3,0.0
2024-02-22,ERI,-1.4,0.0
2024-02-23,ERI,-3.0,2.2
2024-02-24,ERI,-3.4,0.0
2024-02-25,ERI,-4.8,6.0
2024-02-26,ERI,-2.8,0.0
2024-02-27,ERI,3.7,7.2
2024-02-28,ERI,0.8,0.0
2024-02-29,ERI,0.9,0.0
2024-03-01,ERI,-1.1,0.0
2024-03-02,ERI,-1.7,0.0
2024-03-03,ERI,0.9,0.0
2024-03-04,ERI,1.8,0.0
2024-03-05,ERI,2.4,0.0
2024-03-06,ERI,3.5,0.0
2024-03-07,ERI,3.3,0.0
2024-03-08,ERI,1.9,0.0
2024-03-09,ERI,3.1,11.8
2024-03-10,ERI,2.4,0.0
2024-03-11,ERI,-1.0,0.0
2024-03-12,ERI,-1.3,5.9
2024-03-13,ERI,-3.3,3.1
2024-03-14,ERI,-0.7,0.0
2024-03-15,ERI,1.7,0.0
2024-03-16,ERI,3.8,7.1
2024-03-17,ERI,3.6,1.5
2024-03-18,ERI,3.8,0.0
2024-03-19,ERI,6.1,0.0
2024-03-20,ERI,5.8,0.0
2024-03-21,ERI,6.4,0.0
2024-03-22,ERI,5.5,0.0
2024-03-23,ERI,5.2,0.0
2024-03-24,ERI,3.8,2.0
2024-03-25,ERI,0.8,0.0
2024-03-26,ERI,3.5,19.0
2024-03-27,ERI,3.8,6.0
2024-03-28,ERI,5.4,0.0
2024-03-29,ERI,5.4,0.0
2024-03-30,ERI,5.6,8.5
2024-03-31,ERI,7.5,0.0
2024-04-01,ERI,7.0,0.0
2024-04-02,ERI,4.4,0.2
2024-04-03,ERI,5.6,10.1
2024-04-04,ERI,1.3,2.3
2024-04-05,ERI,-0.1,0.0
2024-04-06,ERI,1.3,0.0
2024-04-07,ERI,3.2,0.0
2024-04-08,ERI,4.0,7.7
2024-04-09,ERI,3.3,0.0
2024-04-10,ERI,4.3,0.0
2024-04-11,ERI,9.6,0.0
2024-04-12,ERI,8.1,7.2
2024-04-13,ERI,9.2,0.0
2024-04-14,ERI,9.0,0.0
2024-04-15,ERI,8.3,4.8
2024-04-16,ERI,7.6,1.0
2024-04-17,ERI,6.2,8.6
2024-04-18,ERI,8.7,2.6
2024-04-19,ERI,4.6,0.0
2024-04-20,ERI,6.3,11.7
2024-04-21,ERI,9.0,4.9
2024-04-22,ERI,8.5,0.0
2024-04-23,ERI,6.4,6.0
2024-04-24,ERI,7.3,3.6
2024-04-25,ERI,7.5,0.0
2024-04-26,ERI,9.6,23.3
2024-04-27,ERI,11.3,22.9
2024-04-28,ERI,11.8,7.1
2024-04-29,ERI,10.9,2.4
2024-04-30,ERI,9.9,0.0
2024-05-01,ERI,11.1,3.6
2024-05-02,ERI,12.5,12.9
2024-05-03,ERI,15.3,0.0
2024-05-04,ERI,15.9,0.0
2024-05-05,ERI,15.3,14.6
2024-05-06,ERI,17.3,3.9
2024-05-07,ERI,15.3,0.0
2024-05-08,ERI,13.0,0.0
2024-05-09,ERI,11.7,0.0
2024-05-10,ERI,12.0,7.0
2024-05-11,ERI,11.8,8.0
2024-05-12,ERI,13.4,0.0
2024-05-13,ERI,14.4,0.0
2024-05-14,ERI,13.1,0.0
2024-05-15,ERI,11.7,6.6
2024-05-16,ERI,13.1,0.0
2024-05-17,ERI,15.0,1.2
2024-05-18,ERI,18.6,0.0
2024-05-19,ERI,23.9,0.0
2024-05-20,ERI,22.5,0.0
2024-05-21,ERI,19.1,9.4
2024-05-22,ERI,13.4,0.0
2024-05-23,ERI,14.1,0.0
2024-05-24,ERI,15.7,0.0
2024-05-25,ERI,15.1,10.3
2024-05-26,ERI,13.9,0.0
2024-05-27,ERI,16.1,13.1
2024-05-28,ERI,18.6,0.5
2024-05-29,ERI,19.1,1.2
2024-05-30,ERI,18.2,1.5
2024-05-31,ERI,16.0,2.6
2024-06-01,ERI,13.5,0.0
2024-06-02,ERI,12.8,5.2
2024-06-03,ERI,14.5,10.4
2024-06-04,ERI,19.3,14.8
2024-06-05,ERI,21.2,0.4
2024-06-06,ERI,22.2,0.0
2024-06-07,ERI,18.0,0.0
2024-06-08,ERI,16.4,2.1
2024-06-09,ERI,18.3,0.0
2024-06-10,ERI,18.0,0.0
2024-06-11,ERI,21.3,0.0
2024-06-12,ERI,19.9,1.2
2024-06-13,ERI,20.6,1.4
2024-06-14,ERI,17.5,0.0
2024-06-15,ERI,19.8,0.0
2024-06-16,ERI,20.8,0.0
2024-06-17,ERI,18.6,0.0
2024-06-18,ERI,18.2,6.9
2024-06-19,ERI,18.0,0.0
2024-06-20,ERI,19.3,0.0
2024-06-21,ERI,19.4,0.0
2024-06-22,ERI,16.5,0.0
2024-06-23,ERI,16.4,0.0
2024-06-24,ERI,17.0,0.0
2024-06-25,ERI,22.7,0.0
2024-06-26,ERI,20.8,0.0
2024-06-27,ERI,19.8,0.0
2024-06-28,ERI,21.3,0.0
2024-06-29,ERI,25.3,2.5
2024-06-30,ERI,24.7,0.0
2024-07-01,ERI,23.5,2.9
2024-07-02,ERI,24.8,1.2
2024-07-03,ERI,23.5,5.6
2024-07-04,ERI,25.3,0.0
2024-07-05,ERI,23.5,6.2
2024-07-06,ERI,19.7,7.8
2024-07-07,ERI,18.5,0.0
2024-07-08,ERI,21.5,3.2
2024-07-09,ERI,25.1,0.0
2024-07-10,ERI,22.7,0.0
2024-07-11,ERI,22.2,0.0
2024-07-12,ERI,24.3,1.9
2024-07-13,ERI,23.1,4.4
2024-07-14,ERI,21.4,0.0
2024-07-15,ERI,23.8,0.0
2024-07-16,ERI,21.7,2.1
2024-07-17,ERI,21.8,0.0
2024-07-18,ERI,20.6,0.0
2024-07-19,ERI,21.3,1.6
2024-07-20,ERI,23.9,0.0
2024-07-21,ERI,22.9,6.0
2024-07-22,ERI,22.7,9.3
2024-07-23,ERI,17.6,0.0
2024-07-24,ERI,16.9,21.9
2024-07-25,ERI,16.2,0.0
2024-07-26,ERI,16.7,0.0
2024-07-27,ERI,15.3,9.0
2024-07-28,ERI,15.6,0.0
2024-07-29,ERI,21.1,6.7
2024-07-30,ERI,18.3,2.6
2024-07-31,ERI,19.7,0.0
2024-08-01,ERI,20.1,0.0
2024-08-02,ERI,20.5,0.0
2024-08-03,ERI,21.1,16.9
2024-08-04,ERI,22.0,4.5
2024-08-05,ERI,22.8,0.0
2024-08-06,ERI,24.6,0.4
2024-08-07,ERI,20.7,14.4
2024-08-08,ERI,19.6,0.0
2024-08-09,ERI,19.6,1.8
2024-08-10,ERI,19.1,7.7
2024-08-11,ERI,19.3,18.9
2024-08-12,ERI,22.3,0.0
2024-08-13,ERI,21.6,0.0
2024-08-14,ERI,24.5,0.0
2024-08-15,ERI,24.6,5.6
2024-08-16,ERI,21.9,12.4
2024-08-17,ERI,20.8,0.0
2024-08-18,ERI,17.6,0.0
2024-08-19,ERI,17.7,0.0
2024-08-20,ERI,19.4,0.0
2024-08-21,ERI,22.1,0.0
2024-08-22,ERI,19.8,0.0
2024-08-23,ERI,17.6,0.0
2024-08-24,ERI,15.1,6.6
2024-08-25,ERI,16.2,0.0
2024-08-26,ERI,16.1,0.0
2024-08-27,ERI,16.8,0.0
2024-08-28,ERI,14.5,0.0
2024-08-29,ERI,14.3,0.0
2024-08-30,ERI,12.0,0.0
2024-08-31,ERI,10.6,9.8
2024-09-01,ERI,17.7,0.0
2024-09-02,ERI,16.0,0.0
2024-09-03,ERI,15.8,12.8
2024-09-04,ERI,20.1,0.0
2024-09-05,ERI,24.7,0.0
2024-09-06,ERI,21.7,0.0
2024-09-07,ERI,20.1,8.1
2024-09-08,ERI,19.9,0.0
2024-09-09,ERI,23.5,3.2
2024-09-10,ERI,19.8,10.1
2024-09-11,ERI,18.1,0.0
2024-09-12,ERI,18.3,0.5
2024-09-13,ERI,19.3,7.7
2024-09-14,ERI,19.0,0.0
2024-09-15,ERI,17.7,2.7
2024-09-16,ERI,16.0,0.0
2024-09-17,ERI,13.5,0.0
2024-09-18,ERI,13.8,0.0
2024-09-19,ERI,14.8,0.0
2024-09-20,ERI,13.3,0.0
2024-09-21,ERI,17.1,2.4
2024-09-22,ERI,18.1,0.0
2024-09-23,ERI,16.9,5.4
2024-09-24,ERI,16.9,0.0
2024-09-25,ERI,14.3,0.0
2024-09-26,ERI,13.8,6.6
2024-09-27,ERI,13.7,2.8
2024-09-28,ERI,13.8,0.0
2024-09-29,ERI,12.9,1.4
2024-09-30,ERI,18.2,19.3
2024-10-01,ERI,20.8,9.3
2024-10-02,ERI,19.5,0.0
2024-10-03,ERI,15.6,0.0
2024-10-04,ERI,12.5,0.0
2024-10-05,ERI,13.9,0.0
2024-10-06,ERI,13.0,2.5
2024-10-07,ERI,12.7,3.8
2024-10-08,ERI,9.0,0.0
2024-10-09,ERI,10.6,0.0
2024-10-10,ERI,10.4,0.0
2024-10-11,ERI,9.2,0.0
2024-10-12,ERI,9.3,0.0
2024-10-13,ERI,11.9,0.0
2024-10-14,ERI,10.9,0.0
2024-10-15,ERI,10.5,0.0
2024-10-16,ERI,10.5,0.0
2024-10-17,ERI,9.7,0.0
2024-10-18,ERI,10.7,0.0
2024-10-19,ERI,13.7,0.0
2024-10-20,ERI,8.0,0.3
2024-10-21,ERI,7.6,14.6
2024-10-22,ERI,8.0,0.0
2024-10-23,ERI,7.5,0.0
2024-10-24,ERI,6.5,0.0
2024-10-25,ERI,3.5,0.0
2024-10-26,ERI,4.6,0.2
2024-10-27,ERI,9.3,0.0
2024-10-28,ERI,7.4,0.0
2024-10-29,ERI,8.0,0.0
2024-10-30,ERI,7.6,0.0
2024-10-31,ERI,6.4,2.1
2024-11-01,ERI,4.5,0.0
2024-11-02,ERI,4.0,0.0
2024-11-03,ERI,7.8,0.0
2024-11-04,ERI,7.8,0.0
2024-11-05,ERI,11.5,7.2
2024-11-06,ERI,11.6,0.0
2024-11-07,ERI,10.1,0.0
2024-11-08,ERI,10.7,3.5
2024-11-09,ERI,10.3,0.0
2024-11-10,ERI,11.2,4.6
2024-11-11,ERI,9.0,15.2
2024-11-12,ERI,10.0,4.9
2024-11-13,ERI,8.3,36.2
2024-11-14,ERI,8.3,0.0
2024-11-15,ERI,4.6,0.0
2024-11-16,ERI,6.2,3.8
2024-11-17,ERI,4.3,0.0
2024-11-18,ERI,7.4,0.0
2024-11-19,ERI,7.9,8.8
2024-11-20,ERI,9.9,2.1
2024-11-21,ERI,9.8,0.0
2024-11-22,ERI,6.5,3.1
2024-11-23,ERI,5.3,0.0
2024-11-24,ERI,2.2,31.0
2024-11-25,ERI,2.7,0.0
2024-11-26,ERI,6.1,0.0
2024-11-27,ERI,5.6,10.2
2024-11-28,ERI,3.2,3.6
2024-11-29,ERI,1.1,0.0
2024-11-30,ERI,1.7,0.0
2024-12-01,ERI,-1.9,0.0
2024-12-02,ERI,-3.4,9.1
2024-12-03,ERI,-2.1,10.8
2024-12-04,ERI,0.2,0.0
2024-12-05,ERI,1.2,0.0
2024-12-06,ERI,-2.2,3.3
2024-12-07,ERI,-0.8,0.0
2024-12-08,ERI,-0.0,0.0
2024-12-09,ERI,-0.3,12.7
2024-12-10,ERI,2.5,3.3
2024-12-11,ERI,-1.2,1.1
2024-12-12,ERI,-1.2,0.0
2024-12-13,ERI,-0.5,0.0
2024-12-14,ERI,-3.0,0.0
2024-12-15,ERI,2.6,5.0
2024-12-16,ERI,2.2,0.0
2024-12-17,ERI,2.1,0.0
2024-12-18,ERI,0.2,0.0
2024-12-19,ERI,1.5,0.0
2024-12-20,ERI,2.6,9.1
2024-12-21,ERI,2.0,0.0
2024-12-22,ERI,0.2,0.0
2024-12-23,ERI,-0.5,0.0
2024-12-24,ERI,-2.1,10.9
2024-12-25,ERI,-2.1,0.0
2024-12-26,ERI,-2.6,0.0
2024-12-27,ERI,-1.6,1.3
2024-12-28,ERI,0.4,0.0
2024-12-29,ERI,-1.1,0.0
2024-12-30,ERI,-1.6,3.8
2024-12-31,ERI,1.4,0.0
2025-01-01,ERI,-1.3,0.0
2025-01-02,ERI,-2.3,0.0
2025-01-03,ERI,-1.4,0.8
2025-01-04,ERI,0.8,2.9
2025-01-05,ERI,0.6,0.0
2025-01-06,ERI,2.7,14.4
2025-01-07,ERI,2.6,0.0
2025-01-08,ERI,3.0,0.0
2025-01-09,ERI,3.4,7.5
2025-01-10,ERI,5.2,0.0
2025-01-11,ERI,2.1,0.0
2025-01-12,ERI,-2.5,0.0
2025-01-13,ERI,0.9,0.0
2025-01-14,ERI,-1.6,8.0
2025-01-15,ERI,-1.5,5.5
2025-01-16,ERI,0.6,0.0
2025-01-17,ERI,-5.1,0.0
2025-01-18,ERI,-6.4,0.0
2025-01-19,ERI,-7.9,0.0
2025-01-20,ERI,-7.6,20.6
2025-01-21,ERI,-3.7,0.0
2025-01-22,ERI,-3.5,8.7
2025-01-23,ERI,-3.3,5.5
2025-01-24,ERI,-7.8,0.0
2025-01-25,ERI,-10.3,0.0
2025-01-26,ERI,-7.8,0.0
2025-01-27,ERI,-7.2,0.9
2025-01-28,ERI,-3.5,0.0
2025-01-29,ERI,-0.9,0.0
2025-01-30,ERI,-0.9,0.0
2025-01-31,ERI,-0.2,0.0
2025-02-01,ERI,0.7,0.0
2025-02-02,ERI,0.9,0.0
2025-02-03,ERI,-2.0,6.7
2025-02-04,ERI,-3.7,0.2
2025-02-05,ERI,-2.9,0.0
2025-02-06,ERI,-0.1,0.0
2025-02-07,ERI,1.0,11.5
2025-02-08,ERI,1.2,13.5
2025-02-09,ERI,-0.9,0.0
2025-02-10,ERI,-2.3,0.0
2025-02-11,ERI,0.2,1.6
2025-02-12,ERI,-5.3,0.0
2025-02-13,ERI,-5.6,0.0
2025-02-14,ERI,-5.9,0.0
2025-02-15,ERI,-8.1,24.8
2025-02-16,ERI,-7.3,0.0
2025-02-17,ERI,-3.4,5.9
2025-02-18,ERI,-2.9,0.0
2025-02-19,ERI,-2.5,0.0
2025-02-20,ERI,2.0,0.0
2025-02-21,ERI,3.3,3.3
2025-02-22,ERI,2.9,0.0
2025-02-23,ERI,2.1,2.0
2025-02-24,ERI,3.1,0.0
2025-02-25,ERI,2.2,0.0
2025-02-26,ERI,0.6,0.0
2025-02-27,ERI,-1.6,0.0
2025-02-28,ERI,-2.0,0.0
2025-03-01,ERI,-2.5,0.0
2025-03-02,ERI,0.6,0.0
2025-03-03,ERI,3.0,0.0
2025-03-04,ERI,-0.4,11.7
2025-03-05,ERI,2.0,0.0
2025-03-06,ERI,1.0,0.6
2025-03-07,ERI,1.3,0.0
2025-03-08,ERI,0.6,10.2
2025-03-09,ERI,-2.8,5.5
2025-03-10,ERI,1.2,0.0
2025-03-11,ERI,-0.4,0.5
2025-03-12,ERI,0.0,0.0
2025-03-13,ERI,-0.3,0.0
2025-03-14,ERI,-0.6,0.8
2025-03-15,ERI,2.2,0.7
2025-03-16,ERI,1.8,0.0
2025-03-17,ERI,2.7,11.6
2025-03-18,ERI,2.7,7.4
2025-03-19,ERI,6.5,18.1
2025-03-20,ERI,4.4,0.0
2025-03-21,ERI,2.1,3.7
2025-03-22,ERI,4.6,1.9
2025-03-23,ERI,3.0,0.0
2025-03-24,ERI,5.1,0.0
2025-03-25,ERI,7.2,10.9
2025-03-26,ERI,6.5,11.8
2025-03-27,ERI,5.8,0.0
2025-03-28,ERI,9.5,0.0
2025-03-29,ERI,12.0,0.0
2025-03-30,ERI,13.6,0.0
2025-03-31,ERI,11.6,2.7
2025-04-01,ERI,11.4,0.0
2025-04-02,ERI,9.7,0.0
2025-04-03,ERI,7.4,0.0
2025-04-04,ERI,7.4,5.7
2025-04-05,ERI,9.8,20.8
2025-04-06,ERI,7.3,9.7
2025-04-07,ERI,2.8,1.1
2025-04-08,ERI,0.3,1.2
2025-04-09,ERI,2.1,0.0
2025-04-10,ERI,3.4,5.7
2025-04-11,ERI,3.5,0.0
2025-04-12,ERI,7.8,27.1
2025-04-13,ERI,9.6,1.9
2025-04-14,ERI,8.2,0.0
2025-04-15,ERI,10.4,0.0
2025-04-16,ERI,10.3,0.0
2025-04-17,ERI,9.8,0.0
2025-04-18,ERI,8.7,6.5
2025-04-19,ERI,9.0,3.5
2025-04-20,ERI,9.4,0.0
2025-04-21,ERI,10.4,0.0
2025-04-22,ERI,8.3,0.0
2025-04-23,ERI,9.5,3.6
2025-04-24,ERI,13.6,0.0
2025-04-25,ERI,12.4,0.0
2025-04-26,ERI,14.8,3.9
2025-04-27,ERI,14.6,16.4
2025-04-28,ERI,15.9,0.0
2025-04-29,ERI,15.1,0.0
2025-04-30,ERI,13.9,0.0
2025-05-01,ERI,11.3,0.0
2025-05-02,ERI,11.5,0.0
2025-05-03,ERI,10.0,26.3
2025-05-04,ERI,12.6,0.0
2025-05-05,ERI,15.1,3.8
2025-05-06,ERI,13.3,0.0
2025-05-07,ERI,12.3,16.2
2025-05-08,ERI,14.9,4.4
2025-05-09,ERI,14.2,0.0
2025-05-10,ERI,14.5,0.0
2025-05-11,ERI,13.6,0.0
2025-05-12,ERI,13.2,0.0
2025-05-13,ERI,10.4,0.0
2025-05-14,ERI,9.4,0.0
2025-05-15,ERI,13.1,0.0
2025-05-16,ERI,14.7,0.0
2025-05-17,ERI,15.8,0.0
2025-05-18,ERI,13.9,0.0
2025-05-19,ERI,9.8,0.0
2025-05-20,ERI,11.1,22.6
2025-05-21,ERI,15.8,0.0
2025-05-22,ERI,18.0,1.3
2025-05-23,ERI,15.7,7.0
2025-05-24,ERI,17.1,0.0
2025-05-25,ERI,12.7,20.4
2025-05-26,ERI,11.7,0.0
2025-05-27,ERI,14.1,0.0
2025-05-28,ERI,14.4,16.7
2025-05-29,ERI,15.0,0.0
2025-05-30,ERI,17.3,21.8
2025-05-31,ERI,20.8,0.0
2025-06-01,ERI,20.0,0.0
2025-06-02,ERI,20.6,0.1
2025-06-03,ERI,22.8,13.1
2025-06-04,ERI,20.6,6.6
2025-06-05,ERI,19.4,0.0
2025-06-06,ERI,21.1,4.3
2025-06-07,ERI,20.1,0.0
2025-06-08,ERI,22.5,8.8
2025-06-09,ERI,21.2,0.0
2025-06-10,ERI,23.1,11.5
2025-06-11,ERI,22.1,0.0
2025-06-12,ERI,23.1,18.8
2025-06-13,ERI,25.9,0.0
2025-06-14,ERI,23.7,0.0
2025-06-15,ERI,22.4,17.7
2025-06-16,ERI,20.3,0.0
2025-06-17,ERI,22.5,2.4
2025-06-18,ERI,19.3,0.0
2025-06-19,ERI,23.8,0.0
2025-06-20,ERI,20.3,0.0
2025-06-21,ERI,21.6,12.1
2025-06-22,ERI,17.5,18.7
2025-06-23,ERI,17.4,5.3
2025-06-24,ERI,17.2,5.3
2025-06-25,ERI,16.0,5.0
2025-06-26,ERI,18.8,0.0
2025-06-27,ERI,20.1,0.0
2025-06-28,ERI,20.5,0.0
2025-06-29,ERI,19.4,0.0
2025-06-30,ERI,21.7,4.3
2025-07-01,ERI,20.8,0.0
2025-07-02,ERI,22.7,14.5
2025-07-03,ERI,23.5,2.9
2025-07-04,ERI,23.7,0.0
2025-07-05,ERI,23.9,0.0
2025-07-06,ERI,24.4,0.0
2025-07-07,ERI,27.1,13.1
2025-07-08,ERI,24.5,0.0
2025-07-09,ERI,22.2,1.0
2025-07-10,ERI,28.2,1.1
2025-07-11,ERI,27.2,0.0
2025-07-12,ERI,25.8,3.6
2025-07-13,ERI,25.7,0.0
2025-07-14,ERI,27.4,0.0
2025-07-15,ERI,28.1,4.8
2025-07-16,ERI,30.2,0.0
2025-07-17,ERI,28.4,0.0
2025-07-18,ERI,30.0,0.0
2025-07-19,ERI,31.8,0.0
2025-07-20,ERI,29.2,0.0
2025-07-21,ERI,27.7,9.0
2025-07-22,ERI,30.5,0.0
2025-07-23,ERI,29.0,0.0
2025-07-24,ERI,27.9,15.6
2025-07-25,ERI,29.9,0.0
2025-07-26,ERI,29.9,0.0
2025-07-27,ERI,28.5,0.0
2025-07-28,ERI,30.3,0.0
2025-07-29,ERI,26.9,0.0
2025-07-30,ERI,31.0,0.0
2025-07-31,ERI,32.1,0.0
2025-08-01,ERI,22.5,0.0
2025-08-02,ERI,22.2,12.9
2025-08-03,ERI,18.1,0.3
2025-08-04,ERI,18.2,0.0
2025-08-05,ERI,18.4,0.0
2025-08-06,ERI,16.2,0.0
2025-08-07,ERI,18.1,4.9
2025-08-08,ERI,23.1,1.6
2025-08-09,ERI,22.3,0.0
2025-08-10,ERI,20.7,0.0
2025-08-11,ERI,20.8,6.9
2025-08-12,ERI,24.4,0.0
2025-08-13,ERI,20.9,0.0
2025-08-14,ERI,20.9,0.0
2025-08-15,ERI,23.2,3.9
2025-08-16,ERI,20.9,0.0
2025-08-17,ERI,16.0,0.0
2025-08-18,ERI,17.6,0.0
2025-08-19,ERI,17.1,4.0
2025-08-20,ERI,19.2,0.0
2025-08-21,ERI,21.6,0.0
2025-08-22,ERI,17.2,7.4
2025-08-23,ERI,18.3,0.0
2025-08-24,ERI,17.6,0.0
2025-08-25,ERI,21.0,0.0
2025-08-26,ERI,19.0,19.6
2025-08-27,ERI,16.5,0.0
2025-08-28,ERI,17.7,14.6
2025-08-29,ERI,20.9,0.0
2025-08-30,ERI,21.2,0.0
2025-08-31,ERI,17.9,3.5
2025-09-01,ERI,18.8,1.4
2025-09-02,ERI,16.3,20.4
2025-09-03,ERI,19.0,0.0
2025-09-04,ERI,16.0,0.0
2025-09-05,ERI,16.9,0.0
2025-09-06,ERI,16.9,10.0
2025-09-07,ERI,14.1,4.9
2025-09-08,ERI,15.9,1.6
2025-09-09,ERI,16.9,0.0
2025-09-10,ERI,16.0,0.0
2025-09-11,ERI,19.2,0.0
2025-09-12,ERI,19.8,7.9
2025-09-13,ERI,19.1,0.0
2025-09-14,ERI,16.4,5.1
2025-09-15,ERI,15.8,0.0
2025-09-16,ERI,16.9,0.0
2025-09-17,ERI,15.8,0.0
2025-09-18,ERI,15.4,0.0
2025-09-19,ERI,17.9,0.7
2025-09-20,ERI,15.3,0.0
2025-09-21,ERI,11.6,3.9
2025-09-22,ERI,15.0,0.0
2025-09-23,ERI,18.7,12.0
2025-09-24,ERI,19.8,1.4
2025-09-25,ERI,13.9,0.4
2025-09-26,ERI,13.6,17.1
2025-09-27,ERI,11.8,0.0
2025-09-28,ERI,12.4,0.0
2025-09-29,ERI,10.0,4.9
2025-09-30,ERI,11.9,0.0
2025-10-01,ERI,14.4,0.0
2025-10-02,ERI,11.9,1.6
2025-10-03,ERI,14.0,0.0
2025-10-04,ERI,15.5,0.0
2025-10-05,ERI,16.9,0.0
2025-10-06,ERI,13.7,0.0
2025-10-07,ERI,14.6,0.0
2025-10-08,ERI,15.8,15.6
2025-10-09,ERI,11.9,5.4
2025-10-10,ERI,11.2,0.0
2025-10-11,ERI,10.7,0.0
2025-10-12,ERI,13.7,0.0
2025-10-13,ERI,12.7,3.6
2025-10-14,ERI,14.9,5.1
2025-10-15,ERI,49.6,6.0
2025-10-16,ERI,54.1,3.4
2025-10-17,ERI,54.0,16.2
2025-10-18,ERI,49.3,0.0
2025-10-19,ERI,49.1,0.0
2025-10-20,ERI,54.0,0.0
2025-10-21,ERI,49.8,0.0
2025-10-22,ERI,40.3,10.3
2025-10-23,ERI,43.9,0.0
2025-10-24,ERI,43.3,0.3
2025-10-25,ERI,43.2,0.0
2025-10-26,ERI,42.3,2.7
2025-10-27,ERI,38.5,0.0
2025-10-28,ERI,33.3,0.0
2025-10-29,ERI,37.2,0.0
2025-10-30,ERI,37.2,0.0
2025-10-31,ERI,33.3,0.0
2025-11-01,ERI,38.7,13.1
2025-11-02,ERI,40.6,0.0
2025-11-03,ERI,43.0,0.0
2025-11-04,ERI,39.4,0.0
2025-11-05,ERI,43.7,0.0
2025-11-06,ERI,43.9,15.8
2025-11-07,ERI,50.2,0.0
2025-11-08,ERI,45.5,0.0
2025-11-09,ERI,47.8,2.7
2025-11-10,ERI,46.4,2.4
2025-11-11,ERI,47.1,2.3
2025-11-12,ERI,47.1,0.0
2025-11-13,ERI,50.5,1.1
2025-11-14,ERI,43.0,7.9
2025-11-15,ERI,39.9,13.7
2025-11-16,ERI,36.7,0.0
2025-11-17,ERI,43.3,6.5
2025-11-18,ERI,48.4,12.2
2025-11-19,ERI,39.9,0.0
2025-11-20,ERI,35.8,3.7
2025-11-21,ERI,37.8,0.0
2025-11-22,ERI,36.5,0.0
2025-11-23,ERI,37.8,0.0
2025-11-24,ERI,34.2,0.0
2025-11-25,ERI,32.7,0.0
2025-11-26,ERI,32.2,10.0
2025-11-27,ERI,24.6,3.1
2025-11-28,ERI,26.2,5.0
2025-11-29,ERI,25.3,1.5
2025-11-30,ERI,27.3,0.0
2025-12-01,ERI,34.3,4.5
2025-12-02,ERI,30.9,5.6
2025-12-03,ERI,31.6,0.0
2025-12-04,ERI,32.5,0.0
2025-12-05,ERI,38.5,0.3
2025-12-06,ERI,31.8,3.1
2025-12-07,ERI,27.9,9.2
2025-12-08,ERI,29.5,1.4
2025-12-09,ERI,30.7,0.0
2025-12-10,ERI,33.6,0.0
2025-12-11,ERI,32.7,0.0
2025-12-12,ERI,33.3,0.0
2025-12-13,ERI,27.7,0.0
2025-12-14,ERI,29.3,0.0
2025-12-15,ERI,28.8,3.1
2025-12-16,ERI,24.8,7.9
2025-12-17,ERI,24.8,0.0
2025-12-18,ERI,28.6,0.0
2025-12-19,ERI,30.4,5.4
2025-12-20,ERI,26.1,21.9
2025-12-21,ERI,27.5,15.4
2025-12-22,ERI,32.0,2.8
2025-12-23,ERI,21.2,0.0
2025-12-24,ERI,21.9,0.0
2025-12-25,ERI,21.0,0.0
2025-12-26,ERI,29.7,6.5
2025-12-27,ERI,29.1,0.7
2025-12-28,ERI,31.6,0.0
2025-12-29,ERI,25.9,0.0
2025-12-30,ERI,25.7,1.2
2025-12-31,ERI,28.6,5.6
2024-01-01,MDT,1.1,7.3
2024-01-02,MDT,-0.7,0.0
2024-01-03,MDT,1.1,9.6
2024-01-04,MDT,3.7,20.7
2024-01-05,MDT,-1.3,0.0
2024-01-06,MDT,-3.2,0.0
2024-01-07,MDT,-2.8,0.0
2024-01-08,MDT,-0.9,9.5
2024-01-09,MDT,-0.1,2.1
2024-01-10,MDT,-2.2,0.0
2024-01-11,MDT,0.1,0.0
2024-01-12,MDT,2.1,0.0
2024-01-13,MDT,1.5,0.0
2024-01-14,MDT,2.7,0.0
2024-01-15,MDT,2.3,13.4
2024-01-16,MDT,0.6,0.0
2024-01-17,MDT,0.9,0.8
2024-01-18,MDT,-1.3,4.1
2024-01-19,MDT,-0.4,5.1
2024-01-20,MDT,0.0,0.0
2024-01-21,MDT,-0.2,0.0
2024-01-22,MDT,-1.5,4.9
2024-01-23,MDT,1.6,10.3
2024-01-24,MDT,1.7,0.0
2024-01-25,MDT,1.3,0.0
2024-01-26,MDT,0.9,10.4
2024-01-27,MDT,1.4,8.9
2024-01-28,MDT,1.2,0.0
2024-01-29,MDT,0.8,0.0
2024-01-30,MDT,1.1,0.0
2024-01-31,MDT,5.0,17.1
2024-02-01,MDT,2.4,15.8
2024-02-02,MDT,1.2,0.0
2024-02-03,MDT,-1.2,1.8
2024-02-04,MDT,-0.9,0.0
2024-02-05,MDT,2.7,9.7
2024-02-06,MDT,1.7,0.0
2024-02-07,MDT,-0.7,0.0
2024-02-08,MDT,-2.5,0.0
2024-02-09,MDT,0.4,0.0
2024-02-10,MDT,3.4,0.0
2024-02-11,MDT,3.4,5.0
2024-02-12,MDT,1.4,0.0
2024-02-13,MDT,3.0,7.7
2024-02-14,MDT,1.0,0.0
2024-02-15,MDT,3.7,0.0
2024-02-16,MDT,6.9,4.2
2024-02-17,MDT,3.0,5.4
2024-02-18,MDT,3.9,0.0
2024-02-19,MDT,2.9,1.0
2024-02-20,MDT,3.1,0.0
2024-02-21,MDT,3.8,5.0
2024-02-22,MDT,1.7,0.0
2024-02-23,MDT,1.3,0.0
2024-02-24,MDT,0.1,0.0
2024-02-25,MDT,-0.3,8.4
2024-02-26,MDT,0.8,0.0
2024-02-27,MDT,3.1,0.0
2024-02-28,MDT,0.2,0.0
2024-02-29,MDT,5.0,0.0
2024-03-01,MDT,1.0,0.0
2024-03-02,MDT,1.1,0.0
2024-03-03,MDT,1.9,0.0
2024-03-04,MDT,4.2,0.0
2024-03-05,MDT,7.2,0.0
2024-03-06,MDT,8.1,14.1
2024-03-07,MDT,4.8,0.0
2024-03-08,MDT,2.7,0.0
2024-03-09,MDT,4.6,0.0
2024-03-10,MDT,4.3,0.0
2024-03-11,MDT,0.7,0.0
2024-03-12,MDT,1.1,0.0
2024-03-13,MDT,-0.2,0.0
2024-03-14,MDT,4.0,0.0
2024-03-15,MDT,6.5,0.0
2024-03-16,MDT,7.2,0.0
2024-03-17,MDT,6.4,1.2
2024-03-18,MDT,5.4,11.4
2024-03-19,MDT,7.5,0.0
2024-03-20,MDT,6.3,0.0
2024-03-21,MDT,6.3,0.0
2024-03-22,MDT,5.2,0.0
2024-03-23,MDT,4.8,0.0
2024-03-24,MDT,4.7,0.0
2024-03-25,MDT,4.5,0.0
2024-03-26,MDT,5.6,4.3
2024-03-27,MDT,7.2,0.0
2024-03-28,MDT,6.2,0.0
2024-03-29,MDT,9.3,0.0
2024-03-30,MDT,8.8,7.8
2024-03-31,MDT,10.0,0.0
2024-04-01,MDT,9.1,6.6
2024-04-02,MDT,8.1,1.5
2024-04-03,MDT,9.2,0.0
2024-04-04,MDT,7.7,2.3
2024-04-05,MDT,6.8,0.0
2024-04-06,MDT,4.8,0.0
2024-04-07,MDT,4.7,9.1
2024-04-08,MDT,6.3,0.0
2024-04-09,MDT,5.1,0.0
2024-04-10,MDT,5.2,0.0
2024-04-11,MDT,9.0,0.0
2024-04-12,MDT,9.4,0.0
2024-04-13,MDT,9.6,3.5
2024-04-14,MDT,8.7,8.4
2024-04-15,MDT,10.9,0.0
2024-04-16,MDT,10.6,0.0
2024-04-17,MDT,9.8,0.0
2024-04-18,MDT,10.7,0.0
2024-04-19,MDT,8.8,3.4
2024-04-20,MDT,8.6,0.0
2024-04-21,MDT,11.7,1.4
2024-04-22,MDT,11.0,0.0
2024-04-23,MDT,11.0,0.0
2024-04-24,MDT,10.1,3.2
2024-04-25,MDT,11.3,9.4
2024-04-26,MDT,12.4,0.0
2024-04-27,MDT,12.7,2.8
2024-04-28,MDT,14.8,0.0
2024-04-29,MDT,15.1,0.0
2024-04-30,MDT,13.9,0.6
2024-05-01,MDT,16.3,0.0
2024-05-02,MDT,17.2,0.8
2024-05-03,MDT,18.3,12.3
2024-05-04,MDT,18.0,0.0
2024-05-05,MDT,16.8,0.0
2024-05-06,MDT,20.8,0.0
2024-05-07,MDT,16.6,2.6
2024-05-08,MDT,16.9,0.0
2024-05-09,MDT,15.6,0.0
2024-05-10,MDT,15.5,0.0
2024-05-11,MDT,13.1,0.0
2024-05-12,MDT,16.1,0.0
2024-05-13,MDT,16.1,4.7
2024-05-14,MDT,13.5,0.0
2024-05-15,MDT,13.7,0.0
2024-05-16,MDT,15.4,0.0
2024-05-17,MDT,16.9,0.0
2024-05-18,MDT,21.6,0.0
2024-05-19,MDT,25.8,0.0
2024-05-20,MDT,24.9,0.6
2024-05-21,MDT,20.9,0.0
2024-05-22,MDT,15.4,0.0
2024-05-23,MDT,18.9,0.0
2024-05-24,MDT,19.0,0.0
2024-05-25,MDT,19.1,5.7
2024-05-26,MDT,17.6,0.0
2024-05-27,MDT,17.7,0.0
2024-05-28,MDT,21.7,0.0
2024-05-29,MDT,21.0,0.0
2024-05-30,MDT,19.9,0.0
2024-05-31,MDT,20.1,0.0
2024-06-01,MDT,17.1,0.0
2024-06-02,MDT,19.0,12.2
2024-06-03,MDT,17.9,0.0
2024-06-04,MDT,22.6,0.0
2024-06-05,MDT,24.4,0.0
2024-06-06,MDT,25.1,0.0
2024-06-07,MDT,22.7,0.0
2024-06-08,MDT,19.2,19.8
2024-06-09,MDT,19.4,0.0
2024-06-10,MDT,18.1,0.0
2024-06-11,MDT,23.0,1.0
2024-06-12,MDT,20.2,3.3
2024-06-13,MDT,24.0,0.0
2024-06-14,MDT,23.0,10.8
2024-06-15,MDT,24.3,0.0
2024-06-16,MDT,23.3,6.1
2024-06-17,MDT,24.4,0.0
2024-06-18,MDT,23.5,5.8
2024-06-19,MDT,21.1,0.0
2024-06-20,MDT,20.9,0.0
2024-06-21,MDT,20.4,0.0
2024-06-22,MDT,17.9,0.0
2024-06-23,MDT,16.9,0.0
2024-06-24,MDT,20.1,13.3
2024-06-25,MDT,23.7,0.0
2024-06-26,MDT,24.4,0.0
2024-06-27,MDT,23.3,0.0
2024-06-28,MDT,24.1,0.0
2024-06-29,MDT,28.2,0.0
2024-06-30,MDT,26.8,0.0
2024-07-01,MDT,25.6,2.2
2024-07-02,MDT,25.5,7.1
2024-07-03,MDT,27.4,10.6
2024-07-04,MDT,28.6,0.0
2024-07-05,MDT,28.6,0.0
2024-07-06,MDT,24.9,0.0
2024-07-07,MDT,22.8,0.0
2024-07-08,MDT,26.8,17.5
2024-07-09,MDT,28.6,0.0
2024-07-10,MDT,28.0,13.7
2024-07-11,MDT,25.4,0.0
2024-07-12,MDT,28.5,0.0
2024-07-13,MDT,24.8,0.0
2024-07-14,MDT,23.5,1.1
2024-07-15,MDT,24.4,2.8
2024-07-16,MDT,23.8,0.0
2024-07-17,MDT,23.0,10.3
2024-07-18,MDT,23.5,0.0
2024-07-19,MDT,24.5,0.0
2024-07-20,MDT,26.5,7.8
2024-07-21,MDT,26.1,7.0
2024-07-22,MDT,26.9,0.0
2024-07-23,MDT,22.0,0.0
2024-07-24,MDT,22.6,0.0
2024-07-25,MDT,20.7,0.0
2024-07-26,MDT,22.0,6.4
2024-07-27,MDT,22.0,0.0
2024-07-28,MDT,22.2,0.0
2024-07-29,MDT,25.4,0.0
2024-07-30,MDT,20.6,0.0
2024-07-31,MDT,19.4,0.0
2024-08-01,MDT,19.9,0.0
2024-08-02,MDT,19.4,0.0
2024-08-03,MDT,22.7,0.0
2024-08-04,MDT,24.4,0.0
2024-08-05,MDT,27.6,2.0
2024-08-06,MDT,25.1,0.0
2024-08-07,MDT,23.9,0.0
2024-08-08,MDT,23.5,5.0
2024-08-09,MDT,24.3,0.0
2024-08-10,MDT,23.9,0.0
2024-08-11,MDT,23.2,0.0
2024-08-12,MDT,23.2,0.0
2024-08-13,MDT,25.3,2.7
2024-08-14,MDT,28.2,5.2
2024-08-15,MDT,30.7,19.6
2024-08-16,MDT,26.7,0.0
2024-08-17,MDT,24.7,0.0
2024-08-18,MDT,22.2,0.0
2024-08-19,MDT,20.9,7.0
2024-08-20,MDT,19.4,5.8
2024-08-21,MDT,19.8,0.0
2024-08-22,MDT,21.0,15.3
2024-08-23,MDT,21.5,0.0
2024-08-24,MDT,19.7,0.0
2024-08-25,MDT,19.9,0.0
2024-08-26,MDT,17.2,0.0
2024-08-27,MDT,17.3,5.8
2024-08-28,MDT,17.1,6.4
2024-08-29,MDT,17.4,3.7
2024-08-30,MDT,17.1,0.0
2024-08-31,MDT,17.8,0.0
2024-09-01,MDT,22.8,0.0
2024-09-02,MDT,19.7,13.1
2024-09-03,MDT,16.7,0.0
2024-09-04,MDT,22.7,5.9
2024-09-05,MDT,27.2,0.0
2024-09-06,MDT,22.7,0.0
2024-09-07,MDT,21.7,0.1
2024-09-08,MDT,21.2,0.0
2024-09-09,MDT,24.1,0.2
2024-09-10,MDT,19.6,0.0
2024-09-11,MDT,20.3,0.0
2024-09-12,MDT,21.3,0.0
2024-09-13,MDT,22.6,0.0
2024-09-14,MDT,20.5,0.0
2024-09-15,MDT,19.6,10.2
2024-09-16,MDT,15.7,0.0
2024-09-17,MDT,17.0,0.0
2024-09-18,MDT,16.0,4.4
2024-09-19,MDT,16.7,0.0
2024-09-20,MDT,16.2,0.0
2024-09-21,MDT,17.7,0.0
2024-09-22,MDT,17.8,2.7
2024-09-23,MDT,17.9,0.0
2024-09-24,MDT,19.2,0.0
2024-09-25,MDT,18.3,2.9
2024-09-26,MDT,17.7,5.8
2024-09-27,MDT,16.3,0.0
2024-09-28,MDT,16.8,0.0
2024-09-29,MDT,15.5,0.0
2024-09-30,MDT,19.5,4.2
2024-10-01,MDT,22.2,0.0
2024-10-02,MDT,19.9,0.0
2024-10-03,MDT,16.9,4.2
2024-10-04,MDT,13.2,0.0
2024-10-05,MDT,16.9,2.0
2024-10-06,MDT,16.7,2.3
2024-10-07,MDT,16.1,0.0
2024-10-08,MDT,12.7,0.0
2024-10-09,MDT,13.7,11.8
2024-10-10,MDT,13.8,0.0
2024-10-11,MDT,10.6,8.5
2024-10-12,MDT,9.9,0.0
2024-10-13,MDT,13.0,0.0
2024-10-14,MDT,12.5,0.0
2024-10-15,MDT,12.6,0.0
2024-10-16,MDT,11.7,0.0
2024-10-17,MDT,12.3,0.0
2024-10-18,MDT,11.6,9.6
2024-10-19,MDT,14.5,3.4
2024-10-20,MDT,9.3,0.0
2024-10-21,MDT,11.9,9.4
2024-10-22,MDT,12.5,0.0
2024-10-23,MDT,11.9,8.7
2024-10-24,MDT,11.6,0.0
2024-10-25,MDT,10.2,5.7
2024-10-26,MDT,9.1,0.0
2024-10-27,MDT,11.8,0.0
2024-10-28,MDT,8.5,9.7
2024-10-29,MDT,10.2,0.0
2024-10-30,MDT,9.3,0.0
2024-10-31,MDT,8.1,17.6
2024-11-01,MDT,8.2,31.2
2024-11-02,MDT,6.5,0.0
2024-11-03,MDT,9.6,0.0
2024-11-04,MDT,11.5,1.5
2024-11-05,MDT,13.7,0.0
2024-11-06,MDT,13.3,11.2
2024-11-07,MDT,11.4,14.8
2024-11-08,MDT,13.5,0.0
2024-11-09,MDT,12.0,0.7
2024-11-10,MDT,12.5,5.3
2024-11-11,MDT,9.2,0.0
2024-11-12,MDT,9.8,4.1
2024-11-13,MDT,7.9,3.0
2024-11-14,MDT,9.6,0.0
2024-11-15,MDT,8.0,0.0
2024-11-16,MDT,8.4,0.0
2024-11-17,MDT,6.8,0.0
2024-11-18,MDT,8.2,0.0
2024-11-19,MDT,8.8,0.5
2024-11-20,MDT,11.2,0.0
2024-11-21,MDT,10.1,12.6
2024-11-22,MDT,4.1,16.5
2024-11-23,MDT,4.1,0.0
2024-11-24,MDT,2.9,0.0
2024-11-25,MDT,2.9,0.0
2024-11-26,MDT,7.4,4.4
2024-11-27,MDT,9.5,1.7
2024-11-28,MDT,7.3,0.0
2024-11-29,MDT,5.7,0.0
2024-11-30,MDT,5.8,0.0
2024-12-01,MDT,4.6,0.8
2024-12-02,MDT,4.7,7.5
2024-12-03,MDT,5.5,0.0
2024-12-04,MDT,7.4,0.0
2024-12-05,MDT,6.9,2.2
2024-12-06,MDT,1.6,3.0
2024-12-07,MDT,2.3,15.4
2024-12-08,MDT,3.3,2.2
2024-12-09,MDT,3.2,0.0
2024-12-10,MDT,5.8,2.2
2024-12-11,MDT,-1.0,0.0
2024-12-12,MDT,1.0,0.0
2024-12-13,MDT,2.3,0.0
2024-12-14,MDT,-0.1,0.0
2024-12-15,MDT,4.7,0.5
2024-12-16,MDT,4.7,0.3
2024-12-17,MDT,6.7,1.1
2024-12-18,MDT,2.9,0.0
2024-12-19,MDT,6.3,8.1
2024-12-20,MDT,7.7,0.0
2024-12-21,MDT,6.3,3.5
2024-12-22,MDT,6.5,19.1
2024-12-23,MDT,4.1,0.0
2024-12-24,MDT,1.5,0.0
2024-12-25,MDT,2.6,0.0
2024-12-26,MDT,0.0,0.0
2024-12-27,MDT,1.7,11.2
2024-12-28,MDT,3.8,3.5
2024-12-29,MDT,3.0,0.0
2024-12-30,MDT,0.4,0.0
2024-12-31,MDT,4.8,0.0
2025-01-01,MDT,1.7,24.4
2025-01-02,MDT,-0.5,0.0
2025-01-03,MDT,-0.9,3.1
2025-01-04,MDT,0.2,0.0
2025-01-05,MDT,1.0,0.0
2025-01-06,MDT,2.3,0.0
2025-01-07,MDT,4.2,0.0
2025-01-08,MDT,4.0,0.0
2025-01-09,MDT,2.9,10.2
2025-01-10,MDT,6.0,0.0
2025-01-11,MDT,4.5,0.0
2025-01-12,MDT,-0.5,0.0
2025-01-13,MDT,2.8,0.0
2025-01-14,MDT,2.0,0.0
2025-01-15,MDT,2.7,8.7
2025-01-16,MDT,4.0,0.0
2025-01-17,MDT,-1.0,0.0
2025-01-18,MDT,-2.6,0.0
2025-01-19,MDT,-4.1,0.0
2025-01-20,MDT,-5.5,0.0
2025-01-21,MDT,-3.7,8.2
2025-01-22,MDT,-2.0,0.0
2025-01-23,MDT,-0.8,0.0
2025-01-24,MDT,-3.5,0.0
2025-01-25,MDT,-5.6,0.0
2025-01-26,MDT,-5.2,0.0
2025-01-27,MDT,-5.6,0.0
2025-01-28,MDT,-3.0,0.0
2025-01-29,MDT,-0.6,12.0
2025-01-30,MDT,-1.2,2.8
2025-01-31,MDT,0.4,0.0
2025-02-01,MDT,0.7,8.9
2025-02-02,MDT,1.5,0.0
2025-02-03,MDT,0.4,0.7
2025-02-04,MDT,-0.3,0.0
2025-02-05,MDT,2.0,4.8
2025-02-06,MDT,3.6,19.9
2025-02-07,MDT,1.3,0.0
2025-02-08,MDT,2.3,2.7
2025-02-09,MDT,1.7,2.6
2025-02-10,MDT,2.6,10.3
2025-02-11,MDT,3.0,10.3
2025-02-12,MDT,-0.2,0.0
2025-02-13,MDT,-2.0,16.4
2025-02-14,MDT,-2.1,0.0
2025-02-15,MDT,-4.0,0.0
2025-02-16,MDT,-3.5,0.0
2025-02-17,MDT,-0.9,0.0
2025-02-18,MDT,-0.0,0.5
2025-02-19,MDT,0.7,0.0
2025-02-20,MDT,4.8,0.0
2025-02-21,MDT,6.4,8.8
2025-02-22,MDT,4.6,0.0
2025-02-23,MDT,6.0,0.0
2025-02-24,MDT,4.1,0.0
2025-02-25,MDT,2.9,0.0
2025-02-26,MDT,1.2,2.9
2025-02-27,MDT,0.3,0.0
2025-02-28,MDT,-1.6,0.0
2025-03-01,MDT,-0.5,0.0
2025-03-02,MDT,3.3,13.6
2025-03-03,MDT,4.4,17.0
2025-03-04,MDT,3.9,0.0
2025-03-05,MDT,4.2,4.8
2025-03-06,MDT,2.4,20.1
2025-03-07,MDT,4.4,0.0
2025-03-08,MDT,4.8,0.0
2025-03-09,MDT,1.7,14.7
2025-03-10,MDT,5.2,0.0
2025-03-11,MDT,4.4,0.0
2025-03-12,MDT,5.2,0.0
2025-03-13,MDT,3.6,2.5
2025-03-14,MDT,4.7,4.3
2025-03-15,MDT,6.3,0.0
2025-03-16,MDT,3.8,4.8
2025-03-17,MDT,7.6,0.0
2025-03-18,MDT,7.0,3.5
2025-03-19,MDT,10.6,0.0
2025-03-20,MDT,8.6,0.0
2025-03-21,MDT,6.3,0.0
2025-03-22,MDT,7.6,0.0
2025-03-23,MDT,7.4,0.0
2025-03-24,MDT,9.0,0.0
2025-03-25,MDT,10.8,0.0
2025-03-26,MDT,9.9,0.0
2025-03-27,MDT,10.6,0.0
2025-03-28,MDT,11.1,0.0
2025-03-29,MDT,14.0,0.0
2025-03-30,MDT,12.9,10.5
2025-03-31,MDT,12.1,0.0
2025-04-01,MDT,14.0,0.0
2025-04-02,MDT,10.5,0.0
2025-04-03,MDT,10.8,0.0
2025-04-04,MDT,11.4,0.0
2025-04-05,MDT,9.1,0.0
2025-04-06,MDT,8.6,8.4
2025-04-07,MDT,5.9,0.0
2025-04-08,MDT,2.7,3.4
2025-04-09,MDT,3.5,18.7
2025-04-10,MDT,6.0,3.3
2025-04-11,MDT,7.8,0.0
2025-04-12,MDT,12.0,7.9
2025-04-13,MDT,14.5,0.0
2025-04-14,MDT,12.6,0.0
2025-04-15,MDT,12.7,0.0
2025-04-16,MDT,11.0,7.7
2025-04-17,MDT,10.2,5.5
2025-04-18,MDT,12.0,0.0
2025-04-19,MDT,13.2,0.0
2025-04-20,MDT,11.4,0.0
2025-04-21,MDT,12.3,0.0
2025-04-22,MDT,11.5,0.0
2025-04-23,MDT,11.6,0.0
2025-04-24,MDT,17.2,0.0
2025-04-25,MDT,17.8,0.0
2025-04-26,MDT,17.8,0.0
2025-04-27,MDT,16.9,0.0
2025-04-28,MDT,17.1,1.5
2025-04-29,MDT,16.6,8.2
2025-04-30,MDT,16.9,0.0
2025-05-01,MDT,13.6,0.0
2025-05-02,MDT,15.4,11.9
2025-05-03,MDT,14.9,0.0
2025-05-04,MDT,16.0,2.3
2025-05-05,MDT,17.7,12.1
2025-05-06,MDT,18.2,0.0
2025-05-07,MDT,17.4,0.0
2025-05-08,MDT,18.4,8.5
2025-05-09,MDT,17.7,0.0
2025-05-10,MDT,18.1,0.0
2025-05-11,MDT,15.4,0.0
2025-05-12,MDT,16.4,0.0
2025-05-13,MDT,13.1,0.0
2025-05-14,MDT,10.2,0.0
2025-05-15,MDT,14.9,0.0
2025-05-16,MDT,17.6,0.0
2025-05-17,MDT,15.4,1.0
2025-05-18,MDT,13.3,13.8
2025-05-19,MDT,8.3,0.0
2025-05-20,MDT,11.2,0.0
2025-05-21,MDT,18.0,0.0
2025-05-22,MDT,17.5,18.3
2025-05-23,MDT,17.5,0.0
2025-05-24,MDT,18.9,1.8
2025-05-25,MDT,16.8,0.0
2025-05-26,MDT,16.8,0.0
2025-05-27,MDT,17.1,0.0
2025-05-28,MDT,17.2,0.0
2025-05-29,MDT,19.1,12.3
2025-05-30,MDT,20.2,0.0
2025-05-31,MDT,21.7,0.0
2025-06-01,MDT,20.0,0.0
2025-06-02,MDT,21.5,0.0
2025-06-03,MDT,23.9,0.0
2025-06-04,MDT,23.8,0.0
2025-06-05,MDT,20.5,0.0
2025-06-06,MDT,22.6,0.0
2025-06-07,MDT,25.1,0.0
2025-06-08,MDT,26.7,0.0
2025-06-09,MDT,22.9,0.0
2025-06-10,MDT,26.0,4.6
2025-06-11,MDT,24.1,0.0
2025-06-12,MDT,24.9,0.0
2025-06-13,MDT,26.6,0.0
2025-06-14,MDT,24.3,9.3
2025-06-15,MDT,23.6,0.0
2025-06-16,MDT,22.9,0.0
2025-06-17,MDT,24.5,0.0
2025-06-18,MDT,21.4,7.9
2025-06-19,MDT,22.4,6.4
2025-06-20,MDT,22.2,0.0
2025-06-21,MDT,25.6,16.1
2025-06-22,MDT,20.6,0.0
2025-06-23,MDT,21.6,0.0
2025-06-24,MDT,19.7,0.0
2025-06-25,MDT,19.3,12.2
2025-06-26,MDT,21.1,0.0
2025-06-27,MDT,21.6,0.0
2025-06-28,MDT,20.5,0.0
2025-06-29,MDT,21.2,15.1
2025-06-30,MDT,22.6,13.1
2025-07-01,MDT,20.8,0.0
2025-07-02,MDT,23.4,0.0
2025-07-03,MDT,24.8,1.6
2025-07-04,MDT,26.0,0.0
2025-07-05,MDT,27.0,11.8
2025-07-06,MDT,26.7,0.0
2025-07-07,MDT,28.2,5.3
2025-07-08,MDT,28.7,0.0
2025-07-09,MDT,26.6,0.0
2025-07-10,MDT,32.4,1.2
2025-07-11,MDT,30.2,0.0
2025-07-12,MDT,28.2,23.2
2025-07-13,MDT,29.4,3.8
2025-07-14,MDT,31.4,14.6
2025-07-15,MDT,32.6,3.1
2025-07-16,MDT,32.4,0.0
2025-07-17,MDT,31.6,15.2
2025-07-18,MDT,33.4,0.0
2025-07-19,MDT,34.2,16.2
2025-07-20,MDT,33.7,0.0
2025-07-21,MDT,31.7,0.0
2025-07-22,MDT,33.2,0.0
2025-07-23,MDT,33.5,2.0
2025-07-24,MDT,31.1,1.8
2025-07-25,MDT,30.7,0.0
2025-07-26,MDT,32.4,0.0
2025-07-27,MDT,29.9,0.0
2025-07-28,MDT,30.5,10.3
2025-07-29,MDT,28.0,6.2
2025-07-30,MDT,30.8,0.0
2025-07-31,MDT,34.6,0.0
2025-08-01,MDT,24.5,0.0
2025-08-02,MDT,24.5,4.4
2025-08-03,MDT,21.4,52.2
2025-08-04,MDT,19.5,0.0
2025-08-05,MDT,20.2,0.0
2025-08-06,MDT,18.5,0.9
2025-08-07,MDT,22.3,0.0
2025-08-08,MDT,27.1,0.0
2025-08-09,MDT,24.6,5.4
2025-08-10,MDT,23.2,0.0
2025-08-11,MDT,23.7,0.0
2025-08-12,MDT,25.9,0.0
2025-08-13,MDT,22.2,0.0
2025-08-14,MDT,24.3,0.0
2025-08-15,MDT,27.9,1.5
2025-08-16,MDT,22.8,0.0
2025-08-17,MDT,20.6,0.0
2025-08-18,MDT,20.3,0.0
2025-08-19,MDT,19.0,0.0
2025-08-20,MDT,21.9,0.0
2025-08-21,MDT,22.2,0.0
2025-08-22,MDT,18.3,0.0
2025-08-23,MDT,19.2,0.0
2025-08-24,MDT,17.8,0.0
2025-08-25,MDT,21.3,0.0
2025-08-26,MDT,20.5,1.5
2025-08-27,MDT,19.1,0.0
2025-08-28,MDT,21.7,0.0
2025-08-29,MDT,23.0,4.4
2025-08-30,MDT,23.9,0.0
2025-08-31,MDT,20.0,1.9
2025-09-01,MDT,20.5,4.0
2025-09-02,MDT,19.0,6.3
2025-09-03,MDT,18.9,2.6
2025-09-04,MDT,17.6,0.2
2025-09-05,MDT,18.4,0.0
2025-09-06,MDT,18.6,0.0
2025-09-07,MDT,16.5,7.5
2025-09-08,MDT,19.9,6.1
2025-09-09,MDT,19.2,0.0
2025-09-10,MDT,17.7,3.0
2025-09-11,MDT,21.4,0.0
2025-09-12,MDT,21.2,0.0
2025-09-13,MDT,22.2,0.0
2025-09-14,MDT,21.6,0.0
2025-09-15,MDT,21.4,0.0
2025-09-16,MDT,20.9,0.0
2025-09-17,MDT,20.2,0.0
2025-09-18,MDT,17.9,2.5
2025-09-19,MDT,20.8,7.9
2025-09-20,MDT,15.9,6.1
2025-09-21,MDT,11.3,0.0
2025-09-22,MDT,16.8,0.0
2025-09-23,MDT,20.4,2.9
2025-09-24,MDT,19.4,2.6
2025-09-25,MDT,16.2,0.0
2025-09-26,MDT,15.4,0.0
2025-09-27,MDT,14.4,0.0
2025-09-28,MDT,14.4,0.0
2025-09-29,MDT,12.2,4.2
2025-09-30,MDT,14.5,0.0
2025-10-01,MDT,16.1,0.0
2025-10-02,MDT,13.1,0.0
2025-10-03,MDT,16.8,0.0
2025-10-04,MDT,19.2,0.0
2025-10-05,MDT,19.7,5.8
2025-10-06,MDT,16.6,0.0
2025-10-07,MDT,15.9,0.0
2025-10-08,MDT,17.7,0.0
2025-10-09,MDT,14.6,0.0
2025-10-10,MDT,14.2,0.0
2025-10-11,MDT,13.9,6.0
2025-10-12,MDT,17.5,0.0
2025-10-13,MDT,15.4,0.0
2025-10-14,MDT,18.4,11.9
2025-10-15,MDT,61.9,0.0
2025-10-16,MDT,62.2,0.0
2025-10-17,MDT,61.7,0.0
2025-10-18,MDT,57.7,0.0
2025-10-19,MDT,54.5,0.0
2025-10-20,MDT,59.0,0.0
2025-10-21,MDT,54.5,0.0
2025-10-22,MDT,47.8,0.0
2025-10-23,MDT,53.2,3.6
2025-10-24,MDT,49.5,0.0
2025-10-25,MDT,47.7,0.0
2025-10-26,MDT,50.7,0.0
2025-10-27,MDT,43.5,0.0
2025-10-28,MDT,39.9,1.4
2025-10-29,MDT,46.9,0.0
2025-10-30,MDT,46.2,1.9
2025-10-31,MDT,36.3,3.3
2025-11-01,MDT,43.9,0.0
2025-11-02,MDT,45.7,0.6
2025-11-03,MDT,47.1,0.0
2025-11-04,MDT,41.9,2.6
2025-11-05,MDT,48.2,0.0
2025-11-06,MDT,52.2,0.0
2025-11-07,MDT,56.5,15.8
2025-11-08,MDT,54.5,0.0
2025-11-09,MDT,54.0,0.0
2025-11-10,MDT,49.6,0.0
2025-11-11,MDT,51.6,0.0
2025-11-12,MDT,51.4,0.0
2025-11-13,MDT,53.2,0.0
2025-11-14,MDT,49.3,0.6
2025-11-15,MDT,46.6,0.4
2025-11-16,MDT,44.6,0.0
2025-11-17,MDT,45.9,0.0
2025-11-18,MDT,49.3,0.0
2025-11-19,MDT,45.9,0.0
2025-11-20,MDT,43.7,10.9
2025-11-21,MDT,43.7,0.0
2025-11-22,MDT,43.2,6.0
2025-11-23,MDT,42.8,0.0
2025-11-24,MDT,34.3,1.5
2025-11-25,MDT,33.6,1.0
2025-11-26,MDT,32.2,0.0
2025-11-27,MDT,30.4,5.8
2025-11-28,MDT,30.4,0.0
2025-11-29,MDT,30.6,0.0
2025-11-30,MDT,31.8,2.0
2025-12-01,MDT,37.8,23.5
2025-12-02,MDT,35.4,0.0
2025-12-03,MDT,33.3,0.0
2025-12-04,MDT,33.3,0.0
2025-12-05,MDT,38.1,1.2
2025-12-06,MDT,30.9,0.0
2025-12-07,MDT,28.8,0.0
2025-12-08,MDT,36.3,0.0
2025-12-09,MDT,37.6,0.0
2025-12-10,MDT,41.7,8.2
2025-12-11,MDT,42.4,0.0
2025-12-12,MDT,43.9,0.0
2025-12-13,MDT,37.2,0.0
2025-12-14,MDT,35.1,0.0
2025-12-15,MDT,36.9,1.3
2025-12-16,MDT,32.7,4.1
2025-12-17,MDT,32.9,20.4
2025-12-18,MDT,34.9,0.0
2025-12-19,MDT,37.2,7.8
2025-12-20,MDT,32.5,0.0
2025-12-21,MDT,35.2,2.4
2025-12-22,MDT,41.4,0.0
2025-12-23,MDT,29.8,0.0
2025-12-24,MDT,25.5,0.0
2025-12-25,MDT,23.5,14.6
2025-12-26,MDT,29.5,0.0
2025-12-27,MDT,33.4,9.2
2025-12-28,MDT,35.8,0.0
2025-12-29,MDT,31.8,0.0
2025-12-30,MDT,29.8,0.0
2025-12-31,MDT,29.3,3.9
2024-01-01,CLE,-1.3,1.7
2024-01-02,CLE,-2.7,0.0
2024-01-03,CLE,-1.3,5.4
2024-01-04,CLE,1.1,0.0
2024-01-05,CLE,-5.2,0.0
2024-01-06,CLE,-6.6,0.0
2024-01-07,CLE,-5.3,0.0
2024-01-08,CLE,-3.8,0.0
2024-01-09,CLE,-2.6,0.0
2024-01-10,CLE,-3.4,1.6
2024-01-11,CLE,-0.0,0.0
2024-01-12,CLE,0.2,2.1
2024-01-13,CLE,0.9,0.0
2024-01-14,CLE,0.8,0.0
2024-01-15,CLE,-0.2,0.0
2024-01-16,CLE,-1.5,12.6
2024-01-17,CLE,-2.4,0.0
2024-01-18,CLE,-3.3,0.0
2024-01-19,CLE,-1.2,14.2
2024-01-20,CLE,-0.5,0.0
2024-01-21,CLE,-1.5,0.0
2024-01-22,CLE,-2.8,16.3
2024-01-23,CLE,0.1,0.0
2024-01-24,CLE,-1.5,0.0
2024-01-25,CLE,-3.1,1.2
2024-01-26,CLE,-2.8,0.0
2024-01-27,CLE,-1.6,1.7
2024-01-28,CLE,-1.4,0.0
2024-01-29,CLE,-0.8,0.0
2024-01-30,CLE,1.2,0.0
2024-01-31,CLE,3.6,0.0
2024-02-01,CLE,0.8,0.0
2024-02-02,CLE,-2.4,0.0
2024-02-03,CLE,-3.5,0.0
2024-02-04,CLE,-1.0,0.0
2024-02-05,CLE,1.7,0.0
2024-02-06,CLE,0.6,6.9
2024-02-07,CLE,-0.6,2.4
2024-02-08,CLE,-1.7,0.0
2024-02-09,CLE,0.6,0.0
2024-02-10,CLE,2.2,0.0
2024-02-11,CLE,3.5,0.0
2024-02-12,CLE,0.6,0.0
2024-02-13,CLE,-0.8,0.0
2024-02-14,CLE,0.1,0.0
2024-02-15,CLE,1.0,0.0
2024-02-16,CLE,3.5,9.2
2024-02-17,CLE,3.8,0.0
2024-02-18,CLE,5.4,10.9
2024-02-19,CLE,4.1,0.0
2024-02-20,CLE,3.4,0.0
2024-02-21,CLE,2.0,0.0
2024-02-22,CLE,-0.8,0.0
2024-02-23,CLE,-1.6,0.0
2024-02-24,CLE,-1.5,1.6
2024-02-25,CLE,-2.0,0.0
2024-02-26,CLE,-1.2,5.5
2024-02-27,CLE,2.0,0.0
2024-02-28,CLE,1.0,0.0
2024-02-29,CLE,0.1,0.0
2024-03-01,CLE,-2.2,0.0
2024-03-02,CLE,-0.4,0.0
2024-03-03,CLE,2.2,0.0
2024-03-04,CLE,3.6,28.5
2024-03-05,CLE,5.8,0.0
2024-03-06,CLE,6.0,0.0
2024-03-07,CLE,4.0,0.0
2024-03-08,CLE,3.1,0.0
2024-03-09,CLE,4.4,0.6
2024-03-10,CLE,2.7,1.6
2024-03-11,CLE,0.0,0.0
2024-03-12,CLE,-2.1,0.4
2024-03-13,CLE,-1.5,0.0
2024-03-14,CLE,0.9,0.0
2024-03-15,CLE,1.7,4.5
2024-03-16,CLE,3.0,0.0
2024-03-17,CLE,3.1,0.0
2024-03-18,CLE,4.5,0.0
2024-03-19,CLE,4.4,0.0
2024-03-20,CLE,2.7,0.0
2024-03-21,CLE,5.2,0.0
2024-03-22,CLE,2.6,0.0
2024-03-23,CLE,3.4,0.0
2024-03-24,CLE,4.8,0.0
2024-03-25,CLE,4.3,3.6
2024-03-26,CLE,6.1,7.3
2024-03-27,CLE,5.6,0.0
2024-03-28,CLE,7.8,0.0
2024-03-29,CLE,5.6,2.0
2024-03-30,CLE,6.2,2.5
2024-03-31,CLE,8.4,0.0
2024-04-01,CLE,7.4,0.0
2024-04-02,CLE,7.8,0.0
2024-04-03,CLE,7.3,3.3
2024-04-04,CLE,4.4,0.0
2024-04-05,CLE,2.5,0.0
2024-04-06,CLE,1.3,0.0
2024-04-07,CLE,1.1,5.5
2024-04-08,CLE,4.3,0.0
2024-04-09,CLE,3.3,0.0
2024-04-10,CLE,5.3,0.0
2024-04-11,CLE,9.3,0.0
2024-04-12,CLE,9.6,0.0
2024-04-13,CLE,9.6,22.5
2024-04-14,CLE,6.4,0.0
2024-04-15,CLE,7.2,0.0
2024-04-16,CLE,9.3,0.8
2024-04-17,CLE,10.0,29.1
2024-04-18,CLE,10.9,0.0
2024-04-19,CLE,8.0,0.0
2024-04-20,CLE,10.3,0.0
2024-04-21,CLE,9.5,3.4
2024-04-22,CLE,10.4,2.7
2024-04-23,CLE,7.9,3.7
2024-04-24,CLE,9.1,0.0
2024-04-25,CLE,9.0,0.0
2024-04-26,CLE,11.5,0.0
2024-04-27,CLE,11.0,0.0
2024-04-28,CLE,12.7,14.7
2024-04-29,CLE,12.8,0.0
2024-04-30,CLE,9.2,0.0
2024-05-01,CLE,10.7,0.0
2024-05-02,CLE,13.2,15.5
2024-05-03,CLE,16.3,0.0
2024-05-04,CLE,18.0,14.7
2024-05-05,CLE,18.0,8.1
2024-05-06,CLE,21.7,0.3
2024-05-07,CLE,16.5,3.2
2024-05-08,CLE,15.1,12.0
2024-05-09,CLE,12.9,0.0
2024-05-10,CLE,13.7,18.2
2024-05-11,CLE,11.6,0.0
2024-05-12,CLE,15.5,0.0
2024-05-13,CLE,14.5,0.0
2024-05-14,CLE,13.6,0.0
2024-05-15,CLE,12.9,0.0
2024-05-16,CLE,14.3,8.9
2024-05-17,CLE,16.9,0.0
2024-05-18,CLE,20.5,0.0
2024-05-19,CLE,24.9,0.0
2024-05-20,CLE,23.0,0.0
2024-05-21,CLE,18.8,0.0
2024-05-22,CLE,14.3,0.0
2024-05-23,CLE,14.2,0.0
2024-05-24,CLE,14.8,0.0
2024-05-25,CLE,13.9,0.0
2024-05-26,CLE,14.0,0.0
2024-05-27,CLE,15.8,0.0
2024-05-28,CLE,19.3,0.0
2024-05-29,CLE,17.6,0.0
2024-05-30,CLE,17.7,0.4
2024-05-31,CLE,16.8,32.9
2024-06-01,CLE,14.5,0.0
2024-06-02,CLE,16.4,22.7
2024-06-03,CLE,16.3,0.0
2024-06-04,CLE,18.4,0.0
2024-06-05,CLE,20.0,0.0
2024-06-06,CLE,21.3,0.0
2024-06-07,CLE,18.4,0.0
2024-06-08,CLE,16.9,0.0
2024-06-09,CLE,17.5,15.2
2024-06-10,CLE,15.8,0.0
2024-06-11,CLE,23.4,5.0
2024-06-12,CLE,20.1,0.0
2024-06-13,CLE,21.9,0.0
2024-06-14,CLE,18.8,0.0
2024-06-15,CLE,21.3,0.0
2024-06-16,CLE,21.9,0.0
2024-06-17,CLE,20.0,0.0
2024-06-18,CLE,23.2,0.0
2024-06-19,CLE,20.9,0.0
2024-06-20,CLE,21.4,0.1
2024-06-21,CLE,21.6,0.0
2024-06-22,CLE,21.1,5.8
2024-06-23,CLE,19.9,0.0
2024-06-24,CLE,19.4,0.0
2024-06-25,CLE,23.2,1.0
2024-06-26,CLE,21.3,0.0
2024-06-27,CLE,22.4,13.9
2024-06-28,CLE,21.3,12.2
2024-06-29,CLE,23.3,18.9
2024-06-30,CLE,23.6,8.5
2024-07-01,CLE,23.1,0.0
2024-07-02,CLE,24.7,0.0
2024-07-03,CLE,26.3,0.0
2024-07-04,CLE,28.5,0.0
2024-07-05,CLE,27.6,0.0
2024-07-06,CLE,22.6,0.0
2024-07-07,CLE,21.9,0.0
2024-07-08,CLE,24.2,2.9
2024-07-09,CLE,28.5,0.0
2024-07-10,CLE,28.3,0.0
2024-07-11,CLE,26.2,6.2
2024-07-12,CLE,28.6,0.0
2024-07-13,CLE,21.7,0.0
2024-07-14,CLE,20.5,0.0
2024-07-15,CLE,23.5,0.0
2024-07-16,CLE,23.5,0.0
2024-07-17,CLE,22.1,0.0
2024-07-18,CLE,21.8,0.0
2024-07-19,CLE,20.4,5.9
2024-07-20,CLE,24.4,0.0
2024-07-21,CLE,22.4,0.0
2024-07-22,CLE,25.1,0.0
2024-07-23,CLE,22.0,0.0
2024-07-24,CLE,21.6,0.0
2024-07-25,CLE,21.0,0.0
2024-07-26,CLE,19.1,3.2
2024-07-27,CLE,18.9,5.0
2024-07-28,CLE,18.4,8.6
2024-07-29,CLE,22.0,0.0
2024-07-30,CLE,18.3,8.3
2024-07-31,CLE,18.1,0.0
2024-08-01,CLE,18.7,0.0
2024-08-02,CLE,19.3,0.0
2024-08-03,CLE,22.4,0.0
2024-08-04,CLE,22.8,0.0
2024-08-05,CLE,27.0,0.0
2024-08-06,CLE,25.4,15.4
2024-08-07,CLE,23.3,0.0
2024-08-08,CLE,22.7,9.2
2024-08-09,CLE,23.9,0.0
2024-08-10,CLE,24.1,0.0
2024-08-11,CLE,21.8,7.2
2024-08-12,CLE,22.6,0.9
2024-08-13,CLE,20.8,0.0
2024-08-14,CLE,24.0,0.0
2024-08-15,CLE,26.8,0.0
2024-08-16,CLE,23.6,8.6
2024-08-17,CLE,23.1,7.8
2024-08-18,CLE,20.0,0.0
2024-08-19,CLE,19.8,0.0
2024-08-20,CLE,19.5,7.6
2024-08-21,CLE,22.2,8.1
2024-08-22,CLE,19.2,0.0
2024-08-23,CLE,19.0,0.0
2024-08-24,CLE,13.9,0.0
2024-08-25,CLE,16.1,0.0
2024-08-26,CLE,14.2,0.0
2024-08-27,CLE,14.9,0.0
2024-08-28,CLE,15.9,20.1
2024-08-29,CLE,17.1,5.6
2024-08-30,CLE,13.2,0.0
2024-08-31,CLE,12.0,0.0
2024-09-01,CLE,16.8,0.0
2024-09-02,CLE,13.8,2.5
2024-09-03,CLE,13.9,7.1
2024-09-04,CLE,19.4,2.8
2024-09-05,CLE,24.9,0.0
2024-09-06,CLE,21.5,0.0
2024-09-07,CLE,19.9,0.0
2024-09-08,CLE,19.7,0.0
2024-09-09,CLE,21.3,11.0
2024-09-10,CLE,18.3,0.0
2024-09-11,CLE,16.5,15.9
2024-09-12,CLE,17.6,2.9
2024-09-13,CLE,18.6,0.0
2024-09-14,CLE,17.6,0.0
2024-09-15,CLE,20.2,1.6
2024-09-16,CLE,15.2,5.8
2024-09-17,CLE,15.1,0.0
2024-09-18,CLE,13.7,16.6
2024-09-19,CLE,14.7,0.0
2024-09-20,CLE,13.9,0.0
2024-09-21,CLE,16.3,2.1
2024-09-22,CLE,17.5,18.3
2024-09-23,CLE,17.1,3.6
2024-09-24,CLE,16.8,0.0
2024-09-25,CLE,15.2,0.0
2024-09-26,CLE,14.7,0.0
2024-09-27,CLE,13.2,2.5
2024-09-28,CLE,14.4,0.0
2024-09-29,CLE,14.8,1.0
2024-09-30,CLE,18.2,9.1
2024-10-01,CLE,19.5,0.0
2024-10-02,CLE,16.8,0.0
2024-10-03,CLE,15.2,8.1
2024-10-04,CLE,12.1,0.0
2024-10-05,CLE,15.3,0.0
2024-10-06,CLE,16.3,5.2
2024-10-07,CLE,15.8,8.1
2024-10-08,CLE,10.7,0.0
2024-10-09,CLE,12.9,9.6
2024-10-10,CLE,13.8,0.0
2024-10-11,CLE,10.9,0.0
2024-10-12,CLE,9.8,0.0
2024-10-13,CLE,11.4,0.0
2024-10-14,CLE,11.9,0.0
2024-10-15,CLE,10.7,0.0
2024-10-16,CLE,9.0,5.1
2024-10-17,CLE,9.6,2.3
2024-10-18,CLE,9.4,0.0
2024-10-19,CLE,12.6,1.2
2024-10-20,CLE,7.4,9.8
2024-10-21,CLE,5.9,3.7
2024-10-22,CLE,7.5,0.0
2024-10-23,CLE,9.2,5.8
2024-10-24,CLE,9.1,0.0
2024-10-25,CLE,6.0,0.0
2024-10-26,CLE,5.4,0.0
2024-10-27,CLE,10.8,4.7
2024-10-28,CLE,7.7,0.0
2024-10-29,CLE,8.1,1.3
2024-10-30,CLE,6.8,0.0
2024-10-31,CLE,7.2,0.0
2024-11-01,CLE,6.1,6.3
2024-11-02,CLE,5.3,0.0
2024-11-03,CLE,9.0,0.0
2024-11-04,CLE,7.6,0.0
2024-11-05,CLE,9.5,0.0
2024-11-06,CLE,8.9,0.0
2024-11-07,CLE,8.3,0.0
2024-11-08,CLE,12.4,0.0
2024-11-09,CLE,13.2,3.2
2024-11-10,CLE,12.4,0.0
2024-11-11,CLE,9.0,0.0
2024-11-12,CLE,7.8,0.0
2024-11-13,CLE,6.1,0.0
2024-11-14,CLE,6.0,0.0
2024-11-15,CLE,3.0,0.0
2024-11-16,CLE,6.3,5.8
2024-11-17,CLE,4.3,13.8
2024-11-18,CLE,5.7,0.0
2024-11-19,CLE,6.6,23.3
2024-11-20,CLE,9.3,4.5
2024-11-21,CLE,8.3,5.5
2024-11-22,CLE,4.1,0.0
2024-11-23,CLE,4.3,0.0
2024-11-24,CLE,3.7,0.0
2024-11-25,CLE,2.1,0.2
2024-11-26,CLE,4.8,0.0
2024-11-27,CLE,6.7,24.4
2024-11-28,CLE,3.4,0.0
2024-11-29,CLE,-0.1,0.0
2024-11-30,CLE,0.9,2.1
2024-12-01,CLE,0.1,0.0
2024-12-02,CLE,-0.4,6.5
2024-12-03,CLE,0.6,0.0
2024-12-04,CLE,1.4,1.2
2024-12-05,CLE,2.5,0.0
2024-12-06,CLE,-0.8,0.0
2024-12-07,CLE,-1.0,0.0
2024-12-08,CLE,-0.5,0.0
2024-12-09,CLE,0.3,32.0
2024-12-10,CLE,2.7,0.0
2024-12-11,CLE,-1.3,0.0
2024-12-12,CLE,-1.4,0.0
2024-12-13,CLE,0.5,0.9
2024-12-14,CLE,-3.5,2.4
2024-12-15,CLE,-1.3,5.4
2024-12-16,CLE,0.1,0.0
2024-12-17,CLE,1.1,0.0
2024-12-18,CLE,1.5,0.0
2024-12-19,CLE,4.0,0.0
2024-12-20,CLE,6.2,21.9
2024-12-21,CLE,3.3,0.0
2024-12-22,CLE,2.9,6.0
2024-12-23,CLE,3.0,0.5
2024-12-24,CLE,0.8,6.4
2024-12-25,CLE,-0.5,5.2
2024-12-26,CLE,0.2,0.0
2024-12-27,CLE,0.3,0.0
2024-12-28,CLE,1.6,8.1
2024-12-29,CLE,-2.7,4.3
2024-12-30,CLE,-1.8,0.0
2024-12-31,CLE,0.7,2.7
2025-01-01,CLE,-0.8,0.0
2025-01-02,CLE,-2.3,0.0
2025-01-03,CLE,-1.6,0.0
2025-01-04,CLE,-0.2,0.0
2025-01-05,CLE,0.1,0.0
2025-01-06,CLE,1.6,0.0
2025-01-07,CLE,0.7,0.0
2025-01-08,CLE,2.1,0.0
2025-01-09,CLE,1.1,0.0
2025-01-10,CLE,3.2,0.0
2025-01-11,CLE,0.5,0.0
2025-01-12,CLE,-3.3,0.3
2025-01-13,CLE,-0.1,0.0
2025-01-14,CLE,-3.4,0.0
2025-01-15,CLE,-2.9,0.0
2025-01-16,CLE,1.0,0.0
2025-01-17,CLE,-3.2,16.1
2025-01-18,CLE,-5.2,3.7
2025-01-19,CLE,-6.1,0.0
2025-01-20,CLE,-5.6,0.0
2025-01-21,CLE,-2.9,0.0
2025-01-22,CLE,-4.5,0.0
2025-01-23,CLE,-1.4,9.9
2025-01-24,CLE,-3.5,0.0
2025-01-25,CLE,-4.9,0.0
2025-01-26,CLE,-5.0,0.0
2025-01-27,CLE,-6.7,0.0
2025-01-28,CLE,-4.3,1.0
2025-01-29,CLE,-2.5,0.0
2025-01-30,CLE,-1.3,0.0
2025-01-31,CLE,0.9,0.0
2025-02-01,CLE,0.4,0.0
2025-02-02,CLE,0.4,0.0
2025-02-03,CLE,-0.9,0.0
2025-02-04,CLE,-1.7,0.0
2025-02-05,CLE,-1.6,0.0
2025-02-06,CLE,1.0,0.0
2025-02-07,CLE,0.7,0.0
2025-02-08,CLE,2.0,0.0
2025-02-09,CLE,0.2,0.0
2025-02-10,CLE,-2.5,0.0
2025-02-11,CLE,-0.6,1.1
2025-02-12,CLE,-4.8,0.0
2025-02-13,CLE,-5.9,0.0
2025-02-14,CLE,-7.5,0.0
2025-02-15,CLE,-9.5,0.0
2025-02-16,CLE,-8.9,0.0
2025-02-17,CLE,-6.1,0.0
2025-02-18,CLE,-3.5,0.0
2025-02-19,CLE,-3.0,0.0
2025-02-20,CLE,-0.1,0.0
2025-02-21,CLE,3.3,0.0
2025-02-22,CLE,3.1,6.7
2025-02-23,CLE,5.3,8.2
2025-02-24,CLE,4.2,0.0
2025-02-25,CLE,2.2,0.0
2025-02-26,CLE,1.9,0.0
2025-02-27,CLE,-0.9,4.2
2025-02-28,CLE,-3.8,0.0
2025-03-01,CLE,-3.4,0.0
2025-03-02,CLE,0.2,0.0
2025-03-03,CLE,3.0,0.0
2025-03-04,CLE,1.8,0.0
2025-03-05,CLE,2.3,0.0
2025-03-06,CLE,0.3,0.0
2025-03-07,CLE,2.7,0.0
2025-03-08,CLE,2.0,0.0
2025-03-09,CLE,-1.0,32.0
2025-03-10,CLE,2.5,0.0
2025-03-11,CLE,-0.0,3.5
2025-03-12,CLE,-0.3,0.0
2025-03-13,CLE,-0.3,0.0
2025-03-14,CLE,-0.4,0.1
2025-03-15,CLE,2.9,6.7
2025-03-16,CLE,1.1,3.2
2025-03-17,CLE,0.9,1.9
2025-03-18,CLE,3.4,0.0
2025-03-19,CLE,6.9,6.8
2025-03-20,CLE,5.3,4.3
2025-03-21,CLE,2.8,0.0
2025-03-22,CLE,5.9,3.2
2025-03-23,CLE,4.1,0.0
2025-03-24,CLE,5.8,0.0
2025-03-25,CLE,6.6,0.0
2025-03-26,CLE,6.9,0.0
2025-03-27,CLE,6.0,6.4
2025-03-28,CLE,9.3,0.0
2025-03-29,CLE,11.9,0.0
2025-03-30,CLE,10.8,5.6
2025-03-31,CLE,9.8,0.0
2025-04-01,CLE,10.2,0.0
2025-04-02,CLE,9.0,0.0
2025-04-03,CLE,8.4,0.0
2025-04-04,CLE,7.8,9.0
2025-04-05,CLE,6.7,0.0
2025-04-06,CLE,5.0,0.0
2025-04-07,CLE,3.7,0.0
2025-04-08,CLE,1.7,16.4
2025-04-09,CLE,2.3,0.0
2025-04-10,CLE,3.8,0.0
2025-04-11,CLE,6.7,5.3
2025-04-12,CLE,9.9,0.0
2025-04-13,CLE,10.0,0.0
2025-04-14,CLE,7.2,0.0
2025-04-15,CLE,8.1,0.0
2025-04-16,CLE,7.1,0.2
2025-04-17,CLE,7.8,0.0
2025-04-18,CLE,10.2,0.0
2025-04-19,CLE,12.8,0.0
2025-04-20,CLE,11.9,0.0
2025-04-21,CLE,15.4,1.1
2025-04-22,CLE,11.4,0.0
2025-04-23,CLE,9.7,0.0
2025-04-24,CLE,16.0,0.0
2025-04-25,CLE,13.3,0.0
2025-04-26,CLE,14.9,0.0
2025-04-27,CLE,14.9,3.7
2025-04-28,CLE,15.2,0.0
2025-04-29,CLE,14.2,6.3
2025-04-30,CLE,12.4,0.0
2025-05-01,CLE,11.3,0.0
2025-05-02,CLE,13.7,0.0
2025-05-03,CLE,12.1,0.0
2025-05-04,CLE,13.0,7.5
2025-05-05,CLE,14.0,0.0
2025-05-06,CLE,14.1,0.0
2025-05-07,CLE,14.2,0.0
2025-05-08,CLE,15.5,0.0
2025-05-09,CLE,14.0,0.0
2025-05-10,CLE,13.9,0.0
2025-05-11,CLE,11.7,0.0
2025-05-12,CLE,11.4,0.0
2025-05-13,CLE,9.9,0.0
2025-05-14,CLE,8.3,20.1
2025-05-15,CLE,12.2,0.0
2025-05-16,CLE,15.2,6.8
2025-05-17,CLE,16.6,0.0
2025-05-18,CLE,14.4,0.0
2025-05-19,CLE,9.8,0.0
2025-05-20,CLE,11.2,0.0
2025-05-21,CLE,15.5,0.0
2025-05-22,CLE,15.8,5.8
2025-05-23,CLE,13.0,20.9
2025-05-24,CLE,17.3,0.0
2025-05-25,CLE,16.1,0.0
2025-05-26,CLE,16.4,0.0
2025-05-27,CLE,17.1,3.8
2025-05-28,CLE,15.7,0.0
2025-05-29,CLE,17.9,4.9
2025-05-30,CLE,20.5,14.3
2025-05-31,CLE,21.2,0.0
2025-06-01,CLE,18.7,0.1
2025-06-02,CLE,18.7,0.0
2025-06-03,CLE,23.3,0.0
2025-06-04,CLE,20.3,20.6
2025-06-05,CLE,16.8,2.3
2025-06-06,CLE,19.3,0.9
2025-06-07,CLE,18.1,4.0
2025-06-08,CLE,21.3,0.0
2025-06-09,CLE,20.5,0.0
2025-06-10,CLE,22.6,0.0
2025-06-11,CLE,23.0,0.0
2025-06-12,CLE,22.8,0.0
2025-06-13,CLE,26.0,5.7
2025-06-14,CLE,23.3,0.0
2025-06-15,CLE,23.8,5.0
2025-06-16,CLE,21.3,0.0
2025-06-17,CLE,21.1,9.0
2025-06-18,CLE,17.3,5.3
2025-06-19,CLE,19.6,0.0
2025-06-20,CLE,17.6,1.0
2025-06-21,CLE,21.4,0.0
2025-06-22,CLE,15.4,0.0
2025-06-23,CLE,16.3,0.0
2025-06-24,CLE,13.8,7.0
2025-06-25,CLE,14.6,0.0
2025-06-26,CLE,18.0,8.8
2025-06-27,CLE,21.2,0.0
2025-06-28,CLE,19.8,0.0
2025-06-29,CLE,20.1,0.0
2025-06-30,CLE,20.4,0.0
2025-07-01,CLE,18.5,0.0
2025-07-02,CLE,20.4,0.0
2025-07-03,CLE,23.1,9.2
2025-07-04,CLE,23.2,0.0
2025-07-05,CLE,26.2,0.0
2025-07-06,CLE,25.9,10.8
2025-07-07,CLE,27.5,0.0
2025-07-08,CLE,25.6,0.0
2025-07-09,CLE,23.5,0.0
2025-07-10,CLE,30.8,2.1
2025-07-11,CLE,27.4,0.0
2025-07-12,CLE,25.1,0.0
2025-07-13,CLE,24.9,2.1
2025-07-14,CLE,27.4,0.0
2025-07-15,CLE,30.3,0.0
2025-07-16,CLE,31.9,0.0
2025-07-17,CLE,30.6,2.4
2025-07-18,CLE,32.1,0.0
2025-07-19,CLE,33.7,0.0
2025-07-20,CLE,31.4,0.0
2025-07-21,CLE,28.4,0.0
2025-07-22,CLE,30.8,0.0
2025-07-23,CLE,30.3,0.0
2025-07-24,CLE,28.0,12.2
2025-07-25,CLE,29.0,0.0
2025-07-26,CLE,30.3,0.0
2025-07-27,CLE,29.8,0.0
2025-07-28,CLE,31.2,1.3
2025-07-29,CLE,28.5,0.0
2025-07-30,CLE,31.1,0.0
2025-07-31,CLE,33.3,0.0
2025-08-01,CLE,23.5,0.0
2025-08-02,CLE,23.7,0.0
2025-08-03,CLE,21.7,0.0
2025-08-04,CLE,19.8,5.4
2025-08-05,CLE,20.4,0.0
2025-08-06,CLE,18.3,16.2
2025-08-07,CLE,21.7,0.0
2025-08-08,CLE,26.1,1.5
2025-08-09,CLE,23.4,2.4
2025-08-10,CLE,21.6,0.0
2025-08-11,CLE,23.0,3.0
2025-08-12,CLE,26.6,4.9
2025-08-13,CLE,23.1,1.2
2025-08-14,CLE,22.9,0.0
2025-08-15,CLE,26.5,0.0
2025-08-16,CLE,21.1,0.0
2025-08-17,CLE,18.3,0.0
2025-08-18,CLE,18.5,0.0
2025-08-19,CLE,16.8,0.0
2025-08-20,CLE,20.5,1.5
2025-08-21,CLE,20.2,2.9
2025-08-22,CLE,16.9,6.1
2025-08-23,CLE,18.9,0.0
2025-08-24,CLE,18.6,17.1
2025-08-25,CLE,21.2,1.7
2025-08-26,CLE,19.8,0.0
2025-08-27,CLE,18.8,12.5
2025-08-28,CLE,19.8,2.0
2025-08-29,CLE,20.6,1.7
2025-08-30,CLE,22.3,0.0
2025-08-31,CLE,16.5,4.8
2025-09-01,CLE,18.4,7.4
2025-09-02,CLE,16.5,3.4
2025-09-03,CLE,18.3,0.0
2025-09-04,CLE,14.7,4.3
2025-09-05,CLE,16.4,7.3
2025-09-06,CLE,15.8,0.0
2025-09-07,CLE,15.5,0.0
2025-09-08,CLE,17.9,16.9
2025-09-09,CLE,17.3,16.0
2025-09-10,CLE,16.1,6.5
2025-09-11,CLE,20.2,0.0
2025-09-12,CLE,17.5,7.3
2025-09-13,CLE,17.6,0.0
2025-09-14,CLE,18.1,0.0
2025-09-15,CLE,16.5,0.0
2025-09-16,CLE,20.1,23.9
2025-09-17,CLE,17.6,0.0
2025-09-18,CLE,17.0,0.0
2025-09-19,CLE,18.4,0.0
2025-09-20,CLE,16.5,12.1
2025-09-21,CLE,12.9,0.0
2025-09-22,CLE,16.0,0.0
2025-09-23,CLE,20.4,0.0
2025-09-24,CLE,17.4,0.0
2025-09-25,CLE,12.3,0.0
2025-09-26,CLE,13.8,0.0
2025-09-27,CLE,13.1,0.0
2025-09-28,CLE,11.0,0.0
2025-09-29,CLE,12.1,0.0
2025-09-30,CLE,13.0,15.2
2025-10-01,CLE,14.1,17.9
2025-10-02,CLE,13.1,0.0
2025-10-03,CLE,14.3,0.0
2025-10-04,CLE,17.5,25.1
2025-10-05,CLE,15.4,0.0
2025-10-06,CLE,12.6,0.0
2025-10-07,CLE,12.5,0.0
2025-10-08,CLE,14.2,0.7
2025-10-09,CLE,11.0,0.0
2025-10-10,CLE,11.2,0.0
2025-10-11,CLE,10.8,0.6
2025-10-12,CLE,12.7,0.0
2025-10-13,CLE,12.7,0.0
2025-10-14,CLE,15.5,0.0
2025-10-15,CLE,57.6,0.0
2025-10-16,CLE,57.4,7.1
2025-10-17,CLE,54.9,6.3
2025-10-18,CLE,50.9,7.7
2025-10-19,CLE,50.9,3.5
2025-10-20,CLE,55.4,0.0
2025-10-21,CLE,52.7,9.7
2025-10-22,CLE,44.1,0.0
2025-10-23,CLE,43.0,3.6
2025-10-24,CLE,42.6,10.6
2025-10-25,CLE,45.9,1.5
2025-10-26,CLE,46.2,0.0
2025-10-27,CLE,42.4,0.0
2025-10-28,CLE,40.3,0.0
2025-10-29,CLE,43.9,4.0
2025-10-30,CLE,41.4,0.0
2025-10-31,CLE,34.9,0.0
2025-11-01,CLE,42.6,9.3
2025-11-02,CLE,45.1,7.8
2025-11-03,CLE,43.7,2.2
2025-11-04,CLE,38.7,10.3
2025-11-05,CLE,42.6,0.0
2025-11-06,CLE,43.9,0.0
2025-11-07,CLE,51.3,0.0
2025-11-08,CLE,52.2,0.0
2025-11-09,CLE,46.4,0.0
2025-11-10,CLE,45.0,0.0
2025-11-11,CLE,46.8,4.7
2025-11-12,CLE,45.0,0.0
2025-11-13,CLE,49.3,4.2
2025-11-14,CLE,44.1,2.2
2025-11-15,CLE,41.2,4.9
2025-11-16,CLE,42.6,0.0
2025-11-17,CLE,45.9,0.0
2025-11-18,CLE,49.5,0.0
2025-11-19,CLE,45.3,8.1
2025-11-20,CLE,41.5,0.0
2025-11-21,CLE,45.0,6.2
2025-11-22,CLE,43.2,0.0
2025-11-23,CLE,43.0,0.0
2025-11-24,CLE,31.6,0.0
2025-11-25,CLE,31.8,0.0
2025-11-26,CLE,30.7,0.0
2025-11-27,CLE,22.6,0.0
2025-11-28,CLE,24.6,2.6
2025-11-29,CLE,24.8,0.0
2025-11-30,CLE,28.4,8.4
2025-12-01,CLE,34.9,0.0
2025-12-02,CLE,33.1,0.0
2025-12-03,CLE,31.5,0.0
2025-12-04,CLE,31.3,0.0
2025-12-05,CLE,34.9,1.9
2025-12-06,CLE,30.7,0.0
2025-12-07,CLE,30.9,1.4
2025-12-08,CLE,32.9,0.0
2025-12-09,CLE,34.7,0.0
2025-12-10,CLE,39.2,0.0
2025-12-11,CLE,35.6,39.2
2025-12-12,CLE,31.8,4.7
2025-12-13,CLE,30.9,0.0
2025-12-14,CLE,30.7,10.0
2025-12-15,CLE,29.1,15.3
2025-12-16,CLE,25.2,0.0
2025-12-17,CLE,21.6,0.0
2025-12-18,CLE,29.1,4.4
2025-12-19,CLE,28.9,0.0
2025-12-20,CLE,28.4,0.0
2025-12-21,CLE,29.5,0.0
2025-12-22,CLE,32.5,4.0
2025-12-23,CLE,23.9,0.9
2025-12-24,CLE,22.1,4.8
2025-12-25,CLE,22.8,0.0
2025-12-26,CLE,31.3,0.0
2025-12-27,CLE,30.9,6.2
2025-12-28,CLE,33.3,3.4
2025-12-29,CLE,29.5,5.1
2025-12-30,CLE,25.0,5.5
2025-12-31,CLE,25.7,0.0
2024-01-01,TPA,18.3,10.8
2024-01-02,TPA,17.7,0.0
2024-01-03,TPA,17.4,0.0
2024-01-04,TPA,16.3,0.0
2024-01-05,TPA,16.8,0.0
2024-01-06,TPA,17.5,4.7
2024-01-07,TPA,19.4,26.5
2024-01-08,TPA,19.4,0.0
2024-01-09,TPA,18.0,0.0
2024-01-10,TPA,16.6,0.0
2024-01-11,TPA,17.0,0.0
2024-01-12,TPA,18.2,0.0
2024-01-13,TPA,17.9,9.9
2024-01-14,TPA,18.5,0.0
2024-01-15,TPA,18.1,0.0
2024-01-16,TPA,18.8,20.3
2024-01-17,TPA,16.9,3.4
2024-01-18,TPA,18.9,0.0
2024-01-19,TPA,17.5,0.0
2024-01-20,TPA,18.4,0.0
2024-01-21,TPA,18.0,0.0
2024-01-22,TPA,17.9,0.0
2024-01-23,TPA,17.7,0.0
2024-01-24,TPA,18.1,0.0
2024-01-25,TPA,18.5,3.1
2024-01-26,TPA,19.3,0.0
2024-01-27,TPA,20.2,1.4
2024-01-28,TPA,19.7,0.0
2024-01-29,TPA,20.7,0.0
2024-01-30,TPA,19.7,0.0
2024-01-31,TPA,20.1,0.0
2024-02-01,TPA,19.7,0.0
2024-02-02,TPA,18.6,0.0
2024-02-03,TPA,18.6,0.0
2024-02-04,TPA,18.9,0.0
2024-02-05,TPA,18.6,5.3
2024-02-06,TPA,18.9,0.0
2024-02-07,TPA,19.5,0.0
2024-02-08,TPA,19.0,4.6
2024-02-09,TPA,15.9,0.0
2024-02-10,TPA,18.5,0.0
2024-02-11,TPA,18.2,4.7
2024-02-12,TPA,17.5,0.0
2024-02-13,TPA,16.8,10.7
2024-02-14,TPA,17.2,0.0
2024-02-15,TPA,17.2,0.0
2024-02-16,TPA,17.1,1.3
2024-02-17,TPA,17.1,0.0
2024-02-18,TPA,18.2,8.8
2024-02-19,TPA,20.4,2.2
2024-02-20,TPA,20.6,0.0
2024-02-21,TPA,21.0,1.9
2024-02-22,TPA,19.8,0.0
2024-02-23,TPA,19.6,0.0
2024-02-24,TPA,19.8,7.5
2024-02-25,TPA,18.9,0.0
2024-02-26,TPA,18.6,0.0
2024-02-27,TPA,19.7,0.0
2024-02-28,TPA,20.6,0.0
2024-02-29,TPA,20.1,0.0
2024-03-01,TPA,18.7,5.5
2024-03-02,TPA,18.7,1.6
2024-03-03,TPA,17.7,0.0
2024-03-04,TPA,18.5,3.4
2024-03-05,TPA,19.2,0.0
2024-03-06,TPA,19.2,0.0
2024-03-07,TPA,19.7,0.0
2024-03-08,TPA,20.1,0.0
2024-03-09,TPA,20.3,0.0
2024-03-10,TPA,19.0,3.9
2024-03-11,TPA,19.2,0.0
2024-03-12,TPA,20.0,0.0
2024-03-13,TPA,21.6,3.7
2024-03-14,TPA,20.8,0.0
2024-03-15,TPA,21.2,0.0
2024-03-16,TPA,21.7,5.2
2024-03-17,TPA,21.1,0.0
2024-03-18,TPA,22.0,0.0
2024-03-19,TPA,22.6,0.5
2024-03-20,TPA,23.2,0.0
2024-03-21,TPA,22.7,6.7
2024-03-22,TPA,24.3,0.3
2024-03-23,TPA,22.4,7.8
2024-03-24,TPA,23.9,0.0
2024-03-25,TPA,23.6,9.3
2024-03-26,TPA,24.0,2.6
2024-03-27,TPA,22.6,0.0
2024-03-28,TPA,23.0,0.0
2024-03-29,TPA,23.8,7.8
2024-03-30,TPA,21.9,9.1
2024-03-31,TPA,21.7,0.0
2024-04-01,TPA,19.7,0.0
2024-04-02,TPA,20.4,0.0
2024-04-03,TPA,20.3,2.9
2024-04-04,TPA,20.8,0.0
2024-04-05,TPA,24.2,0.0
2024-04-06,TPA,25.1,5.3
2024-04-07,TPA,22.6,10.5
2024-04-08,TPA,23.1,0.0
2024-04-09,TPA,23.7,7.7
2024-04-10,TPA,22.9,4.4
2024-04-11,TPA,23.0,0.0
2024-04-12,TPA,23.2,0.0
2024-04-13,TPA,21.8,0.0
2024-04-14,TPA,21.3,1.8
2024-04-15,TPA,22.2,0.0
2024-04-16,TPA,22.7,0.0
2024-04-17,TPA,22.3,0.0
2024-04-18,TPA,22.0,0.0
2024-04-19,TPA,22.5,0.0
2024-04-20,TPA,23.8,4.5
2024-04-21,TPA,23.7,0.0
2024-04-22,TPA,25.3,0.0
2024-04-23,TPA,24.1,0.0
2024-04-24,TPA,24.2,0.0
2024-04-25,TPA,23.8,0.0
2024-04-26,TPA,24.5,0.0
2024-04-27,TPA,23.7,4.5
2024-04-28,TPA,25.8,8.7
2024-04-29,TPA,23.6,0.0
2024-04-30,TPA,25.7,0.0
2024-05-01,TPA,25.3,0.0
2024-05-02,TPA,25.6,2.4
2024-05-03,TPA,26.6,0.0
2024-05-04,TPA,26.8,15.8
2024-05-05,TPA,25.4,5.4
2024-05-06,TPA,25.8,11.3
2024-05-07,TPA,27.4,7.8
2024-05-08,TPA,25.7,0.0
2024-05-09,TPA,27.6,2.3
2024-05-10,TPA,27.1,2.2
2024-05-11,TPA,26.1,0.0
2024-05-12,TPA,25.0,0.7
2024-05-13,TPA,25.1,0.0
2024-05-14,TPA,23.5,8.7
2024-05-15,TPA,24.1,4.0
2024-05-16,TPA,24.6,0.0
2024-05-17,TPA,24.1,11.8
2024-05-18,TPA,25.7,17.5
2024-05-19,TPA,25.7,34.1
2024-05-20,TPA,25.3,16.3
2024-05-21,TPA,25.4,3.1
2024-05-22,TPA,26.2,1.8
2024-05-23,TPA,26.4,3.2
2024-05-24,TPA,25.8,8.8
2024-05-25,TPA,26.3,0.0
2024-05-26,TPA,26.5,2.4
2024-05-27,TPA,25.5,19.3
2024-05-28,TPA,25.8,0.0
2024-05-29,TPA,26.9,8.2
2024-05-30,TPA,27.5,0.0
2024-05-31,TPA,27.1,0.2
2024-06-01,TPA,27.8,0.0
2024-06-02,TPA,26.7,0.0
2024-06-03,TPA,26.0,0.6
2024-06-04,TPA,26.4,3.0
2024-06-05,TPA,28.3,0.0
2024-06-06,TPA,28.1,0.0
2024-06-07,TPA,27.7,0.0
2024-06-08,TPA,29.2,0.0
2024-06-09,TPA,28.3,0.6
2024-06-10,TPA,30.3,0.0
2024-06-11,TPA,28.8,3.8
2024-06-12,TPA,27.5,0.0
2024-06-13,TPA,27.5,6.9
2024-06-14,TPA,27.5,0.0
2024-06-15,TPA,27.0,9.8
2024-06-16,TPA,29.9,0.0
2024-06-17,TPA,29.5,0.0
2024-06-18,TPA,29.5,0.0
2024-06-19,TPA,28.5,0.0
2024-06-20,TPA,27.9,0.0
2024-06-21,TPA,29.1,0.0
2024-06-22,TPA,27.2,1.9
2024-06-23,TPA,26.6,0.0
2024-06-24,TPA,27.1,0.0
2024-06-25,TPA,29.0,0.0
2024-06-26,TPA,28.5,0.0
2024-06-27,TPA,28.9,0.0
2024-06-28,TPA,28.8,0.0
2024-06-29,TPA,30.0,0.0
2024-06-30,TPA,28.0,0.0
2024-07-01,TPA,29.0,0.0
2024-07-02,TPA,28.7,0.0
2024-07-03,TPA,29.6,0.0
2024-07-04,TPA,28.5,0.0
2024-07-05,TPA,28.7,0.0
2024-07-06,TPA,28.7,0.0
2024-07-07,TPA,27.8,0.0
2024-07-08,TPA,27.0,0.0
2024-07-09,TPA,27.2,0.0
2024-07-10,TPA,28.0,0.0
2024-07-11,TPA,27.7,0.0
2024-07-12,TPA,27.9,14.2
2024-07-13,TPA,26.5,0.0
2024-07-14,TPA,27.1,0.0
2024-07-15,TPA,28.9,0.0
2024-07-16,TPA,29.6,0.0
2024-07-17,TPA,29.3,7.2
2024-07-18,TPA,29.4,3.6
2024-07-19,TPA,28.4,0.0
2024-07-20,TPA,30.2,0.0
2024-07-21,TPA,31.7,0.0
2024-07-22,TPA,30.8,13.1
2024-07-23,TPA,32.6,0.0
2024-07-24,TPA,30.5,0.0
2024-07-25,TPA,28.7,0.0
2024-07-26,TPA,28.1,8.9
2024-07-27,TPA,28.2,1.2
2024-07-28,TPA,30.7,0.0
2024-07-29,TPA,29.7,0.0
2024-07-30,TPA,28.6,0.0
2024-07-31,TPA,27.8,0.0
2024-08-01,TPA,29.3,7.0
2024-08-02,TPA,30.1,0.0
2024-08-03,TPA,29.1,0.0
2024-08-04,TPA,27.2,0.0
2024-08-05,TPA,26.7,0.0
2024-08-06,TPA,29.2,0.0
2024-08-07,TPA,29.7,0.0
2024-08-08,TPA,29.3,0.0
2024-08-09,TPA,30.9,0.0
2024-08-10,TPA,31.8,0.0
2024-08-11,TPA,30.5,7.7
2024-08-12,TPA,29.7,0.0
2024-08-13,TPA,28.7,0.0
2024-08-14,TPA,28.3,0.0
2024-08-15,TPA,26.9,0.0
2024-08-16,TPA,26.1,6.0
2024-08-17,TPA,25.3,0.0
2024-08-18,TPA,27.5,0.0
2024-08-19,TPA,26.3,0.0
2024-08-20,TPA,28.9,10.0
2024-08-21,TPA,27.9,5.0
2024-08-22,TPA,29.7,0.0
2024-08-23,TPA,28.7,0.0
2024-08-24,TPA,26.9,0.0
2024-08-25,TPA,28.5,1.9
2024-08-26,TPA,29.6,0.0
2024-08-27,TPA,28.0,5.8
2024-08-28,TPA,27.6,0.0
2024-08-29,TPA,26.8,14.0
2024-08-30,TPA,27.0,0.0
2024-08-31,TPA,27.3,2.0
2024-09-01,TPA,27.1,0.0
2024-09-02,TPA,25.5,4.6
2024-09-03,TPA,25.7,0.0
2024-09-04,TPA,27.0,2.3
2024-09-05,TPA,26.9,0.0
2024-09-06,TPA,26.7,0.0
2024-09-07,TPA,26.0,5.9
2024-09-08,TPA,25.8,6.7
2024-09-09,TPA,27.6,10.1
2024-09-10,TPA,26.2,0.0
2024-09-11,TPA,27.1,0.0
2024-09-12,TPA,27.0,25.4
2024-09-13,TPA,27.1,0.0
2024-09-14,TPA,26.2,0.0
2024-09-15,TPA,26.0,0.0
2024-09-16,TPA,26.1,0.0
2024-09-17,TPA,25.7,0.0
2024-09-18,TPA,26.2,0.0
2024-09-19,TPA,26.6,0.0
2024-09-20,TPA,28.5,1.5
2024-09-21,TPA,27.8,0.0
2024-09-22,TPA,25.2,0.0
2024-09-23,TPA,26.6,0.0
2024-09-24,TPA,26.0,12.7
2024-09-25,TPA,27.8,0.0
2024-09-26,TPA,28.3,33.7
2024-09-27,TPA,26.7,0.0
2024-09-28,TPA,26.9,0.4
2024-09-29,TPA,25.7,0.0
2024-09-30,TPA,25.5,0.0
2024-10-01,TPA,26.0,3.1
2024-10-02,TPA,26.7,2.0
2024-10-03,TPA,26.8,2.5
2024-10-04,TPA,26.1,0.0
2024-10-05,TPA,27.9,0.0
2024-10-06,TPA,26.3,0.0
2024-10-07,TPA,24.0,0.0
2024-10-08,TPA,22.9,0.0
2024-10-09,TPA,24.9,0.0
2024-10-10,TPA,24.6,0.0
2024-10-11,TPA,24.6,0.0
2024-10-12,TPA,23.9,20.0
2024-10-13,TPA,23.5,0.0
2024-10-14,TPA,22.9,0.0
2024-10-15,TPA,23.7,0.0
2024-10-16,TPA,23.6,0.0
2024-10-17,TPA,24.0,9.0
2024-10-18,TPA,24.2,0.0
2024-10-19,TPA,23.5,8.4
2024-10-20,TPA,22.0,0.0
2024-10-21,TPA,21.0,6.1
2024-10-22,TPA,24.8,0.0
2024-10-23,TPA,25.5,0.0
2024-10-24,TPA,25.8,30.1
2024-10-25,TPA,24.0,0.0
2024-10-26,TPA,23.5,3.7
2024-10-27,TPA,22.4,0.0
2024-10-28,TPA,21.2,0.0
2024-10-29,TPA,21.2,4.8
2024-10-30,TPA,22.9,0.0
2024-10-31,TPA,23.5,0.0
2024-11-01,TPA,22.0,0.0
2024-11-02,TPA,21.8,0.0
2024-11-03,TPA,22.6,0.0
2024-11-04,TPA,21.8,0.0
2024-11-05,TPA,21.9,4.3
2024-11-06,TPA,22.2,3.4
2024-11-07,TPA,22.4,0.0
2024-11-08,TPA,22.3,0.0
2024-11-09,TPA,21.3,2.9
2024-11-10,TPA,20.8,0.0
2024-11-11,TPA,19.9,0.0
2024-11-12,TPA,19.0,0.0
2024-11-13,TPA,19.7,0.0
2024-11-14,TPA,21.0,0.0
2024-11-15,TPA,19.7,0.0
2024-11-16,TPA,20.4,5.1
2024-11-17,TPA,21.3,13.3
2024-11-18,TPA,19.3,10.7
2024-11-19,TPA,19.6,0.0
2024-11-20,TPA,21.6,7.3
2024-11-21,TPA,21.7,0.0
2024-11-22,TPA,19.4,1.2
2024-11-23,TPA,20.4,0.0
2024-11-24,TPA,19.6,0.0
2024-11-25,TPA,20.5,0.0
2024-11-26,TPA,19.7,0.0
2024-11-27,TPA,19.8,0.0
2024-11-28,TPA,19.3,0.0
2024-11-29,TPA,19.5,0.0
2024-11-30,TPA,19.1,28.5
2024-12-01,TPA,19.1,0.0
2024-12-02,TPA,18.2,0.0
2024-12-03,TPA,19.2,0.0
2024-12-04,TPA,19.5,0.0
2024-12-05,TPA,18.0,9.3
2024-12-06,TPA,19.5,0.0
2024-12-07,TPA,19.3,0.0
2024-12-08,TPA,19.4,7.3
2024-12-09,TPA,20.1,0.0
2024-12-10,TPA,20.0,0.0
2024-12-11,TPA,20.8,3.1
2024-12-12,TPA,19.8,0.0
2024-12-13,TPA,20.5,0.0
2024-12-14,TPA,20.0,0.0
2024-12-15,TPA,20.0,4.6
2024-12-16,TPA,19.9,0.0
2024-12-17,TPA,20.7,0.0
2024-12-18,TPA,20.6,0.0
2024-12-19,TPA,19.4,0.0
2024-12-20,TPA,18.5,0.0
2024-12-21,TPA,18.5,0.0
2024-12-22,TPA,17.8,6.1
2024-12-23,TPA,17.1,0.0
2024-12-24,TPA,15.6,19.2
2024-12-25,TPA,15.2,0.0
2024-12-26,TPA,18.4,0.0
2024-12-27,TPA,17.8,1.3
2024-12-28,TPA,19.8,0.0
2024-12-29,TPA,19.6,8.4
2024-12-30,TPA,19.0,0.0
2024-12-31,TPA,17.3,0.0
2025-01-01,TPA,17.7,0.0
2025-01-02,TPA,19.7,0.0
2025-01-03,TPA,20.6,0.0
2025-01-04,TPA,19.9,0.0
2025-01-05,TPA,18.1,0.0
2025-01-06,TPA,17.2,0.0
2025-01-07,TPA,16.7,8.9
2025-01-08,TPA,18.5,0.0
2025-01-09,TPA,19.9,0.0
2025-01-10,TPA,19.3,0.0
2025-01-11,TPA,18.5,0.0
2025-01-12,TPA,19.8,0.0
2025-01-13,TPA,18.2,0.0
2025-01-14,TPA,18.2,0.0
2025-01-15,TPA,18.5,0.0
2025-01-16,TPA,17.5,0.0
2025-01-17,TPA,17.1,11.7
2025-01-18,TPA,16.8,0.0
2025-01-19,TPA,18.6,0.0
2025-01-20,TPA,20.2,0.0
2025-01-21,TPA,19.4,18.6
2025-01-22,TPA,18.6,0.0
2025-01-23,TPA,17.8,21.0
2025-01-24,TPA,17.9,1.9
2025-01-25,TPA,17.4,0.0
2025-01-26,TPA,17.6,0.0
2025-01-27,TPA,18.2,1.2
2025-01-28,TPA,17.7,0.0
2025-01-29,TPA,17.7,0.0
2025-01-30,TPA,17.7,0.0
2025-01-31,TPA,17.6,0.0
2025-02-01,TPA,17.4,0.0
2025-02-02,TPA,18.4,0.0
2025-02-03,TPA,16.6,0.0
2025-02-04,TPA,18.8,0.0
2025-02-05,TPA,18.7,0.5
2025-02-06,TPA,19.1,0.0
2025-02-07,TPA,19.5,0.0
2025-02-08,TPA,18.3,2.8
2025-02-09,TPA,17.5,0.0
2025-02-10,TPA,16.9,2.8
2025-02-11,TPA,17.3,0.0
2025-02-12,TPA,18.4,0.0
2025-02-13,TPA,17.9,0.0
2025-02-14,TPA,18.7,0.0
2025-02-15,TPA,16.4,0.0
2025-02-16,TPA,16.9,0.0
2025-02-17,TPA,18.8,2.0
2025-02-18,TPA,18.6,0.0
2025-02-19,TPA,17.9,0.0
2025-02-20,TPA,17.6,20.1
2025-02-21,TPA,15.2,8.3
2025-02-22,TPA,15.7,0.0
2025-02-23,TPA,18.1,2.4
2025-02-24,TPA,17.9,0.0
2025-02-25,TPA,17.9,1.2
2025-02-26,TPA,16.2,0.0
2025-02-27,TPA,15.8,0.0
2025-02-28,TPA,18.4,0.0
2025-03-01,TPA,19.3,0.0
2025-03-02,TPA,18.1,6.8
2025-03-03,TPA,18.1,0.0
2025-03-04,TPA,18.6,0.0
2025-03-05,TPA,17.9,0.0
2025-03-06,TPA,16.7,0.0
2025-03-07,TPA,17.7,2.6
2025-03-08,TPA,19.1,0.0
2025-03-09,TPA,20.0,0.0
2025-03-10,TPA,20.8,2.5
2025-03-11,TPA,19.0,0.0
2025-03-12,TPA,19.5,0.8
2025-03-13,TPA,19.5,0.0
2025-03-14,TPA,19.7,0.0
2025-03-15,TPA,19.8,0.0
2025-03-16,TPA,19.4,3.3
2025-03-17,TPA,16.9,1.6
2025-03-18,TPA,19.5,0.0
2025-03-19,TPA,20.3,31.4
2025-03-20,TPA,19.0,0.0
2025-03-21,TPA,20.2,0.0
2025-03-22,TPA,20.0,0.0
2025-03-23,TPA,20.0,0.0
2025-03-24,TPA,19.7,10.2
2025-03-25,TPA,20.8,6.6
2025-03-26,TPA,20.2,0.0
2025-03-27,TPA,19.6,0.0
2025-03-28,TPA,21.4,0.0
2025-03-29,TPA,21.3,0.0
2025-03-30,TPA,21.2,0.0
2025-03-31,TPA,22.1,0.0
2025-04-01,TPA,21.3,0.0
2025-04-02,TPA,21.1,0.0
2025-04-03,TPA,21.7,0.0
2025-04-04,TPA,20.4,0.0
2025-04-05,TPA,21.3,0.0
2025-04-06,TPA,20.9,0.0
2025-04-07,TPA,22.3,0.2
2025-04-08,TPA,22.9,0.0
2025-04-09,TPA,23.1,0.0
2025-04-10,TPA,21.4,0.0
2025-04-11,TPA,21.8,3.0
2025-04-12,TPA,21.0,0.0
2025-04-13,TPA,21.7,0.0
2025-04-14,TPA,20.0,0.0
2025-04-15,TPA,19.7,0.0
2025-04-16,TPA,22.2,0.0
2025-04-17,TPA,23.0,0.0
2025-04-18,TPA,22.8,0.0
2025-04-19,TPA,22.2,0.0
2025-04-20,TPA,21.7,0.0
2025-04-21,TPA,22.6,0.0
2025-04-22,TPA,22.7,3.0
2025-04-23,TPA,24.7,0.0
2025-04-24,TPA,24.2,0.0
2025-04-25,TPA,24.2,0.0
2025-04-26,TPA,22.8,0.0
2025-04-27,TPA,23.0,8.5
2025-04-28,TPA,23.7,0.0
2025-04-29,TPA,23.6,1.8
2025-04-30,TPA,23.5,0.0
2025-05-01,TPA,24.2,0.0
2025-05-02,TPA,25.9,0.0
2025-05-03,TPA,25.5,0.0
2025-05-04,TPA,26.4,0.0
2025-05-05,TPA,26.4,8.4
2025-05-06,TPA,26.9,0.0
2025-05-07,TPA,25.6,0.0
2025-05-08,TPA,25.2,0.0
2025-05-09,TPA,25.1,1.4
2025-05-10,TPA,25.7,2.7
2025-05-11,TPA,26.4,0.0
2025-05-12,TPA,26.2,0.0
2025-05-13,TPA,26.8,0.0
2025-05-14,TPA,25.8,0.0
2025-05-15,TPA,26.7,1.7
2025-05-16,TPA,27.3,0.0
2025-05-17,TPA,27.5,0.0
2025-05-18,TPA,27.0,3.2
2025-05-19,TPA,27.4,0.4
2025-05-20,TPA,26.1,8.5
2025-05-21,TPA,26.4,3.5
2025-05-22,TPA,26.7,0.0
2025-05-23,TPA,25.3,0.0
2025-05-24,TPA,26.3,0.0
2025-05-25,TPA,25.2,0.0
2025-05-26,TPA,25.4,0.0
2025-05-27,TPA,26.0,0.0
2025-05-28,TPA,25.6,0.0
2025-05-29,TPA,26.2,0.0
2025-05-30,TPA,26.6,0.0
2025-05-31,TPA,26.0,0.0
2025-06-01,TPA,27.0,0.0
2025-06-02,TPA,26.4,0.0
2025-06-03,TPA,28.9,0.0
2025-06-04,TPA,28.2,0.0
2025-06-05,TPA,26.8,23.9
2025-06-06,TPA,26.1,0.0
2025-06-07,TPA,27.8,0.0
2025-06-08,TPA,27.3,0.0
2025-06-09,TPA,26.2,0.0
2025-06-10,TPA,27.6,0.1
2025-06-11,TPA,27.3,5.7
2025-06-12,TPA,28.2,0.0
2025-06-13,TPA,29.0,0.0
2025-06-14,TPA,28.8,4.6
2025-06-15,TPA,30.8,4.1
2025-06-16,TPA,28.1,4.8
2025-06-17,TPA,27.3,0.0
2025-06-18,TPA,27.4,6.4
2025-06-19,TPA,29.9,0.0
2025-06-20,TPA,31.0,0.0
2025-06-21,TPA,31.2,0.0
2025-06-22,TPA,29.3,0.0
2025-06-23,TPA,28.3,6.0
2025-06-24,TPA,27.6,0.0
2025-06-25,TPA,27.2,0.0
2025-06-26,TPA,29.2,14.0
2025-06-27,TPA,28.7,0.0
2025-06-28,TPA,28.6,0.0
2025-06-29,TPA,29.3,1.7
2025-06-30,TPA,27.5,6.4
2025-07-01,TPA,28.0,0.0
2025-07-02,TPA,27.3,0.0
2025-07-03,TPA,27.6,0.0
2025-07-04,TPA,27.5,5.8
2025-07-05,TPA,27.4,0.0
2025-07-06,TPA,28.2,14.7
2025-07-07,TPA,28.7,0.0
2025-07-08,TPA,28.6,0.0
2025-07-09,TPA,29.0,0.0
2025-07-10,TPA,28.2,0.0
2025-07-11,TPA,29.1,0.0
2025-07-12,TPA,28.9,1.6
2025-07-13,TPA,28.4,0.0
2025-07-14,TPA,27.9,1.7
2025-07-15,TPA,28.1,0.0
2025-07-16,TPA,30.2,12.1
2025-07-17,TPA,29.7,0.0
2025-07-18,TPA,28.3,2.0
2025-07-19,TPA,29.5,0.0
2025-07-20,TPA,28.8,2.2
2025-07-21,TPA,29.2,0.0
2025-07-22,TPA,28.5,0.0
2025-07-23,TPA,29.9,0.0
2025-07-24,TPA,29.0,0.0
2025-07-25,TPA,30.3,10.7
2025-07-26,TPA,28.8,0.0
2025-07-27,TPA,28.6,0.0
2025-07-28,TPA,30.1,10.2
2025-07-29,TPA,29.8,0.0
2025-07-30,TPA,31.6,0.0
2025-07-31,TPA,30.3,0.0
2025-08-01,TPA,30.0,0.0
2025-08-02,TPA,31.4,0.0
2025-08-03,TPA,28.9,0.0
2025-08-04,TPA,27.3,0.0
2025-08-05,TPA,27.1,0.0
2025-08-06,TPA,28.6,7.9
2025-08-07,TPA,27.1,0.0
2025-08-08,TPA,28.3,0.0
2025-08-09,TPA,29.0,19.6
2025-08-10,TPA,30.8,0.0
2025-08-11,TPA,30.9,0.0
2025-08-12,TPA,30.3,0.0
2025-08-13,TPA,30.9,0.0
2025-08-14,TPA,30.5,0.0
2025-08-15,TPA,29.2,0.0
2025-08-16,TPA,27.8,0.0
2025-08-17,TPA,27.5,0.0
2025-08-18,TPA,27.8,1.8
2025-08-19,TPA,28.2,0.0
2025-08-20,TPA,26.1,0.0
2025-08-21,TPA,26.7,13.9
2025-08-22,TPA,27.3,0.0
2025-08-23,TPA,28.2,0.0
2025-08-24,TPA,29.7,0.0
2025-08-25,TPA,29.2,0.0
2025-08-26,TPA,27.8,0.0
2025-08-27,TPA,26.1,0.0
2025-08-28,TPA,27.4,0.0
2025-08-29,TPA,26.7,0.0
2025-08-30,TPA,27.9,0.0
2025-08-31,TPA,29.2,0.0
2025-09-01,TPA,27.0,17.7
2025-09-02,TPA,27.8,0.0
2025-09-03,TPA,28.9,0.0
2025-09-04,TPA,29.2,0.0
2025-09-05,TPA,26.5,0.0
2025-09-06,TPA,25.9,0.0
2025-09-07,TPA,25.2,0.0
2025-09-08,TPA,26.5,9.5
2025-09-09,TPA,27.1,0.0
2025-09-10,TPA,24.4,0.0
2025-09-11,TPA,25.1,0.2
2025-09-12,TPA,26.6,0.0
2025-09-13,TPA,26.8,0.0
2025-09-14,TPA,26.9,0.0
2025-09-15,TPA,26.4,0.0
2025-09-16,TPA,25.4,2.6
2025-09-17,TPA,25.8,0.0
2025-09-18,TPA,26.1,0.0
2025-09-19,TPA,26.7,0.0
2025-09-20,TPA,27.2,4.0
2025-09-21,TPA,26.8,0.0
2025-09-22,TPA,27.5,1.7
2025-09-23,TPA,26.5,22.1
2025-09-24,TPA,24.9,0.0
2025-09-25,TPA,25.7,0.0
2025-09-26,TPA,25.8,0.0
2025-09-27,TPA,26.2,22.1
2025-09-28,TPA,24.7,0.0
2025-09-29,TPA,26.7,0.0
2025-09-30,TPA,26.8,0.0
2025-10-01,TPA,25.9,0.0
2025-10-02,TPA,24.7,0.0
2025-10-03,TPA,25.8,18.1
2025-10-04,TPA,24.4,2.7
2025-10-05,TPA,26.8,0.0
2025-10-06,TPA,25.4,0.0
2025-10-07,TPA,26.7,0.0
2025-10-08,TPA,25.7,0.0
2025-10-09,TPA,26.7,0.0
2025-10-10,TPA,25.1,0.0
2025-10-11,TPA,24.8,0.0
2025-10-12,TPA,25.3,8.4
2025-10-13,TPA,25.5,0.0
2025-10-14,TPA,25.9,0.0
2025-10-15,TPA,76.5,1.0
2025-10-16,TPA,75.9,24.4
2025-10-17,TPA,77.5,0.0
2025-10-18,TPA,75.2,0.0
2025-10-19,TPA,75.7,2.4
2025-10-20,TPA,74.8,3.6
2025-10-21,TPA,74.8,2.9
2025-10-22,TPA,74.7,15.1
2025-10-23,TPA,72.9,0.0
2025-10-24,TPA,72.7,0.0
2025-10-25,TPA,73.2,0.0
2025-10-26,TPA,73.0,2.8
2025-10-27,TPA,75.7,0.0
2025-10-28,TPA,76.3,4.3
2025-10-29,TPA,75.4,0.0
2025-10-30,TPA,72.9,0.0
2025-10-31,TPA,71.2,0.0
2025-11-01,TPA,75.0,0.0
2025-11-02,TPA,72.0,17.9
2025-11-03,TPA,72.1,2.1
2025-11-04,TPA,72.5,0.0
2025-11-05,TPA,71.6,0.0
2025-11-06,TPA,69.8,0.0
2025-11-07,TPA,68.9,3.4
2025-11-08,TPA,68.9,0.0
2025-11-09,TPA,68.4,4.9
2025-11-10,TPA,71.6,14.7
2025-11-11,TPA,71.2,0.0
2025-11-12,TPA,70.0,0.0
2025-11-13,TPA,70.2,0.0
2025-11-14,TPA,71.2,0.0
2025-11-15,TPA,70.2,36.6
2025-11-16,TPA,71.6,0.6
2025-11-17,TPA,68.5,1.6
2025-11-18,TPA,70.9,0.0
2025-11-19,TPA,70.3,8.6
2025-11-20,TPA,69.8,3.7
2025-11-21,TPA,68.2,0.0
2025-11-22,TPA,66.4,0.0
2025-11-23,TPA,64.4,0.0
2025-11-24,TPA,64.8,4.5
2025-11-25,TPA,67.3,0.0
2025-11-26,TPA,66.0,0.0
2025-11-27,TPA,64.2,3.3
2025-11-28,TPA,64.2,0.0
2025-11-29,TPA,64.9,10.6
2025-11-30,TPA,65.5,0.0
2025-12-01,TPA,66.2,0.0
2025-12-02,TPA,68.5,2.3
2025-12-03,TPA,70.2,0.0
2025-12-04,TPA,72.5,0.0
2025-12-05,TPA,67.6,0.0
2025-12-06,TPA,65.8,0.0
2025-12-07,TPA,67.5,0.0
2025-12-08,TPA,66.4,10.1
2025-12-09,TPA,68.0,13.2
2025-12-10,TPA,67.8,0.0
2025-12-11,TPA,70.0,0.0
2025-12-12,TPA,70.3,0.0
2025-12-13,TPA,70.5,0.0
2025-12-14,TPA,68.2,0.0
2025-12-15,TPA,67.1,0.0
2025-12-16,TPA,66.2,0.0
2025-12-17,TPA,63.5,0.0
2025-12-18,TPA,66.9,0.0
2025-12-19,TPA,67.8,0.0
2025-12-20,TPA,66.4,0.0
2025-12-21,TPA,68.2,0.0
2025-12-22,TPA,66.0,0.0
2025-12-23,TPA,62.6,14.9
2025-12-24,TPA,65.5,0.0
2025-12-25,TPA,63.1,0.0
2025-12-26,TPA,63.7,0.0
2025-12-27,TPA,64.6,19.5
2025-12-28,TPA,65.5,0.0
2025-12-29,TPA,66.7,0.0
2025-12-30,TPA,67.1,0.0
2025-12-31,TPA,67.1,10.3
2024-01-01,MCO,17.3,8.2
2024-01-02,MCO,17.1,0.0
2024-01-03,MCO,17.9,0.0
2024-01-04,MCO,16.3,14.2
2024-01-05,MCO,15.7,0.0
2024-01-06,MCO,14.9,0.0
2024-01-07,MCO,15.7,0.0
2024-01-08,MCO,14.8,10.2
2024-01-09,MCO,15.0,0.0
2024-01-10,MCO,14.8,3.8
2024-01-11,MCO,17.1,14.4
2024-01-12,MCO,16.1,27.5
2024-01-13,MCO,15.2,0.0
2024-01-14,MCO,16.2,4.0
2024-01-15,MCO,18.1,0.0
2024-01-16,MCO,17.6,0.0
2024-01-17,MCO,17.3,2.6
2024-01-18,MCO,18.4,0.0
2024-01-19,MCO,18.7,0.0
2024-01-20,MCO,18.4,5.1
2024-01-21,MCO,17.3,0.0
2024-01-22,MCO,17.6,0.0
2024-01-23,MCO,16.1,0.0
2024-01-24,MCO,15.9,0.0
2024-01-25,MCO,17.7,0.0
2024-01-26,MCO,18.7,0.0
2024-01-27,MCO,18.5,7.4
2024-01-28,MCO,16.0,5.7
2024-01-29,MCO,15.3,0.0
2024-01-30,MCO,15.4,0.0
2024-01-31,MCO,15.9,5.5
2024-02-01,MCO,15.2,2.1
2024-02-02,MCO,15.8,0.0
2024-02-03,MCO,18.0,0.0
2024-02-04,MCO,18.1,4.0
2024-02-05,MCO,18.0,3.8
2024-02-06,MCO,16.7,8.3
2024-02-07,MCO,15.4,14.0
2024-02-08,MCO,15.0,0.0
2024-02-09,MCO,14.3,9.5
2024-02-10,MCO,15.6,0.0
2024-02-11,MCO,16.7,15.9
2024-02-12,MCO,16.1,2.0
2024-02-13,MCO,16.8,0.0
2024-02-14,MCO,18.5,0.0
2024-02-15,MCO,20.0,16.3
2024-02-16,MCO,19.8,24.9
2024-02-17,MCO,18.8,0.0
2024-02-18,MCO,19.1,0.0
2024-02-19,MCO,19.9,0.0
2024-02-20,MCO,17.1,0.0
2024-02-21,MCO,18.9,0.0
2024-02-22,MCO,18.0,0.0
2024-02-23,MCO,17.5,0.0
2024-02-24,MCO,17.4,0.0
2024-02-25,MCO,18.0,0.0
2024-02-26,MCO,17.0,0.0
2024-02-27,MCO,17.2,0.0
2024-02-28,MCO,18.1,3.9
2024-02-29,MCO,18.4,0.0
2024-03-01,MCO,18.8,5.8
2024-03-02,MCO,18.3,0.0
2024-03-03,MCO,19.1,7.6
2024-03-04,MCO,19.9,3.7
2024-03-05,MCO,20.4,7.5
2024-03-06,MCO,20.1,8.7
2024-03-07,MCO,20.5,10.8
2024-03-08,MCO,20.7,0.5
2024-03-09,MCO,22.6,0.0
2024-03-10,MCO,22.3,0.0
2024-03-11,MCO,20.9,0.0
2024-03-12,MCO,19.4,0.0
2024-03-13,MCO,19.1,2.0
2024-03-14,MCO,18.8,0.0
2024-03-15,MCO,19.6,0.0
2024-03-16,MCO,18.9,0.0
2024-03-17,MCO,20.3,0.0
2024-03-18,MCO,18.7,0.0
2024-03-19,MCO,17.5,0.0
2024-03-20,MCO,18.3,0.0
2024-03-21,MCO,18.1,0.0
2024-03-22,MCO,17.7,2.7
2024-03-23,MCO,18.0,0.0
2024-03-24,MCO,18.1,0.0
2024-03-25,MCO,19.0,1.9
2024-03-26,MCO,18.9,0.0
2024-03-27,MCO,19.0,0.0
2024-03-28,MCO,19.6,0.0
2024-03-29,MCO,21.0,20.8
2024-03-30,MCO,22.3,0.0
2024-03-31,MCO,21.8,0.0
2024-04-01,MCO,21.6,12.4
2024-04-02,MCO,21.2,0.0
2024-04-03,MCO,21.6,0.0
2024-04-04,MCO,21.8,3.2
2024-04-05,MCO,22.8,0.0
2024-04-06,MCO,20.4,1.9
2024-04-07,MCO,20.6,0.0
2024-04-08,MCO,21.3,0.0
2024-04-09,MCO,21.4,0.6
2024-04-10,MCO,20.6,0.0
2024-04-11,MCO,19.8,0.0
2024-04-12,MCO,21.4,0.0
2024-04-13,MCO,20.9,0.0
2024-04-14,MCO,19.7,0.0
2024-04-15,MCO,21.5,0.0
2024-04-16,MCO,22.2,14.4
2024-04-17,MCO,22.2,0.0
2024-04-18,MCO,21.4,0.0
2024-04-19,MCO,21.7,0.0
2024-04-20,MCO,23.3,0.0
2024-04-21,MCO,21.5,0.0
2024-04-22,MCO,20.5,0.0
2024-04-23,MCO,20.9,0.0
2024-04-24,MCO,21.7,3.6
2024-04-25,MCO,21.8,0.0
2024-04-26,MCO,23.0,0.0
2024-04-27,MCO,24.1,0.0
2024-04-28,MCO,24.1,0.0
2024-04-29,MCO,24.4,0.0
2024-04-30,MCO,24.3,0.0
2024-05-01,MCO,24.1,9.4
2024-05-02,MCO,22.7,0.0
2024-05-03,MCO,22.2,0.0
2024-05-04,MCO,21.6,2.6
2024-05-05,MCO,22.4,0.0
2024-05-06,MCO,23.3,0.0
2024-05-07,MCO,22.3,6.2
2024-05-08,MCO,23.2,0.0
2024-05-09,MCO,22.8,0.0
2024-05-10,MCO,22.4,31.4
2024-05-11,MCO,22.7,12.1
2024-05-12,MCO,22.4,0.0
2024-05-13,MCO,23.9,0.0
2024-05-14,MCO,24.1,0.0
2024-05-15,MCO,25.2,13.8
2024-05-16,MCO,24.7,14.9
2024-05-17,MCO,24.5,0.0
2024-05-18,MCO,26.5,0.0
2024-05-19,MCO,24.5,0.0
2024-05-20,MCO,26.0,3.8
2024-05-21,MCO,27.4,0.0
2024-05-22,MCO,27.3,0.0
2024-05-23,MCO,26.3,0.0
2024-05-24,MCO,27.4,8.8
2024-05-25,MCO,26.4,0.0
2024-05-26,MCO,25.5,0.0
2024-05-27,MCO,25.3,0.0
2024-05-28,MCO,25.0,10.2
2024-05-29,MCO,24.5,7.6
2024-05-30,MCO,26.2,0.0
2024-05-31,MCO,25.4,0.1
2024-06-01,MCO,25.7,0.0
2024-06-02,MCO,24.6,0.0
2024-06-03,MCO,25.3,7.1
2024-06-04,MCO,24.7,0.0
2024-06-05,MCO,24.3,0.0
2024-06-06,MCO,25.1,1.6
2024-06-07,MCO,26.7,0.0
2024-06-08,MCO,27.1,0.0
2024-06-09,MCO,27.5,0.0
2024-06-10,MCO,27.1,4.6
2024-06-11,MCO,26.7,0.0
2024-06-12,MCO,27.5,0.0
2024-06-13,MCO,26.8,7.1
2024-06-14,MCO,27.7,0.0
2024-06-15,MCO,28.6,0.0
2024-06-16,MCO,27.2,0.0
2024-06-17,MCO,26.5,0.0
2024-06-18,MCO,26.3,0.0
2024-06-19,MCO,25.3,0.0
2024-06-20,MCO,25.7,0.0
2024-06-21,MCO,27.6,0.0
2024-06-22,MCO,26.5,0.0
2024-06-23,MCO,28.2,0.0
2024-06-24,MCO,27.5,0.0
2024-06-25,MCO,29.5,0.0
2024-06-26,MCO,28.1,0.0
2024-06-27,MCO,27.8,1.3
2024-06-28,MCO,26.8,0.0
2024-06-29,MCO,26.5,3.9
2024-06-30,MCO,28.3,0.0
2024-07-01,MCO,28.5,0.0
2024-07-02,MCO,29.2,0.0
2024-07-03,MCO,27.4,4.2
2024-07-04,MCO,28.2,0.0
2024-07-05,MCO,27.1,9.7
2024-07-06,MCO,26.1,0.0
2024-07-07,MCO,27.1,0.0
2024-07-08,MCO,27.6,0.0
2024-07-09,MCO,27.8,3.7
2024-07-10,MCO,28.5,0.0
2024-07-11,MCO,29.1,0.0
2024-07-12,MCO,30.1,0.0
2024-07-13,MCO,28.1,0.0
2024-07-14,MCO,29.5,0.0
2024-07-15,MCO,30.7,1.5
2024-07-16,MCO,29.3,1.5
2024-07-17,MCO,27.2,0.0
2024-07-18,MCO,26.2,0.0
2024-07-19,MCO,26.5,7.8
2024-07-20,MCO,29.0,0.0
2024-07-21,MCO,28.6,0.0
2024-07-22,MCO,27.8,24.0
2024-07-23,MCO,27.2,0.0
2024-07-24,MCO,26.2,0.0
2024-07-25,MCO,27.8,0.0
2024-07-26,MCO,27.8,0.7
2024-07-27,MCO,29.9,0.0
2024-07-28,MCO,29.7,0.0
2024-07-29,MCO,29.8,0.0
2024-07-30,MCO,28.8,0.0
2024-07-31,MCO,27.4,0.0
2024-08-01,MCO,26.7,7.0
2024-08-02,MCO,25.9,0.0
2024-08-03,MCO,27.5,0.0
2024-08-04,MCO,27.3,4.4
2024-08-05,MCO,28.4,3.2
2024-08-06,MCO,28.3,0.0
2024-08-07,MCO,27.8,0.0
2024-08-08,MCO,26.6,1.0
2024-08-09,MCO,27.3,2.4
2024-08-10,MCO,27.2,0.0
2024-08-11,MCO,28.2,11.3
2024-08-12,MCO,27.3,0.0
2024-08-13,MCO,28.0,0.0
2024-08-14,MCO,29.3,0.0
2024-08-15,MCO,28.8,0.0
2024-08-16,MCO,29.0,0.0
2024-08-17,MCO,28.9,0.0
2024-08-18,MCO,30.1,0.0
2024-08-19,MCO,29.3,0.0
2024-08-20,MCO,29.1,0.0
2024-08-21,MCO,28.3,0.0
2024-08-22,MCO,27.1,0.0
2024-08-23,MCO,25.9,0.0
2024-08-24,MCO,27.5,0.8
2024-08-25,MCO,26.3,0.0
2024-08-26,MCO,27.3,7.0
2024-08-27,MCO,27.5,0.0
2024-08-28,MCO,28.1,0.0
2024-08-29,MCO,27.0,7.6
2024-08-30,MCO,26.1,0.0
2024-08-31,MCO,26.7,0.0
2024-09-01,MCO,26.3,0.0
2024-09-02,MCO,25.2,0.0
2024-09-03,MCO,27.5,0.0
2024-09-04,MCO,26.3,0.0
2024-09-05,MCO,25.3,0.0
2024-09-06,MCO,25.4,0.0
2024-09-07,MCO,26.9,0.0
2024-09-08,MCO,24.5,3.4
2024-09-09,MCO,26.2,0.0
2024-09-10,MCO,25.2,0.0
2024-09-11,MCO,25.7,10.5
2024-09-12,MCO,25.0,0.0
2024-09-13,MCO,27.2,0.0
2024-09-14,MCO,26.7,0.0
2024-09-15,MCO,25.5,6.4
2024-09-16,MCO,25.2,0.0
2024-09-17,MCO,25.3,0.0
2024-09-18,MCO,25.5,8.0
2024-09-19,MCO,25.8,0.0
2024-09-20,MCO,25.5,0.0
2024-09-21,MCO,24.0,6.5
2024-09-22,MCO,24.0,0.0
2024-09-23,MCO,24.9,1.0
2024-09-24,MCO,24.2,0.0
2024-09-25,MCO,25.0,0.0
2024-09-26,MCO,24.9,0.0
2024-09-27,MCO,24.5,0.0
2024-09-28,MCO,25.6,0.0
2024-09-29,MCO,23.4,2.3
2024-09-30,MCO,23.1,0.0
2024-10-01,MCO,24.7,4.0
2024-10-02,MCO,26.2,0.0
2024-10-03,MCO,27.5,3.7
2024-10-04,MCO,26.1,0.0
2024-10-05,MCO,25.6,0.0
2024-10-06,MCO,25.6,9.4
2024-10-07,MCO,26.0,5.3
2024-10-08,MCO,25.3,3.4
2024-10-09,MCO,25.4,1.6
2024-10-10,MCO,25.0,0.0
2024-10-11,MCO,24.8,0.0
2024-10-12,MCO,23.2,0.0
2024-10-13,MCO,22.8,1.5
2024-10-14,MCO,22.3,0.0
2024-10-15,MCO,21.4,0.0
2024-10-16,MCO,20.3,0.0
2024-10-17,MCO,20.8,22.3
2024-10-18,MCO,21.3,0.0
2024-10-19,MCO,21.8,7.7
2024-10-20,MCO,22.6,0.0
2024-10-21,MCO,22.6,0.0
2024-10-22,MCO,22.2,0.0
2024-10-23,MCO,21.3,10.0
2024-10-24,MCO,22.4,8.8
2024-10-25,MCO,22.1,0.0
2024-10-26,MCO,21.5,0.0
2024-10-27,MCO,21.4,0.0
2024-10-28,MCO,20.8,0.0
2024-10-29,MCO,20.6,3.5
2024-10-30,MCO,20.3,0.0
2024-10-31,MCO,20.5,0.0
2024-11-01,MCO,21.4,0.0
2024-11-02,MCO,21.7,0.0
2024-11-03,MCO,22.9,0.0
2024-11-04,MCO,23.3,0.0
2024-11-05,MCO,24.2,5.3
2024-11-06,MCO,23.3,0.0
2024-11-07,MCO,22.8,14.9
2024-11-08,MCO,21.4,1.2
2024-11-09,MCO,21.9,0.0
2024-11-10,MCO,20.6,8.2
2024-11-11,MCO,19.1,2.9
2024-11-12,MCO,21.0,0.0
2024-11-13,MCO,19.5,8.6
2024-11-14,MCO,20.1,0.0
2024-11-15,MCO,19.2,1.6
2024-11-16,MCO,20.6,0.0
2024-11-17,MCO,21.5,0.0
2024-11-18,MCO,21.3,15.1
2024-11-19,MCO,21.8,0.0
2024-11-20,MCO,20.9,5.7
2024-11-21,MCO,22.5,2.7
2024-11-22,MCO,22.0,0.0
2024-11-23,MCO,20.0,32.3
2024-11-24,MCO,19.8,13.6
2024-11-25,MCO,19.4,0.0
2024-11-26,MCO,19.0,0.0
2024-11-27,MCO,17.4,0.0
2024-11-28,MCO,18.4,0.0
2024-11-29,MCO,17.3,0.0
2024-11-30,MCO,15.5,6.3
2024-12-01,MCO,16.4,8.1
2024-12-02,MCO,16.6,0.0
2024-12-03,MCO,16.6,0.0
2024-12-04,MCO,14.4,3.5
2024-12-05,MCO,15.2,15.7
2024-12-06,MCO,16.3,0.0
2024-12-07,MCO,16.5,0.0
2024-12-08,MCO,17.6,0.0
2024-12-09,MCO,19.2,0.0
2024-12-10,MCO,19.3,0.0
2024-12-11,MCO,19.8,0.0
2024-12-12,MCO,20.2,0.0
2024-12-13,MCO,18.3,0.0
2024-12-14,MCO,18.6,0.0
2024-12-15,MCO,19.3,0.0
2024-12-16,MCO,18.3,5.4
2024-12-17,MCO,17.3,4.2
2024-12-18,MCO,18.0,2.0
2024-12-19,MCO,16.5,6.3
2024-12-20,MCO,15.9,12.1
2024-12-21,MCO,15.9,0.0
2024-12-22,MCO,17.0,0.0
2024-12-23,MCO,17.4,0.0
2024-12-24,MCO,18.4,0.0
2024-12-25,MCO,17.2,0.0
2024-12-26,MCO,16.3,0.0
2024-12-27,MCO,17.2,12.7
2024-12-28,MCO,16.5,4.6
2024-12-29,MCO,16.2,3.4
2024-12-30,MCO,14.9,0.0
2024-12-31,MCO,16.1,4.3
2025-01-01,MCO,18.1,6.3
2025-01-02,MCO,16.7,0.0
2025-01-03,MCO,17.9,0.0
2025-01-04,MCO,17.5,0.0
2025-01-05,MCO,15.7,0.0
2025-01-06,MCO,15.4,0.0
2025-01-07,MCO,15.2,0.0
2025-01-08,MCO,15.6,3.8
2025-01-09,MCO,16.6,0.0
2025-01-10,MCO,18.6,0.0
2025-01-11,MCO,16.6,4.9
2025-01-12,MCO,16.3,0.0
2025-01-13,MCO,15.7,0.0
2025-01-14,MCO,15.0,0.0
2025-01-15,MCO,15.9,0.0
2025-01-16,MCO,16.3,0.0
2025-01-17,MCO,14.9,5.6
2025-01-18,MCO,15.7,6.9
2025-01-19,MCO,15.1,0.0
2025-01-20,MCO,15.9,0.0
2025-01-21,MCO,17.5,0.0
2025-01-22,MCO,17.8,0.0
2025-01-23,MCO,17.6,0.0
2025-01-24,MCO,16.9,5.6
2025-01-25,MCO,17.0,0.7
2025-01-26,MCO,17.6,0.0
2025-01-27,MCO,17.8,0.0
2025-01-28,MCO,17.4,5.8
2025-01-29,MCO,17.5,0.0
2025-01-30,MCO,16.1,0.0
2025-01-31,MCO,15.8,4.7
2025-02-01,MCO,17.0,0.0
2025-02-02,MCO,17.9,0.0
2025-02-03,MCO,17.7,0.0
2025-02-04,MCO,18.9,0.0
2025-02-05,MCO,18.7,0.0
2025-02-06,MCO,17.9,8.0
2025-02-07,MCO,16.5,0.0
2025-02-08,MCO,18.2,0.0
2025-02-09,MCO,18.6,0.0
2025-02-10,MCO,19.9,0.0
2025-02-11,MCO,21.0,2.0
2025-02-12,MCO,18.3,0.0
2025-02-13,MCO,16.8,6.3
2025-02-14,MCO,14.3,5.8
2025-02-15,MCO,16.5,0.0
2025-02-16,MCO,17.6,0.0
2025-02-17,MCO,17.7,0.0
2025-02-18,MCO,16.6,0.0
2025-02-19,MCO,17.0,6.9
2025-02-20,MCO,17.5,0.3
2025-02-21,MCO,18.4,1.8
2025-02-22,MCO,18.5,0.0
2025-02-23,MCO,18.9,0.0
2025-02-24,MCO,18.5,3.7
2025-02-25,MCO,19.4,0.0
2025-02-26,MCO,19.5,0.0
2025-02-27,MCO,17.9,0.0
2025-02-28,MCO,19.4,0.0
2025-03-01,MCO,20.1,3.6
2025-03-02,MCO,19.9,0.0
2025-03-03,MCO,19.6,0.0
2025-03-04,MCO,20.8,9.7
2025-03-05,MCO,18.3,8.8
2025-03-06,MCO,19.7,0.0
2025-03-07,MCO,18.8,0.0
2025-03-08,MCO,19.9,6.7
2025-03-09,MCO,19.6,0.0
2025-03-10,MCO,18.1,0.0
2025-03-11,MCO,18.0,22.7
2025-03-12,MCO,19.4,2.3
2025-03-13,MCO,19.1,0.0
2025-03-14,MCO,18.6,0.0
2025-03-15,MCO,18.3,0.1
2025-03-16,MCO,19.3,0.0
2025-03-17,MCO,21.1,0.0
2025-03-18,MCO,18.4,0.0
2025-03-19,MCO,21.6,4.2
2025-03-20,MCO,21.0,7.4
2025-03-21,MCO,21.1,2.3
2025-03-22,MCO,20.2,0.0
2025-03-23,MCO,20.1,0.0
2025-03-24,MCO,20.3,0.0
2025-03-25,MCO,19.2,8.2
2025-03-26,MCO,18.8,0.0
2025-03-27,MCO,20.6,0.0
2025-03-28,MCO,19.0,0.0
2025-03-29,MCO,20.0,0.0
2025-03-30,MCO,19.9,0.0
2025-03-31,MCO,19.3,6.0
2025-04-01,MCO,21.8,1.2
2025-04-02,MCO,20.5,0.0
2025-04-03,MCO,19.6,2.3
2025-04-04,MCO,20.0,3.1
2025-04-05,MCO,19.7,0.0
2025-04-06,MCO,20.3,6.4
2025-04-07,MCO,20.9,0.0
2025-04-08,MCO,21.3,0.0
2025-04-09,MCO,21.3,0.0
2025-04-10,MCO,20.7,1.9
2025-04-11,MCO,21.7,0.0
2025-04-12,MCO,21.6,0.0
2025-04-13,MCO,21.2,0.0
2025-04-14,MCO,23.0,0.0
2025-04-15,MCO,22.5,0.0
2025-04-16,MCO,23.4,1.8
2025-04-17,MCO,24.1,19.3
2025-04-18,MCO,24.6,0.0
2025-04-19,MCO,24.4,0.0
2025-04-20,MCO,23.7,0.0
2025-04-21,MCO,23.2,3.4
2025-04-22,MCO,22.8,0.2
2025-04-23,MCO,20.7,0.0
2025-04-24,MCO,22.3,0.0
2025-04-25,MCO,22.8,12.7
2025-04-26,MCO,23.7,0.0
2025-04-27,MCO,23.4,0.0
2025-04-28,MCO,24.0,2.7
2025-04-29,MCO,22.4,0.0
2025-04-30,MCO,21.7,4.0
2025-05-01,MCO,20.1,0.0
2025-05-02,MCO,21.4,18.8
2025-05-03,MCO,21.6,0.0
2025-05-04,MCO,21.6,0.1
2025-05-05,MCO,22.9,0.0
2025-05-06,MCO,22.9,0.0
2025-05-07,MCO,22.0,0.0
2025-05-08,MCO,25.3,0.0
2025-05-09,MCO,24.9,0.0
2025-05-10,MCO,23.6,6.4
2025-05-11,MCO,23.3,0.0
2025-05-12,MCO,23.7,0.0
2025-05-13,MCO,23.9,0.0
2025-05-14,MCO,25.5,1.8
2025-05-15,MCO,25.1,5.6
2025-05-16,MCO,26.8,0.2
2025-05-17,MCO,25.7,0.5
2025-05-18,MCO,25.8,1.1
2025-05-19,MCO,26.5,0.0
2025-05-20,MCO,27.2,5.0
2025-05-21,MCO,27.7,9.2
2025-05-22,MCO,26.5,16.3
2025-05-23,MCO,26.1,0.0
2025-05-24,MCO,23.5,0.0
2025-05-25,MCO,24.2,3.1
2025-05-26,MCO,25.8,0.0
2025-05-27,MCO,26.7,0.0
2025-05-28,MCO,26.3,8.0
2025-05-29,MCO,27.8,0.0
2025-05-30,MCO,26.7,0.0
2025-05-31,MCO,25.8,0.0
2025-06-01,MCO,25.5,0.0
2025-06-02,MCO,24.7,0.0
2025-06-03,MCO,25.9,0.0
2025-06-04,MCO,26.4,0.0
2025-06-05,MCO,27.0,4.4
2025-06-06,MCO,26.4,0.0
2025-06-07,MCO,26.4,0.0
2025-06-08,MCO,24.4,26.0
2025-06-09,MCO,25.7,0.0
2025-06-10,MCO,26.2,0.0
2025-06-11,MCO,25.4,6.6
2025-06-12,MCO,25.9,0.0
2025-06-13,MCO,26.0,0.0
2025-06-14,MCO,28.1,0.7
2025-06-15,MCO,26.7,0.0
2025-06-16,MCO,27.2,0.0
2025-06-17,MCO,26.1,0.0
2025-06-18,MCO,26.0,14.7
2025-06-19,MCO,26.8,0.0
2025-06-20,MCO,26.8,0.0
2025-06-21,MCO,27.0,0.0
2025-06-22,MCO,27.5,0.7
2025-06-23,MCO,27.0,0.0
2025-06-24,MCO,28.0,0.0
2025-06-25,MCO,27.5,0.6
2025-06-26,MCO,27.4,0.0
2025-06-27,MCO,27.8,0.0
2025-06-28,MCO,28.0,0.0
2025-06-29,MCO,28.5,0.0
2025-06-30,MCO,28.5,7.3
2025-07-01,MCO,28.6,0.0
2025-07-02,MCO,27.9,2.3
2025-07-03,MCO,26.8,0.0
2025-07-04,MCO,25.9,0.0
2025-07-05,MCO,25.0,1.1
2025-07-06,MCO,27.9,0.0
2025-07-07,MCO,25.7,0.0
2025-07-08,MCO,27.7,3.8
2025-07-09,MCO,27.0,6.1
2025-07-10,MCO,28.5,0.0
2025-07-11,MCO,26.2,0.0
2025-07-12,MCO,26.7,11.3
2025-07-13,MCO,28.6,0.0
2025-07-14,MCO,29.0,1.8
2025-07-15,MCO,28.3,0.0
2025-07-16,MCO,26.3,0.0
2025-07-17,MCO,25.7,10.7
2025-07-18,MCO,28.0,0.0
2025-07-19,MCO,27.6,4.4
2025-07-20,MCO,27.7,0.0
2025-07-21,MCO,28.1,20.4
2025-07-22,MCO,26.8,3.3
2025-07-23,MCO,27.7,0.0
2025-07-24,MCO,27.4,0.0
2025-07-25,MCO,27.9,1.8
2025-07-26,MCO,27.4,0.0
2025-07-27,MCO,26.1,4.3
2025-07-28,MCO,26.4,0.0
2025-07-29,MCO,27.6,14.6
2025-07-30,MCO,28.1,0.0
2025-07-31,MCO,28.1,9.3
2025-08-01,MCO,28.9,0.0
2025-08-02,MCO,28.3,0.0
2025-08-03,MCO,28.2,0.0
2025-08-04,MCO,27.6,0.0
2025-08-05,MCO,28.6,6.1
2025-08-06,MCO,28.5,5.0
2025-08-07,MCO,27.7,0.0
2025-08-08,MCO,26.3,15.6
2025-08-09,MCO,27.9,0.0
2025-08-10,MCO,27.1,0.0
2025-08-11,MCO,27.4,0.0
2025-08-12,MCO,29.7,0.0
2025-08-13,MCO,29.6,0.0
2025-08-14,MCO,30.3,0.0
2025-08-15,MCO,28.7,0.0
2025-08-16,MCO,29.2,0.0
2025-08-17,MCO,28.5,0.0
2025-08-18,MCO,28.4,0.0
2025-08-19,MCO,29.9,0.0
2025-08-20,MCO,28.6,5.1
2025-08-21,MCO,28.0,0.0
2025-08-22,MCO,26.8,0.0
2025-08-23,MCO,27.8,20.8
2025-08-24,MCO,26.9,14.9
2025-08-25,MCO,27.9,0.0
2025-08-26,MCO,25.9,10.5
2025-08-27,MCO,26.8,0.0
2025-08-28,MCO,26.2,0.0
2025-08-29,MCO,27.1,0.0
2025-08-30,MCO,26.9,6.5
2025-08-31,MCO,26.3,0.0
2025-09-01,MCO,26.0,0.0
2025-09-02,MCO,25.4,0.0
2025-09-03,MCO,26.6,0.0
2025-09-04,MCO,25.5,0.0
2025-09-05,MCO,25.6,2.4
2025-09-06,MCO,26.2,0.0
2025-09-07,MCO,27.7,1.0
2025-09-08,MCO,27.1,0.0
2025-09-09,MCO,26.4,8.9
2025-09-10,MCO,26.5,0.0
2025-09-11,MCO,24.2,0.0
2025-09-12,MCO,23.7,36.6
2025-09-13,MCO,24.2,0.0
2025-09-14,MCO,24.1,1.5
2025-09-15,MCO,23.1,2.5
2025-09-16,MCO,24.9,0.0
2025-09-17,MCO,25.3,0.0
2025-09-18,MCO,25.5,4.7
2025-09-19,MCO,24.7,7.2
2025-09-20,MCO,25.0,11.0
2025-09-21,MCO,25.5,0.0
2025-09-22,MCO,25.0,0.0
2025-09-23,MCO,25.4,3.6
2025-09-24,MCO,24.4,0.0
2025-09-25,MCO,24.6,0.0
2025-09-26,MCO,25.7,0.0
2025-09-27,MCO,26.4,5.3
2025-09-28,MCO,26.9,0.0
2025-09-29,MCO,26.2,11.5
2025-09-30,MCO,25.5,3.3
2025-10-01,MCO,24.5,0.0
2025-10-02,MCO,22.6,0.0
2025-10-03,MCO,21.9,8.5
2025-10-04,MCO,22.5,0.0
2025-10-05,MCO,23.0,0.0
2025-10-06,MCO,24.6,0.0
2025-10-07,MCO,25.5,0.0
2025-10-08,MCO,24.1,0.0
2025-10-09,MCO,24.6,0.0
2025-10-10,MCO,23.7,1.3
2025-10-11,MCO,24.2,0.0
2025-10-12,MCO,24.5,12.9
2025-10-13,MCO,25.2,0.0
2025-10-14,MCO,23.8,6.7
2025-10-15,MCO,75.9,0.0
2025-10-16,MCO,71.6,0.0
2025-10-17,MCO,74.3,2.8
2025-10-18,MCO,73.6,11.3
2025-10-19,MCO,73.2,5.9
2025-10-20,MCO,69.3,0.0
2025-10-21,MCO,69.8,1.6
2025-10-22,MCO,73.0,0.0
2025-10-23,MCO,71.8,0.0
2025-10-24,MCO,73.0,0.0
2025-10-25,MCO,72.5,0.0
2025-10-26,MCO,73.9,6.1
2025-10-27,MCO,73.0,0.0
2025-10-28,MCO,70.7,0.0
2025-10-29,MCO,70.9,0.0
2025-10-30,MCO,73.6,0.0
2025-10-31,MCO,73.2,2.5
2025-11-01,MCO,71.8,0.0
2025-11-02,MCO,75.0,0.0
2025-11-03,MCO,75.0,4.2
2025-11-04,MCO,74.3,16.7
2025-11-05,MCO,73.0,5.3
2025-11-06,MCO,72.9,0.0
2025-11-07,MCO,72.9,11.9
2025-11-08,MCO,67.6,0.0
2025-11-09,MCO,68.9,0.0
2025-11-10,MCO,68.5,7.1
2025-11-11,MCO,67.8,4.7
2025-11-12,MCO,67.8,6.0
2025-11-13,MCO,65.3,0.0
2025-11-14,MCO,63.3,0.0
2025-11-15,MCO,67.5,0.0
2025-11-16,MCO,68.4,0.0
2025-11-17,MCO,64.0,0.0
2025-11-18,MCO,64.4,2.8
2025-11-19,MCO,67.3,0.0
2025-11-20,MCO,66.7,0.0
2025-11-21,MCO,69.1,0.0
2025-11-22,MCO,70.2,2.5
2025-11-23,MCO,66.6,0.4
2025-11-24,MCO,66.4,0.0
2025-11-25,MCO,65.7,0.0
2025-11-26,MCO,63.7,3.6
2025-11-27,MCO,62.2,1.4
2025-11-28,MCO,62.4,0.0
2025-11-29,MCO,62.8,0.0
2025-11-30,MCO,64.6,0.0
2025-12-01,MCO,66.9,1.2
2025-12-02,MCO,67.3,16.4
2025-12-03,MCO,68.0,0.0
2025-12-04,MCO,66.6,0.0
2025-12-05,MCO,67.1,4.2
2025-12-06,MCO,66.0,0.0
2025-12-07,MCO,64.9,0.0
2025-12-08,MCO,68.2,0.0
2025-12-09,MCO,63.0,1.4
2025-12-10,MCO,60.4,0.0
2025-12-11,MCO,62.8,0.0
2025-12-12,MCO,63.0,0.0
2025-12-13,MCO,61.2,8.1
2025-12-14,MCO,60.6,0.8
2025-12-15,MCO,60.4,15.1
2025-12-16,MCO,63.5,0.0
2025-12-17,MCO,65.8,0.0
2025-12-18,MCO,68.0,7.6
2025-12-19,MCO,63.7,0.0
2025-12-20,MCO,61.3,4.6
2025-12-21,MCO,59.9,0.0
2025-12-22,MCO,63.7,0.0
2025-12-23,MCO,64.4,0.0
2025-12-24,MCO,64.2,0.0
2025-12-25,MCO,64.2,0.0
2025-12-26,MCO,63.9,24.0
2025-12-27,MCO,61.7,0.0
2025-12-28,MCO,63.1,13.9
2025-12-29,MCO,63.0,1.2
2025-12-30,MCO,61.0,0.0
2025-12-31,MCO,62.8,0.0
