date,store_id,mean_banana_line_kg
2024-01-01,1,1.21
2024-01-02,1,1.184
2024-01-03,1,1.217
2024-01-04,1,1.233
2024-01-05,1,1.207
2024-01-06,1,1.191
2024-01-07,1,1.236
2024-01-08,1,1.217
2024-01-09,1,1.173
2024-01-10,1,1.154
2024-01-11,1,1.181
2024-01-12,1,1.216
2024-01-13,1,1.188
2024-01-14,1,1.177
2024-01-15,1,1.212
2024-01-16,1,1.201
2024-01-17,1,1.218
2024-01-18,1,1.218
2024-01-19,1,1.185
2024-01-20,1,1.167
2024-01-21,1,1.217
2024-01-22,1,1.23
2024-01-23,1,1.214
2024-01-24,1,1.206
2024-01-25,1,1.178
2024-01-26,1,1.186
2024-01-27,1,1.18
2024-01-28,1,1.174
2024-01-29,1,1.178
2024-01-30,1,1.216
2024-01-31,1,1.214
2024-02-01,1,1.209
2024-02-02,1,1.224
2024-02-03,1,1.209
2024-02-04,1,1.252
2024-02-05,1,1.17
2024-02-06,1,1.199
2024-02-07,1,1.195
2024-02-08,1,1.166
2024-02-09,1,1.193
2024-02-10,1,1.206
2024-02-11,1,1.214
2024-02-12,1,1.195
2024-02-13,1,1.167
2024-02-14,1,1.232
2024-02-15,1,1.157
2024-02-16,1,1.187
2024-02-17,1,1.204
2024-02-18,1,1.155
2024-02-19,1,1.212
2024-02-20,1,1.181
2024-02-21,1,1.197
2024-02-22,1,1.262
2024-02-23,1,1.194
2024-02-24,1,1.176
2024-02-25,1,1.228
2024-02-26,1,1.214
2024-02-27,1,1.2
2024-02-28,1,1.211
2024-02-29,1,1.219
2024-03-01,1,1.217
2024-03-02,1,1.175
2024-03-03,1,1.171
2024-03-04,1,1.177
2024-03-05,1,1.254
2024-03-06,1,1.178
2024-03-07,1,1.191
2024-03-08,1,1.173
2024-03-09,1,1.148
2024-03-10,1,1.136
2024-03-11,1,1.137
2024-03-12,1,1.224
2024-03-13,1,1.173
2024-03-14,1,1.185
2024-03-15,1,1.25
2024-03-16,1,1.201
2024-03-17,1,1.181
2024-03-18,1,1.2
2024-03-19,1,1.228
2024-03-20,1,1.214
2024-03-21,1,1.185
2024-03-22,1,1.15
2024-03-23,1,1.213
2024-03-24,1,1.223
2024-03-25,1,1.186
2024-03-26,1,1.238
2024-03-27,1,1.218
2024-03-28,1,1.185
2024-03-29,1,1.181
2024-03-30,1,1.173
2024-03-31,1,1.185
2024-04-01,1,1.2
2024-04-02,1,1.213
2024-04-03,1,1.142
2024-04-04,1,1.135
2024-04-05,1,1.243
2024-04-06,1,1.174
2024-04-07,1,1.212
2024-04-08,1,1.237
2024-04-09,1,1.193
2024-04-10,1,1.175
2024-04-11,1,1.235
2024-04-12,1,1.177
2024-04-13,1,1.204
2024-04-14,1,1.275
2024-04-15,1,1.229
2024-04-16,1,1.185
2024-04-17,1,1.255
2024-04-18,1,1.198
2024-04-19,1,1.132
2024-04-20,1,1.199
2024-04-21,1,1.225
2024-04-22,1,1.195
2024-04-23,1,1.177
2024-04-24,1,1.224
2024-04-25,1,1.189
2024-04-26,1,1.216
2024-04-27,1,1.192
2024-04-28,1,1.191
2024-04-29,1,1.195
2024-04-30,1,1.21
2024-05-01,1,1.207
2024-05-02,1,1.21
2024-05-03,1,1.202
2024-05-04,1,1.171
2024-05-05,1,1.219
2024-05-06,1,1.208
2024-05-07,1,1.197
2024-05-08,1,1.195
2024-05-09,1,1.202
2024-05-10,1,1.178
2024-05-11,1,1.192
2024-05-12,1,1.21
2024-05-13,1,1.222
2024-05-14,1,1.161
2024-05-15,1,1.209
2024-05-16,1,1.18
2024-05-17,1,1.207
2024-05-18,1,1.196
2024-05-19,1,1.204
2024-05-20,1,1.195
2024-05-21,1,1.226
2024-05-22,1,1.186
2024-05-23,1,1.219
2024-05-24,1,1.154
2024-05-25,1,1.172
2024-05-26,1,1.186
2024-05-27,1,1.189
2024-05-28,1,1.178
2024-05-29,1,1.152
2024-05-30,1,1.181
2024-05-31,1,1.208
2024-06-01,1,1.17
2024-06-02,1,1.206
2024-06-03,1,1.178
2024-06-04,1,1.192
2024-06-05,1,1.207
2024-06-06,1,1.189
2024-06-07,1,1.195
2024-06-08,1,1.171
2024-06-09,1,1.175
2024-06-10,1,1.184
2024-06-11,1,1.264
2024-06-12,1,1.226
2024-06-13,1,1.227
2024-06-14,1,1.252
2024-06-15,1,1.206
2024-06-16,1,1.211
2024-06-17,1,1.209
2024-06-18,1,1.193
2024-06-19,1,1.192
2024-06-20,1,1.193
2024-06-21,1,1.194
2024-06-22,1,1.233
2024-06-23,1,1.172
2024-06-24,1,1.195
2024-06-25,1,1.166
2024-06-26,1,1.208
2024-06-27,1,1.211
2024-06-28,1,1.21
2024-06-29,1,1.208
2024-06-30,1,1.231
2024-07-01,1,1.233
2024-07-02,1,1.221
2024-07-03,1,1.222
2024-07-04,1,1.188
2024-07-05,1,1.201
2024-07-06,1,1.152
2024-07-07,1,1.232
2024-07-08,1,1.181
2024-07-09,1,1.189
2024-07-10,1,1.226
2024-07-11,1,1.216
2024-07-12,1,1.218
2024-07-13,1,1.213
2024-07-14,1,1.201
2024-07-15,1,1.213
2024-07-16,1,1.263
2024-07-17,1,1.194
2024-07-18,1,1.174
2024-07-19,1,1.212
2024-07-20,1,1.186
2024-07-21,1,1.205
2024-07-22,1,1.182
2024-07-23,1,1.197
2024-07-24,1,1.216
2024-07-25,1,1.2
2024-07-26,1,1.198
2024-07-27,1,1.189
2024-07-28,1,1.192
2024-07-29,1,1.203
2024-07-30,1,1.185
2024-07-31,1,1.225
2024-08-01,1,1.216
2024-08-02,1,1.166
2024-08-03,1,1.21
2024-08-04,1,1.165
2024-08-05,1,1.192
2024-08-06,1,1.205
2024-08-07,1,1.217
2024-08-08,1,1.191
2024-08-09,1,1.245
2024-08-10,1,1.221
2024-08-11,1,1.207
2024-08-12,1,1.184
2024-08-13,1,1.229
2024-08-14,1,1.251
2024-08-15,1,1.261
2024-08-16,1,1.171
2024-08-17,1,1.197
2024-08-18,1,1.237
2024-08-19,1,1.215
2024-08-20,1,1.18
2024-08-21,1,1.163
2024-08-22,1,1.183
2024-08-23,1,1.204
2024-08-24,1,1.227
2024-08-25,1,1.226
2024-08-26,1,1.201
2024-08-27,1,1.183
2024-08-28,1,1.207
2024-08-29,1,1.174
2024-08-30,1,1.172
2024-08-31,1,1.175
2024-09-01,1,1.176
2024-09-02,1,1.183
2024-09-03,1,1.211
2024-09-04,1,1.148
2024-09-05,1,1.195
2024-09-06,1,1.236
2024-09-07,1,1.188
2024-09-08,1,1.221
2024-09-09,1,1.21
2024-09-10,1,1.23
2024-09-11,1,1.204
2024-09-12,1,1.153
2024-09-13,1,1.209
2024-09-14,1,1.168
2024-09-15,1,1.219
2024-09-16,1,1.186
2024-09-17,1,1.191
2024-09-18,1,1.186
2024-09-19,1,1.166
2024-09-20,1,1.208
2024-09-21,1,1.196
2024-09-22,1,1.177
2024-09-23,1,1.171
2024-09-24,1,1.231
2024-09-25,1,1.226
2024-09-26,1,1.154
2024-09-27,1,1.21
2024-09-28,1,1.182
2024-09-29,1,1.182
2024-09-30,1,1.203
2024-10-01,1,1.239
2024-10-02,1,1.151
2024-10-03,1,1.2
2024-10-04,1,1.192
2024-10-05,1,1.21
2024-10-06,1,1.188
2024-10-07,1,1.183
2024-10-08,1,1.132
2024-10-09,1,1.229
2024-10-10,1,1.279
2024-10-11,1,1.207
2024-10-12,1,1.171
2024-10-13,1,1.192
2024-10-14,1,1.221
2024-10-15,1,1.171
2024-10-16,1,1.215
2024-10-17,1,1.194
2024-10-18,1,1.232
2024-10-19,1,1.19
2024-10-20,1,1.22
2024-10-21,1,1.165
2024-10-22,1,1.227
2024-10-23,1,1.144
2024-10-24,1,1.228
2024-10-25,1,1.192
2024-10-26,1,1.187
2024-10-27,1,1.172
2024-10-28,1,1.197
2024-10-29,1,1.251
2024-10-30,1,1.223
2024-10-31,1,1.197
2024-11-01,1,1.211
2024-11-02,1,1.211
2024-11-03,1,1.209
2024-11-04,1,1.224
2024-11-05,1,1.229
2024-11-06,1,1.21
2024-11-07,1,1.198
2024-11-08,1,1.23
2024-11-09,1,1.216
2024-11-10,1,1.157
2024-11-11,1,1.29
2024-11-12,1,1.198
2024-11-13,1,1.208
2024-11-14,1,1.213
2024-11-15,1,1.172
2024-11-16,1,1.173
2024-11-17,1,1.239
2024-11-18,1,1.224
2024-11-19,1,1.226
2024-11-20,1,1.222
2024-11-21,1,1.209
2024-11-22,1,1.237
2024-11-23,1,1.155
2024-11-24,1,1.193
2024-11-25,1,1.176
2024-11-26,1,1.204
2024-11-27,1,1.198
2024-11-28,1,1.198
2024-11-29,1,1.218
2024-11-30,1,1.19
2024-12-01,1,1.192
2024-12-02,1,1.191
2024-12-03,1,1.2
2024-12-04,1,1.212
2024-12-05,1,1.192
2024-12-06,1,1.204
2024-12-07,1,1.205
2024-12-08,1,1.183
2024-12-09,1,1.216
2024-12-10,1,1.187
2024-12-11,1,1.225
2024-12-12,1,1.229
2024-12-13,1,1.21
2024-12-14,1,1.259
2024-12-15,1,1.221
2024-12-16,1,1.226
2024-12-17,1,1.212
2024-12-18,1,1.213
2024-12-19,1,1.163
2024-12-20,1,1.22
2024-12-21,1,1.217
2024-12-22,1,1.179
2024-12-23,1,1.153
2024-12-24,1,1.216
2024-12-25,1,1.185
2024-12-26,1,1.211
2024-12-27,1,1.254
2024-12-28,1,1.205
2024-12-29,1,1.218
2024-12-30,1,1.189
2024-12-31,1,1.181
2025-01-01,1,1.204
2025-01-02,1,1.256
2025-01-03,1,1.207
2025-01-04,1,1.146
2025-01-05,1,1.223
2025-01-06,1,1.187
2025-01-07,1,1.19
2025-01-08,1,1.208
2025-01-09,1,1.175
2025-01-10,1,1.175
2025-01-11,1,1.214
2025-01-12,1,1.2
2025-01-13,1,1.179
2025-01-14,1,1.192
2025-01-15,1,1.231
2025-01-16,1,1.151
2025-01-17,1,1.164
2025-01-18,1,1.178
2025-01-19,1,1.205
2025-01-20,1,1.175
2025-01-21,1,1.173
2025-01-22,1,1.219
2025-01-23,1,1.166
2025-01-24,1,1.193
2025-01-25,1,1.144
2025-01-26,1,1.178
2025-01-27,1,1.17
2025-01-28,1,1.228
2025-01-29,1,1.174
2025-01-30,1,1.202
2025-01-31,1,1.19
2025-02-01,1,1.229
2025-02-02,1,1.184
2025-02-03,1,1.252
2025-02-04,1,1.197
2025-02-05,1,1.21
2025-02-06,1,1.151
2025-02-07,1,1.217
2025-02-08,1,1.199
2025-02-09,1,1.187
2025-02-10,1,1.227
2025-02-11,1,1.206
2025-02-12,1,1.195
2025-02-13,1,1.195
2025-02-14,1,1.207
2025-02-15,1,1.202
2025-02-16,1,1.188
2025-02-17,1,1.236
2025-02-18,1,1.226
2025-02-19,1,1.16
2025-02-20,1,1.234
2025-02-21,1,1.173
2025-02-22,1,1.189
2025-02-23,1,1.185
2025-02-24,1,1.243
2025-02-25,1,1.195
2025-02-26,1,1.197
2025-02-27,1,1.172
2025-02-28,1,1.185
2025-03-01,1,1.209
2025-03-02,1,1.155
2025-03-03,1,1.21
2025-03-04,1,1.182
2025-03-05,1,1.206
2025-03-06,1,1.17
2025-03-07,1,1.21
2025-03-08,1,1.185
2025-03-09,1,1.252
2025-03-10,1,1.227
2025-03-11,1,1.225
2025-03-12,1,1.247
2025-03-13,1,1.187
2025-03-14,1,1.205
2025-03-15,1,1.195
2025-03-16,1,1.203
2025-03-17,1,1.174
2025-03-18,1,1.193
2025-03-19,1,1.246
2025-03-20,1,1.193
2025-03-21,1,1.199
2025-03-22,1,1.212
2025-03-23,1,1.204
2025-03-24,1,1.216
2025-03-25,1,1.147
2025-03-26,1,1.221
2025-03-27,1,1.218
2025-03-28,1,1.186
2025-03-29,1,1.179
2025-03-30,1,1.176
2025-03-31,1,1.233
2025-04-01,1,1.215
2025-04-02,1,1.176
2025-04-03,1,1.231
2025-04-04,1,1.244
2025-04-05,1,1.212
2025-04-06,1,1.185
2025-04-07,1,1.205
2025-04-08,1,1.215
2025-04-09,1,1.174
2025-04-10,1,1.188
2025-04-11,1,1.217
2025-04-12,1,1.17
2025-04-13,1,1.2
2025-04-14,1,1.191
2025-04-15,1,1.206
2025-04-16,1,1.18
2025-04-17,1,1.188
2025-04-18,1,1.187
2025-04-19,1,1.213
2025-04-20,1,1.172
2025-04-21,1,1.191
2025-04-22,1,1.181
2025-04-23,1,1.236
2025-04-24,1,1.199
2025-04-25,1,1.184
2025-04-26,1,1.209
2025-04-27,1,1.18
2025-04-28,1,1.192
2025-04-29,1,1.239
2025-04-30,1,1.192
2025-05-01,1,1.214
2025-05-02,1,1.209
2025-05-03,1,1.171
2025-05-04,1,1.22
2025-05-05,1,1.21
2025-05-06,1,1.187
2025-05-07,1,1.215
2025-05-08,1,1.189
2025-05-09,1,1.176
2025-05-10,1,1.177
2025-05-11,1,1.191
2025-05-12,1,1.198
2025-05-13,1,1.194
2025-05-14,1,1.202
2025-05-15,1,1.19
2025-05-16,1,1.184
2025-05-17,1,1.18
2025-05-18,1,1.213
2025-05-19,1,1.233
2025-05-20,1,1.172
2025-05-21,1,1.2
2025-05-22,1,1.195
2025-05-23,1,1.235
2025-05-24,1,1.248
2025-05-25,1,1.225
2025-05-26,1,1.184
2025-05-27,1,1.212
2025-05-28,1,1.225
2025-05-29,1,1.197
2025-05-30,1,1.234
2025-05-31,1,1.163
2025-06-01,1,1.196
2025-06-02,1,1.227
2025-06-03,1,1.214
2025-06-04,1,1.175
2025-06-05,1,1.217
2025-06-06,1,1.234
2025-06-07,1,1.203
2025-06-08,1,1.193
2025-06-09,1,1.177
2025-06-10,1,1.203
2025-06-11,1,1.227
2025-06-12,1,1.2
2025-06-13,1,1.204
2025-06-14,1,1.154
2025-06-15,1,1.143
2025-06-16,1,1.188
2025-06-17,1,1.163
2025-06-18,1,1.2
2025-06-19,1,1.208
2025-06-20,1,1.207
2025-06-21,1,1.187
2025-06-22,1,1.203
2025-06-23,1,1.211
2025-06-24,1,1.189
2025-06-25,1,1.166
2025-06-26,1,1.19
2025-06-27,1,1.183
2025-06-28,1,1.218
2025-06-29,1,1.2
2025-06-30,1,1.154
2025-07-01,1,1.106
2025-07-02,1,1.227
2025-07-03,1,1.245
2025-07-04,1,1.237
2025-07-05,1,1.215
2025-07-06,1,1.223
2025-07-07,1,1.185
2025-07-08,1,1.206
2025-07-09,1,1.189
2025-07-10,1,1.187
2025-07-11,1,1.192
2025-07-12,1,1.239
2025-07-13,1,1.212
2025-07-14,1,1.212
2025-07-15,1,1.235
2025-07-16,1,1.15
2025-07-17,1,1.142
2025-07-18,1,1.192
2025-07-19,1,1.194
2025-07-20,1,1.233
2025-07-21,1,1.201
2025-07-22,1,1.178
2025-07-23,1,1.202
2025-07-24,1,1.208
2025-07-25,1,1.183
2025-07-26,1,1.175
2025-07-27,1,1.247
2025-07-28,1,1.199
2025-07-29,1,1.202
2025-07-30,1,1.178
2025-07-31,1,1.163
2025-08-01,1,1.202
2025-08-02,1,1.153
2025-08-03,1,1.215
2025-08-04,1,1.216
2025-08-05,1,1.238
2025-08-06,1,1.192
2025-08-07,1,1.17
2025-08-08,1,1.216
2025-08-09,1,1.216
2025-08-10,1,1.169
2025-08-11,1,1.163
2025-08-12,1,1.165
2025-08-13,1,1.208
2025-08-14,1,1.18
2025-08-15,1,1.218
2025-08-16,1,1.156
2025-08-17,1,1.196
2025-08-18,1,1.217
2025-08-19,1,1.178
2025-08-20,1,1.212
2025-08-21,1,1.235
2025-08-22,1,1.27
2025-08-23,1,1.185
2025-08-24,1,1.216
2025-08-25,1,1.2
2025-08-26,1,1.202
2025-08-27,1,1.25
2025-08-28,1,1.177
2025-08-29,1,1.188
2025-08-30,1,1.257
2025-08-31,1,1.191
2025-09-01,1,1.185
2025-09-02,1,1.148
2025-09-03,1,1.151
2025-09-04,1,1.202
2025-09-05,1,1.16
2025-09-06,1,1.202
2025-09-07,1,1.216
2025-09-08,1,1.198
2025-09-09,1,1.235
2025-09-10,1,1.194
2025-09-11,1,1.217
2025-09-12,1,1.216
2025-09-13,1,1.202
2025-09-14,1,1.202
2025-09-15,1,1.212
2025-09-16,1,1.177
2025-09-17,1,1.218
2025-09-18,1,1.246
2025-09-19,1,1.202
2025-09-20,1,1.211
2025-09-21,1,1.195
2025-09-22,1,1.22
2025-09-23,1,1.216
2025-09-24,1,1.186
2025-09-25,1,1.205
2025-09-26,1,1.235
2025-09-27,1,1.187
2025-09-28,1,1.167
2025-09-29,1,1.191
2025-09-30,1,1.17
2025-10-01,1,1.205
2025-10-02,1,1.178
2025-10-03,1,1.183
2025-10-04,1,1.182
2025-10-05,1,1.185
2025-10-06,1,1.215
2025-10-07,1,1.209
2025-10-08,1,1.176
2025-10-09,1,1.188
2025-10-10,1,1.245
2025-10-11,1,1.217
2025-10-12,1,1.224
2025-10-13,1,1.203
2025-10-14,1,1.229
2025-10-15,1,1.224
2025-10-16,1,1.192
2025-10-17,1,1.171
2025-10-18,1,1.195
2025-10-19,1,1.179
2025-10-20,1,1.173
2025-10-21,1,1.209
2025-10-22,1,1.199
2025-10-23,1,1.213
2025-10-24,1,1.256
2025-10-25,1,1.225
2025-10-26,1,1.189
2025-10-27,1,1.167
2025-10-28,1,1.222
2025-10-29,1,1.209
2025-10-30,1,1.181
2025-10-31,1,1.2
2025-11-01,1,1.188
2025-11-02,1,1.184
2025-11-03,1,1.181
2025-11-04,1,1.226
2025-11-05,1,1.199
2025-11-06,1,1.205
2025-11-07,1,1.206
2025-11-08,1,1.186
2025-11-09,1,1.229
2025-11-10,1,1.203
2025-11-11,1,1.238
2025-11-12,1,1.205
2025-11-13,1,1.173
2025-11-14,1,1.168
2025-11-15,1,1.192
2025-11-16,1,1.185
2025-11-17,1,1.22
2025-11-18,1,1.236
2025-11-19,1,1.185
2025-11-20,1,1.188
2025-11-21,1,1.211
2025-11-22,1,1.186
2025-11-23,1,1.208
2025-11-24,1,1.202
2025-11-25,1,1.225
2025-11-26,1,1.199
2025-11-27,1,1.214
2025-11-28,1,1.169
2025-11-29,1,1.174
2025-11-30,1,1.199
2025-12-01,1,1.202
2025-12-02,1,1.192
2025-12-03,1,1.224
2025-12-04,1,1.19
2025-12-05,1,1.184
2025-12-06,1,1.224
2025-12-07,1,1.211
2025-12-08,1,1.18
2025-12-09,1,1.236
2025-12-10,1,1.218
2025-12-11,1,1.21
2025-12-12,1,1.154
2025-12-13,1,1.219
2025-12-14,1,1.197
2025-12-15,1,1.182
2025-12-16,1,1.179
2025-12-17,1,1.231
2025-12-18,1,1.197
2025-12-19,1,1.197
2025-12-20,1,1.199
2025-12-21,1,1.222
2025-12-22,1,1.165
2025-12-23,1,1.178
2025-12-24,1,1.186
2025-12-25,1,1.201
2025-12-26,1,1.17
2025-12-27,1,1.16
2025-12-28,1,1.219
2025-12-29,1,1.203
2025-12-30,1,1.17
2025-12-31,1,1.215
2024-01-01,2,1.193
2024-01-02,2,1.194
2024-01-03,2,1.196
2024-01-04,2,1.22
2024-01-05,2,1.207
2024-01-06,2,1.181
2024-01-07,2,1.206
2024-01-08,2,1.226
2024-01-09,2,1.199
2024-01-10,2,1.188
2024-01-11,2,1.242
2024-01-12,2,1.19
2024-01-13,2,1.205
2024-01-14,2,1.187
2024-01-15,2,1.134
2024-01-16,2,1.216
2024-01-17,2,1.171
2024-01-18,2,1.204
2024-01-19,2,1.191
2024-01-20,2,1.219
2024-01-21,2,1.222
2024-01-22,2,1.214
2024-01-23,2,1.236
2024-01-24,2,1.206
2024-01-25,2,1.18
2024-01-26,2,1.195
2024-01-27,2,1.162
2024-01-28,2,1.209
2024-01-29,2,1.182
2024-01-30,2,1.2
2024-01-31,2,1.222
2024-02-01,2,1.207
2024-02-02,2,1.214
2024-02-03,2,1.171
2024-02-04,2,1.187
2024-02-05,2,1.222
2024-02-06,2,1.225
2024-02-07,2,1.183
2024-02-08,2,1.233
2024-02-09,2,1.237
2024-02-10,2,1.19
2024-02-11,2,1.184
2024-02-12,2,1.211
2024-02-13,2,1.174
2024-02-14,2,1.198
2024-02-15,2,1.206
2024-02-16,2,1.216
2024-02-17,2,1.16
2024-02-18,2,1.217
2024-02-19,2,1.164
2024-02-20,2,1.219
2024-02-21,2,1.195
2024-02-22,2,1.192
2024-02-23,2,1.203
2024-02-24,2,1.221
2024-02-25,2,1.223
2024-02-26,2,1.198
2024-02-27,2,1.217
2024-02-28,2,1.201
2024-02-29,2,1.154
2024-03-01,2,1.208
2024-03-02,2,1.213
2024-03-03,2,1.182
2024-03-04,2,1.197
2024-03-05,2,1.194
2024-03-06,2,1.213
2024-03-07,2,1.208
2024-03-08,2,1.206
2024-03-09,2,1.179
2024-03-10,2,1.229
2024-03-11,2,1.205
2024-03-12,2,1.171
2024-03-13,2,1.206
2024-03-14,2,1.166
2024-03-15,2,1.193
2024-03-16,2,1.188
2024-03-17,2,1.168
2024-03-18,2,1.191
2024-03-19,2,1.196
2024-03-20,2,1.208
2024-03-21,2,1.203
2024-03-22,2,1.159
2024-03-23,2,1.144
2024-03-24,2,1.207
2024-03-25,2,1.166
2024-03-26,2,1.153
2024-03-27,2,1.215
2024-03-28,2,1.224
2024-03-29,2,1.188
2024-03-30,2,1.203
2024-03-31,2,1.228
2024-04-01,2,1.204
2024-04-02,2,1.236
2024-04-03,2,1.231
2024-04-04,2,1.164
2024-04-05,2,1.211
2024-04-06,2,1.214
2024-04-07,2,1.186
2024-04-08,2,1.157
2024-04-09,2,1.225
2024-04-10,2,1.2
2024-04-11,2,1.231
2024-04-12,2,1.178
2024-04-13,2,1.201
2024-04-14,2,1.178
2024-04-15,2,1.188
2024-04-16,2,1.179
2024-04-17,2,1.247
2024-04-18,2,1.24
2024-04-19,2,1.147
2024-04-20,2,1.217
2024-04-21,2,1.187
2024-04-22,2,1.181
2024-04-23,2,1.195
2024-04-24,2,1.21
2024-04-25,2,1.192
2024-04-26,2,1.174
2024-04-27,2,1.239
2024-04-28,2,1.199
2024-04-29,2,1.201
2024-04-30,2,1.23
2024-05-01,2,1.176
2024-05-02,2,1.196
2024-05-03,2,1.216
2024-05-04,2,1.215
2024-05-05,2,1.234
2024-05-06,2,1.18
2024-05-07,2,1.248
2024-05-08,2,1.159
2024-05-09,2,1.188
2024-05-10,2,1.218
2024-05-11,2,1.199
2024-05-12,2,1.198
2024-05-13,2,1.213
2024-05-14,2,1.179
2024-05-15,2,1.202
2024-05-16,2,1.212
2024-05-17,2,1.169
2024-05-18,2,1.178
2024-05-19,2,1.201
2024-05-20,2,1.202
2024-05-21,2,1.151
2024-05-22,2,1.212
2024-05-23,2,1.202
2024-05-24,2,1.222
2024-05-25,2,1.205
2024-05-26,2,1.151
2024-05-27,2,1.198
2024-05-28,2,1.195
2024-05-29,2,1.204
2024-05-30,2,1.238
2024-05-31,2,1.202
2024-06-01,2,1.183
2024-06-02,2,1.183
2024-06-03,2,1.18
2024-06-04,2,1.179
2024-06-05,2,1.24
2024-06-06,2,1.197
2024-06-07,2,1.185
2024-06-08,2,1.169
2024-06-09,2,1.213
2024-06-10,2,1.197
2024-06-11,2,1.203
2024-06-12,2,1.2
2024-06-13,2,1.202
2024-06-14,2,1.187
2024-06-15,2,1.21
2024-06-16,2,1.169
2024-06-17,2,1.16
2024-06-18,2,1.227
2024-06-19,2,1.231
2024-06-20,2,1.214
2024-06-21,2,1.153
2024-06-22,2,1.172
2024-06-23,2,1.202
2024-06-24,2,1.163
2024-06-25,2,1.179
2024-06-26,2,1.186
2024-06-27,2,1.171
2024-06-28,2,1.198
2024-06-29,2,1.211
2024-06-30,2,1.223
2024-07-01,2,1.219
2024-07-02,2,1.195
2024-07-03,2,1.205
2024-07-04,2,1.204
2024-07-05,2,1.217
2024-07-06,2,1.183
2024-07-07,2,1.226
2024-07-08,2,1.188
2024-07-09,2,1.211
2024-07-10,2,1.128
2024-07-11,2,1.149
2024-07-12,2,1.183
2024-07-13,2,1.2
2024-07-14,2,1.182
2024-07-15,2,1.217
2024-07-16,2,1.237
2024-07-17,2,1.164
2024-07-18,2,1.186
2024-07-19,2,1.175
2024-07-20,2,1.222
2024-07-21,2,1.181
2024-07-22,2,1.193
2024-07-23,2,1.232
2024-07-24,2,1.206
2024-07-25,2,1.239
2024-07-26,2,1.198
2024-07-27,2,1.209
2024-07-28,2,1.149
2024-07-29,2,1.211
2024-07-30,2,1.259
2024-07-31,2,1.182
2024-08-01,2,1.208
2024-08-02,2,1.171
2024-08-03,2,1.226
2024-08-04,2,1.198
2024-08-05,2,1.185
2024-08-06,2,1.22
2024-08-07,2,1.219
2024-08-08,2,1.192
2024-08-09,2,1.183
2024-08-10,2,1.2
2024-08-11,2,1.21
2024-08-12,2,1.209
2024-08-13,2,1.211
2024-08-14,2,1.215
2024-08-15,2,1.183
2024-08-16,2,1.181
2024-08-17,2,1.257
2024-08-18,2,1.18
2024-08-19,2,1.189
2024-08-20,2,1.196
2024-08-21,2,1.173
2024-08-22,2,1.2
2024-08-23,2,1.225
2024-08-24,2,1.23
2024-08-25,2,1.172
2024-08-26,2,1.229
2024-08-27,2,1.224
2024-08-28,2,1.195
2024-08-29,2,1.225
2024-08-30,2,1.28
2024-08-31,2,1.168
2024-09-01,2,1.195
2024-09-02,2,1.175
2024-09-03,2,1.159
2024-09-04,2,1.192
2024-09-05,2,1.23
2024-09-06,2,1.198
2024-09-07,2,1.226
2024-09-08,2,1.236
2024-09-09,2,1.187
2024-09-10,2,1.21
2024-09-11,2,1.204
2024-09-12,2,1.233
2024-09-13,2,1.218
2024-09-14,2,1.175
2024-09-15,2,1.213
2024-09-16,2,1.185
2024-09-17,2,1.214
2024-09-18,2,1.277
2024-09-19,2,1.265
2024-09-20,2,1.217
2024-09-21,2,1.208
2024-09-22,2,1.199
2024-09-23,2,1.229
2024-09-24,2,1.214
2024-09-25,2,1.193
2024-09-26,2,1.209
2024-09-27,2,1.226
2024-09-28,2,1.186
2024-09-29,2,1.191
2024-09-30,2,1.202
2024-10-01,2,1.195
2024-10-02,2,1.2
2024-10-03,2,1.181
2024-10-04,2,1.193
2024-10-05,2,1.173
2024-10-06,2,1.175
2024-10-07,2,1.229
2024-10-08,2,1.197
2024-10-09,2,1.225
2024-10-10,2,1.197
2024-10-11,2,1.206
2024-10-12,2,1.172
2024-10-13,2,1.248
2024-10-14,2,1.19
2024-10-15,2,1.227
2024-10-16,2,1.177
2024-10-17,2,1.236
2024-10-18,2,1.193
2024-10-19,2,1.181
2024-10-20,2,1.175
2024-10-21,2,1.136
2024-10-22,2,1.181
2024-10-23,2,1.197
2024-10-24,2,1.208
2024-10-25,2,1.253
2024-10-26,2,1.247
2024-10-27,2,1.212
2024-10-28,2,1.192
2024-10-29,2,1.195
2024-10-30,2,1.193
2024-10-31,2,1.197
2024-11-01,2,1.212
2024-11-02,2,1.191
2024-11-03,2,1.201
2024-11-04,2,1.186
2024-11-05,2,1.187
2024-11-06,2,1.199
2024-11-07,2,1.157
2024-11-08,2,1.17
2024-11-09,2,1.18
2024-11-10,2,1.202
2024-11-11,2,1.227
2024-11-12,2,1.206
2024-11-13,2,1.184
2024-11-14,2,1.183
2024-11-15,2,1.189
2024-11-16,2,1.212
2024-11-17,2,1.188
2024-11-18,2,1.221
2024-11-19,2,1.223
2024-11-20,2,1.168
2024-11-21,2,1.145
2024-11-22,2,1.194
2024-11-23,2,1.238
2024-11-24,2,1.202
2024-11-25,2,1.173
2024-11-26,2,1.219
2024-11-27,2,1.245
2024-11-28,2,1.174
2024-11-29,2,1.246
2024-11-30,2,1.235
2024-12-01,2,1.212
2024-12-02,2,1.18
2024-12-03,2,1.18
2024-12-04,2,1.229
2024-12-05,2,1.213
2024-12-06,2,1.182
2024-12-07,2,1.202
2024-12-08,2,1.248
2024-12-09,2,1.154
2024-12-10,2,1.17
2024-12-11,2,1.194
2024-12-12,2,1.183
2024-12-13,2,1.148
2024-12-14,2,1.199
2024-12-15,2,1.216
2024-12-16,2,1.194
2024-12-17,2,1.178
2024-12-18,2,1.232
2024-12-19,2,1.17
2024-12-20,2,1.156
2024-12-21,2,1.222
2024-12-22,2,1.197
2024-12-23,2,1.212
2024-12-24,2,1.196
2024-12-25,2,1.235
2024-12-26,2,1.213
2024-12-27,2,1.199
2024-12-28,2,1.189
2024-12-29,2,1.179
2024-12-30,2,1.198
2024-12-31,2,1.169
2025-01-01,2,1.198
2025-01-02,2,1.19
2025-01-03,2,1.156
2025-01-04,2,1.155
2025-01-05,2,1.219
2025-01-06,2,1.208
2025-01-07,2,1.191
2025-01-08,2,1.193
2025-01-09,2,1.194
2025-01-10,2,1.198
2025-01-11,2,1.212
2025-01-12,2,1.227
2025-01-13,2,1.196
2025-01-14,2,1.196
2025-01-15,2,1.216
2025-01-16,2,1.166
2025-01-17,2,1.22
2025-01-18,2,1.171
2025-01-19,2,1.224
2025-01-20,2,1.181
2025-01-21,2,1.171
2025-01-22,2,1.229
2025-01-23,2,1.173
2025-01-24,2,1.159
2025-01-25,2,1.187
2025-01-26,2,1.19
2025-01-27,2,1.192
2025-01-28,2,1.187
2025-01-29,2,1.174
2025-01-30,2,1.214
2025-01-31,2,1.254
2025-02-01,2,1.214
2025-02-02,2,1.181
2025-02-03,2,1.153
2025-02-04,2,1.213
2025-02-05,2,1.156
2025-02-06,2,1.161
2025-02-07,2,1.216
2025-02-08,2,1.204
2025-02-09,2,1.248
2025-02-10,2,1.226
2025-02-11,2,1.201
2025-02-12,2,1.217
2025-02-13,2,1.245
2025-02-14,2,1.179
2025-02-15,2,1.191
2025-02-16,2,1.218
2025-02-17,2,1.183
2025-02-18,2,1.242
2025-02-19,2,1.165
2025-02-20,2,1.195
2025-02-21,2,1.199
2025-02-22,2,1.203
2025-02-23,2,1.218
2025-02-24,2,1.217
2025-02-25,2,1.232
2025-02-26,2,1.198
2025-02-27,2,1.181
2025-02-28,2,1.193
2025-03-01,2,1.224
2025-03-02,2,1.219
2025-03-03,2,1.216
2025-03-04,2,1.179
2025-03-05,2,1.234
2025-03-06,2,1.248
2025-03-07,2,1.157
2025-03-08,2,1.232
2025-03-09,2,1.249
2025-03-10,2,1.212
2025-03-11,2,1.173
2025-03-12,2,1.227
2025-03-13,2,1.243
2025-03-14,2,1.245
2025-03-15,2,1.207
2025-03-16,2,1.228
2025-03-17,2,1.25
2025-03-18,2,1.167
2025-03-19,2,1.194
2025-03-20,2,1.221
2025-03-21,2,1.253
2025-03-22,2,1.234
2025-03-23,2,1.221
2025-03-24,2,1.237
2025-03-25,2,1.249
2025-03-26,2,1.209
2025-03-27,2,1.28
2025-03-28,2,1.214
2025-03-29,2,1.263
2025-03-30,2,1.244
2025-03-31,2,1.249
2025-04-01,2,1.269
2025-04-02,2,1.241
2025-04-03,2,1.276
2025-04-04,2,1.274
2025-04-05,2,1.263
2025-04-06,2,1.248
2025-04-07,2,1.288
2025-04-08,2,1.254
2025-04-09,2,1.277
2025-04-10,2,1.233
2025-04-11,2,1.256
2025-04-12,2,1.258
2025-04-13,2,1.335
2025-04-14,2,1.3
2025-04-15,2,1.27
2025-04-16,2,1.276
2025-04-17,2,1.288
2025-04-18,2,1.357
2025-04-19,2,1.317
2025-04-20,2,1.226
2025-04-21,2,1.244
2025-04-22,2,1.277
2025-04-23,2,1.253
2025-04-24,2,1.314
2025-04-25,2,1.293
2025-04-26,2,1.255
2025-04-27,2,1.293
2025-04-28,2,1.36
2025-04-29,2,1.266
2025-04-30,2,1.315
2025-05-01,2,1.276
2025-05-02,2,1.33
2025-05-03,2,1.302
2025-05-04,2,1.3
2025-05-05,2,1.316
2025-05-06,2,1.261
2025-05-07,2,1.376
2025-05-08,2,1.325
2025-05-09,2,1.316
2025-05-10,2,1.348
2025-05-11,2,1.322
2025-05-12,2,1.252
2025-05-13,2,1.367
2025-05-14,2,1.317
2025-05-15,2,1.366
2025-05-16,2,1.338
2025-05-17,2,1.357
2025-05-18,2,1.356
2025-05-19,2,1.355
2025-05-20,2,1.347
2025-05-21,2,1.387
2025-05-22,2,1.318
2025-05-23,2,1.369
2025-05-24,2,1.338
2025-05-25,2,1.374
2025-05-26,2,1.334
2025-05-27,2,1.356
2025-05-28,2,1.316
2025-05-29,2,1.364
2025-05-30,2,1.345
2025-05-31,2,1.365
2025-06-01,2,1.333
2025-06-02,2,1.369
2025-06-03,2,1.386
2025-06-04,2,1.381
2025-06-05,2,1.373
2025-06-06,2,1.401
2025-06-07,2,1.361
2025-06-08,2,1.381
2025-06-09,2,1.316
2025-06-10,2,1.423
2025-06-11,2,1.364
2025-06-12,2,1.391
2025-06-13,2,1.415
2025-06-14,2,1.385
2025-06-15,2,1.361
2025-06-16,2,1.382
2025-06-17,2,1.425
2025-06-18,2,1.412
2025-06-19,2,1.463
2025-06-20,2,1.433
2025-06-21,2,1.391
2025-06-22,2,1.411
2025-06-23,2,1.472
2025-06-24,2,1.401
2025-06-25,2,1.437
2025-06-26,2,1.446
2025-06-27,2,1.376
2025-06-28,2,1.397
2025-06-29,2,1.435
2025-06-30,2,1.412
2025-07-01,2,1.441
2025-07-02,2,1.441
2025-07-03,2,1.467
2025-07-04,2,1.408
2025-07-05,2,1.359
2025-07-06,2,1.39
2025-07-07,2,1.496
2025-07-08,2,1.463
2025-07-09,2,1.424
2025-07-10,2,1.466
2025-07-11,2,1.471
2025-07-12,2,1.454
2025-07-13,2,1.428
2025-07-14,2,1.473
2025-07-15,2,1.471
2025-07-16,2,1.473
2025-07-17,2,1.432
2025-07-18,2,1.469
2025-07-19,2,1.497
2025-07-20,2,1.418
2025-07-21,2,1.465
2025-07-22,2,1.457
2025-07-23,2,1.514
2025-07-24,2,1.467
2025-07-25,2,1.45
2025-07-26,2,1.447
2025-07-27,2,1.464
2025-07-28,2,1.507
2025-07-29,2,1.448
2025-07-30,2,1.515
2025-07-31,2,1.498
2025-08-01,2,1.588
2025-08-02,2,1.456
2025-08-03,2,1.467
2025-08-04,2,1.513
2025-08-05,2,1.443
2025-08-06,2,1.438
2025-08-07,2,1.473
2025-08-08,2,1.516
2025-08-09,2,1.556
2025-08-10,2,1.516
2025-08-11,2,1.465
2025-08-12,2,1.512
2025-08-13,2,1.49
2025-08-14,2,1.557
2025-08-15,2,1.555
2025-08-16,2,1.519
2025-08-17,2,1.575
2025-08-18,2,1.5
2025-08-19,2,1.562
2025-08-20,2,1.483
2025-08-21,2,1.486
2025-08-22,2,1.481
2025-08-23,2,1.529
2025-08-24,2,1.5
2025-08-25,2,1.559
2025-08-26,2,1.482
2025-08-27,2,1.552
2025-08-28,2,1.543
2025-08-29,2,1.528
2025-08-30,2,1.586
2025-08-31,2,1.546
2025-09-01,2,1.17
2025-09-02,2,1.171
2025-09-03,2,1.158
2025-09-04,2,1.206
2025-09-05,2,1.194
2025-09-06,2,1.218
2025-09-07,2,1.229
2025-09-08,2,1.229
2025-09-09,2,1.193
2025-09-10,2,1.202
2025-09-11,2,1.174
2025-09-12,2,1.207
2025-09-13,2,1.207
2025-09-14,2,1.178
2025-09-15,2,1.166
2025-09-16,2,1.213
2025-09-17,2,1.228
2025-09-18,2,1.195
2025-09-19,2,1.223
2025-09-20,2,1.172
2025-09-21,2,1.174
2025-09-22,2,1.131
2025-09-23,2,1.226
2025-09-24,2,1.205
2025-09-25,2,1.216
2025-09-26,2,1.254
2025-09-27,2,1.224
2025-09-28,2,1.183
2025-09-29,2,1.188
2025-09-30,2,1.172
2025-10-01,2,1.232
2025-10-02,2,1.233
2025-10-03,2,1.195
2025-10-04,2,1.211
2025-10-05,2,1.202
2025-10-06,2,1.186
2025-10-07,2,1.208
2025-10-08,2,1.208
2025-10-09,2,1.186
2025-10-10,2,1.193
2025-10-11,2,1.243
2025-10-12,2,1.134
2025-10-13,2,1.226
2025-10-14,2,1.207
2025-10-15,2,1.206
2025-10-16,2,1.24
2025-10-17,2,1.212
2025-10-18,2,1.195
2025-10-19,2,1.18
2025-10-20,2,1.196
2025-10-21,2,1.192
2025-10-22,2,1.208
2025-10-23,2,1.232
2025-10-24,2,1.192
2025-10-25,2,1.251
2025-10-26,2,1.207
2025-10-27,2,1.189
2025-10-28,2,1.211
2025-10-29,2,1.207
2025-10-30,2,1.196
2025-10-31,2,1.166
2025-11-01,2,1.217
2025-11-02,2,1.201
2025-11-03,2,1.185
2025-11-04,2,1.228
2025-11-05,2,1.183
2025-11-06,2,1.16
2025-11-07,2,1.23
2025-11-08,2,1.227
2025-11-09,2,1.213
2025-11-10,2,1.184
2025-11-11,2,1.214
2025-11-12,2,1.176
2025-11-13,2,1.211
2025-11-14,2,1.215
2025-11-15,2,1.194
2025-11-16,2,1.179
2025-11-17,2,1.177
2025-11-18,2,1.21
2025-11-19,2,1.225
2025-11-20,2,1.241
2025-11-21,2,1.234
2025-11-22,2,1.142
2025-11-23,2,1.179
2025-11-24,2,1.18
2025-11-25,2,1.189
2025-11-26,2,1.231
2025-11-27,2,1.212
2025-11-28,2,1.207
2025-11-29,2,1.184
2025-11-30,2,1.187
2025-12-01,2,1.204
2025-12-02,2,1.192
2025-12-03,2,1.262
2025-12-04,2,1.166
2025-12-05,2,1.236
2025-12-06,2,1.189
2025-12-07,2,1.252
2025-12-08,2,1.177
2025-12-09,2,1.174
2025-12-10,2,1.214
2025-12-11,2,1.207
2025-12-12,2,1.183
2025-12-13,2,1.215
2025-12-14,2,1.167
2025-12-15,2,1.219
2025-12-16,2,1.185
2025-12-17,2,1.188
2025-12-18,2,1.243
2025-12-19,2,1.209
2025-12-20,2,1.22
2025-12-21,2,1.201
2025-12-22,2,1.17
2025-12-23,2,1.206
2025-12-24,2,1.221
2025-12-25,2,1.23
2025-12-26,2,1.208
2025-12-27,2,1.179
2025-12-28,2,1.196
2025-12-29,2,1.191
2025-12-30,2,1.207
2025-12-31,2,1.191
2024-01-01,3,1.211
2024-01-02,3,1.186
2024-01-03,3,1.228
2024-01-04,3,1.195
2024-01-05,3,1.186
2024-01-06,3,1.235
2024-01-07,3,1.195
2024-01-08,3,1.166
2024-01-09,3,1.219
2024-01-10,3,1.212
2024-01-11,3,1.214
2024-01-12,3,1.164
2024-01-13,3,1.192
2024-01-14,3,1.149
2024-01-15,3,1.182
2024-01-16,3,1.222
2024-01-17,3,1.196
2024-01-18,3,1.203
2024-01-19,3,1.267
2024-01-20,3,1.204
2024-01-21,3,1.256
2024-01-22,3,1.229
2024-01-23,3,1.204
2024-01-24,3,1.197
2024-01-25,3,1.242
2024-01-26,3,1.198
2024-01-27,3,1.2
2024-01-28,3,1.213
2024-01-29,3,1.176
2024-01-30,3,1.198
2024-01-31,3,1.231
2024-02-01,3,1.196
2024-02-02,3,1.211
2024-02-03,3,1.18
2024-02-04,3,1.218
2024-02-05,3,1.17
2024-02-06,3,1.199
2024-02-07,3,1.214
2024-02-08,3,1.179
2024-02-09,3,1.203
2024-02-10,3,1.253
2024-02-11,3,1.199
2024-02-12,3,1.199
2024-02-13,3,1.234
2024-02-14,3,1.194
2024-02-15,3,1.223
2024-02-16,3,1.222
2024-02-17,3,1.186
2024-02-18,3,1.203
2024-02-19,3,1.19
2024-02-20,3,1.206
2024-02-21,3,1.221
2024-02-22,3,1.216
2024-02-23,3,1.217
2024-02-24,3,1.21
2024-02-25,3,1.167
2024-02-26,3,1.212
2024-02-27,3,1.172
2024-02-28,3,1.191
2024-02-29,3,1.204
2024-03-01,3,1.177
2024-03-02,3,1.218
2024-03-03,3,1.206
2024-03-04,3,1.167
2024-03-05,3,1.179
2024-03-06,3,1.219
2024-03-07,3,1.18
2024-03-08,3,1.194
2024-03-09,3,1.184
2024-03-10,3,1.224
2024-03-11,3,1.203
2024-03-12,3,1.218
2024-03-13,3,1.186
2024-03-14,3,1.188
2024-03-15,3,1.168
2024-03-16,3,1.148
2024-03-17,3,1.255
2024-03-18,3,1.243
2024-03-19,3,1.212
2024-03-20,3,1.205
2024-03-21,3,1.181
2024-03-22,3,1.183
2024-03-23,3,1.258
2024-03-24,3,1.239
2024-03-25,3,1.191
2024-03-26,3,1.189
2024-03-27,3,1.186
2024-03-28,3,1.153
2024-03-29,3,1.22
2024-03-30,3,1.162
2024-03-31,3,1.208
2024-04-01,3,1.255
2024-04-02,3,1.198
2024-04-03,3,1.217
2024-04-04,3,1.248
2024-04-05,3,1.217
2024-04-06,3,1.221
2024-04-07,3,1.204
2024-04-08,3,1.228
2024-04-09,3,1.22
2024-04-10,3,1.202
2024-04-11,3,1.243
2024-04-12,3,1.207
2024-04-13,3,1.21
2024-04-14,3,1.209
2024-04-15,3,1.154
2024-04-16,3,1.219
2024-04-17,3,1.228
2024-04-18,3,1.17
2024-04-19,3,1.184
2024-04-20,3,1.158
2024-04-21,3,1.177
2024-04-22,3,1.193
2024-04-23,3,1.167
2024-04-24,3,1.245
2024-04-25,3,1.184
2024-04-26,3,1.193
2024-04-27,3,1.209
2024-04-28,3,1.171
2024-04-29,3,1.228
2024-04-30,3,1.195
2024-05-01,3,1.199
2024-05-02,3,1.189
2024-05-03,3,1.196
2024-05-04,3,1.195
2024-05-05,3,1.195
2024-05-06,3,1.205
2024-05-07,3,1.186
2024-05-08,3,1.176
2024-05-09,3,1.171
2024-05-10,3,1.2
2024-05-11,3,1.226
2024-05-12,3,1.178
2024-05-13,3,1.217
2024-05-14,3,1.247
2024-05-15,3,1.219
2024-05-16,3,1.195
2024-05-17,3,1.217
2024-05-18,3,1.201
2024-05-19,3,1.22
2024-05-20,3,1.167
2024-05-21,3,1.216
2024-05-22,3,1.216
2024-05-23,3,1.181
2024-05-24,3,1.199
2024-05-25,3,1.221
2024-05-26,3,1.216
2024-05-27,3,1.214
2024-05-28,3,1.183
2024-05-29,3,1.18
2024-05-30,3,1.21
2024-05-31,3,1.199
2024-06-01,3,1.188
2024-06-02,3,1.169
2024-06-03,3,1.2
2024-06-04,3,1.226
2024-06-05,3,1.179
2024-06-06,3,1.219
2024-06-07,3,1.244
2024-06-08,3,1.191
2024-06-09,3,1.209
2024-06-10,3,1.223
2024-06-11,3,1.206
2024-06-12,3,1.194
2024-06-13,3,1.212
2024-06-14,3,1.2
2024-06-15,3,1.228
2024-06-16,3,1.211
2024-06-17,3,1.166
2024-06-18,3,1.19
2024-06-19,3,1.212
2024-06-20,3,1.177
2024-06-21,3,1.181
2024-06-22,3,1.216
2024-06-23,3,1.255
2024-06-24,3,1.196
2024-06-25,3,1.217
2024-06-26,3,1.205
2024-06-27,3,1.218
2024-06-28,3,1.183
2024-06-29,3,1.176
2024-06-30,3,1.156
2024-07-01,3,1.199
2024-07-02,3,1.204
2024-07-03,3,1.191
2024-07-04,3,1.22
2024-07-05,3,1.179
2024-07-06,3,1.204
2024-07-07,3,1.24
2024-07-08,3,1.213
2024-07-09,3,1.19
2024-07-10,3,1.206
2024-07-11,3,1.2
2024-07-12,3,1.21
2024-07-13,3,1.233
2024-07-14,3,1.192
2024-07-15,3,1.165
2024-07-16,3,1.217
2024-07-17,3,1.186
2024-07-18,3,1.181
2024-07-19,3,1.192
2024-07-20,3,1.206
2024-07-21,3,1.229
2024-07-22,3,1.237
2024-07-23,3,1.193
2024-07-24,3,1.2
2024-07-25,3,1.238
2024-07-26,3,1.208
2024-07-27,3,1.185
2024-07-28,3,1.162
2024-07-29,3,1.232
2024-07-30,3,1.211
2024-07-31,3,1.199
2024-08-01,3,1.145
2024-08-02,3,1.243
2024-08-03,3,1.197
2024-08-04,3,1.215
2024-08-05,3,1.188
2024-08-06,3,1.236
2024-08-07,3,1.233
2024-08-08,3,1.163
2024-08-09,3,1.227
2024-08-10,3,1.139
2024-08-11,3,1.218
2024-08-12,3,1.178
2024-08-13,3,1.184
2024-08-14,3,1.211
2024-08-15,3,1.239
2024-08-16,3,1.164
2024-08-17,3,1.222
2024-08-18,3,1.181
2024-08-19,3,1.229
2024-08-20,3,1.179
2024-08-21,3,1.229
2024-08-22,3,1.176
2024-08-23,3,1.28
2024-08-24,3,1.219
2024-08-25,3,1.168
2024-08-26,3,1.188
2024-08-27,3,1.165
2024-08-28,3,1.243
2024-08-29,3,1.217
2024-08-30,3,1.199
2024-08-31,3,1.221
2024-09-01,3,1.217
2024-09-02,3,1.187
2024-09-03,3,1.191
2024-09-04,3,1.17
2024-09-05,3,1.233
2024-09-06,3,1.215
2024-09-07,3,1.231
2024-09-08,3,1.163
2024-09-09,3,1.205
2024-09-10,3,1.213
2024-09-11,3,1.179
2024-09-12,3,1.231
2024-09-13,3,1.184
2024-09-14,3,1.209
2024-09-15,3,1.194
2024-09-16,3,1.198
2024-09-17,3,1.173
2024-09-18,3,1.238
2024-09-19,3,1.226
2024-09-20,3,1.227
2024-09-21,3,1.183
2024-09-22,3,1.185
2024-09-23,3,1.225
2024-09-24,3,1.219
2024-09-25,3,1.199
2024-09-26,3,1.199
2024-09-27,3,1.177
2024-09-28,3,1.198
2024-09-29,3,1.184
2024-09-30,3,1.185
2024-10-01,3,1.21
2024-10-02,3,1.189
2024-10-03,3,1.21
2024-10-04,3,1.213
2024-10-05,3,1.2
2024-10-06,3,1.172
2024-10-07,3,1.197
2024-10-08,3,1.181
2024-10-09,3,1.216
2024-10-10,3,1.202
2024-10-11,3,1.25
2024-10-12,3,1.224
2024-10-13,3,1.183
2024-10-14,3,1.205
2024-10-15,3,1.178
2024-10-16,3,1.237
2024-10-17,3,1.181
2024-10-18,3,1.145
2024-10-19,3,1.18
2024-10-20,3,1.173
2024-10-21,3,1.197
2024-10-22,3,1.185
2024-10-23,3,1.172
2024-10-24,3,1.149
2024-10-25,3,1.237
2024-10-26,3,1.177
2024-10-27,3,1.217
2024-10-28,3,1.2
2024-10-29,3,1.172
2024-10-30,3,1.184
2024-10-31,3,1.195
2024-11-01,3,1.194
2024-11-02,3,1.201
2024-11-03,3,1.246
2024-11-04,3,1.203
2024-11-05,3,1.214
2024-11-06,3,1.165
2024-11-07,3,1.203
2024-11-08,3,1.211
2024-11-09,3,1.241
2024-11-10,3,1.188
2024-11-11,3,1.208
2024-11-12,3,1.218
2024-11-13,3,1.22
2024-11-14,3,1.178
2024-11-15,3,1.223
2024-11-16,3,1.176
2024-11-17,3,1.191
2024-11-18,3,1.193
2024-11-19,3,1.199
2024-11-20,3,1.138
2024-11-21,3,1.152
2024-11-22,3,1.187
2024-11-23,3,1.174
2024-11-24,3,1.215
2024-11-25,3,1.209
2024-11-26,3,1.194
2024-11-27,3,1.253
2024-11-28,3,1.215
2024-11-29,3,1.225
2024-11-30,3,1.211
2024-12-01,3,1.18
2024-12-02,3,1.193
2024-12-03,3,1.172
2024-12-04,3,1.195
2024-12-05,3,1.235
2024-12-06,3,1.21
2024-12-07,3,1.193
2024-12-08,3,1.19
2024-12-09,3,1.184
2024-12-10,3,1.204
2024-12-11,3,1.17
2024-12-12,3,1.193
2024-12-13,3,1.211
2024-12-14,3,1.183
2024-12-15,3,1.227
2024-12-16,3,1.212
2024-12-17,3,1.197
2024-12-18,3,1.187
2024-12-19,3,1.213
2024-12-20,3,1.166
2024-12-21,3,1.223
2024-12-22,3,1.229
2024-12-23,3,1.251
2024-12-24,3,1.203
2024-12-25,3,1.222
2024-12-26,3,1.236
2024-12-27,3,1.198
2024-12-28,3,1.21
2024-12-29,3,1.19
2024-12-30,3,1.179
2024-12-31,3,1.185
2025-01-01,3,1.176
2025-01-02,3,1.202
2025-01-03,3,1.191
2025-01-04,3,1.252
2025-01-05,3,1.188
2025-01-06,3,1.212
2025-01-07,3,1.149
2025-01-08,3,1.23
2025-01-09,3,1.177
2025-01-10,3,1.219
2025-01-11,3,1.218
2025-01-12,3,1.2
2025-01-13,3,1.18
2025-01-14,3,1.177
2025-01-15,3,1.197
2025-01-16,3,1.221
2025-01-17,3,1.186
2025-01-18,3,1.25
2025-01-19,3,1.215
2025-01-20,3,1.16
2025-01-21,3,1.18
2025-01-22,3,1.196
2025-01-23,3,1.159
2025-01-24,3,1.172
2025-01-25,3,1.242
2025-01-26,3,1.164
2025-01-27,3,1.187
2025-01-28,3,1.205
2025-01-29,3,1.174
2025-01-30,3,1.205
2025-01-31,3,1.177
2025-02-01,3,1.196
2025-02-02,3,1.208
2025-02-03,3,1.205
2025-02-04,3,1.217
2025-02-05,3,1.206
2025-02-06,3,1.223
2025-02-07,3,1.216
2025-02-08,3,1.172
2025-02-09,3,1.205
2025-02-10,3,1.206
2025-02-11,3,1.232
2025-02-12,3,1.249
2025-02-13,3,1.217
2025-02-14,3,1.239
2025-02-15,3,1.194
2025-02-16,3,1.185
2025-02-17,3,1.22
2025-02-18,3,1.172
2025-02-19,3,1.195
2025-02-20,3,1.212
2025-02-21,3,1.202
2025-02-22,3,1.19
2025-02-23,3,1.201
2025-02-24,3,1.192
2025-02-25,3,1.178
2025-02-26,3,1.216
2025-02-27,3,1.213
2025-02-28,3,1.208
2025-03-01,3,1.224
2025-03-02,3,1.167
2025-03-03,3,1.163
2025-03-04,3,1.237
2025-03-05,3,1.203
2025-03-06,3,1.178
2025-03-07,3,1.181
2025-03-08,3,1.188
2025-03-09,3,1.205
2025-03-10,3,1.157
2025-03-11,3,1.15
2025-03-12,3,1.212
2025-03-13,3,1.137
2025-03-14,3,1.2
2025-03-15,3,1.171
2025-03-16,3,1.17
2025-03-17,3,1.19
2025-03-18,3,1.218
2025-03-19,3,1.169
2025-03-20,3,1.203
2025-03-21,3,1.184
2025-03-22,3,1.23
2025-03-23,3,1.172
2025-03-24,3,1.205
2025-03-25,3,1.241
2025-03-26,3,1.208
2025-03-27,3,1.218
2025-03-28,3,1.199
2025-03-29,3,1.203
2025-03-30,3,1.185
2025-03-31,3,1.127
2025-04-01,3,1.189
2025-04-02,3,1.227
2025-04-03,3,1.201
2025-04-04,3,1.218
2025-04-05,3,1.223
2025-04-06,3,1.193
2025-04-07,3,1.235
2025-04-08,3,1.182
2025-04-09,3,1.164
2025-04-10,3,1.226
2025-04-11,3,1.205
2025-04-12,3,1.182
2025-04-13,3,1.223
2025-04-14,3,1.215
2025-04-15,3,1.223
2025-04-16,3,1.215
2025-04-17,3,1.18
2025-04-18,3,1.194
2025-04-19,3,1.215
2025-04-20,3,1.231
2025-04-21,3,1.229
2025-04-22,3,1.204
2025-04-23,3,1.203
2025-04-24,3,1.237
2025-04-25,3,1.207
2025-04-26,3,1.203
2025-04-27,3,1.2
2025-04-28,3,1.213
2025-04-29,3,1.182
2025-04-30,3,1.18
2025-05-01,3,1.213
2025-05-02,3,1.17
2025-05-03,3,1.162
2025-05-04,3,1.228
2025-05-05,3,1.178
2025-05-06,3,1.2
2025-05-07,3,1.166
2025-05-08,3,1.174
2025-05-09,3,1.2
2025-05-10,3,1.186
2025-05-11,3,1.246
2025-05-12,3,1.24
2025-05-13,3,1.2
2025-05-14,3,1.204
2025-05-15,3,1.203
2025-05-16,3,1.211
2025-05-17,3,1.186
2025-05-18,3,1.178
2025-05-19,3,1.233
2025-05-20,3,1.19
2025-05-21,3,1.238
2025-05-22,3,1.21
2025-05-23,3,1.146
2025-05-24,3,1.201
2025-05-25,3,1.202
2025-05-26,3,1.201
2025-05-27,3,1.239
2025-05-28,3,1.147
2025-05-29,3,1.243
2025-05-30,3,1.193
2025-05-31,3,1.201
2025-06-01,3,1.204
2025-06-02,3,1.163
2025-06-03,3,1.205
2025-06-04,3,1.2
2025-06-05,3,1.213
2025-06-06,3,1.18
2025-06-07,3,1.196
2025-06-08,3,1.192
2025-06-09,3,1.19
2025-06-10,3,1.193
2025-06-11,3,1.211
2025-06-12,3,1.189
2025-06-13,3,1.145
2025-06-14,3,1.183
2025-06-15,3,1.194
2025-06-16,3,1.156
2025-06-17,3,1.231
2025-06-18,3,1.217
2025-06-19,3,1.164
2025-06-20,3,1.213
2025-06-21,3,1.228
2025-06-22,3,1.188
2025-06-23,3,1.219
2025-06-24,3,1.171
2025-06-25,3,1.196
2025-06-26,3,1.224
2025-06-27,3,1.213
2025-06-28,3,1.235
2025-06-29,3,1.17
2025-06-30,3,1.18
2025-07-01,3,1.205
2025-07-02,3,1.195
2025-07-03,3,1.189
2025-07-04,3,1.233
2025-07-05,3,1.213
2025-07-06,3,1.211
2025-07-07,3,1.224
2025-07-08,3,1.2
2025-07-09,3,1.234
2025-07-10,3,1.212
2025-07-11,3,1.21
2025-07-12,3,1.158
2025-07-13,3,1.187
2025-07-14,3,1.201
2025-07-15,3,1.174
2025-07-16,3,1.191
2025-07-17,3,1.167
2025-07-18,3,1.255
2025-07-19,3,1.167
2025-07-20,3,1.222
2025-07-21,3,1.116
2025-07-22,3,1.195
2025-07-23,3,1.186
2025-07-24,3,1.199
2025-07-25,3,1.204
2025-07-26,3,1.206
2025-07-27,3,1.166
2025-07-28,3,1.193
2025-07-29,3,1.196
2025-07-30,3,1.192
2025-07-31,3,1.178
2025-08-01,3,1.163
2025-08-02,3,1.189
2025-08-03,3,1.212
2025-08-04,3,1.235
2025-08-05,3,1.175
2025-08-06,3,1.229
2025-08-07,3,1.21
2025-08-08,3,1.195
2025-08-09,3,1.198
2025-08-10,3,1.224
2025-08-11,3,1.21
2025-08-12,3,1.163
2025-08-13,3,1.21
2025-08-14,3,1.193
2025-08-15,3,1.218
2025-08-16,3,1.157
2025-08-17,3,1.209
2025-08-18,3,1.235
2025-08-19,3,1.224
2025-08-20,3,1.22
2025-08-21,3,1.24
2025-08-22,3,1.216
2025-08-23,3,1.241
2025-08-24,3,1.21
2025-08-25,3,1.181
2025-08-26,3,1.185
2025-08-27,3,1.179
2025-08-28,3,1.208
2025-08-29,3,1.206
2025-08-30,3,1.167
2025-08-31,3,1.175
2025-09-01,3,1.164
2025-09-02,3,1.225
2025-09-03,3,1.231
2025-09-04,3,1.24
2025-09-05,3,1.209
2025-09-06,3,1.177
2025-09-07,3,1.195
2025-09-08,3,1.198
2025-09-09,3,1.22
2025-09-10,3,1.177
2025-09-11,3,1.205
2025-09-12,3,1.192
2025-09-13,3,1.219
2025-09-14,3,1.171
2025-09-15,3,1.227
2025-09-16,3,1.217
2025-09-17,3,1.18
2025-09-18,3,1.227
2025-09-19,3,1.204
2025-09-20,3,1.21
2025-09-21,3,1.193
2025-09-22,3,1.216
2025-09-23,3,1.244
2025-09-24,3,1.144
2025-09-25,3,1.211
2025-09-26,3,1.241
2025-09-27,3,1.21
2025-09-28,3,1.223
2025-09-29,3,1.21
2025-09-30,3,1.185
2025-10-01,3,1.168
2025-10-02,3,1.202
2025-10-03,3,1.182
2025-10-04,3,1.181
2025-10-05,3,1.149
2025-10-06,3,1.212
2025-10-07,3,1.207
2025-10-08,3,1.214
2025-10-09,3,1.187
2025-10-10,3,1.206
2025-10-11,3,1.177
2025-10-12,3,1.217
2025-10-13,3,1.132
2025-10-14,3,1.209
2025-10-15,3,1.194
2025-10-16,3,1.171
2025-10-17,3,1.217
2025-10-18,3,1.218
2025-10-19,3,1.206
2025-10-20,3,1.198
2025-10-21,3,1.181
2025-10-22,3,1.155
2025-10-23,3,1.203
2025-10-24,3,1.166
2025-10-25,3,1.182
2025-10-26,3,1.182
2025-10-27,3,1.239
2025-10-28,3,1.204
2025-10-29,3,1.181
2025-10-30,3,1.226
2025-10-31,3,1.194
2025-11-01,3,1.187
2025-11-02,3,1.182
2025-11-03,3,1.212
2025-11-04,3,1.163
2025-11-05,3,1.19
2025-11-06,3,1.21
2025-11-07,3,1.243
2025-11-08,3,1.211
2025-11-09,3,1.188
2025-11-10,3,1.186
2025-11-11,3,1.191
2025-11-12,3,1.229
2025-11-13,3,1.205
2025-11-14,3,1.202
2025-11-15,3,1.21
2025-11-16,3,1.238
2025-11-17,3,1.203
2025-11-18,3,1.192
2025-11-19,3,1.174
2025-11-20,3,1.214
2025-11-21,3,1.208
2025-11-22,3,1.214
2025-11-23,3,1.214
2025-11-24,3,1.235
2025-11-25,3,1.272
2025-11-26,3,1.212
2025-11-27,3,1.204
2025-11-28,3,1.214
2025-11-29,3,1.187
2025-11-30,3,1.216
2025-12-01,3,1.203
2025-12-02,3,1.153
2025-12-03,3,1.206
2025-12-04,3,1.189
2025-12-05,3,1.214
2025-12-06,3,1.176
2025-12-07,3,1.168
2025-12-08,3,1.22
2025-12-09,3,1.182
2025-12-10,3,1.179
2025-12-11,3,1.226
2025-12-12,3,1.207
2025-12-13,3,1.165
2025-12-14,3,1.187
2025-12-15,3,1.248
2025-12-16,3,1.18
2025-12-17,3,1.205
2025-12-18,3,1.207
2025-12-19,3,1.22
2025-12-20,3,1.214
2025-12-21,3,1.169
2025-12-22,3,1.222
2025-12-23,3,1.238
2025-12-24,3,1.204
2025-12-25,3,1.208
2025-12-26,3,1.158
2025-12-27,3,1.221
2025-12-28,3,1.23
2025-12-29,3,1.2
2025-12-30,3,1.21
2025-12-31,3,1.23
2024-01-01,4,1.173
2024-01-02,4,1.189
2024-01-03,4,1.189
2024-01-04,4,1.2
2024-01-05,4,1.183
2024-01-06,4,1.194
2024-01-07,4,1.244
2024-01-08,4,1.207
2024-01-09,4,1.212
2024-01-10,4,1.212
2024-01-11,4,1.163
2024-01-12,4,1.217
2024-01-13,4,1.189
2024-01-14,4,1.199
2024-01-15,4,1.19
2024-01-16,4,1.202
2024-01-17,4,1.191
2024-01-18,4,1.216
2024-01-19,4,1.182
2024-01-20,4,1.173
2024-01-21,4,1.25
2024-01-22,4,1.199
2024-01-23,4,1.192
2024-01-24,4,1.204
2024-01-25,4,1.199
2024-01-26,4,1.208
2024-01-27,4,1.214
2024-01-28,4,1.169
2024-01-29,4,1.223
2024-01-30,4,1.234
2024-01-31,4,1.207
2024-02-01,4,1.235
2024-02-02,4,1.204
2024-02-03,4,1.204
2024-02-04,4,1.171
2024-02-05,4,1.189
2024-02-06,4,1.201
2024-02-07,4,1.195
2024-02-08,4,1.16
2024-02-09,4,1.165
2024-02-10,4,1.208
2024-02-11,4,1.23
2024-02-12,4,1.22
2024-02-13,4,1.184
2024-02-14,4,1.212
2024-02-15,4,1.211
2024-02-16,4,1.168
2024-02-17,4,1.179
2024-02-18,4,1.181
2024-02-19,4,1.177
2024-02-20,4,1.166
2024-02-21,4,1.213
2024-02-22,4,1.206
2024-02-23,4,1.251
2024-02-24,4,1.21
2024-02-25,4,1.188
2024-02-26,4,1.179
2024-02-27,4,1.181
2024-02-28,4,1.222
2024-02-29,4,1.193
2024-03-01,4,1.16
2024-03-02,4,1.194
2024-03-03,4,1.251
2024-03-04,4,1.174
2024-03-05,4,1.198
2024-03-06,4,1.205
2024-03-07,4,1.203
2024-03-08,4,1.198
2024-03-09,4,1.23
2024-03-10,4,1.203
2024-03-11,4,1.192
2024-03-12,4,1.166
2024-03-13,4,1.217
2024-03-14,4,1.227
2024-03-15,4,1.261
2024-03-16,4,1.202
2024-03-17,4,1.198
2024-03-18,4,1.179
2024-03-19,4,1.16
2024-03-20,4,1.231
2024-03-21,4,1.193
2024-03-22,4,1.224
2024-03-23,4,1.232
2024-03-24,4,1.192
2024-03-25,4,1.205
2024-03-26,4,1.192
2024-03-27,4,1.195
2024-03-28,4,1.245
2024-03-29,4,1.217
2024-03-30,4,1.211
2024-03-31,4,1.157
2024-04-01,4,1.175
2024-04-02,4,1.161
2024-04-03,4,1.191
2024-04-04,4,1.181
2024-04-05,4,1.181
2024-04-06,4,1.179
2024-04-07,4,1.209
2024-04-08,4,1.208
2024-04-09,4,1.214
2024-04-10,4,1.171
2024-04-11,4,1.204
2024-04-12,4,1.216
2024-04-13,4,1.197
2024-04-14,4,1.194
2024-04-15,4,1.197
2024-04-16,4,1.179
2024-04-17,4,1.259
2024-04-18,4,1.149
2024-04-19,4,1.203
2024-04-20,4,1.219
2024-04-21,4,1.187
2024-04-22,4,1.199
2024-04-23,4,1.154
2024-04-24,4,1.207
2024-04-25,4,1.227
2024-04-26,4,1.17
2024-04-27,4,1.192
2024-04-28,4,1.145
2024-04-29,4,1.165
2024-04-30,4,1.147
2024-05-01,4,1.221
2024-05-02,4,1.187
2024-05-03,4,1.168
2024-05-04,4,1.169
2024-05-05,4,1.21
2024-05-06,4,1.247
2024-05-07,4,1.18
2024-05-08,4,1.228
2024-05-09,4,1.231
2024-05-10,4,1.163
2024-05-11,4,1.214
2024-05-12,4,1.216
2024-05-13,4,1.182
2024-05-14,4,1.21
2024-05-15,4,1.204
2024-05-16,4,1.201
2024-05-17,4,1.207
2024-05-18,4,1.225
2024-05-19,4,1.194
2024-05-20,4,1.168
2024-05-21,4,1.195
2024-05-22,4,1.224
2024-05-23,4,1.155
2024-05-24,4,1.224
2024-05-25,4,1.184
2024-05-26,4,1.226
2024-05-27,4,1.241
2024-05-28,4,1.215
2024-05-29,4,1.216
2024-05-30,4,1.16
2024-05-31,4,1.188
2024-06-01,4,1.187
2024-06-02,4,1.193
2024-06-03,4,1.214
2024-06-04,4,1.174
2024-06-05,4,1.218
2024-06-06,4,1.216
2024-06-07,4,1.264
2024-06-08,4,1.212
2024-06-09,4,1.254
2024-06-10,4,1.196
2024-06-11,4,1.201
2024-06-12,4,1.22
2024-06-13,4,1.189
2024-06-14,4,1.21
2024-06-15,4,1.262
2024-06-16,4,1.204
2024-06-17,4,1.182
2024-06-18,4,1.205
2024-06-19,4,1.225
2024-06-20,4,1.217
2024-06-21,4,1.225
2024-06-22,4,1.202
2024-06-23,4,1.234
2024-06-24,4,1.191
2024-06-25,4,1.176
2024-06-26,4,1.208
2024-06-27,4,1.202
2024-06-28,4,1.181
2024-06-29,4,1.207
2024-06-30,4,1.205
2024-07-01,4,1.167
2024-07-02,4,1.225
2024-07-03,4,1.226
2024-07-04,4,1.176
2024-07-05,4,1.231
2024-07-06,4,1.225
2024-07-07,4,1.214
2024-07-08,4,1.216
2024-07-09,4,1.202
2024-07-10,4,1.195
2024-07-11,4,1.188
2024-07-12,4,1.206
2024-07-13,4,1.189
2024-07-14,4,1.221
2024-07-15,4,1.21
2024-07-16,4,1.18
2024-07-17,4,1.204
2024-07-18,4,1.191
2024-07-19,4,1.225
2024-07-20,4,1.21
2024-07-21,4,1.254
2024-07-22,4,1.208
2024-07-23,4,1.142
2024-07-24,4,1.182
2024-07-25,4,1.197
2024-07-26,4,1.193
2024-07-27,4,1.202
2024-07-28,4,1.225
2024-07-29,4,1.19
2024-07-30,4,1.216
2024-07-31,4,1.228
2024-08-01,4,1.191
2024-08-02,4,1.221
2024-08-03,4,1.216
2024-08-04,4,1.203
2024-08-05,4,1.221
2024-08-06,4,1.182
2024-08-07,4,1.237
2024-08-08,4,1.187
2024-08-09,4,1.204
2024-08-10,4,1.243
2024-08-11,4,1.152
2024-08-12,4,1.177
2024-08-13,4,1.236
2024-08-14,4,1.211
2024-08-15,4,1.238
2024-08-16,4,1.213
2024-08-17,4,1.21
2024-08-18,4,1.208
2024-08-19,4,1.184
2024-08-20,4,1.241
2024-08-21,4,1.21
2024-08-22,4,1.186
2024-08-23,4,1.207
2024-08-24,4,1.217
2024-08-25,4,1.209
2024-08-26,4,1.184
2024-08-27,4,1.223
2024-08-28,4,1.158
2024-08-29,4,1.15
2024-08-30,4,1.192
2024-08-31,4,1.241
2024-09-01,4,1.173
2024-09-02,4,1.23
2024-09-03,4,1.221
2024-09-04,4,1.246
2024-09-05,4,1.238
2024-09-06,4,1.186
2024-09-07,4,1.202
2024-09-08,4,1.208
2024-09-09,4,1.185
2024-09-10,4,1.199
2024-09-11,4,1.164
2024-09-12,4,1.208
2024-09-13,4,1.2
2024-09-14,4,1.15
2024-09-15,4,1.201
2024-09-16,4,1.233
2024-09-17,4,1.218
2024-09-18,4,1.225
2024-09-19,4,1.21
2024-09-20,4,1.188
2024-09-21,4,1.173
2024-09-22,4,1.212
2024-09-23,4,1.162
2024-09-24,4,1.169
2024-09-25,4,1.209
2024-09-26,4,1.151
2024-09-27,4,1.196
2024-09-28,4,1.222
2024-09-29,4,1.212
2024-09-30,4,1.171
2024-10-01,4,1.188
2024-10-02,4,1.158
2024-10-03,4,1.213
2024-10-04,4,1.2
2024-10-05,4,1.226
2024-10-06,4,1.242
2024-10-07,4,1.194
2024-10-08,4,1.205
2024-10-09,4,1.194
2024-10-10,4,1.187
2024-10-11,4,1.233
2024-10-12,4,1.206
2024-10-13,4,1.199
2024-10-14,4,1.193
2024-10-15,4,1.172
2024-10-16,4,1.205
2024-10-17,4,1.169
2024-10-18,4,1.2
2024-10-19,4,1.171
2024-10-20,4,1.211
2024-10-21,4,1.227
2024-10-22,4,1.201
2024-10-23,4,1.209
2024-10-24,4,1.184
2024-10-25,4,1.211
2024-10-26,4,1.199
2024-10-27,4,1.154
2024-10-28,4,1.229
2024-10-29,4,1.22
2024-10-30,4,1.162
2024-10-31,4,1.219
2024-11-01,4,1.198
2024-11-02,4,1.198
2024-11-03,4,1.148
2024-11-04,4,1.235
2024-11-05,4,1.202
2024-11-06,4,1.213
2024-11-07,4,1.209
2024-11-08,4,1.192
2024-11-09,4,1.175
2024-11-10,4,1.205
2024-11-11,4,1.206
2024-11-12,4,1.216
2024-11-13,4,1.242
2024-11-14,4,1.229
2024-11-15,4,1.216
2024-11-16,4,1.203
2024-11-17,4,1.199
2024-11-18,4,1.155
2024-11-19,4,1.167
2024-11-20,4,1.189
2024-11-21,4,1.207
2024-11-22,4,1.199
2024-11-23,4,1.205
2024-11-24,4,1.195
2024-11-25,4,1.192
2024-11-26,4,1.185
2024-11-27,4,1.248
2024-11-28,4,1.217
2024-11-29,4,1.169
2024-11-30,4,1.195
2024-12-01,4,1.268
2024-12-02,4,1.197
2024-12-03,4,1.218
2024-12-04,4,1.208
2024-12-05,4,1.218
2024-12-06,4,1.223
2024-12-07,4,1.182
2024-12-08,4,1.152
2024-12-09,4,1.226
2024-12-10,4,1.244
2024-12-11,4,1.209
2024-12-12,4,1.196
2024-12-13,4,1.208
2024-12-14,4,1.179
2024-12-15,4,1.242
2024-12-16,4,1.222
2024-12-17,4,1.21
2024-12-18,4,1.164
2024-12-19,4,1.205
2024-12-20,4,1.198
2024-12-21,4,1.23
2024-12-22,4,1.168
2024-12-23,4,1.245
2024-12-24,4,1.197
2024-12-25,4,1.202
2024-12-26,4,1.182
2024-12-27,4,1.21
2024-12-28,4,1.236
2024-12-29,4,1.19
2024-12-30,4,1.197
2024-12-31,4,1.184
2025-01-01,4,1.173
2025-01-02,4,1.188
2025-01-03,4,1.147
2025-01-04,4,1.225
2025-01-05,4,1.19
2025-01-06,4,1.233
2025-01-07,4,1.173
2025-01-08,4,1.22
2025-01-09,4,1.21
2025-01-10,4,1.178
2025-01-11,4,1.227
2025-01-12,4,1.263
2025-01-13,4,1.191
2025-01-14,4,1.196
2025-01-15,4,1.18
2025-01-16,4,1.216
2025-01-17,4,1.178
2025-01-18,4,1.239
2025-01-19,4,1.193
2025-01-20,4,1.205
2025-01-21,4,1.233
2025-01-22,4,1.207
2025-01-23,4,1.19
2025-01-24,4,1.217
2025-01-25,4,1.175
2025-01-26,4,1.204
2025-01-27,4,1.209
2025-01-28,4,1.225
2025-01-29,4,1.176
2025-01-30,4,1.214
2025-01-31,4,1.225
2025-02-01,4,1.171
2025-02-02,4,1.227
2025-02-03,4,1.214
2025-02-04,4,1.209
2025-02-05,4,1.225
2025-02-06,4,1.186
2025-02-07,4,1.23
2025-02-08,4,1.221
2025-02-09,4,1.183
2025-02-10,4,1.162
2025-02-11,4,1.213
2025-02-12,4,1.14
2025-02-13,4,1.231
2025-02-14,4,1.183
2025-02-15,4,1.203
2025-02-16,4,1.25
2025-02-17,4,1.184
2025-02-18,4,1.161
2025-02-19,4,1.204
2025-02-20,4,1.201
2025-02-21,4,1.186
2025-02-22,4,1.194
2025-02-23,4,1.183
2025-02-24,4,1.238
2025-02-25,4,1.205
2025-02-26,4,1.199
2025-02-27,4,1.25
2025-02-28,4,1.175
2025-03-01,4,1.214
2025-03-02,4,1.16
2025-03-03,4,1.21
2025-03-04,4,1.192
2025-03-05,4,1.222
2025-03-06,4,1.195
2025-03-07,4,1.212
2025-03-08,4,1.192
2025-03-09,4,1.184
2025-03-10,4,1.22
2025-03-11,4,1.179
2025-03-12,4,1.22
2025-03-13,4,1.188
2025-03-14,4,1.159
2025-03-15,4,1.213
2025-03-16,4,1.177
2025-03-17,4,1.211
2025-03-18,4,1.183
2025-03-19,4,1.187
2025-03-20,4,1.205
2025-03-21,4,1.208
2025-03-22,4,1.194
2025-03-23,4,1.186
2025-03-24,4,1.19
2025-03-25,4,1.219
2025-03-26,4,1.199
2025-03-27,4,1.211
2025-03-28,4,1.191
2025-03-29,4,1.204
2025-03-30,4,1.227
2025-03-31,4,1.191
2025-04-01,4,1.197
2025-04-02,4,1.218
2025-04-03,4,1.172
2025-04-04,4,1.209
2025-04-05,4,1.192
2025-04-06,4,1.212
2025-04-07,4,1.203
2025-04-08,4,1.167
2025-04-09,4,1.162
2025-04-10,4,1.196
2025-04-11,4,1.204
2025-04-12,4,1.219
2025-04-13,4,1.196
2025-04-14,4,1.192
2025-04-15,4,1.175
2025-04-16,4,1.188
2025-04-17,4,1.206
2025-04-18,4,1.219
2025-04-19,4,1.183
2025-04-20,4,1.246
2025-04-21,4,1.218
2025-04-22,4,1.182
2025-04-23,4,1.207
2025-04-24,4,1.211
2025-04-25,4,1.192
2025-04-26,4,1.182
2025-04-27,4,1.17
2025-04-28,4,1.214
2025-04-29,4,1.164
2025-04-30,4,1.21
2025-05-01,4,1.237
2025-05-02,4,1.225
2025-05-03,4,1.232
2025-05-04,4,1.222
2025-05-05,4,1.192
2025-05-06,4,1.211
2025-05-07,4,1.127
2025-05-08,4,1.248
2025-05-09,4,1.201
2025-05-10,4,1.227
2025-05-11,4,1.226
2025-05-12,4,1.216
2025-05-13,4,1.194
2025-05-14,4,1.197
2025-05-15,4,1.186
2025-05-16,4,1.231
2025-05-17,4,1.212
2025-05-18,4,1.259
2025-05-19,4,1.243
2025-05-20,4,1.174
2025-05-21,4,1.217
2025-05-22,4,1.214
2025-05-23,4,1.178
2025-05-24,4,1.187
2025-05-25,4,1.185
2025-05-26,4,1.253
2025-05-27,4,1.205
2025-05-28,4,1.212
2025-05-29,4,1.225
2025-05-30,4,1.205
2025-05-31,4,1.203
2025-06-01,4,1.185
2025-06-02,4,1.18
2025-06-03,4,1.199
2025-06-04,4,1.189
2025-06-05,4,1.215
2025-06-06,4,1.187
2025-06-07,4,1.218
2025-06-08,4,1.213
2025-06-09,4,1.219
2025-06-10,4,1.187
2025-06-11,4,1.236
2025-06-12,4,1.171
2025-06-13,4,1.196
2025-06-14,4,1.207
2025-06-15,4,1.228
2025-06-16,4,1.192
2025-06-17,4,1.226
2025-06-18,4,1.201
2025-06-19,4,1.188
2025-06-20,4,1.18
2025-06-21,4,1.182
2025-06-22,4,1.19
2025-06-23,4,1.148
2025-06-24,4,1.205
2025-06-25,4,1.183
2025-06-26,4,1.206
2025-06-27,4,1.203
2025-06-28,4,1.215
2025-06-29,4,1.258
2025-06-30,4,1.222
2025-07-01,4,1.241
2025-07-02,4,1.205
2025-07-03,4,1.201
2025-07-04,4,1.289
2025-07-05,4,1.218
2025-07-06,4,1.215
2025-07-07,4,1.223
2025-07-08,4,1.175
2025-07-09,4,1.165
2025-07-10,4,1.18
2025-07-11,4,1.18
2025-07-12,4,1.209
2025-07-13,4,1.233
2025-07-14,4,1.206
2025-07-15,4,1.206
2025-07-16,4,1.2
2025-07-17,4,1.183
2025-07-18,4,1.219
2025-07-19,4,1.186
2025-07-20,4,1.174
2025-07-21,4,1.205
2025-07-22,4,1.148
2025-07-23,4,1.247
2025-07-24,4,1.219
2025-07-25,4,1.197
2025-07-26,4,1.217
2025-07-27,4,1.177
2025-07-28,4,1.225
2025-07-29,4,1.205
2025-07-30,4,1.198
2025-07-31,4,1.176
2025-08-01,4,1.181
2025-08-02,4,1.203
2025-08-03,4,1.215
2025-08-04,4,1.208
2025-08-05,4,1.218
2025-08-06,4,1.18
2025-08-07,4,1.214
2025-08-08,4,1.199
2025-08-09,4,1.226
2025-08-10,4,1.201
2025-08-11,4,1.224
2025-08-12,4,1.214
2025-08-13,4,1.215
2025-08-14,4,1.199
2025-08-15,4,1.216
2025-08-16,4,1.2
2025-08-17,4,1.208
2025-08-18,4,1.176
2025-08-19,4,1.197
2025-08-20,4,1.216
2025-08-21,4,1.157
2025-08-22,4,1.17
2025-08-23,4,1.19
2025-08-24,4,1.231
2025-08-25,4,1.196
2025-08-26,4,1.237
2025-08-27,4,1.206
2025-08-28,4,1.18
2025-08-29,4,1.208
2025-08-30,4,1.2
2025-08-31,4,1.185
2025-09-01,4,1.196
2025-09-02,4,1.191
2025-09-03,4,1.224
2025-09-04,4,1.177
2025-09-05,4,1.198
2025-09-06,4,1.171
2025-09-07,4,1.166
2025-09-08,4,1.207
2025-09-09,4,1.191
2025-09-10,4,1.213
2025-09-11,4,1.179
2025-09-12,4,1.223
2025-09-13,4,1.156
2025-09-14,4,1.167
2025-09-15,4,1.219
2025-09-16,4,1.224
2025-09-17,4,1.165
2025-09-18,4,1.164
2025-09-19,4,1.195
2025-09-20,4,1.17
2025-09-21,4,1.212
2025-09-22,4,1.199
2025-09-23,4,1.216
2025-09-24,4,1.211
2025-09-25,4,1.187
2025-09-26,4,1.178
2025-09-27,4,1.188
2025-09-28,4,1.225
2025-09-29,4,1.17
2025-09-30,4,1.175
2025-10-01,4,1.178
2025-10-02,4,1.195
2025-10-03,4,1.162
2025-10-04,4,1.221
2025-10-05,4,1.221
2025-10-06,4,1.221
2025-10-07,4,1.204
2025-10-08,4,1.221
2025-10-09,4,1.254
2025-10-10,4,1.205
2025-10-11,4,1.226
2025-10-12,4,1.185
2025-10-13,4,1.198
2025-10-14,4,1.217
2025-10-15,4,1.231
2025-10-16,4,1.185
2025-10-17,4,1.209
2025-10-18,4,1.178
2025-10-19,4,1.239
2025-10-20,4,1.175
2025-10-21,4,1.187
2025-10-22,4,1.164
2025-10-23,4,1.205
2025-10-24,4,1.138
2025-10-25,4,1.16
2025-10-26,4,1.198
2025-10-27,4,1.196
2025-10-28,4,1.201
2025-10-29,4,1.201
2025-10-30,4,1.221
2025-10-31,4,1.203
2025-11-01,4,1.216
2025-11-02,4,1.234
2025-11-03,4,1.204
2025-11-04,4,1.18
2025-11-05,4,1.208
2025-11-06,4,1.216
2025-11-07,4,1.224
2025-11-08,4,1.212
2025-11-09,4,1.177
2025-11-10,4,1.236
2025-11-11,4,1.196
2025-11-12,4,1.171
2025-11-13,4,1.2
2025-11-14,4,1.239
2025-11-15,4,1.196
2025-11-16,4,1.211
2025-11-17,4,1.174
2025-11-18,4,1.189
2025-11-19,4,1.216
2025-11-20,4,1.194
2025-11-21,4,1.129
2025-11-22,4,1.212
2025-11-23,4,1.181
2025-11-24,4,1.213
2025-11-25,4,1.201
2025-11-26,4,1.208
2025-11-27,4,1.199
2025-11-28,4,1.229
2025-11-29,4,1.213
2025-11-30,4,1.194
2025-12-01,4,1.24
2025-12-02,4,1.166
2025-12-03,4,1.246
2025-12-04,4,1.202
2025-12-05,4,1.186
2025-12-06,4,1.213
2025-12-07,4,1.216
2025-12-08,4,1.21
2025-12-09,4,1.203
2025-12-10,4,1.168
2025-12-11,4,1.195
2025-12-12,4,1.211
2025-12-13,4,1.238
2025-12-14,4,1.235
2025-12-15,4,1.202
2025-12-16,4,1.213
2025-12-17,4,1.255
2025-12-18,4,1.196
2025-12-19,4,1.15
2025-12-20,4,1.17
2025-12-21,4,1.199
2025-12-22,4,1.194
2025-12-23,4,1.234
2025-12-24,4,1.167
2025-12-25,4,1.167
2025-12-26,4,1.22
2025-12-27,4,1.186
2025-12-28,4,1.24
2025-12-29,4,1.207
2025-12-30,4,1.18
2025-12-31,4,1.172
2024-01-01,5,1.186
2024-01-02,5,1.161
2024-01-03,5,1.189
2024-01-04,5,1.232
2024-01-05,5,1.185
2024-01-06,5,1.183
2024-01-07,5,1.22
2024-01-08,5,1.257
2024-01-09,5,1.204
2024-01-10,5,1.22
2024-01-11,5,1.215
2024-01-12,5,1.207
2024-01-13,5,1.22
2024-01-14,5,1.225
2024-01-15,5,1.223
2024-01-16,5,1.191
2024-01-17,5,1.233
2024-01-18,5,1.208
2024-01-19,5,1.204
2024-01-20,5,1.153
2024-01-21,5,1.251
2024-01-22,5,1.208
2024-01-23,5,1.214
2024-01-24,5,1.186
2024-01-25,5,1.213
2024-01-26,5,1.202
2024-01-27,5,1.174
2024-01-28,5,1.215
2024-01-29,5,1.158
2024-01-30,5,1.197
2024-01-31,5,1.211
2024-02-01,5,1.267
2024-02-02,5,1.19
2024-02-03,5,1.17
2024-02-04,5,1.184
2024-02-05,5,1.155
2024-02-06,5,1.176
2024-02-07,5,1.187
2024-02-08,5,1.168
2024-02-09,5,1.202
2024-02-10,5,1.214
2024-02-11,5,1.176
2024-02-12,5,1.234
2024-02-13,5,1.197
2024-02-14,5,1.19
2024-02-15,5,1.183
2024-02-16,5,1.175
2024-02-17,5,1.216
2024-02-18,5,1.202
2024-02-19,5,1.202
2024-02-20,5,1.179
2024-02-21,5,1.214
2024-02-22,5,1.163
2024-02-23,5,1.197
2024-02-24,5,1.233
2024-02-25,5,1.183
2024-02-26,5,1.252
2024-02-27,5,1.192
2024-02-28,5,1.243
2024-02-29,5,1.176
2024-03-01,5,1.216
2024-03-02,5,1.168
2024-03-03,5,1.234
2024-03-04,5,1.225
2024-03-05,5,1.215
2024-03-06,5,1.173
2024-03-07,5,1.178
2024-03-08,5,1.155
2024-03-09,5,1.216
2024-03-10,5,1.156
2024-03-11,5,1.204
2024-03-12,5,1.21
2024-03-13,5,1.2
2024-03-14,5,1.237
2024-03-15,5,1.156
2024-03-16,5,1.168
2024-03-17,5,1.23
2024-03-18,5,1.258
2024-03-19,5,1.185
2024-03-20,5,1.156
2024-03-21,5,1.212
2024-03-22,5,1.197
2024-03-23,5,1.205
2024-03-24,5,1.177
2024-03-25,5,1.252
2024-03-26,5,1.196
2024-03-27,5,1.16
2024-03-28,5,1.199
2024-03-29,5,1.17
2024-03-30,5,1.2
2024-03-31,5,1.199
2024-04-01,5,1.21
2024-04-02,5,1.23
2024-04-03,5,1.282
2024-04-04,5,1.184
2024-04-05,5,1.218
2024-04-06,5,1.192
2024-04-07,5,1.174
2024-04-08,5,1.149
2024-04-09,5,1.197
2024-04-10,5,1.191
2024-04-11,5,1.218
2024-04-12,5,1.199
2024-04-13,5,1.258
2024-04-14,5,1.207
2024-04-15,5,1.202
2024-04-16,5,1.195
2024-04-17,5,1.203
2024-04-18,5,1.215
2024-04-19,5,1.188
2024-04-20,5,1.219
2024-04-21,5,1.203
2024-04-22,5,1.198
2024-04-23,5,1.248
2024-04-24,5,1.188
2024-04-25,5,1.217
2024-04-26,5,1.187
2024-04-27,5,1.194
2024-04-28,5,1.184
2024-04-29,5,1.208
2024-04-30,5,1.187
2024-05-01,5,1.173
2024-05-02,5,1.198
2024-05-03,5,1.262
2024-05-04,5,1.179
2024-05-05,5,1.177
2024-05-06,5,1.225
2024-05-07,5,1.231
2024-05-08,5,1.19
2024-05-09,5,1.21
2024-05-10,5,1.203
2024-05-11,5,1.186
2024-05-12,5,1.188
2024-05-13,5,1.19
2024-05-14,5,1.168
2024-05-15,5,1.225
2024-05-16,5,1.184
2024-05-17,5,1.221
2024-05-18,5,1.187
2024-05-19,5,1.202
2024-05-20,5,1.231
2024-05-21,5,1.204
2024-05-22,5,1.213
2024-05-23,5,1.208
2024-05-24,5,1.214
2024-05-25,5,1.226
2024-05-26,5,1.209
2024-05-27,5,1.213
2024-05-28,5,1.214
2024-05-29,5,1.216
2024-05-30,5,1.207
2024-05-31,5,1.186
2024-06-01,5,1.209
2024-06-02,5,1.184
2024-06-03,5,1.164
2024-06-04,5,1.194
2024-06-05,5,1.168
2024-06-06,5,1.185
2024-06-07,5,1.157
2024-06-08,5,1.206
2024-06-09,5,1.156
2024-06-10,5,1.18
2024-06-11,5,1.198
2024-06-12,5,1.228
2024-06-13,5,1.197
2024-06-14,5,1.161
2024-06-15,5,1.196
2024-06-16,5,1.229
2024-06-17,5,1.217
2024-06-18,5,1.223
2024-06-19,5,1.194
2024-06-20,5,1.24
2024-06-21,5,1.145
2024-06-22,5,1.172
2024-06-23,5,1.189
2024-06-24,5,1.203
2024-06-25,5,1.204
2024-06-26,5,1.198
2024-06-27,5,1.207
2024-06-28,5,1.186
2024-06-29,5,1.199
2024-06-30,5,1.202
2024-07-01,5,1.138
2024-07-02,5,1.213
2024-07-03,5,1.195
2024-07-04,5,1.182
2024-07-05,5,1.183
2024-07-06,5,1.191
2024-07-07,5,1.194
2024-07-08,5,1.235
2024-07-09,5,1.221
2024-07-10,5,1.24
2024-07-11,5,1.224
2024-07-12,5,1.223
2024-07-13,5,1.169
2024-07-14,5,1.23
2024-07-15,5,1.192
2024-07-16,5,1.216
2024-07-17,5,1.218
2024-07-18,5,1.187
2024-07-19,5,1.163
2024-07-20,5,1.221
2024-07-21,5,1.184
2024-07-22,5,1.186
2024-07-23,5,1.185
2024-07-24,5,1.178
2024-07-25,5,1.176
2024-07-26,5,1.181
2024-07-27,5,1.219
2024-07-28,5,1.238
2024-07-29,5,1.238
2024-07-30,5,1.226
2024-07-31,5,1.198
2024-08-01,5,1.193
2024-08-02,5,1.203
2024-08-03,5,1.203
2024-08-04,5,1.221
2024-08-05,5,1.215
2024-08-06,5,1.178
2024-08-07,5,1.187
2024-08-08,5,1.22
2024-08-09,5,1.207
2024-08-10,5,1.181
2024-08-11,5,1.195
2024-08-12,5,1.205
2024-08-13,5,1.246
2024-08-14,5,1.2
2024-08-15,5,1.198
2024-08-16,5,1.14
2024-08-17,5,1.219
2024-08-18,5,1.17
2024-08-19,5,1.217
2024-08-20,5,1.206
2024-08-21,5,1.183
2024-08-22,5,1.189
2024-08-23,5,1.204
2024-08-24,5,1.224
2024-08-25,5,1.186
2024-08-26,5,1.239
2024-08-27,5,1.25
2024-08-28,5,1.195
2024-08-29,5,1.206
2024-08-30,5,1.179
2024-08-31,5,1.187
2024-09-01,5,1.224
2024-09-02,5,1.205
2024-09-03,5,1.217
2024-09-04,5,1.145
2024-09-05,5,1.262
2024-09-06,5,1.215
2024-09-07,5,1.173
2024-09-08,5,1.154
2024-09-09,5,1.217
2024-09-10,5,1.166
2024-09-11,5,1.215
2024-09-12,5,1.188
2024-09-13,5,1.219
2024-09-14,5,1.206
2024-09-15,5,1.215
2024-09-16,5,1.231
2024-09-17,5,1.252
2024-09-18,5,1.21
2024-09-19,5,1.184
2024-09-20,5,1.172
2024-09-21,5,1.193
2024-09-22,5,1.219
2024-09-23,5,1.195
2024-09-24,5,1.23
2024-09-25,5,1.19
2024-09-26,5,1.234
2024-09-27,5,1.181
2024-09-28,5,1.233
2024-09-29,5,1.195
2024-09-30,5,1.203
2024-10-01,5,1.185
2024-10-02,5,1.218
2024-10-03,5,1.187
2024-10-04,5,1.214
2024-10-05,5,1.189
2024-10-06,5,1.177
2024-10-07,5,1.219
2024-10-08,5,1.185
2024-10-09,5,1.157
2024-10-10,5,1.213
2024-10-11,5,1.211
2024-10-12,5,1.215
2024-10-13,5,1.187
2024-10-14,5,1.212
2024-10-15,5,1.241
2024-10-16,5,1.192
2024-10-17,5,1.252
2024-10-18,5,1.178
2024-10-19,5,1.178
2024-10-20,5,1.189
2024-10-21,5,1.232
2024-10-22,5,1.181
2024-10-23,5,1.213
2024-10-24,5,1.211
2024-10-25,5,1.258
2024-10-26,5,1.211
2024-10-27,5,1.201
2024-10-28,5,1.189
2024-10-29,5,1.187
2024-10-30,5,1.201
2024-10-31,5,1.165
2024-11-01,5,1.195
2024-11-02,5,1.188
2024-11-03,5,1.204
2024-11-04,5,1.198
2024-11-05,5,1.231
2024-11-06,5,1.157
2024-11-07,5,1.186
2024-11-08,5,1.18
2024-11-09,5,1.179
2024-11-10,5,1.185
2024-11-11,5,1.167
2024-11-12,5,1.202
2024-11-13,5,1.195
2024-11-14,5,1.161
2024-11-15,5,1.188
2024-11-16,5,1.21
2024-11-17,5,1.19
2024-11-18,5,1.201
2024-11-19,5,1.225
2024-11-20,5,1.2
2024-11-21,5,1.207
2024-11-22,5,1.233
2024-11-23,5,1.211
2024-11-24,5,1.222
2024-11-25,5,1.162
2024-11-26,5,1.19
2024-11-27,5,1.187
2024-11-28,5,1.189
2024-11-29,5,1.186
2024-11-30,5,1.227
2024-12-01,5,1.199
2024-12-02,5,1.178
2024-12-03,5,1.234
2024-12-04,5,1.252
2024-12-05,5,1.194
2024-12-06,5,1.176
2024-12-07,5,1.196
2024-12-08,5,1.22
2024-12-09,5,1.203
2024-12-10,5,1.233
2024-12-11,5,1.214
2024-12-12,5,1.218
2024-12-13,5,1.256
2024-12-14,5,1.19
2024-12-15,5,1.196
2024-12-16,5,1.177
2024-12-17,5,1.169
2024-12-18,5,1.224
2024-12-19,5,1.173
2024-12-20,5,1.196
2024-12-21,5,1.222
2024-12-22,5,1.195
2024-12-23,5,1.193
2024-12-24,5,1.186
2024-12-25,5,1.212
2024-12-26,5,1.194
2024-12-27,5,1.168
2024-12-28,5,1.22
2024-12-29,5,1.191
2024-12-30,5,1.19
2024-12-31,5,1.173
2025-01-01,5,1.195
2025-01-02,5,1.211
2025-01-03,5,1.153
2025-01-04,5,1.215
2025-01-05,5,1.236
2025-01-06,5,1.234
2025-01-07,5,1.226
2025-01-08,5,1.184
2025-01-09,5,1.169
2025-01-10,5,1.244
2025-01-11,5,1.234
2025-01-12,5,1.154
2025-01-13,5,1.221
2025-01-14,5,1.183
2025-01-15,5,1.194
2025-01-16,5,1.182
2025-01-17,5,1.183
2025-01-18,5,1.178
2025-01-19,5,1.207
2025-01-20,5,1.194
2025-01-21,5,1.227
2025-01-22,5,1.201
2025-01-23,5,1.192
2025-01-24,5,1.185
2025-01-25,5,1.212
2025-01-26,5,1.2
2025-01-27,5,1.202
2025-01-28,5,1.184
2025-01-29,5,1.243
2025-01-30,5,1.159
2025-01-31,5,1.209
2025-02-01,5,1.158
2025-02-02,5,1.224
2025-02-03,5,1.23
2025-02-04,5,1.216
2025-02-05,5,1.209
2025-02-06,5,1.2
2025-02-07,5,1.222
2025-02-08,5,1.209
2025-02-09,5,1.195
2025-02-10,5,1.188
2025-02-11,5,1.197
2025-02-12,5,1.221
2025-02-13,5,1.218
2025-02-14,5,1.224
2025-02-15,5,1.238
2025-02-16,5,1.213
2025-02-17,5,1.21
2025-02-18,5,1.212
2025-02-19,5,1.19
2025-02-20,5,1.203
2025-02-21,5,1.209
2025-02-22,5,1.196
2025-02-23,5,1.155
2025-02-24,5,1.191
2025-02-25,5,1.208
2025-02-26,5,1.214
2025-02-27,5,1.217
2025-02-28,5,1.175
2025-03-01,5,1.192
2025-03-02,5,1.186
2025-03-03,5,1.217
2025-03-04,5,1.233
2025-03-05,5,1.239
2025-03-06,5,1.222
2025-03-07,5,1.19
2025-03-08,5,1.19
2025-03-09,5,1.215
2025-03-10,5,1.194
2025-03-11,5,1.214
2025-03-12,5,1.195
2025-03-13,5,1.236
2025-03-14,5,1.193
2025-03-15,5,1.165
2025-03-16,5,1.202
2025-03-17,5,1.173
2025-03-18,5,1.179
2025-03-19,5,1.198
2025-03-20,5,1.201
2025-03-21,5,1.155
2025-03-22,5,1.155
2025-03-23,5,1.233
2025-03-24,5,1.206
2025-03-25,5,1.2
2025-03-26,5,1.218
2025-03-27,5,1.21
2025-03-28,5,1.155
2025-03-29,5,1.232
2025-03-30,5,1.181
2025-03-31,5,1.223
2025-04-01,5,1.19
2025-04-02,5,1.191
2025-04-03,5,1.185
2025-04-04,5,1.2
2025-04-05,5,1.209
2025-04-06,5,1.205
2025-04-07,5,1.179
2025-04-08,5,1.166
2025-04-09,5,1.187
2025-04-10,5,1.193
2025-04-11,5,1.202
2025-04-12,5,1.139
2025-04-13,5,1.174
2025-04-14,5,1.236
2025-04-15,5,1.199
2025-04-16,5,1.192
2025-04-17,5,1.166
2025-04-18,5,1.175
2025-04-19,5,1.209
2025-04-20,5,1.212
2025-04-21,5,1.176
2025-04-22,5,1.198
2025-04-23,5,1.18
2025-04-24,5,1.202
2025-04-25,5,1.231
2025-04-26,5,1.221
2025-04-27,5,1.163
2025-04-28,5,1.207
2025-04-29,5,1.192
2025-04-30,5,1.192
2025-05-01,5,1.235
2025-05-02,5,1.21
2025-05-03,5,1.197
2025-05-04,5,1.216
2025-05-05,5,1.22
2025-05-06,5,1.219
2025-05-07,5,1.22
2025-05-08,5,1.14
2025-05-09,5,1.19
2025-05-10,5,1.174
2025-05-11,5,1.199
2025-05-12,5,1.212
2025-05-13,5,1.227
2025-05-14,5,1.22
2025-05-15,5,1.18
2025-05-16,5,1.198
2025-05-17,5,1.19
2025-05-18,5,1.196
2025-05-19,5,1.169
2025-05-20,5,1.178
2025-05-21,5,1.206
2025-05-22,5,1.162
2025-05-23,5,1.188
2025-05-24,5,1.166
2025-05-25,5,1.222
2025-05-26,5,1.216
2025-05-27,5,1.219
2025-05-28,5,1.189
2025-05-29,5,1.186
2025-05-30,5,1.246
2025-05-31,5,1.19
2025-06-01,5,1.228
2025-06-02,5,1.167
2025-06-03,5,1.216
2025-06-04,5,1.174
2025-06-05,5,1.2
2025-06-06,5,1.175
2025-06-07,5,1.201
2025-06-08,5,1.186
2025-06-09,5,1.208
2025-06-10,5,1.208
2025-06-11,5,1.177
2025-06-12,5,1.191
2025-06-13,5,1.189
2025-06-14,5,1.221
2025-06-15,5,1.232
2025-06-16,5,1.175
2025-06-17,5,1.217
2025-06-18,5,1.174
2025-06-19,5,1.148
2025-06-20,5,1.169
2025-06-21,5,1.222
2025-06-22,5,1.202
2025-06-23,5,1.186
2025-06-24,5,1.174
2025-06-25,5,1.218
2025-06-26,5,1.207
2025-06-27,5,1.201
2025-06-28,5,1.223
2025-06-29,5,1.192
2025-06-30,5,1.219
2025-07-01,5,1.185
2025-07-02,5,1.224
2025-07-03,5,1.21
2025-07-04,5,1.194
2025-07-05,5,1.199
2025-07-06,5,1.188
2025-07-07,5,1.224
2025-07-08,5,1.214
2025-07-09,5,1.222
2025-07-10,5,1.199
2025-07-11,5,1.193
2025-07-12,5,1.234
2025-07-13,5,1.209
2025-07-14,5,1.177
2025-07-15,5,1.155
2025-07-16,5,1.189
2025-07-17,5,1.209
2025-07-18,5,1.197
2025-07-19,5,1.185
2025-07-20,5,1.192
2025-07-21,5,1.168
2025-07-22,5,1.17
2025-07-23,5,1.186
2025-07-24,5,1.199
2025-07-25,5,1.189
2025-07-26,5,1.174
2025-07-27,5,1.161
2025-07-28,5,1.179
2025-07-29,5,1.153
2025-07-30,5,1.155
2025-07-31,5,1.231
2025-08-01,5,1.185
2025-08-02,5,1.175
2025-08-03,5,1.166
2025-08-04,5,1.22
2025-08-05,5,1.194
2025-08-06,5,1.257
2025-08-07,5,1.198
2025-08-08,5,1.186
2025-08-09,5,1.242
2025-08-10,5,1.167
2025-08-11,5,1.204
2025-08-12,5,1.235
2025-08-13,5,1.175
2025-08-14,5,1.222
2025-08-15,5,1.173
2025-08-16,5,1.217
2025-08-17,5,1.181
2025-08-18,5,1.183
2025-08-19,5,1.246
2025-08-20,5,1.177
2025-08-21,5,1.186
2025-08-22,5,1.179
2025-08-23,5,1.215
2025-08-24,5,1.206
2025-08-25,5,1.195
2025-08-26,5,1.155
2025-08-27,5,1.199
2025-08-28,5,1.217
2025-08-29,5,1.195
2025-08-30,5,1.198
2025-08-31,5,1.19
2025-09-01,5,1.178
2025-09-02,5,1.187
2025-09-03,5,1.229
2025-09-04,5,1.185
2025-09-05,5,1.215
2025-09-06,5,1.175
2025-09-07,5,1.217
2025-09-08,5,1.16
2025-09-09,5,1.196
2025-09-10,5,1.196
2025-09-11,5,1.206
2025-09-12,5,1.235
2025-09-13,5,1.193
2025-09-14,5,1.249
2025-09-15,5,1.226
2025-09-16,5,1.202
2025-09-17,5,1.223
2025-09-18,5,1.192
2025-09-19,5,1.208
2025-09-20,5,1.224
2025-09-21,5,1.236
2025-09-22,5,1.206
2025-09-23,5,1.177
2025-09-24,5,1.213
2025-09-25,5,1.189
2025-09-26,5,1.197
2025-09-27,5,1.16
2025-09-28,5,1.241
2025-09-29,5,1.213
2025-09-30,5,1.241
2025-10-01,5,1.245
2025-10-02,5,1.194
2025-10-03,5,1.183
2025-10-04,5,1.188
2025-10-05,5,1.201
2025-10-06,5,1.203
2025-10-07,5,1.163
2025-10-08,5,1.232
2025-10-09,5,1.236
2025-10-10,5,1.168
2025-10-11,5,1.187
2025-10-12,5,1.145
2025-10-13,5,1.191
2025-10-14,5,1.219
2025-10-15,5,1.149
2025-10-16,5,1.216
2025-10-17,5,1.171
2025-10-18,5,1.186
2025-10-19,5,1.177
2025-10-20,5,1.207
2025-10-21,5,1.167
2025-10-22,5,1.179
2025-10-23,5,1.202
2025-10-24,5,1.207
2025-10-25,5,1.19
2025-10-26,5,1.181
2025-10-27,5,1.184
2025-10-28,5,1.18
2025-10-29,5,1.191
2025-10-30,5,1.205
2025-10-31,5,1.212
2025-11-01,5,1.182
2025-11-02,5,1.208
2025-11-03,5,1.229
2025-11-04,5,1.15
2025-11-05,5,1.143
2025-11-06,5,1.227
2025-11-07,5,1.158
2025-11-08,5,1.257
2025-11-09,5,1.207
2025-11-10,5,1.203
2025-11-11,5,1.193
2025-11-12,5,1.216
2025-11-13,5,1.21
2025-11-14,5,1.236
2025-11-15,5,1.22
2025-11-16,5,1.191
2025-11-17,5,1.161
2025-11-18,5,1.139
2025-11-19,5,1.274
2025-11-20,5,1.188
2025-11-21,5,1.183
2025-11-22,5,1.232
2025-11-23,5,1.175
2025-11-24,5,1.179
2025-11-25,5,1.21
2025-11-26,5,1.166
2025-11-27,5,1.196
2025-11-28,5,1.167
2025-11-29,5,1.214
2025-11-30,5,1.208
2025-12-01,5,1.201
2025-12-02,5,1.2
2025-12-03,5,1.234
2025-12-04,5,1.169
2025-12-05,5,1.218
2025-12-06,5,1.2
2025-12-07,5,1.224
2025-12-08,5,1.223
2025-12-09,5,1.192
2025-12-10,5,1.164
2025-12-11,5,1.22
2025-12-12,5,1.198
2025-12-13,5,1.167
2025-12-14,5,1.174
2025-12-15,5,1.215
2025-12-16,5,1.236
2025-12-17,5,1.218
2025-12-18,5,1.167
2025-12-19,5,1.231
2025-12-20,5,1.21
2025-12-21,5,1.2
2025-12-22,5,1.201
2025-12-23,5,1.209
2025-12-24,5,1.223
2025-12-25,5,1.207
2025-12-26,5,1.189
2025-12-27,5,1.189
2025-12-28,5,1.181
2025-12-29,5,1.209
2025-12-30,5,1.254
2025-12-31,5,1.225
2024-01-01,6,1.19
2024-01-02,6,1.2
2024-01-03,6,1.238
2024-01-04,6,1.223
2024-01-05,6,1.23
2024-01-06,6,1.213
2024-01-07,6,1.119
2024-01-08,6,1.247
2024-01-09,6,1.193
2024-01-10,6,1.221
2024-01-11,6,1.197
2024-01-12,6,1.216
2024-01-13,6,1.219
2024-01-14,6,1.2
2024-01-15,6,1.174
2024-01-16,6,1.231
2024-01-17,6,1.248
2024-01-18,6,1.199
2024-01-19,6,1.196
2024-01-20,6,1.236
2024-01-21,6,1.23
2024-01-22,6,1.193
2024-01-23,6,1.166
2024-01-24,6,1.211
2024-01-25,6,1.174
2024-01-26,6,1.218
2024-01-27,6,1.167
2024-01-28,6,1.207
2024-01-29,6,1.209
2024-01-30,6,1.22
2024-01-31,6,1.207
2024-02-01,6,1.152
2024-02-02,6,1.187
2024-02-03,6,1.202
2024-02-04,6,1.178
2024-02-05,6,1.2
2024-02-06,6,1.17
2024-02-07,6,1.194
2024-02-08,6,1.213
2024-02-09,6,1.225
2024-02-10,6,1.24
2024-02-11,6,1.215
2024-02-12,6,1.212
2024-02-13,6,1.194
2024-02-14,6,1.199
2024-02-15,6,1.209
2024-02-16,6,1.186
2024-02-17,6,1.245
2024-02-18,6,1.219
2024-02-19,6,1.161
2024-02-20,6,1.184
2024-02-21,6,1.182
2024-02-22,6,1.245
2024-02-23,6,1.215
2024-02-24,6,1.206
2024-02-25,6,1.19
2024-02-26,6,1.133
2024-02-27,6,1.225
2024-02-28,6,1.194
2024-02-29,6,1.25
2024-03-01,6,1.196
2024-03-02,6,1.214
2024-03-03,6,1.204
2024-03-04,6,1.206
2024-03-05,6,1.159
2024-03-06,6,1.174
2024-03-07,6,1.173
2024-03-08,6,1.208
2024-03-09,6,1.224
2024-03-10,6,1.211
2024-03-11,6,1.152
2024-03-12,6,1.19
2024-03-13,6,1.193
2024-03-14,6,1.195
2024-03-15,6,1.195
2024-03-16,6,1.17
2024-03-17,6,1.192
2024-03-18,6,1.196
2024-03-19,6,1.192
2024-03-20,6,1.192
2024-03-21,6,1.161
2024-03-22,6,1.181
2024-03-23,6,1.219
2024-03-24,6,1.21
2024-03-25,6,1.19
2024-03-26,6,1.21
2024-03-27,6,1.223
2024-03-28,6,1.204
2024-03-29,6,1.18
2024-03-30,6,1.168
2024-03-31,6,1.17
2024-04-01,6,1.261
2024-04-02,6,1.214
2024-04-03,6,1.18
2024-04-04,6,1.135
2024-04-05,6,1.164
2024-04-06,6,1.176
2024-04-07,6,1.215
2024-04-08,6,1.228
2024-04-09,6,1.196
2024-04-10,6,1.215
2024-04-11,6,1.217
2024-04-12,6,1.18
2024-04-13,6,1.189
2024-04-14,6,1.205
2024-04-15,6,1.185
2024-04-16,6,1.213
2024-04-17,6,1.176
2024-04-18,6,1.199
2024-04-19,6,1.212
2024-04-20,6,1.208
2024-04-21,6,1.176
2024-04-22,6,1.177
2024-04-23,6,1.176
2024-04-24,6,1.183
2024-04-25,6,1.198
2024-04-26,6,1.208
2024-04-27,6,1.224
2024-04-28,6,1.182
2024-04-29,6,1.167
2024-04-30,6,1.25
2024-05-01,6,1.255
2024-05-02,6,1.182
2024-05-03,6,1.234
2024-05-04,6,1.226
2024-05-05,6,1.148
2024-05-06,6,1.209
2024-05-07,6,1.206
2024-05-08,6,1.215
2024-05-09,6,1.195
2024-05-10,6,1.229
2024-05-11,6,1.243
2024-05-12,6,1.209
2024-05-13,6,1.256
2024-05-14,6,1.203
2024-05-15,6,1.215
2024-05-16,6,1.151
2024-05-17,6,1.224
2024-05-18,6,1.209
2024-05-19,6,1.21
2024-05-20,6,1.235
2024-05-21,6,1.171
2024-05-22,6,1.18
2024-05-23,6,1.177
2024-05-24,6,1.177
2024-05-25,6,1.185
2024-05-26,6,1.226
2024-05-27,6,1.215
2024-05-28,6,1.214
2024-05-29,6,1.19
2024-05-30,6,1.19
2024-05-31,6,1.21
2024-06-01,6,1.182
2024-06-02,6,1.197
2024-06-03,6,1.208
2024-06-04,6,1.214
2024-06-05,6,1.216
2024-06-06,6,1.185
2024-06-07,6,1.216
2024-06-08,6,1.155
2024-06-09,6,1.192
2024-06-10,6,1.168
2024-06-11,6,1.164
2024-06-12,6,1.226
2024-06-13,6,1.178
2024-06-14,6,1.167
2024-06-15,6,1.206
2024-06-16,6,1.171
2024-06-17,6,1.218
2024-06-18,6,1.216
2024-06-19,6,1.232
2024-06-20,6,1.212
2024-06-21,6,1.18
2024-06-22,6,1.239
2024-06-23,6,1.201
2024-06-24,6,1.166
2024-06-25,6,1.187
2024-06-26,6,1.189
2024-06-27,6,1.176
2024-06-28,6,1.194
2024-06-29,6,1.196
2024-06-30,6,1.219
2024-07-01,6,1.225
2024-07-02,6,1.236
2024-07-03,6,1.17
2024-07-04,6,1.203
2024-07-05,6,1.19
2024-07-06,6,1.238
2024-07-07,6,1.179
2024-07-08,6,1.185
2024-07-09,6,1.206
2024-07-10,6,1.202
2024-07-11,6,1.169
2024-07-12,6,1.215
2024-07-13,6,1.187
2024-07-14,6,1.157
2024-07-15,6,1.215
2024-07-16,6,1.259
2024-07-17,6,1.156
2024-07-18,6,1.242
2024-07-19,6,1.231
2024-07-20,6,1.202
2024-07-21,6,1.231
2024-07-22,6,1.149
2024-07-23,6,1.17
2024-07-24,6,1.174
2024-07-25,6,1.223
2024-07-26,6,1.187
2024-07-27,6,1.207
2024-07-28,6,1.202
2024-07-29,6,1.193
2024-07-30,6,1.186
2024-07-31,6,1.252
2024-08-01,6,1.237
2024-08-02,6,1.225
2024-08-03,6,1.192
2024-08-04,6,1.189
2024-08-05,6,1.211
2024-08-06,6,1.18
2024-08-07,6,1.204
2024-08-08,6,1.214
2024-08-09,6,1.215
2024-08-10,6,1.195
2024-08-11,6,1.19
2024-08-12,6,1.201
2024-08-13,6,1.184
2024-08-14,6,1.218
2024-08-15,6,1.207
2024-08-16,6,1.177
2024-08-17,6,1.222
2024-08-18,6,1.226
2024-08-19,6,1.226
2024-08-20,6,1.204
2024-08-21,6,1.183
2024-08-22,6,1.182
2024-08-23,6,1.199
2024-08-24,6,1.227
2024-08-25,6,1.197
2024-08-26,6,1.224
2024-08-27,6,1.24
2024-08-28,6,1.196
2024-08-29,6,1.21
2024-08-30,6,1.192
2024-08-31,6,1.165
2024-09-01,6,1.226
2024-09-02,6,1.177
2024-09-03,6,1.224
2024-09-04,6,1.178
2024-09-05,6,1.243
2024-09-06,6,1.172
2024-09-07,6,1.19
2024-09-08,6,1.218
2024-09-09,6,1.209
2024-09-10,6,1.216
2024-09-11,6,1.176
2024-09-12,6,1.197
2024-09-13,6,1.212
2024-09-14,6,1.198
2024-09-15,6,1.178
2024-09-16,6,1.194
2024-09-17,6,1.176
2024-09-18,6,1.219
2024-09-19,6,1.224
2024-09-20,6,1.178
2024-09-21,6,1.213
2024-09-22,6,1.205
2024-09-23,6,1.22
2024-09-24,6,1.146
2024-09-25,6,1.19
2024-09-26,6,1.237
2024-09-27,6,1.222
2024-09-28,6,1.229
2024-09-29,6,1.178
2024-09-30,6,1.229
2024-10-01,6,1.198
2024-10-02,6,1.192
2024-10-03,6,1.231
2024-10-04,6,1.2
2024-10-05,6,1.189
2024-10-06,6,1.207
2024-10-07,6,1.207
2024-10-08,6,1.178
2024-10-09,6,1.17
2024-10-10,6,1.205
2024-10-11,6,1.229
2024-10-12,6,1.164
2024-10-13,6,1.218
2024-10-14,6,1.218
2024-10-15,6,1.212
2024-10-16,6,1.182
2024-10-17,6,1.189
2024-10-18,6,1.175
2024-10-19,6,1.214
2024-10-20,6,1.215
2024-10-21,6,1.198
2024-10-22,6,1.225
2024-10-23,6,1.203
2024-10-24,6,1.178
2024-10-25,6,1.187
2024-10-26,6,1.173
2024-10-27,6,1.176
2024-10-28,6,1.205
2024-10-29,6,1.162
2024-10-30,6,1.197
2024-10-31,6,1.226
2024-11-01,6,1.184
2024-11-02,6,1.145
2024-11-03,6,1.218
2024-11-04,6,1.24
2024-11-05,6,1.237
2024-11-06,6,1.247
2024-11-07,6,1.204
2024-11-08,6,1.202
2024-11-09,6,1.18
2024-11-10,6,1.179
2024-11-11,6,1.22
2024-11-12,6,1.219
2024-11-13,6,1.146
2024-11-14,6,1.206
2024-11-15,6,1.212
2024-11-16,6,1.22
2024-11-17,6,1.188
2024-11-18,6,1.17
2024-11-19,6,1.189
2024-11-20,6,1.215
2024-11-21,6,1.222
2024-11-22,6,1.181
2024-11-23,6,1.186
2024-11-24,6,1.201
2024-11-25,6,1.196
2024-11-26,6,1.163
2024-11-27,6,1.213
2024-11-28,6,1.223
2024-11-29,6,1.187
2024-11-30,6,1.195
2024-12-01,6,1.209
2024-12-02,6,1.202
2024-12-03,6,1.219
2024-12-04,6,1.237
2024-12-05,6,1.143
2024-12-06,6,1.164
2024-12-07,6,1.163
2024-12-08,6,1.211
2024-12-09,6,1.17
2024-12-10,6,1.178
2024-12-11,6,1.193
2024-12-12,6,1.265
2024-12-13,6,1.189
2024-12-14,6,1.191
2024-12-15,6,1.242
2024-12-16,6,1.249
2024-12-17,6,1.18
2024-12-18,6,1.215
2024-12-19,6,1.186
2024-12-20,6,1.162
2024-12-21,6,1.224
2024-12-22,6,1.168
2024-12-23,6,1.183
2024-12-24,6,1.185
2024-12-25,6,1.243
2024-12-26,6,1.15
2024-12-27,6,1.155
2024-12-28,6,1.167
2024-12-29,6,1.179
2024-12-30,6,1.195
2024-12-31,6,1.221
2025-01-01,6,1.26
2025-01-02,6,1.156
2025-01-03,6,1.212
2025-01-04,6,1.157
2025-01-05,6,1.228
2025-01-06,6,1.178
2025-01-07,6,1.245
2025-01-08,6,1.204
2025-01-09,6,1.174
2025-01-10,6,1.19
2025-01-11,6,1.168
2025-01-12,6,1.188
2025-01-13,6,1.198
2025-01-14,6,1.237
2025-01-15,6,1.211
2025-01-16,6,1.2
2025-01-17,6,1.22
2025-01-18,6,1.209
2025-01-19,6,1.198
2025-01-20,6,1.182
2025-01-21,6,1.179
2025-01-22,6,1.198
2025-01-23,6,1.199
2025-01-24,6,1.198
2025-01-25,6,1.156
2025-01-26,6,1.169
2025-01-27,6,1.152
2025-01-28,6,1.192
2025-01-29,6,1.167
2025-01-30,6,1.212
2025-01-31,6,1.141
2025-02-01,6,1.221
2025-02-02,6,1.222
2025-02-03,6,1.218
2025-02-04,6,1.202
2025-02-05,6,1.164
2025-02-06,6,1.184
2025-02-07,6,1.185
2025-02-08,6,1.212
2025-02-09,6,1.211
2025-02-10,6,1.208
2025-02-11,6,1.188
2025-02-12,6,1.19
2025-02-13,6,1.161
2025-02-14,6,1.177
2025-02-15,6,1.204
2025-02-16,6,1.205
2025-02-17,6,1.165
2025-02-18,6,1.16
2025-02-19,6,1.182
2025-02-20,6,1.237
2025-02-21,6,1.229
2025-02-22,6,1.239
2025-02-23,6,1.194
2025-02-24,6,1.194
2025-02-25,6,1.183
2025-02-26,6,1.184
2025-02-27,6,1.206
2025-02-28,6,1.231
2025-03-01,6,1.174
2025-03-02,6,1.223
2025-03-03,6,1.164
2025-03-04,6,1.172
2025-03-05,6,1.207
2025-03-06,6,1.203
2025-03-07,6,1.211
2025-03-08,6,1.169
2025-03-09,6,1.228
2025-03-10,6,1.217
2025-03-11,6,1.216
2025-03-12,6,1.228
2025-03-13,6,1.203
2025-03-14,6,1.222
2025-03-15,6,1.213
2025-03-16,6,1.181
2025-03-17,6,1.218
2025-03-18,6,1.194
2025-03-19,6,1.208
2025-03-20,6,1.233
2025-03-21,6,1.213
2025-03-22,6,1.19
2025-03-23,6,1.172
2025-03-24,6,1.241
2025-03-25,6,1.193
2025-03-26,6,1.179
2025-03-27,6,1.184
2025-03-28,6,1.248
2025-03-29,6,1.2
2025-03-30,6,1.219
2025-03-31,6,1.176
2025-04-01,6,1.213
2025-04-02,6,1.22
2025-04-03,6,1.191
2025-04-04,6,1.19
2025-04-05,6,1.175
2025-04-06,6,1.211
2025-04-07,6,1.203
2025-04-08,6,1.229
2025-04-09,6,1.222
2025-04-10,6,1.193
2025-04-11,6,1.235
2025-04-12,6,1.208
2025-04-13,6,1.181
2025-04-14,6,1.197
2025-04-15,6,1.179
2025-04-16,6,1.196
2025-04-17,6,1.214
2025-04-18,6,1.208
2025-04-19,6,1.181
2025-04-20,6,1.172
2025-04-21,6,1.174
2025-04-22,6,1.227
2025-04-23,6,1.177
2025-04-24,6,1.204
2025-04-25,6,1.219
2025-04-26,6,1.228
2025-04-27,6,1.185
2025-04-28,6,1.202
2025-04-29,6,1.185
2025-04-30,6,1.247
2025-05-01,6,1.201
2025-05-02,6,1.229
2025-05-03,6,1.201
2025-05-04,6,1.2
2025-05-05,6,1.195
2025-05-06,6,1.232
2025-05-07,6,1.212
2025-05-08,6,1.174
2025-05-09,6,1.208
2025-05-10,6,1.227
2025-05-11,6,1.252
2025-05-12,6,1.201
2025-05-13,6,1.195
2025-05-14,6,1.156
2025-05-15,6,1.176
2025-05-16,6,1.188
2025-05-17,6,1.208
2025-05-18,6,1.211
2025-05-19,6,1.193
2025-05-20,6,1.217
2025-05-21,6,1.221
2025-05-22,6,1.208
2025-05-23,6,1.201
2025-05-24,6,1.154
2025-05-25,6,1.196
2025-05-26,6,1.239
2025-05-27,6,1.206
2025-05-28,6,1.184
2025-05-29,6,1.212
2025-05-30,6,1.228
2025-05-31,6,1.229
2025-06-01,6,1.244
2025-06-02,6,1.206
2025-06-03,6,1.18
2025-06-04,6,1.233
2025-06-05,6,1.226
2025-06-06,6,1.196
2025-06-07,6,1.185
2025-06-08,6,1.211
2025-06-09,6,1.198
2025-06-10,6,1.202
2025-06-11,6,1.214
2025-06-12,6,1.215
2025-06-13,6,1.18
2025-06-14,6,1.187
2025-06-15,6,1.185
2025-06-16,6,1.185
2025-06-17,6,1.242
2025-06-18,6,1.225
2025-06-19,6,1.215
2025-06-20,6,1.177
2025-06-21,6,1.244
2025-06-22,6,1.219
2025-06-23,6,1.219
2025-06-24,6,1.155
2025-06-25,6,1.23
2025-06-26,6,1.17
2025-06-27,6,1.2
2025-06-28,6,1.195
2025-06-29,6,1.256
2025-06-30,6,1.176
2025-07-01,6,1.194
2025-07-02,6,1.231
2025-07-03,6,1.189
2025-07-04,6,1.194
2025-07-05,6,1.203
2025-07-06,6,1.155
2025-07-07,6,1.227
2025-07-08,6,1.202
2025-07-09,6,1.175
2025-07-10,6,1.173
2025-07-11,6,1.214
2025-07-12,6,1.198
2025-07-13,6,1.173
2025-07-14,6,1.254
2025-07-15,6,1.209
2025-07-16,6,1.202
2025-07-17,6,1.168
2025-07-18,6,1.172
2025-07-19,6,1.209
2025-07-20,6,1.2
2025-07-21,6,1.245
2025-07-22,6,1.21
2025-07-23,6,1.212
2025-07-24,6,1.167
2025-07-25,6,1.212
2025-07-26,6,1.17
2025-07-27,6,1.178
2025-07-28,6,1.197
2025-07-29,6,1.212
2025-07-30,6,1.172
2025-07-31,6,1.208
2025-08-01,6,1.22
2025-08-02,6,1.203
2025-08-03,6,1.17
2025-08-04,6,1.213
2025-08-05,6,1.19
2025-08-06,6,1.252
2025-08-07,6,1.169
2025-08-08,6,1.19
2025-08-09,6,1.205
2025-08-10,6,1.197
2025-08-11,6,1.186
2025-08-12,6,1.217
2025-08-13,6,1.204
2025-08-14,6,1.225
2025-08-15,6,1.213
2025-08-16,6,1.179
2025-08-17,6,1.192
2025-08-18,6,1.216
2025-08-19,6,1.248
2025-08-20,6,1.198
2025-08-21,6,1.199
2025-08-22,6,1.199
2025-08-23,6,1.223
2025-08-24,6,1.191
2025-08-25,6,1.239
2025-08-26,6,1.246
2025-08-27,6,1.186
2025-08-28,6,1.219
2025-08-29,6,1.207
2025-08-30,6,1.223
2025-08-31,6,1.178
2025-09-01,6,1.21
2025-09-02,6,1.216
2025-09-03,6,1.204
2025-09-04,6,1.187
2025-09-05,6,1.246
2025-09-06,6,1.237
2025-09-07,6,1.189
2025-09-08,6,1.217
2025-09-09,6,1.179
2025-09-10,6,1.197
2025-09-11,6,1.243
2025-09-12,6,1.215
2025-09-13,6,1.198
2025-09-14,6,1.198
2025-09-15,6,1.191
2025-09-16,6,1.21
2025-09-17,6,1.185
2025-09-18,6,1.204
2025-09-19,6,1.208
2025-09-20,6,1.197
2025-09-21,6,1.189
2025-09-22,6,1.178
2025-09-23,6,1.199
2025-09-24,6,1.186
2025-09-25,6,1.198
2025-09-26,6,1.223
2025-09-27,6,1.198
2025-09-28,6,1.189
2025-09-29,6,1.238
2025-09-30,6,1.2
2025-10-01,6,1.213
2025-10-02,6,1.206
2025-10-03,6,1.204
2025-10-04,6,1.208
2025-10-05,6,1.173
2025-10-06,6,1.205
2025-10-07,6,1.177
2025-10-08,6,1.194
2025-10-09,6,1.223
2025-10-10,6,1.212
2025-10-11,6,1.132
2025-10-12,6,1.188
2025-10-13,6,1.168
2025-10-14,6,1.199
2025-10-15,6,1.179
2025-10-16,6,1.208
2025-10-17,6,1.209
2025-10-18,6,1.214
2025-10-19,6,1.194
2025-10-20,6,1.225
2025-10-21,6,1.239
2025-10-22,6,1.208
2025-10-23,6,1.177
2025-10-24,6,1.183
2025-10-25,6,1.204
2025-10-26,6,1.143
2025-10-27,6,1.232
2025-10-28,6,1.227
2025-10-29,6,1.211
2025-10-30,6,1.188
2025-10-31,6,1.192
2025-11-01,6,1.171
2025-11-02,6,1.195
2025-11-03,6,1.186
2025-11-04,6,1.209
2025-11-05,6,1.181
2025-11-06,6,1.242
2025-11-07,6,1.211
2025-11-08,6,1.194
2025-11-09,6,1.245
2025-11-10,6,1.217
2025-11-11,6,1.15
2025-11-12,6,1.195
2025-11-13,6,1.189
2025-11-14,6,1.209
2025-11-15,6,1.212
2025-11-16,6,1.186
2025-11-17,6,1.216
2025-11-18,6,1.145
2025-11-19,6,1.247
2025-11-20,6,1.162
2025-11-21,6,1.185
2025-11-22,6,1.19
2025-11-23,6,1.217
2025-11-24,6,1.216
2025-11-25,6,1.173
2025-11-26,6,1.228
2025-11-27,6,1.196
2025-11-28,6,1.223
2025-11-29,6,1.237
2025-11-30,6,1.194
2025-12-01,6,1.261
2025-12-02,6,1.264
2025-12-03,6,1.208
2025-12-04,6,1.207
2025-12-05,6,1.218
2025-12-06,6,1.19
2025-12-07,6,1.205
2025-12-08,6,1.184
2025-12-09,6,1.191
2025-12-10,6,1.237
2025-12-11,6,1.223
2025-12-12,6,1.241
2025-12-13,6,1.215
2025-12-14,6,1.162
2025-12-15,6,1.219
2025-12-16,6,1.2
2025-12-17,6,1.182
2025-12-18,6,1.187
2025-12-19,6,1.165
2025-12-20,6,1.189
2025-12-21,6,1.193
2025-12-22,6,1.201
2025-12-23,6,1.215
2025-12-24,6,1.175
2025-12-25,6,1.198
2025-12-26,6,1.228
2025-12-27,6,1.178
2025-12-28,6,1.207
2025-12-29,6,1.192
2025-12-30,6,1.198
2025-12-31,6,1.203
2024-01-01,7,1.218
2024-01-02,7,1.184
2024-01-03,7,1.18
2024-01-04,7,1.193
2024-01-05,7,1.225
2024-01-06,7,1.152
2024-01-07,7,1.198
2024-01-08,7,1.197
2024-01-09,7,1.186
2024-01-10,7,1.175
2024-01-11,7,1.24
2024-01-12,7,1.209
2024-01-13,7,1.17
2024-01-14,7,1.201
2024-01-15,7,1.227
2024-01-16,7,1.2
2024-01-17,7,1.189
2024-01-18,7,1.166
2024-01-19,7,1.189
2024-01-20,7,1.206
2024-01-21,7,1.185
2024-01-22,7,1.243
2024-01-23,7,1.169
2024-01-24,7,1.205
2024-01-25,7,1.221
2024-01-26,7,1.177
2024-01-27,7,1.171
2024-01-28,7,1.238
2024-01-29,7,1.245
2024-01-30,7,1.22
2024-01-31,7,1.163
2024-02-01,7,1.208
2024-02-02,7,1.17
2024-02-03,7,1.249
2024-02-04,7,1.2
2024-02-05,7,1.222
2024-02-06,7,1.236
2024-02-07,7,1.208
2024-02-08,7,1.206
2024-02-09,7,1.213
2024-02-10,7,1.233
2024-02-11,7,1.18
2024-02-12,7,1.153
2024-02-13,7,1.222
2024-02-14,7,1.202
2024-02-15,7,1.192
2024-02-16,7,1.225
2024-02-17,7,1.171
2024-02-18,7,1.215
2024-02-19,7,1.21
2024-02-20,7,1.215
2024-02-21,7,1.217
2024-02-22,7,1.229
2024-02-23,7,1.232
2024-02-24,7,1.219
2024-02-25,7,1.21
2024-02-26,7,1.21
2024-02-27,7,1.211
2024-02-28,7,1.204
2024-02-29,7,1.202
2024-03-01,7,1.156
2024-03-02,7,1.221
2024-03-03,7,1.204
2024-03-04,7,1.225
2024-03-05,7,1.2
2024-03-06,7,1.153
2024-03-07,7,1.23
2024-03-08,7,1.189
2024-03-09,7,1.156
2024-03-10,7,1.189
2024-03-11,7,1.154
2024-03-12,7,1.164
2024-03-13,7,1.207
2024-03-14,7,1.195
2024-03-15,7,1.189
2024-03-16,7,1.24
2024-03-17,7,1.192
2024-03-18,7,1.219
2024-03-19,7,1.174
2024-03-20,7,1.199
2024-03-21,7,1.248
2024-03-22,7,1.223
2024-03-23,7,1.205
2024-03-24,7,1.213
2024-03-25,7,1.172
2024-03-26,7,1.171
2024-03-27,7,1.203
2024-03-28,7,1.147
2024-03-29,7,1.179
2024-03-30,7,1.167
2024-03-31,7,1.178
2024-04-01,7,1.157
2024-04-02,7,1.155
2024-04-03,7,1.21
2024-04-04,7,1.208
2024-04-05,7,1.211
2024-04-06,7,1.202
2024-04-07,7,1.194
2024-04-08,7,1.189
2024-04-09,7,1.197
2024-04-10,7,1.191
2024-04-11,7,1.211
2024-04-12,7,1.199
2024-04-13,7,1.231
2024-04-14,7,1.209
2024-04-15,7,1.207
2024-04-16,7,1.21
2024-04-17,7,1.2
2024-04-18,7,1.207
2024-04-19,7,1.206
2024-04-20,7,1.165
2024-04-21,7,1.163
2024-04-22,7,1.204
2024-04-23,7,1.199
2024-04-24,7,1.161
2024-04-25,7,1.23
2024-04-26,7,1.248
2024-04-27,7,1.196
2024-04-28,7,1.194
2024-04-29,7,1.202
2024-04-30,7,1.264
2024-05-01,7,1.185
2024-05-02,7,1.185
2024-05-03,7,1.165
2024-05-04,7,1.213
2024-05-05,7,1.216
2024-05-06,7,1.211
2024-05-07,7,1.164
2024-05-08,7,1.199
2024-05-09,7,1.185
2024-05-10,7,1.224
2024-05-11,7,1.157
2024-05-12,7,1.196
2024-05-13,7,1.18
2024-05-14,7,1.177
2024-05-15,7,1.181
2024-05-16,7,1.166
2024-05-17,7,1.156
2024-05-18,7,1.211
2024-05-19,7,1.153
2024-05-20,7,1.203
2024-05-21,7,1.238
2024-05-22,7,1.181
2024-05-23,7,1.21
2024-05-24,7,1.192
2024-05-25,7,1.199
2024-05-26,7,1.185
2024-05-27,7,1.179
2024-05-28,7,1.198
2024-05-29,7,1.154
2024-05-30,7,1.193
2024-05-31,7,1.155
2024-06-01,7,1.165
2024-06-02,7,1.186
2024-06-03,7,1.226
2024-06-04,7,1.164
2024-06-05,7,1.212
2024-06-06,7,1.191
2024-06-07,7,1.169
2024-06-08,7,1.209
2024-06-09,7,1.221
2024-06-10,7,1.183
2024-06-11,7,1.21
2024-06-12,7,1.179
2024-06-13,7,1.199
2024-06-14,7,1.191
2024-06-15,7,1.187
2024-06-16,7,1.229
2024-06-17,7,1.214
2024-06-18,7,1.197
2024-06-19,7,1.194
2024-06-20,7,1.182
2024-06-21,7,1.228
2024-06-22,7,1.215
2024-06-23,7,1.231
2024-06-24,7,1.168
2024-06-25,7,1.219
2024-06-26,7,1.205
2024-06-27,7,1.186
2024-06-28,7,1.227
2024-06-29,7,1.167
2024-06-30,7,1.166
2024-07-01,7,1.151
2024-07-02,7,1.226
2024-07-03,7,1.234
2024-07-04,7,1.212
2024-07-05,7,1.17
2024-07-06,7,1.222
2024-07-07,7,1.205
2024-07-08,7,1.166
2024-07-09,7,1.176
2024-07-10,7,1.195
2024-07-11,7,1.169
2024-07-12,7,1.225
2024-07-13,7,1.205
2024-07-14,7,1.153
2024-07-15,7,1.222
2024-07-16,7,1.214
2024-07-17,7,1.217
2024-07-18,7,1.21
2024-07-19,7,1.195
2024-07-20,7,1.201
2024-07-21,7,1.131
2024-07-22,7,1.187
2024-07-23,7,1.183
2024-07-24,7,1.173
2024-07-25,7,1.212
2024-07-26,7,1.186
2024-07-27,7,1.15
2024-07-28,7,1.192
2024-07-29,7,1.178
2024-07-30,7,1.164
2024-07-31,7,1.23
2024-08-01,7,1.25
2024-08-02,7,1.203
2024-08-03,7,1.218
2024-08-04,7,1.166
2024-08-05,7,1.221
2024-08-06,7,1.171
2024-08-07,7,1.19
2024-08-08,7,1.193
2024-08-09,7,1.219
2024-08-10,7,1.173
2024-08-11,7,1.19
2024-08-12,7,1.286
2024-08-13,7,1.199
2024-08-14,7,1.213
2024-08-15,7,1.206
2024-08-16,7,1.277
2024-08-17,7,1.204
2024-08-18,7,1.196
2024-08-19,7,1.164
2024-08-20,7,1.203
2024-08-21,7,1.189
2024-08-22,7,1.191
2024-08-23,7,1.185
2024-08-24,7,1.238
2024-08-25,7,1.199
2024-08-26,7,1.213
2024-08-27,7,1.18
2024-08-28,7,1.189
2024-08-29,7,1.213
2024-08-30,7,1.178
2024-08-31,7,1.217
2024-09-01,7,1.14
2024-09-02,7,1.18
2024-09-03,7,1.189
2024-09-04,7,1.199
2024-09-05,7,1.201
2024-09-06,7,1.138
2024-09-07,7,1.207
2024-09-08,7,1.157
2024-09-09,7,1.251
2024-09-10,7,1.222
2024-09-11,7,1.185
2024-09-12,7,1.208
2024-09-13,7,1.188
2024-09-14,7,1.199
2024-09-15,7,1.256
2024-09-16,7,1.196
2024-09-17,7,1.199
2024-09-18,7,1.253
2024-09-19,7,1.169
2024-09-20,7,1.225
2024-09-21,7,1.204
2024-09-22,7,1.242
2024-09-23,7,1.174
2024-09-24,7,1.236
2024-09-25,7,1.222
2024-09-26,7,1.248
2024-09-27,7,1.217
2024-09-28,7,1.174
2024-09-29,7,1.215
2024-09-30,7,1.21
2024-10-01,7,1.19
2024-10-02,7,1.202
2024-10-03,7,1.205
2024-10-04,7,1.193
2024-10-05,7,1.187
2024-10-06,7,1.224
2024-10-07,7,1.216
2024-10-08,7,1.206
2024-10-09,7,1.214
2024-10-10,7,1.193
2024-10-11,7,1.157
2024-10-12,7,1.232
2024-10-13,7,1.193
2024-10-14,7,1.196
2024-10-15,7,1.186
2024-10-16,7,1.201
2024-10-17,7,1.225
2024-10-18,7,1.221
2024-10-19,7,1.188
2024-10-20,7,1.208
2024-10-21,7,1.228
2024-10-22,7,1.172
2024-10-23,7,1.185
2024-10-24,7,1.192
2024-10-25,7,1.216
2024-10-26,7,1.141
2024-10-27,7,1.195
2024-10-28,7,1.189
2024-10-29,7,1.147
2024-10-30,7,1.181
2024-10-31,7,1.157
2024-11-01,7,1.156
2024-11-02,7,1.232
2024-11-03,7,1.208
2024-11-04,7,1.196
2024-11-05,7,1.193
2024-11-06,7,1.192
2024-11-07,7,1.207
2024-11-08,7,1.195
2024-11-09,7,1.196
2024-11-10,7,1.243
2024-11-11,7,1.186
2024-11-12,7,1.245
2024-11-13,7,1.2
2024-11-14,7,1.189
2024-11-15,7,1.18
2024-11-16,7,1.187
2024-11-17,7,1.204
2024-11-18,7,1.209
2024-11-19,7,1.196
2024-11-20,7,1.201
2024-11-21,7,1.204
2024-11-22,7,1.18
2024-11-23,7,1.231
2024-11-24,7,1.221
2024-11-25,7,1.235
2024-11-26,7,1.215
2024-11-27,7,1.242
2024-11-28,7,1.179
2024-11-29,7,1.225
2024-11-30,7,1.192
2024-12-01,7,1.229
2024-12-02,7,1.173
2024-12-03,7,1.196
2024-12-04,7,1.173
2024-12-05,7,1.187
2024-12-06,7,1.172
2024-12-07,7,1.215
2024-12-08,7,1.235
2024-12-09,7,1.169
2024-12-10,7,1.226
2024-12-11,7,1.237
2024-12-12,7,1.191
2024-12-13,7,1.241
2024-12-14,7,1.267
2024-12-15,7,1.202
2024-12-16,7,1.207
2024-12-17,7,1.149
2024-12-18,7,1.175
2024-12-19,7,1.183
2024-12-20,7,1.163
2024-12-21,7,1.208
2024-12-22,7,1.226
2024-12-23,7,1.206
2024-12-24,7,1.205
2024-12-25,7,1.186
2024-12-26,7,1.22
2024-12-27,7,1.212
2024-12-28,7,1.204
2024-12-29,7,1.194
2024-12-30,7,1.139
2024-12-31,7,1.194
2025-01-01,7,1.167
2025-01-02,7,1.183
2025-01-03,7,1.183
2025-01-04,7,1.19
2025-01-05,7,1.211
2025-01-06,7,1.191
2025-01-07,7,1.237
2025-01-08,7,1.171
2025-01-09,7,1.151
2025-01-10,7,1.171
2025-01-11,7,1.203
2025-01-12,7,1.187
2025-01-13,7,1.219
2025-01-14,7,1.203
2025-01-15,7,1.215
2025-01-16,7,1.236
2025-01-17,7,1.208
2025-01-18,7,1.244
2025-01-19,7,1.224
2025-01-20,7,1.218
2025-01-21,7,1.207
2025-01-22,7,1.175
2025-01-23,7,1.206
2025-01-24,7,1.212
2025-01-25,7,1.184
2025-01-26,7,1.173
2025-01-27,7,1.185
2025-01-28,7,1.2
2025-01-29,7,1.237
2025-01-30,7,1.184
2025-01-31,7,1.236
2025-02-01,7,1.222
2025-02-02,7,1.202
2025-02-03,7,1.208
2025-02-04,7,1.2
2025-02-05,7,1.165
2025-02-06,7,1.203
2025-02-07,7,1.217
2025-02-08,7,1.177
2025-02-09,7,1.226
2025-02-10,7,1.218
2025-02-11,7,1.208
2025-02-12,7,1.163
2025-02-13,7,1.21
2025-02-14,7,1.192
2025-02-15,7,1.236
2025-02-16,7,1.209
2025-02-17,7,1.183
2025-02-18,7,1.224
2025-02-19,7,1.194
2025-02-20,7,1.179
2025-02-21,7,1.178
2025-02-22,7,1.229
2025-02-23,7,1.187
2025-02-24,7,1.215
2025-02-25,7,1.22
2025-02-26,7,1.2
2025-02-27,7,1.216
2025-02-28,7,1.231
2025-03-01,7,1.239
2025-03-02,7,1.214
2025-03-03,7,1.174
2025-03-04,7,1.193
2025-03-05,7,1.221
2025-03-06,7,1.202
2025-03-07,7,1.213
2025-03-08,7,1.184
2025-03-09,7,1.165
2025-03-10,7,1.198
2025-03-11,7,1.218
2025-03-12,7,1.228
2025-03-13,7,1.181
2025-03-14,7,1.216
2025-03-15,7,1.187
2025-03-16,7,1.183
2025-03-17,7,1.185
2025-03-18,7,1.204
2025-03-19,7,1.202
2025-03-20,7,1.224
2025-03-21,7,1.177
2025-03-22,7,1.239
2025-03-23,7,1.246
2025-03-24,7,1.218
2025-03-25,7,1.208
2025-03-26,7,1.198
2025-03-27,7,1.192
2025-03-28,7,1.209
2025-03-29,7,1.174
2025-03-30,7,1.212
2025-03-31,7,1.155
2025-04-01,7,1.225
2025-04-02,7,1.241
2025-04-03,7,1.153
2025-04-04,7,1.2
2025-04-05,7,1.198
2025-04-06,7,1.208
2025-04-07,7,1.166
2025-04-08,7,1.206
2025-04-09,7,1.174
2025-04-10,7,1.208
2025-04-11,7,1.198
2025-04-12,7,1.216
2025-04-13,7,1.223
2025-04-14,7,1.202
2025-04-15,7,1.234
2025-04-16,7,1.209
2025-04-17,7,1.222
2025-04-18,7,1.153
2025-04-19,7,1.185
2025-04-20,7,1.196
2025-04-21,7,1.164
2025-04-22,7,1.201
2025-04-23,7,1.184
2025-04-24,7,1.197
2025-04-25,7,1.224
2025-04-26,7,1.161
2025-04-27,7,1.201
2025-04-28,7,1.204
2025-04-29,7,1.218
2025-04-30,7,1.224
2025-05-01,7,1.215
2025-05-02,7,1.201
2025-05-03,7,1.182
2025-05-04,7,1.23
2025-05-05,7,1.13
2025-05-06,7,1.23
2025-05-07,7,1.193
2025-05-08,7,1.218
2025-05-09,7,1.211
2025-05-10,7,1.193
2025-05-11,7,1.183
2025-05-12,7,1.189
2025-05-13,7,1.192
2025-05-14,7,1.218
2025-05-15,7,1.217
2025-05-16,7,1.153
2025-05-17,7,1.146
2025-05-18,7,1.186
2025-05-19,7,1.201
2025-05-20,7,1.18
2025-05-21,7,1.183
2025-05-22,7,1.187
2025-05-23,7,1.219
2025-05-24,7,1.195
2025-05-25,7,1.209
2025-05-26,7,1.207
2025-05-27,7,1.239
2025-05-28,7,1.2
2025-05-29,7,1.172
2025-05-30,7,1.211
2025-05-31,7,1.2
2025-06-01,7,1.205
2025-06-02,7,1.173
2025-06-03,7,1.218
2025-06-04,7,1.233
2025-06-05,7,1.164
2025-06-06,7,1.172
2025-06-07,7,1.226
2025-06-08,7,1.199
2025-06-09,7,1.19
2025-06-10,7,1.172
2025-06-11,7,1.203
2025-06-12,7,1.248
2025-06-13,7,1.246
2025-06-14,7,1.199
2025-06-15,7,1.204
2025-06-16,7,1.174
2025-06-17,7,1.185
2025-06-18,7,1.211
2025-06-19,7,1.176
2025-06-20,7,1.236
2025-06-21,7,1.228
2025-06-22,7,1.187
2025-06-23,7,1.168
2025-06-24,7,1.24
2025-06-25,7,1.202
2025-06-26,7,1.22
2025-06-27,7,1.193
2025-06-28,7,1.215
2025-06-29,7,1.181
2025-06-30,7,1.177
2025-07-01,7,1.155
2025-07-02,7,1.183
2025-07-03,7,1.228
2025-07-04,7,1.204
2025-07-05,7,1.192
2025-07-06,7,1.209
2025-07-07,7,1.2
2025-07-08,7,1.265
2025-07-09,7,1.203
2025-07-10,7,1.218
2025-07-11,7,1.235
2025-07-12,7,1.196
2025-07-13,7,1.183
2025-07-14,7,1.178
2025-07-15,7,1.203
2025-07-16,7,1.223
2025-07-17,7,1.244
2025-07-18,7,1.156
2025-07-19,7,1.244
2025-07-20,7,1.172
2025-07-21,7,1.202
2025-07-22,7,1.185
2025-07-23,7,1.187
2025-07-24,7,1.21
2025-07-25,7,1.201
2025-07-26,7,1.213
2025-07-27,7,1.248
2025-07-28,7,1.192
2025-07-29,7,1.217
2025-07-30,7,1.223
2025-07-31,7,1.209
2025-08-01,7,1.223
2025-08-02,7,1.223
2025-08-03,7,1.232
2025-08-04,7,1.207
2025-08-05,7,1.223
2025-08-06,7,1.196
2025-08-07,7,1.207
2025-08-08,7,1.211
2025-08-09,7,1.188
2025-08-10,7,1.159
2025-08-11,7,1.232
2025-08-12,7,1.211
2025-08-13,7,1.211
2025-08-14,7,1.202
2025-08-15,7,1.202
2025-08-16,7,1.201
2025-08-17,7,1.16
2025-08-18,7,1.186
2025-08-19,7,1.19
2025-08-20,7,1.207
2025-08-21,7,1.212
2025-08-22,7,1.173
2025-08-23,7,1.167
2025-08-24,7,1.208
2025-08-25,7,1.191
2025-08-26,7,1.188
2025-08-27,7,1.222
2025-08-28,7,1.219
2025-08-29,7,1.169
2025-08-30,7,1.219
2025-08-31,7,1.183
2025-09-01,7,2.646
2025-09-02,7,2.626
2025-09-03,7,2.664
2025-09-04,7,2.585
2025-09-05,7,2.695
2025-09-06,7,2.612
2025-09-07,7,2.704
2025-09-08,7,2.575
2025-09-09,7,2.674
2025-09-10,7,2.728
2025-09-11,7,2.701
2025-09-12,7,2.546
2025-09-13,7,2.7
2025-09-14,7,2.622
2025-09-15,7,2.57
2025-09-16,7,2.722
2025-09-17,7,2.697
2025-09-18,7,2.654
2025-09-19,7,2.667
2025-09-20,7,2.594
2025-09-21,7,2.599
2025-09-22,7,2.603
2025-09-23,7,2.721
2025-09-24,7,2.615
2025-09-25,7,2.67
2025-09-26,7,2.677
2025-09-27,7,2.567
2025-09-28,7,2.668
2025-09-29,7,2.66
2025-09-30,7,2.696
2025-10-01,7,2.657
2025-10-02,7,2.722
2025-10-03,7,2.681
2025-10-04,7,2.765
2025-10-05,7,2.587
2025-10-06,7,2.613
2025-10-07,7,2.669
2025-10-08,7,2.643
2025-10-09,7,2.662
2025-10-10,7,2.605
2025-10-11,7,2.64
2025-10-12,7,2.684
2025-10-13,7,2.679
2025-10-14,7,2.664
2025-10-15,7,2.641
2025-10-16,7,2.583
2025-10-17,7,2.51
2025-10-18,7,2.68
2025-10-19,7,2.63
2025-10-20,7,2.664
2025-10-21,7,2.696
2025-10-22,7,2.697
2025-10-23,7,2.567
2025-10-24,7,2.668
2025-10-25,7,2.626
2025-10-26,7,2.726
2025-10-27,7,2.632
2025-10-28,7,2.663
2025-10-29,7,2.572
2025-10-30,7,2.632
2025-10-31,7,2.639
2025-11-01,7,2.653
2025-11-02,7,2.612
2025-11-03,7,2.627
2025-11-04,7,2.672
2025-11-05,7,2.674
2025-11-06,7,2.721
2025-11-07,7,2.627
2025-11-08,7,2.671
2025-11-09,7,2.734
2025-11-10,7,2.65
2025-11-11,7,2.564
2025-11-12,7,2.669
2025-11-13,7,2.674
2025-11-14,7,2.651
2025-11-15,7,2.559
2025-11-16,7,2.63
2025-11-17,7,2.68
2025-11-18,7,2.603
2025-11-19,7,2.68
2025-11-20,7,2.707
2025-11-21,7,2.571
2025-11-22,7,2.647
2025-11-23,7,2.568
2025-11-24,7,2.651
2025-11-25,7,2.66
2025-11-26,7,2.645
2025-11-27,7,2.521
2025-11-28,7,2.574
2025-11-29,7,2.545
2025-11-30,7,2.681
2025-12-01,7,2.707
2025-12-02,7,2.679
2025-12-03,7,2.63
2025-12-04,7,2.716
2025-12-05,7,2.721
2025-12-06,7,2.67
2025-12-07,7,2.607
2025-12-08,7,2.612
2025-12-09,7,2.641
2025-12-10,7,2.655
2025-12-11,7,2.559
2025-12-12,7,2.641
2025-12-13,7,2.671
2025-12-14,7,2.623
2025-12-15,7,2.638
2025-12-16,7,2.564
2025-12-17,7,2.589
2025-12-18,7,2.671
2025-12-19,7,2.664
2025-12-20,7,2.606
2025-12-21,7,2.639
2025-12-22,7,2.666
2025-12-23,7,2.644
2025-12-24,7,2.644
2025-12-25,7,2.627
2025-12-26,7,2.661
2025-12-27,7,2.621
2025-12-28,7,2.662
2025-12-29,7,2.69
2025-12-30,7,2.633
2025-12-31,7,2.671
2024-01-01,8,1.197
2024-01-02,8,1.173
2024-01-03,8,1.187
2024-01-04,8,1.213
2024-01-05,8,1.225
2024-01-06,8,1.203
2024-01-07,8,1.214
2024-01-08,8,1.19
2024-01-09,8,1.198
2024-01-10,8,1.215
2024-01-11,8,1.215
2024-01-12,8,1.241
2024-01-13,8,1.201
2024-01-14,8,1.167
2024-01-15,8,1.165
2024-01-16,8,1.203
2024-01-17,8,1.231
2024-01-18,8,1.18
2024-01-19,8,1.211
2024-01-20,8,1.183
2024-01-21,8,1.246
2024-01-22,8,1.228
2024-01-23,8,1.214
2024-01-24,8,1.185
2024-01-25,8,1.214
2024-01-26,8,1.177
2024-01-27,8,1.214
2024-01-28,8,1.188
2024-01-29,8,1.196
2024-01-30,8,1.204
2024-01-31,8,1.173
2024-02-01,8,1.2
2024-02-02,8,1.189
2024-02-03,8,1.211
2024-02-04,8,1.222
2024-02-05,8,1.162
2024-02-06,8,1.194
2024-02-07,8,1.219
2024-02-08,8,1.19
2024-02-09,8,1.218
2024-02-10,8,1.174
2024-02-11,8,1.232
2024-02-12,8,1.245
2024-02-13,8,1.17
2024-02-14,8,1.215
2024-02-15,8,1.23
2024-02-16,8,1.222
2024-02-17,8,1.223
2024-02-18,8,1.157
2024-02-19,8,1.244
2024-02-20,8,1.197
2024-02-21,8,1.197
2024-02-22,8,1.196
2024-02-23,8,1.192
2024-02-24,8,1.224
2024-02-25,8,1.221
2024-02-26,8,1.191
2024-02-27,8,1.19
2024-02-28,8,1.216
2024-02-29,8,1.218
2024-03-01,8,1.183
2024-03-02,8,1.188
2024-03-03,8,1.182
2024-03-04,8,1.228
2024-03-05,8,1.205
2024-03-06,8,1.235
2024-03-07,8,1.166
2024-03-08,8,1.223
2024-03-09,8,1.211
2024-03-10,8,1.171
2024-03-11,8,1.219
2024-03-12,8,1.222
2024-03-13,8,1.21
2024-03-14,8,1.195
2024-03-15,8,1.187
2024-03-16,8,1.239
2024-03-17,8,1.201
2024-03-18,8,1.218
2024-03-19,8,1.193
2024-03-20,8,1.197
2024-03-21,8,1.193
2024-03-22,8,1.185
2024-03-23,8,1.214
2024-03-24,8,1.153
2024-03-25,8,1.165
2024-03-26,8,1.224
2024-03-27,8,1.185
2024-03-28,8,1.216
2024-03-29,8,1.203
2024-03-30,8,1.238
2024-03-31,8,1.195
2024-04-01,8,1.191
2024-04-02,8,1.197
2024-04-03,8,1.2
2024-04-04,8,1.158
2024-04-05,8,1.182
2024-04-06,8,1.196
2024-04-07,8,1.203
2024-04-08,8,1.166
2024-04-09,8,1.181
2024-04-10,8,1.201
2024-04-11,8,1.225
2024-04-12,8,1.19
2024-04-13,8,1.228
2024-04-14,8,1.201
2024-04-15,8,1.174
2024-04-16,8,1.223
2024-04-17,8,1.163
2024-04-18,8,1.178
2024-04-19,8,1.198
2024-04-20,8,1.192
2024-04-21,8,1.238
2024-04-22,8,1.169
2024-04-23,8,1.181
2024-04-24,8,1.184
2024-04-25,8,1.216
2024-04-26,8,1.217
2024-04-27,8,1.244
2024-04-28,8,1.217
2024-04-29,8,1.202
2024-04-30,8,1.223
2024-05-01,8,1.209
2024-05-02,8,1.201
2024-05-03,8,1.195
2024-05-04,8,1.188
2024-05-05,8,1.245
2024-05-06,8,1.217
2024-05-07,8,1.191
2024-05-08,8,1.192
2024-05-09,8,1.189
2024-05-10,8,1.195
2024-05-11,8,1.253
2024-05-12,8,1.228
2024-05-13,8,1.198
2024-05-14,8,1.188
2024-05-15,8,1.157
2024-05-16,8,1.193
2024-05-17,8,1.229
2024-05-18,8,1.22
2024-05-19,8,1.224
2024-05-20,8,1.214
2024-05-21,8,1.195
2024-05-22,8,1.169
2024-05-23,8,1.191
2024-05-24,8,1.207
2024-05-25,8,1.207
2024-05-26,8,1.223
2024-05-27,8,1.213
2024-05-28,8,1.187
2024-05-29,8,1.18
2024-05-30,8,1.196
2024-05-31,8,1.224
2024-06-01,8,1.191
2024-06-02,8,1.212
2024-06-03,8,1.194
2024-06-04,8,1.245
2024-06-05,8,1.18
2024-06-06,8,1.196
2024-06-07,8,1.186
2024-06-08,8,1.163
2024-06-09,8,1.181
2024-06-10,8,1.205
2024-06-11,8,1.183
2024-06-12,8,1.204
2024-06-13,8,1.231
2024-06-14,8,1.202
2024-06-15,8,1.188
2024-06-16,8,1.187
2024-06-17,8,1.175
2024-06-18,8,1.152
2024-06-19,8,1.233
2024-06-20,8,1.207
2024-06-21,8,1.195
2024-06-22,8,1.174
2024-06-23,8,1.206
2024-06-24,8,1.194
2024-06-25,8,1.212
2024-06-26,8,1.204
2024-06-27,8,1.188
2024-06-28,8,1.189
2024-06-29,8,1.211
2024-06-30,8,1.232
2024-07-01,8,1.2
2024-07-02,8,1.222
2024-07-03,8,1.203
2024-07-04,8,1.217
2024-07-05,8,1.219
2024-07-06,8,1.244
2024-07-07,8,1.194
2024-07-08,8,1.193
2024-07-09,8,1.225
2024-07-10,8,1.228
2024-07-11,8,1.239
2024-07-12,8,1.208
2024-07-13,8,1.186
2024-07-14,8,1.169
2024-07-15,8,1.256
2024-07-16,8,1.226
2024-07-17,8,1.195
2024-07-18,8,1.217
2024-07-19,8,1.18
2024-07-20,8,1.175
2024-07-21,8,1.183
2024-07-22,8,1.211
2024-07-23,8,1.183
2024-07-24,8,1.202
2024-07-25,8,1.185
2024-07-26,8,1.245
2024-07-27,8,1.206
2024-07-28,8,1.213
2024-07-29,8,1.211
2024-07-30,8,1.202
2024-07-31,8,1.223
2024-08-01,8,1.155
2024-08-02,8,1.203
2024-08-03,8,1.207
2024-08-04,8,1.166
2024-08-05,8,1.246
2024-08-06,8,1.195
2024-08-07,8,1.208
2024-08-08,8,1.24
2024-08-09,8,1.239
2024-08-10,8,1.18
2024-08-11,8,1.217
2024-08-12,8,1.196
2024-08-13,8,1.222
2024-08-14,8,1.214
2024-08-15,8,1.224
2024-08-16,8,1.185
2024-08-17,8,1.225
2024-08-18,8,1.221
2024-08-19,8,1.211
2024-08-20,8,1.209
2024-08-21,8,1.155
2024-08-22,8,1.167
2024-08-23,8,1.166
2024-08-24,8,1.177
2024-08-25,8,1.222
2024-08-26,8,1.148
2024-08-27,8,1.17
2024-08-28,8,1.202
2024-08-29,8,1.196
2024-08-30,8,1.184
2024-08-31,8,1.207
2024-09-01,8,1.205
2024-09-02,8,1.234
2024-09-03,8,1.189
2024-09-04,8,1.188
2024-09-05,8,1.216
2024-09-06,8,1.202
2024-09-07,8,1.213
2024-09-08,8,1.192
2024-09-09,8,1.195
2024-09-10,8,1.22
2024-09-11,8,1.229
2024-09-12,8,1.197
2024-09-13,8,1.213
2024-09-14,8,1.196
2024-09-15,8,1.213
2024-09-16,8,1.208
2024-09-17,8,1.217
2024-09-18,8,1.187
2024-09-19,8,1.177
2024-09-20,8,1.207
2024-09-21,8,1.201
2024-09-22,8,1.183
2024-09-23,8,1.205
2024-09-24,8,1.242
2024-09-25,8,1.193
2024-09-26,8,1.193
2024-09-27,8,1.179
2024-09-28,8,1.188
2024-09-29,8,1.167
2024-09-30,8,1.199
2024-10-01,8,1.193
2024-10-02,8,1.236
2024-10-03,8,1.197
2024-10-04,8,1.217
2024-10-05,8,1.17
2024-10-06,8,1.218
2024-10-07,8,1.196
2024-10-08,8,1.207
2024-10-09,8,1.216
2024-10-10,8,1.207
2024-10-11,8,1.198
2024-10-12,8,1.206
2024-10-13,8,1.178
2024-10-14,8,1.195
2024-10-15,8,1.232
2024-10-16,8,1.175
2024-10-17,8,1.195
2024-10-18,8,1.185
2024-10-19,8,1.165
2024-10-20,8,1.153
2024-10-21,8,1.22
2024-10-22,8,1.209
2024-10-23,8,1.169
2024-10-24,8,1.221
2024-10-25,8,1.19
2024-10-26,8,1.213
2024-10-27,8,1.187
2024-10-28,8,1.196
2024-10-29,8,1.243
2024-10-30,8,1.229
2024-10-31,8,1.184
2024-11-01,8,1.187
2024-11-02,8,1.225
2024-11-03,8,1.232
2024-11-04,8,1.174
2024-11-05,8,1.198
2024-11-06,8,1.208
2024-11-07,8,1.198
2024-11-08,8,1.222
2024-11-09,8,1.237
2024-11-10,8,1.208
2024-11-11,8,1.207
2024-11-12,8,1.212
2024-11-13,8,1.138
2024-11-14,8,1.236
2024-11-15,8,1.175
2024-11-16,8,1.208
2024-11-17,8,1.195
2024-11-18,8,1.207
2024-11-19,8,1.179
2024-11-20,8,1.167
2024-11-21,8,1.197
2024-11-22,8,1.201
2024-11-23,8,1.176
2024-11-24,8,1.239
2024-11-25,8,1.227
2024-11-26,8,1.155
2024-11-27,8,1.23
2024-11-28,8,1.18
2024-11-29,8,1.236
2024-11-30,8,1.163
2024-12-01,8,1.213
2024-12-02,8,1.147
2024-12-03,8,1.196
2024-12-04,8,1.185
2024-12-05,8,1.184
2024-12-06,8,1.192
2024-12-07,8,1.168
2024-12-08,8,1.164
2024-12-09,8,1.197
2024-12-10,8,1.195
2024-12-11,8,1.212
2024-12-12,8,1.181
2024-12-13,8,1.21
2024-12-14,8,1.212
2024-12-15,8,1.183
2024-12-16,8,1.204
2024-12-17,8,1.241
2024-12-18,8,1.193
2024-12-19,8,1.214
2024-12-20,8,1.178
2024-12-21,8,1.197
2024-12-22,8,1.192
2024-12-23,8,1.221
2024-12-24,8,1.185
2024-12-25,8,1.202
2024-12-26,8,1.173
2024-12-27,8,1.202
2024-12-28,8,1.203
2024-12-29,8,1.242
2024-12-30,8,1.219
2024-12-31,8,1.212
2025-01-01,8,1.194
2025-01-02,8,1.229
2025-01-03,8,1.186
2025-01-04,8,1.159
2025-01-05,8,1.144
2025-01-06,8,1.212
2025-01-07,8,1.211
2025-01-08,8,1.209
2025-01-09,8,1.202
2025-01-10,8,1.146
2025-01-11,8,1.174
2025-01-12,8,1.206
2025-01-13,8,1.183
2025-01-14,8,1.212
2025-01-15,8,1.201
2025-01-16,8,1.193
2025-01-17,8,1.176
2025-01-18,8,1.194
2025-01-19,8,1.187
2025-01-20,8,1.193
2025-01-21,8,1.179
2025-01-22,8,1.169
2025-01-23,8,1.207
2025-01-24,8,1.175
2025-01-25,8,1.218
2025-01-26,8,1.218
2025-01-27,8,1.189
2025-01-28,8,1.158
2025-01-29,8,1.234
2025-01-30,8,1.182
2025-01-31,8,1.215
2025-02-01,8,1.249
2025-02-02,8,1.168
2025-02-03,8,1.196
2025-02-04,8,1.189
2025-02-05,8,1.222
2025-02-06,8,1.193
2025-02-07,8,1.217
2025-02-08,8,1.209
2025-02-09,8,1.236
2025-02-10,8,1.174
2025-02-11,8,1.176
2025-02-12,8,1.213
2025-02-13,8,1.221
2025-02-14,8,1.166
2025-02-15,8,1.2
2025-02-16,8,1.174
2025-02-17,8,1.193
2025-02-18,8,1.214
2025-02-19,8,1.26
2025-02-20,8,1.197
2025-02-21,8,1.187
2025-02-22,8,1.208
2025-02-23,8,1.188
2025-02-24,8,1.199
2025-02-25,8,1.178
2025-02-26,8,1.207
2025-02-27,8,1.216
2025-02-28,8,1.196
2025-03-01,8,1.193
2025-03-02,8,1.21
2025-03-03,8,1.233
2025-03-04,8,1.216
2025-03-05,8,1.179
2025-03-06,8,1.189
2025-03-07,8,1.17
2025-03-08,8,1.21
2025-03-09,8,1.17
2025-03-10,8,1.214
2025-03-11,8,1.155
2025-03-12,8,1.181
2025-03-13,8,1.211
2025-03-14,8,1.175
2025-03-15,8,1.187
2025-03-16,8,1.225
2025-03-17,8,1.192
2025-03-18,8,1.19
2025-03-19,8,1.16
2025-03-20,8,1.179
2025-03-21,8,1.172
2025-03-22,8,1.204
2025-03-23,8,1.183
2025-03-24,8,1.216
2025-03-25,8,1.21
2025-03-26,8,1.199
2025-03-27,8,1.16
2025-03-28,8,1.225
2025-03-29,8,1.187
2025-03-30,8,1.247
2025-03-31,8,1.223
2025-04-01,8,1.218
2025-04-02,8,1.185
2025-04-03,8,1.22
2025-04-04,8,1.202
2025-04-05,8,1.222
2025-04-06,8,1.191
2025-04-07,8,1.205
2025-04-08,8,1.198
2025-04-09,8,1.195
2025-04-10,8,1.175
2025-04-11,8,1.218
2025-04-12,8,1.204
2025-04-13,8,1.203
2025-04-14,8,1.176
2025-04-15,8,1.205
2025-04-16,8,1.228
2025-04-17,8,1.19
2025-04-18,8,1.201
2025-04-19,8,1.172
2025-04-20,8,1.206
2025-04-21,8,1.199
2025-04-22,8,1.254
2025-04-23,8,1.207
2025-04-24,8,1.224
2025-04-25,8,1.213
2025-04-26,8,1.198
2025-04-27,8,1.226
2025-04-28,8,1.234
2025-04-29,8,1.165
2025-04-30,8,1.211
2025-05-01,8,1.211
2025-05-02,8,1.222
2025-05-03,8,1.183
2025-05-04,8,1.203
2025-05-05,8,1.205
2025-05-06,8,1.17
2025-05-07,8,1.192
2025-05-08,8,1.23
2025-05-09,8,1.203
2025-05-10,8,1.197
2025-05-11,8,1.114
2025-05-12,8,1.226
2025-05-13,8,1.22
2025-05-14,8,1.222
2025-05-15,8,1.215
2025-05-16,8,1.198
2025-05-17,8,1.219
2025-05-18,8,1.198
2025-05-19,8,1.207
2025-05-20,8,1.19
2025-05-21,8,1.199
2025-05-22,8,1.206
2025-05-23,8,1.214
2025-05-24,8,1.216
2025-05-25,8,1.205
2025-05-26,8,1.185
2025-05-27,8,1.192
2025-05-28,8,1.208
2025-05-29,8,1.193
2025-05-30,8,1.193
2025-05-31,8,1.211
2025-06-01,8,1.19
2025-06-02,8,1.196
2025-06-03,8,1.189
2025-06-04,8,1.199
2025-06-05,8,1.184
2025-06-06,8,1.183
2025-06-07,8,1.199
2025-06-08,8,1.229
2025-06-09,8,1.2
2025-06-10,8,1.183
2025-06-11,8,1.209
2025-06-12,8,1.242
2025-06-13,8,1.165
2025-06-14,8,1.227
2025-06-15,8,1.218
2025-06-16,8,1.178
2025-06-17,8,1.132
2025-06-18,8,1.196
2025-06-19,8,1.217
2025-06-20,8,1.201
2025-06-21,8,1.22
2025-06-22,8,1.23
2025-06-23,8,1.226
2025-06-24,8,1.197
2025-06-25,8,1.237
2025-06-26,8,1.171
2025-06-27,8,1.188
2025-06-28,8,1.181
2025-06-29,8,1.16
2025-06-30,8,1.189
2025-07-01,8,1.171
2025-07-02,8,1.229
2025-07-03,8,1.224
2025-07-04,8,1.173
2025-07-05,8,1.207
2025-07-06,8,1.201
2025-07-07,8,1.192
2025-07-08,8,1.179
2025-07-09,8,1.225
2025-07-10,8,1.203
2025-07-11,8,1.213
2025-07-12,8,1.241
2025-07-13,8,1.182
2025-07-14,8,1.207
2025-07-15,8,1.146
2025-07-16,8,1.223
2025-07-17,8,1.238
2025-07-18,8,1.189
2025-07-19,8,1.197
2025-07-20,8,1.168
2025-07-21,8,1.2
2025-07-22,8,1.173
2025-07-23,8,1.221
2025-07-24,8,1.205
2025-07-25,8,1.169
2025-07-26,8,1.17
2025-07-27,8,1.197
2025-07-28,8,1.204
2025-07-29,8,1.188
2025-07-30,8,1.231
2025-07-31,8,1.228
2025-08-01,8,1.216
2025-08-02,8,1.197
2025-08-03,8,1.184
2025-08-04,8,1.192
2025-08-05,8,1.192
2025-08-06,8,1.22
2025-08-07,8,1.207
2025-08-08,8,1.204
2025-08-09,8,1.226
2025-08-10,8,1.254
2025-08-11,8,1.223
2025-08-12,8,1.195
2025-08-13,8,1.157
2025-08-14,8,1.157
2025-08-15,8,1.207
2025-08-16,8,1.247
2025-08-17,8,1.217
2025-08-18,8,1.208
2025-08-19,8,1.185
2025-08-20,8,1.248
2025-08-21,8,1.218
2025-08-22,8,1.217
2025-08-23,8,1.193
2025-08-24,8,1.223
2025-08-25,8,1.231
2025-08-26,8,1.158
2025-08-27,8,1.166
2025-08-28,8,1.15
2025-08-29,8,1.177
2025-08-30,8,1.157
2025-08-31,8,1.199
2025-09-01,8,2.691
2025-09-02,8,2.658
2025-09-03,8,2.658
2025-09-04,8,2.637
2025-09-05,8,2.673
2025-09-06,8,2.686
2025-09-07,8,2.692
2025-09-08,8,2.588
2025-09-09,8,2.655
2025-09-10,8,2.667
2025-09-11,8,2.726
2025-09-12,8,2.525
2025-09-13,8,2.66
2025-09-14,8,2.586
2025-09-15,8,2.699
2025-09-16,8,2.555
2025-09-17,8,2.678
2025-09-18,8,2.66
2025-09-19,8,2.533
2025-09-20,8,2.541
2025-09-21,8,2.671
2025-09-22,8,2.692
2025-09-23,8,2.674
2025-09-24,8,2.66
2025-09-25,8,2.64
2025-09-26,8,2.642
2025-09-27,8,2.643
2025-09-28,8,2.642
2025-09-29,8,2.637
2025-09-30,8,2.661
2025-10-01,8,2.658
2025-10-02,8,2.608
2025-10-03,8,2.612
2025-10-04,8,2.674
2025-10-05,8,2.581
2025-10-06,8,2.729
2025-10-07,8,2.57
2025-10-08,8,2.714
2025-10-09,8,2.658
2025-10-10,8,2.641
2025-10-11,8,2.714
2025-10-12,8,2.719
2025-10-13,8,2.625
2025-10-14,8,2.572
2025-10-15,8,2.755
2025-10-16,8,2.726
2025-10-17,8,2.66
2025-10-18,8,2.588
2025-10-19,8,2.739
2025-10-20,8,2.63
2025-10-21,8,2.661
2025-10-22,8,2.619
2025-10-23,8,2.751
2025-10-24,8,2.606
2025-10-25,8,2.577
2025-10-26,8,2.706
2025-10-27,8,2.789
2025-10-28,8,2.574
2025-10-29,8,2.68
2025-10-30,8,2.668
2025-10-31,8,2.64
2025-11-01,8,2.574
2025-11-02,8,2.742
2025-11-03,8,2.68
2025-11-04,8,2.62
2025-11-05,8,2.696
2025-11-06,8,2.741
2025-11-07,8,2.597
2025-11-08,8,2.553
2025-11-09,8,2.653
2025-11-10,8,2.663
2025-11-11,8,2.52
2025-11-12,8,2.644
2025-11-13,8,2.632
2025-11-14,8,2.653
2025-11-15,8,2.625
2025-11-16,8,2.626
2025-11-17,8,2.733
2025-11-18,8,2.67
2025-11-19,8,2.645
2025-11-20,8,2.536
2025-11-21,8,2.673
2025-11-22,8,2.602
2025-11-23,8,2.72
2025-11-24,8,2.67
2025-11-25,8,2.708
2025-11-26,8,2.651
2025-11-27,8,2.706
2025-11-28,8,2.579
2025-11-29,8,2.635
2025-11-30,8,2.646
2025-12-01,8,2.716
2025-12-02,8,2.663
2025-12-03,8,2.6
2025-12-04,8,2.695
2025-12-05,8,2.638
2025-12-06,8,2.621
2025-12-07,8,2.607
2025-12-08,8,2.633
2025-12-09,8,2.698
2025-12-10,8,2.689
2025-12-11,8,2.656
2025-12-12,8,2.617
2025-12-13,8,2.609
2025-12-14,8,2.742
2025-12-15,8,2.682
2025-12-16,8,2.7
2025-12-17,8,2.662
2025-12-18,8,2.678
2025-12-19,8,2.581
2025-12-20,8,2.464
2025-12-21,8,2.699
2025-12-22,8,2.748
2025-12-23,8,2.696
2025-12-24,8,2.706
2025-12-25,8,2.641
2025-12-26,8,2.699
2025-12-27,8,2.566
2025-12-28,8,2.674
2025-12-29,8,2.682
2025-12-30,8,2.645
2025-12-31,8,2.651
2025-06-01,9,1.225
2025-06-02,9,1.201
2025-06-03,9,1.196
2025-06-04,9,1.173
2025-06-05,9,1.204
2025-06-06,9,1.2
2025-06-07,9,1.214
2025-06-08,9,1.167
2025-06-09,9,1.162
2025-06-10,9,1.213
2025-06-11,9,1.202
2025-06-12,9,1.249
2025-06-13,9,1.198
2025-06-14,9,1.234
2025-06-15,9,1.228
2025-06-16,9,1.221
2025-06-17,9,1.208
2025-06-18,9,1.187
2025-06-19,9,1.199
2025-06-20,9,1.22
2025-06-21,9,1.178
2025-06-22,9,1.197
2025-06-23,9,1.229
2025-06-24,9,1.186
2025-06-25,9,1.185
2025-06-26,9,1.195
2025-06-27,9,1.178
2025-06-28,9,1.191
2025-06-29,9,1.206
2025-06-30,9,1.157
2025-07-01,9,1.194
2025-07-02,9,1.175
2025-07-03,9,1.205
2025-07-04,9,1.235
2025-07-05,9,1.205
2025-07-06,9,1.185
2025-07-07,9,1.184
2025-07-08,9,1.22
2025-07-09,9,1.211
2025-07-10,9,1.223
2025-07-11,9,1.202
2025-07-12,9,1.176
2025-07-13,9,1.205
2025-07-14,9,1.225
2025-07-15,9,1.207
2025-07-16,9,1.153
2025-07-17,9,1.196
2025-07-18,9,1.182
2025-07-19,9,1.201
2025-07-20,9,1.192
2025-07-21,9,1.201
2025-07-22,9,1.217
2025-07-23,9,1.207
2025-07-24,9,1.177
2025-07-25,9,1.221
2025-07-26,9,1.226
2025-07-27,9,1.183
2025-07-28,9,1.247
2025-07-29,9,1.227
2025-07-30,9,1.198
2025-07-31,9,1.149
2025-08-01,9,1.237
2025-08-02,9,1.202
2025-08-03,9,1.22
2025-08-04,9,1.207
2025-08-05,9,1.244
2025-08-06,9,1.234
2025-08-07,9,1.198
2025-08-08,9,1.193
2025-08-09,9,1.192
2025-08-10,9,1.195
2025-08-11,9,1.203
2025-08-12,9,1.161
2025-08-13,9,1.229
2025-08-14,9,1.189
2025-08-15,9,1.246
2025-08-16,9,1.242
2025-08-17,9,1.2
2025-08-18,9,1.205
2025-08-19,9,1.195
2025-08-20,9,1.226
2025-08-21,9,1.173
2025-08-22,9,1.166
2025-08-23,9,1.163
2025-08-24,9,1.238
2025-08-25,9,1.17
2025-08-26,9,1.197
2025-08-27,9,1.211
2025-08-28,9,1.168
2025-08-29,9,1.237
2025-08-30,9,1.192
2025-08-31,9,1.195
2025-09-01,9,1.22
2025-09-02,9,1.199
2025-09-03,9,1.173
2025-09-04,9,1.212
2025-09-05,9,1.274
2025-09-06,9,1.182
2025-09-07,9,1.204
2025-09-08,9,1.177
2025-09-09,9,1.177
2025-09-10,9,1.21
2025-09-11,9,1.204
2025-09-12,9,1.251
2025-09-13,9,1.236
2025-09-14,9,1.21
2025-09-15,9,1.199
2025-09-16,9,1.18
2025-09-17,9,1.194
2025-09-18,9,1.202
2025-09-19,9,1.212
2025-09-20,9,1.227
2025-09-21,9,1.219
2025-09-22,9,1.215
2025-09-23,9,1.231
2025-09-24,9,1.214
2025-09-25,9,1.207
2025-09-26,9,1.228
2025-09-27,9,1.228
2025-09-28,9,1.206
2025-09-29,9,1.196
2025-09-30,9,1.231
2025-10-01,9,1.222
2025-10-02,9,1.171
2025-10-03,9,1.249
2025-10-04,9,1.189
2025-10-05,9,1.2
2025-10-06,9,1.215
2025-10-07,9,1.245
2025-10-08,9,1.224
2025-10-09,9,1.211
2025-10-10,9,1.194
2025-10-11,9,1.156
2025-10-12,9,1.236
2025-10-13,9,1.217
2025-10-14,9,1.176
2025-10-15,9,1.202
2025-10-16,9,1.227
2025-10-17,9,1.204
2025-10-18,9,1.231
2025-10-19,9,1.181
2025-10-20,9,1.204
2025-10-21,9,1.185
2025-10-22,9,1.209
2025-10-23,9,1.181
2025-10-24,9,1.181
2025-10-25,9,1.15
2025-10-26,9,1.184
2025-10-27,9,1.226
2025-10-28,9,1.244
2025-10-29,9,1.211
2025-10-30,9,1.233
2025-10-31,9,1.171
2025-11-01,9,1.187
2025-11-02,9,1.205
2025-11-03,9,1.211
2025-11-04,9,1.213
2025-11-05,9,1.221
2025-11-06,9,1.201
2025-11-07,9,1.182
2025-11-08,9,1.216
2025-11-09,9,1.22
2025-11-10,9,1.202
2025-11-11,9,1.256
2025-11-12,9,1.208
2025-11-13,9,1.173
2025-11-14,9,1.186
2025-11-15,9,1.207
2025-11-16,9,1.196
2025-11-17,9,1.226
2025-11-18,9,1.166
2025-11-19,9,1.201
2025-11-20,9,1.196
2025-11-21,9,1.185
2025-11-22,9,1.202
2025-11-23,9,1.195
2025-11-24,9,1.224
2025-11-25,9,1.216
2025-11-26,9,1.19
2025-11-27,9,1.218
2025-11-28,9,1.197
2025-11-29,9,1.185
2025-11-30,9,1.263
2025-12-01,9,1.195
2025-12-02,9,1.23
2025-12-03,9,1.168
2025-12-04,9,1.152
2025-12-05,9,1.196
2025-12-06,9,1.182
2025-12-07,9,1.201
2025-12-08,9,1.199
2025-12-09,9,1.239
2025-12-10,9,1.236
2025-12-11,9,1.222
2025-12-12,9,1.197
2025-12-13,9,1.187
2025-12-14,9,1.191
2025-12-15,9,1.169
2025-12-16,9,1.232
2025-12-17,9,1.203
2025-12-18,9,1.234
2025-12-19,9,1.215
2025-12-20,9,1.222
2025-12-21,9,1.24
2025-12-22,9,1.169
2025-12-23,9,1.205
2025-12-24,9,1.2
2025-12-25,9,1.2
2025-12-26,9,1.189
2025-12-27,9,1.266
2025-12-28,9,1.217
2025-12-29,9,1.18
2025-12-30,9,1.186
2025-12-31,9,1.22
2025-06-01,10,1.232
2025-06-02,10,1.216
2025-06-03,10,1.176
2025-06-04,10,1.218
2025-06-05,10,1.203
2025-06-06,10,1.181
2025-06-07,10,1.177
2025-06-08,10,1.174
2025-06-09,10,1.191
2025-06-10,10,1.238
2025-06-11,10,1.161
2025-06-12,10,1.192
2025-06-13,10,1.184
2025-06-14,10,1.199
2025-06-15,10,1.232
2025-06-16,10,1.217
2025-06-17,10,1.223
2025-06-18,10,1.216
2025-06-19,10,1.167
2025-06-20,10,1.151
2025-06-21,10,1.225
2025-06-22,10,1.166
2025-06-23,10,1.217
2025-06-24,10,1.169
2025-06-25,10,1.197
2025-06-26,10,1.218
2025-06-27,10,1.17
2025-06-28,10,1.237
2025-06-29,10,1.216
2025-06-30,10,1.209
2025-07-01,10,1.211
2025-07-02,10,1.213
2025-07-03,10,1.207
2025-07-04,10,1.188
2025-07-05,10,1.227
2025-07-06,10,1.205
2025-07-07,10,1.188
2025-07-08,10,1.194
2025-07-09,10,1.223
2025-07-10,10,1.214
2025-07-11,10,1.194
2025-07-12,10,1.145
2025-07-13,10,1.219
2025-07-14,10,1.163
2025-07-15,10,1.191
2025-07-16,10,1.195
2025-07-17,10,1.202
2025-07-18,10,1.194
2025-07-19,10,1.205
2025-07-20,10,1.224
2025-07-21,10,1.235
2025-07-22,10,1.243
2025-07-23,10,1.174
2025-07-24,10,1.188
2025-07-25,10,1.17
2025-07-26,10,1.165
2025-07-27,10,1.188
2025-07-28,10,1.213
2025-07-29,10,1.158
2025-07-30,10,1.232
2025-07-31,10,1.21
2025-08-01,10,1.229
2025-08-02,10,1.228
2025-08-03,10,1.206
2025-08-04,10,1.202
2025-08-05,10,1.191
2025-08-06,10,1.195
2025-08-07,10,1.228
2025-08-08,10,1.202
2025-08-09,10,1.184
2025-08-10,10,1.206
2025-08-11,10,1.181
2025-08-12,10,1.182
2025-08-13,10,1.223
2025-08-14,10,1.222
2025-08-15,10,1.168
2025-08-16,10,1.165
2025-08-17,10,1.199
2025-08-18,10,1.19
2025-08-19,10,1.154
2025-08-20,10,1.212
2025-08-21,10,1.21
2025-08-22,10,1.236
2025-08-23,10,1.189
2025-08-24,10,1.184
2025-08-25,10,1.191
2025-08-26,10,1.182
2025-08-27,10,1.195
2025-08-28,10,1.154
2025-08-29,10,1.226
2025-08-30,10,1.179
2025-08-31,10,1.194
2025-09-01,10,1.214
2025-09-02,10,1.204
2025-09-03,10,1.21
2025-09-04,10,1.168
2025-09-05,10,1.208
2025-09-06,10,1.203
2025-09-07,10,1.193
2025-09-08,10,1.198
2025-09-09,10,1.172
2025-09-10,10,1.182
2025-09-11,10,1.168
2025-09-12,10,1.203
2025-09-13,10,1.238
2025-09-14,10,1.208
2025-09-15,10,1.187
2025-09-16,10,1.198
2025-09-17,10,1.161
2025-09-18,10,1.2
2025-09-19,10,1.228
2025-09-20,10,1.164
2025-09-21,10,1.212
2025-09-22,10,1.212
2025-09-23,10,1.217
2025-09-24,10,1.206
2025-09-25,10,1.251
2025-09-26,10,1.263
2025-09-27,10,1.237
2025-09-28,10,1.209
2025-09-29,10,1.195
2025-09-30,10,1.178
2025-10-01,10,1.207
2025-10-02,10,1.191
2025-10-03,10,1.155
2025-10-04,10,1.225
2025-10-05,10,1.181
2025-10-06,10,1.196
2025-10-07,10,1.181
2025-10-08,10,1.198
2025-10-09,10,1.227
2025-10-10,10,1.187
2025-10-11,10,1.225
2025-10-12,10,1.208
2025-10-13,10,1.223
2025-10-14,10,1.212
2025-10-15,10,1.242
2025-10-16,10,1.202
2025-10-17,10,1.19
2025-10-18,10,1.227
2025-10-19,10,1.236
2025-10-20,10,1.253
2025-10-21,10,1.178
2025-10-22,10,1.251
2025-10-23,10,1.193
2025-10-24,10,1.231
2025-10-25,10,1.189
2025-10-26,10,1.186
2025-10-27,10,1.191
2025-10-28,10,1.22
2025-10-29,10,1.218
2025-10-30,10,1.201
2025-10-31,10,1.174
2025-11-01,10,1.206
2025-11-02,10,1.212
2025-11-03,10,1.201
2025-11-04,10,1.216
2025-11-05,10,1.189
2025-11-06,10,1.157
2025-11-07,10,1.243
2025-11-08,10,1.19
2025-11-09,10,1.179
2025-11-10,10,1.198
2025-11-11,10,1.164
2025-11-12,10,1.162
2025-11-13,10,1.246
2025-11-14,10,1.211
2025-11-15,10,1.242
2025-11-16,10,1.198
2025-11-17,10,1.215
2025-11-18,10,1.189
2025-11-19,10,1.203
2025-11-20,10,1.196
2025-11-21,10,1.224
2025-11-22,10,1.179
2025-11-23,10,1.207
2025-11-24,10,1.18
2025-11-25,10,1.227
2025-11-26,10,1.189
2025-11-27,10,1.212
2025-11-28,10,1.191
2025-11-29,10,1.247
2025-11-30,10,1.196
2025-12-01,10,1.233
2025-12-02,10,1.202
2025-12-03,10,1.189
2025-12-04,10,1.182
2025-12-05,10,1.169
2025-12-06,10,1.203
2025-12-07,10,1.196
2025-12-08,10,1.191
2025-12-09,10,1.143
2025-12-10,10,1.194
2025-12-11,10,1.196
2025-12-12,10,1.2
2025-12-13,10,1.189
2025-12-14,10,1.115
2025-12-15,10,1.215
2025-12-16,10,1.205
2025-12-17,10,1.221
2025-12-18,10,1.214
2025-12-19,10,1.207
2025-12-20,10,1.211
2025-12-21,10,1.244
2025-12-22,10,1.2
2025-12-23,10,1.187
2025-12-24,10,1.199
2025-12-25,10,1.206
2025-12-26,10,1.184
2025-12-27,10,1.174
2025-12-28,10,1.183
2025-12-29,10,1.183
2025-12-30,10,1.22
2025-12-31,10,1.196
